solid OBJECT
  facet normal -0 1 -0
    outer loop
      vertex 210 1400 0
      vertex 200 1400 0
      vertex 200 1400 10.714285850524902
    endloop
  endfacet
  facet normal -0 1 -0
    outer loop
      vertex 210 1400 0
      vertex 200 1400 10.714285850524902
      vertex 210 1400 7.5
    endloop
  endfacet
  facet normal -0 1 -0
    outer loop
      vertex 210 1400 7.5
      vertex 220 1400 7.5
      vertex 220 1400 0
    endloop
  endfacet
  facet normal -0 1 -0
    outer loop
      vertex 210 1400 7.5
      vertex 220 1400 0
      vertex 210 1400 0
    endloop
  endfacet
  facet normal 0 1 0
    outer loop
      vertex 200 1400 21.428571701049805
      vertex 210 1400 17.5
      vertex 210 1400 7.5
    endloop
  endfacet
  facet normal -0 1 0
    outer loop
      vertex 200 1400 21.428571701049805
      vertex 210 1400 7.5
      vertex 200 1400 10.714285850524902
    endloop
  endfacet
  facet normal 0 1 0
    outer loop
      vertex 210 1400 17.5
      vertex 200 1400 21.428571701049805
      vertex 200 1400 32.142856597900391
    endloop
  endfacet
  facet normal -0 1 -0
    outer loop
      vertex 210 1400 17.5
      vertex 200 1400 32.142856597900391
      vertex 210 1400 27.5
    endloop
  endfacet
  facet normal -0 1 0
    outer loop
      vertex 220 1400 0
      vertex 220 1400 7.5
      vertex 230 1400 7.5
    endloop
  endfacet
  facet normal 0 1 -0
    outer loop
      vertex 220 1400 0
      vertex 230 1400 7.5
      vertex 230 1400 0
    endloop
  endfacet
  facet normal 0 1 0
    outer loop
      vertex 250 1400 0
      vertex 240 1400 0
      vertex 240 1400 7.5
    endloop
  endfacet
  facet normal 0 1 0
    outer loop
      vertex 250 1400 0
      vertex 240 1400 7.5
      vertex 250 1400 7.5
    endloop
  endfacet
  facet normal -0 1 0
    outer loop
      vertex 230 1400 0
      vertex 230 1400 7.5
      vertex 240 1400 7.5
    endloop
  endfacet
  facet normal 0 1 -0
    outer loop
      vertex 230 1400 0
      vertex 240 1400 7.5
      vertex 240 1400 0
    endloop
  endfacet
  facet normal 0 1 -0
    outer loop
      vertex 260 1400 7.5
      vertex 260 1400 0
      vertex 250 1400 0
    endloop
  endfacet
  facet normal 0 1 0
    outer loop
      vertex 260 1400 7.5
      vertex 250 1400 0
      vertex 250 1400 7.5
    endloop
  endfacet
  facet normal 0 1 0
    outer loop
      vertex 200 1400 42.857143402099609
      vertex 210 1400 47.5
      vertex 210 1400 37.5
    endloop
  endfacet
  facet normal -0 1 -0
    outer loop
      vertex 200 1400 42.857143402099609
      vertex 210 1400 37.5
      vertex 200 1400 32.142856597900391
    endloop
  endfacet
  facet normal -0 1 0
    outer loop
      vertex 210 1400 37.5
      vertex 210 1400 27.5
      vertex 200 1400 32.142856597900391
    endloop
  endfacet
  facet normal 0 1 0
    outer loop
      vertex 200 1400 53.571430206298828
      vertex 210 1400 57.5
      vertex 210 1400 47.5
    endloop
  endfacet
  facet normal -0 1 -0
    outer loop
      vertex 200 1400 53.571430206298828
      vertex 210 1400 47.5
      vertex 200 1400 42.857143402099609
    endloop
  endfacet
  facet normal 0 1 0
    outer loop
      vertex 200 1400 64.285713195800781
      vertex 210 1400 67.5
      vertex 210 1400 57.5
    endloop
  endfacet
  facet normal -0 1 -0
    outer loop
      vertex 200 1400 64.285713195800781
      vertex 210 1400 57.5
      vertex 200 1400 53.571430206298828
    endloop
  endfacet
  facet normal -0 1 -0
    outer loop
      vertex 200 1400 75
      vertex 210 1400 75
      vertex 210 1400 67.5
    endloop
  endfacet
  facet normal -0 1 -0
    outer loop
      vertex 200 1400 75
      vertex 210 1400 67.5
      vertex 200 1400 64.285713195800781
    endloop
  endfacet
  facet normal 0 1 0
    outer loop
      vertex 220 1400 67.5
      vertex 210 1400 67.5
      vertex 210 1400 75
    endloop
  endfacet
  facet normal 0 1 0
    outer loop
      vertex 220 1400 67.5
      vertex 210 1400 75
      vertex 220 1400 75
    endloop
  endfacet
  facet normal -0 1 0
    outer loop
      vertex 230 1400 67.5
      vertex 230 1400 75
      vertex 240 1400 75
    endloop
  endfacet
  facet normal 0 1 -0
    outer loop
      vertex 230 1400 67.5
      vertex 240 1400 75
      vertex 240 1400 67.5
    endloop
  endfacet
  facet normal -0 1 0
    outer loop
      vertex 220 1400 67.5
      vertex 220 1400 75
      vertex 230 1400 75
    endloop
  endfacet
  facet normal 0 1 -0
    outer loop
      vertex 220 1400 67.5
      vertex 230 1400 75
      vertex 230 1400 67.5
    endloop
  endfacet
  facet normal -0 1 -0
    outer loop
      vertex 240 1400 75
      vertex 250 1400 75
      vertex 250 1400 67.5
    endloop
  endfacet
  facet normal -0 1 -0
    outer loop
      vertex 240 1400 75
      vertex 250 1400 67.5
      vertex 240 1400 67.5
    endloop
  endfacet
  facet normal -0 1 0
    outer loop
      vertex 260 1400 0
      vertex 260 1400 7.5
      vertex 270 1400 7.5
    endloop
  endfacet
  facet normal 0 1 -0
    outer loop
      vertex 260 1400 0
      vertex 270 1400 7.5
      vertex 270 1400 0
    endloop
  endfacet
  facet normal -0 1 0
    outer loop
      vertex 270 1400 0
      vertex 270 1400 7.5
      vertex 280 1400 7.5
    endloop
  endfacet
  facet normal 0 1 -0
    outer loop
      vertex 270 1400 0
      vertex 280 1400 7.5
      vertex 280 1400 0
    endloop
  endfacet
  facet normal 0 1 0
    outer loop
      vertex 290 1400 0
      vertex 280 1400 0
      vertex 280 1400 7.5
    endloop
  endfacet
  facet normal 0 1 0
    outer loop
      vertex 290 1400 0
      vertex 280 1400 7.5
      vertex 290 1400 7.5
    endloop
  endfacet
  facet normal 0 1 0
    outer loop
      vertex 290 1400 17.5
      vertex 300 1400 21.428571701049805
      vertex 300 1400 10.714285850524902
    endloop
  endfacet
  facet normal -0 1 -0
    outer loop
      vertex 290 1400 17.5
      vertex 300 1400 10.714285850524902
      vertex 290 1400 7.5
    endloop
  endfacet
  facet normal 0 1 0
    outer loop
      vertex 300 1400 0
      vertex 290 1400 0
      vertex 290 1400 7.5
    endloop
  endfacet
  facet normal 0 1 0
    outer loop
      vertex 300 1400 0
      vertex 290 1400 7.5
      vertex 300 1400 10.714285850524902
    endloop
  endfacet
  facet normal -0 1 -0
    outer loop
      vertex 300 1400 32.142856597900391
      vertex 290 1400 27.5
      vertex 290 1400 37.5
    endloop
  endfacet
  facet normal -0 1 -0
    outer loop
      vertex 300 1400 21.428571701049805
      vertex 290 1400 17.5
      vertex 290 1400 27.5
    endloop
  endfacet
  facet normal 0 1 0
    outer loop
      vertex 300 1400 21.428571701049805
      vertex 290 1400 27.5
      vertex 300 1400 32.142856597900391
    endloop
  endfacet
  facet normal -0 1 0
    outer loop
      vertex 300 1400 32.142856597900391
      vertex 290 1400 37.5
      vertex 290 1400 47.5
    endloop
  endfacet
  facet normal 0 1 0
    outer loop
      vertex 300 1400 32.142856597900391
      vertex 290 1400 47.5
      vertex 300 1400 42.857143402099609
    endloop
  endfacet
  facet normal -0 1 0
    outer loop
      vertex 250 1400 67.5
      vertex 250 1400 75
      vertex 260 1400 75
    endloop
  endfacet
  facet normal 0 1 -0
    outer loop
      vertex 250 1400 67.5
      vertex 260 1400 75
      vertex 260 1400 67.5
    endloop
  endfacet
  facet normal -0 1 0
    outer loop
      vertex 270 1400 67.5
      vertex 270 1400 75
      vertex 280 1400 75
    endloop
  endfacet
  facet normal 0 1 -0
    outer loop
      vertex 270 1400 67.5
      vertex 280 1400 75
      vertex 280 1400 67.5
    endloop
  endfacet
  facet normal -0 1 0
    outer loop
      vertex 260 1400 67.5
      vertex 260 1400 75
      vertex 270 1400 75
    endloop
  endfacet
  facet normal 0 1 -0
    outer loop
      vertex 260 1400 67.5
      vertex 270 1400 75
      vertex 270 1400 67.5
    endloop
  endfacet
  facet normal -0 1 -0
    outer loop
      vertex 280 1400 75
      vertex 290 1400 75
      vertex 290 1400 67.5
    endloop
  endfacet
  facet normal -0 1 -0
    outer loop
      vertex 280 1400 75
      vertex 290 1400 67.5
      vertex 280 1400 67.5
    endloop
  endfacet
  facet normal -0 1 -0
    outer loop
      vertex 290 1400 57.5
      vertex 300 1400 53.571430206298828
      vertex 300 1400 42.857143402099609
    endloop
  endfacet
  facet normal 0 1 0
    outer loop
      vertex 290 1400 57.5
      vertex 300 1400 42.857143402099609
      vertex 290 1400 47.5
    endloop
  endfacet
  facet normal 0 1 0
    outer loop
      vertex 300 1400 53.571430206298828
      vertex 290 1400 57.5
      vertex 290 1400 67.5
    endloop
  endfacet
  facet normal 0 1 0
    outer loop
      vertex 300 1400 53.571430206298828
      vertex 290 1400 67.5
      vertex 300 1400 64.285713195800781
    endloop
  endfacet
  facet normal 0 1 0
    outer loop
      vertex 290 1400 75
      vertex 300 1400 75
      vertex 300 1400 64.285713195800781
    endloop
  endfacet
  facet normal -0 1 0
    outer loop
      vertex 290 1400 75
      vertex 300 1400 64.285713195800781
      vertex 290 1400 67.5
    endloop
  endfacet
  facet normal -1 0 0
    outer loop
      vertex 200 1400 64.285713195800781
      vertex 200 1395 64.285713195800781
      vertex 200 1395 75
    endloop
  endfacet
  facet normal -1 -0 0
    outer loop
      vertex 200 1400 64.285713195800781
      vertex 200 1395 75
      vertex 200 1400 75
    endloop
  endfacet
  facet normal -1 0 0
    outer loop
      vertex 200 1400 42.857143402099609
      vertex 200 1395 42.857143402099609
      vertex 200 1395 53.571430206298828
    endloop
  endfacet
  facet normal -1 -0 0
    outer loop
      vertex 200 1400 42.857143402099609
      vertex 200 1395 53.571430206298828
      vertex 200 1400 53.571430206298828
    endloop
  endfacet
  facet normal -1 0 0
    outer loop
      vertex 200 1400 53.571430206298828
      vertex 200 1395 53.571430206298828
      vertex 200 1395 64.285713195800781
    endloop
  endfacet
  facet normal -1 -0 0
    outer loop
      vertex 200 1400 53.571430206298828
      vertex 200 1395 64.285713195800781
      vertex 200 1400 64.285713195800781
    endloop
  endfacet
  facet normal -1 0 0
    outer loop
      vertex 200 1400 21.428571701049805
      vertex 200 1395 21.428571701049805
      vertex 200 1395 32.142856597900391
    endloop
  endfacet
  facet normal -1 -0 0
    outer loop
      vertex 200 1400 21.428571701049805
      vertex 200 1395 32.142856597900391
      vertex 200 1400 32.142856597900391
    endloop
  endfacet
  facet normal -1 0 0
    outer loop
      vertex 200 1400 0
      vertex 200 1395 0
      vertex 200 1395 10.714285850524902
    endloop
  endfacet
  facet normal -1 -0 0
    outer loop
      vertex 200 1400 0
      vertex 200 1395 10.714285850524902
      vertex 200 1400 10.714285850524902
    endloop
  endfacet
  facet normal -1 0 0
    outer loop
      vertex 200 1400 10.714285850524902
      vertex 200 1395 10.714285850524902
      vertex 200 1395 21.428571701049805
    endloop
  endfacet
  facet normal -1 -0 0
    outer loop
      vertex 200 1400 10.714285850524902
      vertex 200 1395 21.428571701049805
      vertex 200 1400 21.428571701049805
    endloop
  endfacet
  facet normal -1 0 0
    outer loop
      vertex 200 1400 32.142856597900391
      vertex 200 1395 32.142856597900391
      vertex 200 1395 42.857143402099609
    endloop
  endfacet
  facet normal -1 -0 0
    outer loop
      vertex 200 1400 32.142856597900391
      vertex 200 1395 42.857143402099609
      vertex 200 1400 42.857143402099609
    endloop
  endfacet
  facet normal -0 0 -1
    outer loop
      vertex 220 1400 67.5
      vertex 220 1395 67.5
      vertex 210 1395 67.5
    endloop
  endfacet
  facet normal 0 -0 -1
    outer loop
      vertex 220 1400 67.5
      vertex 210 1395 67.5
      vertex 210 1400 67.5
    endloop
  endfacet
  facet normal -0 0 -1
    outer loop
      vertex 240 1400 67.5
      vertex 240 1395 67.5
      vertex 230 1395 67.5
    endloop
  endfacet
  facet normal 0 -0 -1
    outer loop
      vertex 240 1400 67.5
      vertex 230 1395 67.5
      vertex 230 1400 67.5
    endloop
  endfacet
  facet normal -0 0 -1
    outer loop
      vertex 230 1400 67.5
      vertex 230 1395 67.5
      vertex 220 1395 67.5
    endloop
  endfacet
  facet normal 0 -0 -1
    outer loop
      vertex 230 1400 67.5
      vertex 220 1395 67.5
      vertex 220 1400 67.5
    endloop
  endfacet
  facet normal -0 0 -1
    outer loop
      vertex 260 1400 67.5
      vertex 260 1395 67.5
      vertex 250 1395 67.5
    endloop
  endfacet
  facet normal 0 -0 -1
    outer loop
      vertex 260 1400 67.5
      vertex 250 1395 67.5
      vertex 250 1400 67.5
    endloop
  endfacet
  facet normal -0 0 -1
    outer loop
      vertex 280 1400 67.5
      vertex 280 1395 67.5
      vertex 270 1395 67.5
    endloop
  endfacet
  facet normal 0 -0 -1
    outer loop
      vertex 280 1400 67.5
      vertex 270 1395 67.5
      vertex 270 1400 67.5
    endloop
  endfacet
  facet normal -0 0 -1
    outer loop
      vertex 290 1400 67.5
      vertex 290 1395 67.5
      vertex 280 1395 67.5
    endloop
  endfacet
  facet normal 0 -0 -1
    outer loop
      vertex 290 1400 67.5
      vertex 280 1395 67.5
      vertex 280 1400 67.5
    endloop
  endfacet
  facet normal -0 0 -1
    outer loop
      vertex 270 1400 67.5
      vertex 270 1395 67.5
      vertex 260 1395 67.5
    endloop
  endfacet
  facet normal 0 -0 -1
    outer loop
      vertex 270 1400 67.5
      vertex 260 1395 67.5
      vertex 260 1400 67.5
    endloop
  endfacet
  facet normal -0 0 -1
    outer loop
      vertex 250 1400 67.5
      vertex 250 1395 67.5
      vertex 240 1395 67.5
    endloop
  endfacet
  facet normal 0 -0 -1
    outer loop
      vertex 250 1400 67.5
      vertex 240 1395 67.5
      vertex 240 1400 67.5
    endloop
  endfacet
  facet normal -0 -0 1
    outer loop
      vertex 290 1400 75
      vertex 290 1395 75
      vertex 300 1395 75
    endloop
  endfacet
  facet normal 0 0 1
    outer loop
      vertex 290 1400 75
      vertex 300 1395 75
      vertex 300 1400 75
    endloop
  endfacet
  facet normal -0 -0 1
    outer loop
      vertex 270 1400 75
      vertex 270 1395 75
      vertex 280 1395 75
    endloop
  endfacet
  facet normal 0 0 1
    outer loop
      vertex 270 1400 75
      vertex 280 1395 75
      vertex 280 1400 75
    endloop
  endfacet
  facet normal -0 -0 1
    outer loop
      vertex 260 1400 75
      vertex 260 1395 75
      vertex 270 1395 75
    endloop
  endfacet
  facet normal 0 0 1
    outer loop
      vertex 260 1400 75
      vertex 270 1395 75
      vertex 270 1400 75
    endloop
  endfacet
  facet normal -0 -0 1
    outer loop
      vertex 280 1400 75
      vertex 280 1395 75
      vertex 290 1395 75
    endloop
  endfacet
  facet normal 0 0 1
    outer loop
      vertex 280 1400 75
      vertex 290 1395 75
      vertex 290 1400 75
    endloop
  endfacet
  facet normal -0 -0 1
    outer loop
      vertex 240 1400 75
      vertex 240 1395 75
      vertex 250 1395 75
    endloop
  endfacet
  facet normal 0 0 1
    outer loop
      vertex 240 1400 75
      vertex 250 1395 75
      vertex 250 1400 75
    endloop
  endfacet
  facet normal -0 -0 1
    outer loop
      vertex 230 1400 75
      vertex 230 1395 75
      vertex 240 1395 75
    endloop
  endfacet
  facet normal 0 0 1
    outer loop
      vertex 230 1400 75
      vertex 240 1395 75
      vertex 240 1400 75
    endloop
  endfacet
  facet normal -0 -0 1
    outer loop
      vertex 210 1400 75
      vertex 210 1395 75
      vertex 220 1395 75
    endloop
  endfacet
  facet normal 0 0 1
    outer loop
      vertex 210 1400 75
      vertex 220 1395 75
      vertex 220 1400 75
    endloop
  endfacet
  facet normal -0 -0 1
    outer loop
      vertex 200 1400 75
      vertex 200 1395 75
      vertex 210 1395 75
    endloop
  endfacet
  facet normal 0 0 1
    outer loop
      vertex 200 1400 75
      vertex 210 1395 75
      vertex 210 1400 75
    endloop
  endfacet
  facet normal -0 -0 1
    outer loop
      vertex 220 1400 75
      vertex 220 1395 75
      vertex 230 1395 75
    endloop
  endfacet
  facet normal 0 0 1
    outer loop
      vertex 220 1400 75
      vertex 230 1395 75
      vertex 230 1400 75
    endloop
  endfacet
  facet normal -0 -0 1
    outer loop
      vertex 250 1400 75
      vertex 250 1395 75
      vertex 260 1395 75
    endloop
  endfacet
  facet normal 0 0 1
    outer loop
      vertex 250 1400 75
      vertex 260 1395 75
      vertex 260 1400 75
    endloop
  endfacet
  facet normal 1 -0 0
    outer loop
      vertex 300 1400 10.714285850524902
      vertex 300 1395 10.714285850524902
      vertex 300 1395 0
    endloop
  endfacet
  facet normal 1 0 0
    outer loop
      vertex 300 1400 10.714285850524902
      vertex 300 1395 0
      vertex 300 1400 0
    endloop
  endfacet
  facet normal 1 -0 0
    outer loop
      vertex 300 1400 32.142856597900391
      vertex 300 1395 32.142856597900391
      vertex 300 1395 21.428571701049805
    endloop
  endfacet
  facet normal 1 0 0
    outer loop
      vertex 300 1400 32.142856597900391
      vertex 300 1395 21.428571701049805
      vertex 300 1400 21.428571701049805
    endloop
  endfacet
  facet normal 1 -0 0
    outer loop
      vertex 300 1400 21.428571701049805
      vertex 300 1395 21.428571701049805
      vertex 300 1395 10.714285850524902
    endloop
  endfacet
  facet normal 1 0 0
    outer loop
      vertex 300 1400 21.428571701049805
      vertex 300 1395 10.714285850524902
      vertex 300 1400 10.714285850524902
    endloop
  endfacet
  facet normal 1 -0 0
    outer loop
      vertex 300 1400 53.571430206298828
      vertex 300 1395 53.571430206298828
      vertex 300 1395 42.857143402099609
    endloop
  endfacet
  facet normal 1 0 0
    outer loop
      vertex 300 1400 53.571430206298828
      vertex 300 1395 42.857143402099609
      vertex 300 1400 42.857143402099609
    endloop
  endfacet
  facet normal 1 -0 0
    outer loop
      vertex 300 1400 75
      vertex 300 1395 75
      vertex 300 1395 64.285713195800781
    endloop
  endfacet
  facet normal 1 0 0
    outer loop
      vertex 300 1400 75
      vertex 300 1395 64.285713195800781
      vertex 300 1400 64.285713195800781
    endloop
  endfacet
  facet normal 1 -0 0
    outer loop
      vertex 300 1400 64.285713195800781
      vertex 300 1395 64.285713195800781
      vertex 300 1395 53.571430206298828
    endloop
  endfacet
  facet normal 1 0 0
    outer loop
      vertex 300 1400 64.285713195800781
      vertex 300 1395 53.571430206298828
      vertex 300 1400 53.571430206298828
    endloop
  endfacet
  facet normal 1 -0 0
    outer loop
      vertex 300 1400 42.857143402099609
      vertex 300 1395 42.857143402099609
      vertex 300 1395 32.142856597900391
    endloop
  endfacet
  facet normal 1 0 0
    outer loop
      vertex 300 1400 42.857143402099609
      vertex 300 1395 32.142856597900391
      vertex 300 1400 32.142856597900391
    endloop
  endfacet
  facet normal -0 0 -1
    outer loop
      vertex 210 1400 0
      vertex 210 1395 0
      vertex 200 1395 0
    endloop
  endfacet
  facet normal 0 -0 -1
    outer loop
      vertex 210 1400 0
      vertex 200 1395 0
      vertex 200 1400 0
    endloop
  endfacet
  facet normal -0 0 -1
    outer loop
      vertex 230 1400 0
      vertex 230 1395 0
      vertex 220 1395 0
    endloop
  endfacet
  facet normal 0 -0 -1
    outer loop
      vertex 230 1400 0
      vertex 220 1395 0
      vertex 220 1400 0
    endloop
  endfacet
  facet normal -0 0 -1
    outer loop
      vertex 240 1400 0
      vertex 240 1395 0
      vertex 230 1395 0
    endloop
  endfacet
  facet normal 0 -0 -1
    outer loop
      vertex 240 1400 0
      vertex 230 1395 0
      vertex 230 1400 0
    endloop
  endfacet
  facet normal -0 0 -1
    outer loop
      vertex 220 1400 0
      vertex 220 1395 0
      vertex 210 1395 0
    endloop
  endfacet
  facet normal 0 -0 -1
    outer loop
      vertex 220 1400 0
      vertex 210 1395 0
      vertex 210 1400 0
    endloop
  endfacet
  facet normal -0 0 -1
    outer loop
      vertex 260 1400 0
      vertex 260 1395 0
      vertex 250 1395 0
    endloop
  endfacet
  facet normal 0 -0 -1
    outer loop
      vertex 260 1400 0
      vertex 250 1395 0
      vertex 250 1400 0
    endloop
  endfacet
  facet normal -0 0 -1
    outer loop
      vertex 270 1400 0
      vertex 270 1395 0
      vertex 260 1395 0
    endloop
  endfacet
  facet normal 0 -0 -1
    outer loop
      vertex 270 1400 0
      vertex 260 1395 0
      vertex 260 1400 0
    endloop
  endfacet
  facet normal -0 0 -1
    outer loop
      vertex 290 1400 0
      vertex 290 1395 0
      vertex 280 1395 0
    endloop
  endfacet
  facet normal 0 -0 -1
    outer loop
      vertex 290 1400 0
      vertex 280 1395 0
      vertex 280 1400 0
    endloop
  endfacet
  facet normal -0 0 -1
    outer loop
      vertex 300 1400 0
      vertex 300 1395 0
      vertex 290 1395 0
    endloop
  endfacet
  facet normal 0 -0 -1
    outer loop
      vertex 300 1400 0
      vertex 290 1395 0
      vertex 290 1400 0
    endloop
  endfacet
  facet normal -0 0 -1
    outer loop
      vertex 280 1400 0
      vertex 280 1395 0
      vertex 270 1395 0
    endloop
  endfacet
  facet normal 0 -0 -1
    outer loop
      vertex 280 1400 0
      vertex 270 1395 0
      vertex 270 1400 0
    endloop
  endfacet
  facet normal -0 0 -1
    outer loop
      vertex 250 1400 0
      vertex 250 1395 0
      vertex 240 1395 0
    endloop
  endfacet
  facet normal 0 -0 -1
    outer loop
      vertex 250 1400 0
      vertex 240 1395 0
      vertex 240 1400 0
    endloop
  endfacet
  facet normal 1 -0 0
    outer loop
      vertex 210 1400 17.5
      vertex 210 1395 17.5
      vertex 210 1395 7.5
    endloop
  endfacet
  facet normal 1 0 0
    outer loop
      vertex 210 1400 17.5
      vertex 210 1395 7.5
      vertex 210 1400 7.5
    endloop
  endfacet
  facet normal 1 -0 0
    outer loop
      vertex 210 1400 27.5
      vertex 210 1395 27.5
      vertex 210 1395 17.5
    endloop
  endfacet
  facet normal 1 0 0
    outer loop
      vertex 210 1400 27.5
      vertex 210 1395 17.5
      vertex 210 1400 17.5
    endloop
  endfacet
  facet normal 1 -0 0
    outer loop
      vertex 210 1400 47.5
      vertex 210 1395 47.5
      vertex 210 1395 37.5
    endloop
  endfacet
  facet normal 1 0 0
    outer loop
      vertex 210 1400 47.5
      vertex 210 1395 37.5
      vertex 210 1400 37.5
    endloop
  endfacet
  facet normal 1 -0 0
    outer loop
      vertex 210 1400 67.5
      vertex 210 1395 67.5
      vertex 210 1395 57.5
    endloop
  endfacet
  facet normal 1 0 0
    outer loop
      vertex 210 1400 67.5
      vertex 210 1395 57.5
      vertex 210 1400 57.5
    endloop
  endfacet
  facet normal 1 -0 0
    outer loop
      vertex 210 1400 57.5
      vertex 210 1395 57.5
      vertex 210 1395 47.5
    endloop
  endfacet
  facet normal 1 0 0
    outer loop
      vertex 210 1400 57.5
      vertex 210 1395 47.5
      vertex 210 1400 47.5
    endloop
  endfacet
  facet normal 1 -0 0
    outer loop
      vertex 210 1400 37.5
      vertex 210 1395 37.5
      vertex 210 1395 27.5
    endloop
  endfacet
  facet normal 1 0 0
    outer loop
      vertex 210 1400 37.5
      vertex 210 1395 27.5
      vertex 210 1400 27.5
    endloop
  endfacet
  facet normal -0 -0 1
    outer loop
      vertex 280 1400 7.5
      vertex 280 1395 7.5
      vertex 290 1395 7.5
    endloop
  endfacet
  facet normal 0 0 1
    outer loop
      vertex 280 1400 7.5
      vertex 290 1395 7.5
      vertex 290 1400 7.5
    endloop
  endfacet
  facet normal -0 -0 1
    outer loop
      vertex 260 1400 7.5
      vertex 260 1395 7.5
      vertex 270 1395 7.5
    endloop
  endfacet
  facet normal 0 0 1
    outer loop
      vertex 260 1400 7.5
      vertex 270 1395 7.5
      vertex 270 1400 7.5
    endloop
  endfacet
  facet normal -0 -0 1
    outer loop
      vertex 270 1400 7.5
      vertex 270 1395 7.5
      vertex 280 1395 7.5
    endloop
  endfacet
  facet normal 0 0 1
    outer loop
      vertex 270 1400 7.5
      vertex 280 1395 7.5
      vertex 280 1400 7.5
    endloop
  endfacet
  facet normal -0 -0 1
    outer loop
      vertex 240 1400 7.5
      vertex 240 1395 7.5
      vertex 250 1395 7.5
    endloop
  endfacet
  facet normal 0 0 1
    outer loop
      vertex 240 1400 7.5
      vertex 250 1395 7.5
      vertex 250 1400 7.5
    endloop
  endfacet
  facet normal -0 -0 1
    outer loop
      vertex 220 1400 7.5
      vertex 220 1395 7.5
      vertex 230 1395 7.5
    endloop
  endfacet
  facet normal 0 0 1
    outer loop
      vertex 220 1400 7.5
      vertex 230 1395 7.5
      vertex 230 1400 7.5
    endloop
  endfacet
  facet normal -0 -0 1
    outer loop
      vertex 210 1400 7.5
      vertex 210 1395 7.5
      vertex 220 1395 7.5
    endloop
  endfacet
  facet normal 0 0 1
    outer loop
      vertex 210 1400 7.5
      vertex 220 1395 7.5
      vertex 220 1400 7.5
    endloop
  endfacet
  facet normal -0 -0 1
    outer loop
      vertex 230 1400 7.5
      vertex 230 1395 7.5
      vertex 240 1395 7.5
    endloop
  endfacet
  facet normal 0 0 1
    outer loop
      vertex 230 1400 7.5
      vertex 240 1395 7.5
      vertex 240 1400 7.5
    endloop
  endfacet
  facet normal -0 -0 1
    outer loop
      vertex 250 1400 7.5
      vertex 250 1395 7.5
      vertex 260 1395 7.5
    endloop
  endfacet
  facet normal 0 0 1
    outer loop
      vertex 250 1400 7.5
      vertex 260 1395 7.5
      vertex 260 1400 7.5
    endloop
  endfacet
  facet normal -1 0 0
    outer loop
      vertex 290 1400 57.5
      vertex 290 1395 57.5
      vertex 290 1395 67.5
    endloop
  endfacet
  facet normal -1 -0 0
    outer loop
      vertex 290 1400 57.5
      vertex 290 1395 67.5
      vertex 290 1400 67.5
    endloop
  endfacet
  facet normal -1 0 0
    outer loop
      vertex 290 1400 47.5
      vertex 290 1395 47.5
      vertex 290 1395 57.5
    endloop
  endfacet
  facet normal -1 -0 0
    outer loop
      vertex 290 1400 47.5
      vertex 290 1395 57.5
      vertex 290 1400 57.5
    endloop
  endfacet
  facet normal -1 0 0
    outer loop
      vertex 290 1400 27.5
      vertex 290 1395 27.5
      vertex 290 1395 37.5
    endloop
  endfacet
  facet normal -1 -0 0
    outer loop
      vertex 290 1400 27.5
      vertex 290 1395 37.5
      vertex 290 1400 37.5
    endloop
  endfacet
  facet normal -1 0 0
    outer loop
      vertex 290 1400 7.5
      vertex 290 1395 7.5
      vertex 290 1395 17.5
    endloop
  endfacet
  facet normal -1 -0 0
    outer loop
      vertex 290 1400 7.5
      vertex 290 1395 17.5
      vertex 290 1400 17.5
    endloop
  endfacet
  facet normal -1 0 0
    outer loop
      vertex 290 1400 17.5
      vertex 290 1395 17.5
      vertex 290 1395 27.5
    endloop
  endfacet
  facet normal -1 -0 0
    outer loop
      vertex 290 1400 17.5
      vertex 290 1395 27.5
      vertex 290 1400 27.5
    endloop
  endfacet
  facet normal -1 0 0
    outer loop
      vertex 290 1400 37.5
      vertex 290 1395 37.5
      vertex 290 1395 47.5
    endloop
  endfacet
  facet normal -1 -0 0
    outer loop
      vertex 290 1400 37.5
      vertex 290 1395 47.5
      vertex 290 1400 47.5
    endloop
  endfacet
  facet normal -0 -1 -0
    outer loop
      vertex 210 1395 0
      vertex 210 1395 7.5
      vertex 200 1395 10.714285850524902
    endloop
  endfacet
  facet normal 0 -1 0
    outer loop
      vertex 210 1395 0
      vertex 200 1395 10.714285850524902
      vertex 200 1395 0
    endloop
  endfacet
  facet normal 0 -1 0
    outer loop
      vertex 210 1395 7.5
      vertex 210 1395 0
      vertex 220 1395 0
    endloop
  endfacet
  facet normal 0 -1 -0
    outer loop
      vertex 210 1395 7.5
      vertex 220 1395 0
      vertex 220 1395 7.5
    endloop
  endfacet
  facet normal -0 -1 0
    outer loop
      vertex 200 1395 21.428571701049805
      vertex 200 1395 10.714285850524902
      vertex 210 1395 7.5
    endloop
  endfacet
  facet normal 0 -1 0
    outer loop
      vertex 200 1395 21.428571701049805
      vertex 210 1395 7.5
      vertex 210 1395 17.5
    endloop
  endfacet
  facet normal -0 -1 -0
    outer loop
      vertex 210 1395 17.5
      vertex 210 1395 27.5
      vertex 200 1395 32.142856597900391
    endloop
  endfacet
  facet normal 0 -1 0
    outer loop
      vertex 210 1395 17.5
      vertex 200 1395 32.142856597900391
      vertex 200 1395 21.428571701049805
    endloop
  endfacet
  facet normal 0 -1 -0
    outer loop
      vertex 220 1395 0
      vertex 230 1395 0
      vertex 230 1395 7.5
    endloop
  endfacet
  facet normal 0 -1 -0
    outer loop
      vertex 220 1395 0
      vertex 230 1395 7.5
      vertex 220 1395 7.5
    endloop
  endfacet
  facet normal -0 -1 -0
    outer loop
      vertex 250 1395 0
      vertex 250 1395 7.5
      vertex 240 1395 7.5
    endloop
  endfacet
  facet normal 0 -1 0
    outer loop
      vertex 250 1395 0
      vertex 240 1395 7.5
      vertex 240 1395 0
    endloop
  endfacet
  facet normal 0 -1 -0
    outer loop
      vertex 230 1395 0
      vertex 240 1395 0
      vertex 240 1395 7.5
    endloop
  endfacet
  facet normal 0 -1 -0
    outer loop
      vertex 230 1395 0
      vertex 240 1395 7.5
      vertex 230 1395 7.5
    endloop
  endfacet
  facet normal -0 -1 0
    outer loop
      vertex 260 1395 7.5
      vertex 250 1395 7.5
      vertex 250 1395 0
    endloop
  endfacet
  facet normal -0 -1 0
    outer loop
      vertex 260 1395 7.5
      vertex 250 1395 0
      vertex 260 1395 0
    endloop
  endfacet
  facet normal -0 -1 -0
    outer loop
      vertex 200 1395 42.857143402099609
      vertex 200 1395 32.142856597900391
      vertex 210 1395 37.5
    endloop
  endfacet
  facet normal -0 -1 0
    outer loop
      vertex 200 1395 42.857143402099609
      vertex 210 1395 37.5
      vertex 210 1395 47.5
    endloop
  endfacet
  facet normal -0 -1 0
    outer loop
      vertex 210 1395 37.5
      vertex 200 1395 32.142856597900391
      vertex 210 1395 27.5
    endloop
  endfacet
  facet normal -0 -1 -0
    outer loop
      vertex 200 1395 53.571430206298828
      vertex 200 1395 42.857143402099609
      vertex 210 1395 47.5
    endloop
  endfacet
  facet normal -0 -1 0
    outer loop
      vertex 200 1395 53.571430206298828
      vertex 210 1395 47.5
      vertex 210 1395 57.5
    endloop
  endfacet
  facet normal -0 -1 -0
    outer loop
      vertex 200 1395 64.285713195800781
      vertex 200 1395 53.571430206298828
      vertex 210 1395 57.5
    endloop
  endfacet
  facet normal -0 -1 0
    outer loop
      vertex 200 1395 64.285713195800781
      vertex 210 1395 57.5
      vertex 210 1395 67.5
    endloop
  endfacet
  facet normal -0 -1 -0
    outer loop
      vertex 200 1395 75
      vertex 200 1395 64.285713195800781
      vertex 210 1395 67.5
    endloop
  endfacet
  facet normal 0 -1 -0
    outer loop
      vertex 200 1395 75
      vertex 210 1395 67.5
      vertex 210 1395 75
    endloop
  endfacet
  facet normal -0 -1 -0
    outer loop
      vertex 220 1395 67.5
      vertex 220 1395 75
      vertex 210 1395 75
    endloop
  endfacet
  facet normal 0 -1 0
    outer loop
      vertex 220 1395 67.5
      vertex 210 1395 75
      vertex 210 1395 67.5
    endloop
  endfacet
  facet normal 0 -1 -0
    outer loop
      vertex 230 1395 67.5
      vertex 240 1395 67.5
      vertex 240 1395 75
    endloop
  endfacet
  facet normal 0 -1 -0
    outer loop
      vertex 230 1395 67.5
      vertex 240 1395 75
      vertex 230 1395 75
    endloop
  endfacet
  facet normal 0 -1 -0
    outer loop
      vertex 220 1395 67.5
      vertex 230 1395 67.5
      vertex 230 1395 75
    endloop
  endfacet
  facet normal 0 -1 -0
    outer loop
      vertex 220 1395 67.5
      vertex 230 1395 75
      vertex 220 1395 75
    endloop
  endfacet
  facet normal 0 -1 0
    outer loop
      vertex 240 1395 75
      vertex 240 1395 67.5
      vertex 250 1395 67.5
    endloop
  endfacet
  facet normal 0 -1 -0
    outer loop
      vertex 240 1395 75
      vertex 250 1395 67.5
      vertex 250 1395 75
    endloop
  endfacet
  facet normal 0 -1 -0
    outer loop
      vertex 260 1395 0
      vertex 270 1395 0
      vertex 270 1395 7.5
    endloop
  endfacet
  facet normal 0 -1 -0
    outer loop
      vertex 260 1395 0
      vertex 270 1395 7.5
      vertex 260 1395 7.5
    endloop
  endfacet
  facet normal 0 -1 -0
    outer loop
      vertex 270 1395 0
      vertex 280 1395 0
      vertex 280 1395 7.5
    endloop
  endfacet
  facet normal 0 -1 -0
    outer loop
      vertex 270 1395 0
      vertex 280 1395 7.5
      vertex 270 1395 7.5
    endloop
  endfacet
  facet normal -0 -1 -0
    outer loop
      vertex 290 1395 0
      vertex 290 1395 7.5
      vertex 280 1395 7.5
    endloop
  endfacet
  facet normal 0 -1 0
    outer loop
      vertex 290 1395 0
      vertex 280 1395 7.5
      vertex 280 1395 0
    endloop
  endfacet
  facet normal -0 -1 -0
    outer loop
      vertex 290 1395 17.5
      vertex 290 1395 7.5
      vertex 300 1395 10.714285850524902
    endloop
  endfacet
  facet normal -0 -1 0
    outer loop
      vertex 290 1395 17.5
      vertex 300 1395 10.714285850524902
      vertex 300 1395 21.428571701049805
    endloop
  endfacet
  facet normal 0 -1 0
    outer loop
      vertex 300 1395 0
      vertex 300 1395 10.714285850524902
      vertex 290 1395 7.5
    endloop
  endfacet
  facet normal 0 -1 0
    outer loop
      vertex 300 1395 0
      vertex 290 1395 7.5
      vertex 290 1395 0
    endloop
  endfacet
  facet normal 0 -1 -0
    outer loop
      vertex 300 1395 32.142856597900391
      vertex 290 1395 37.5
      vertex 290 1395 27.5
    endloop
  endfacet
  facet normal 0 -1 0
    outer loop
      vertex 300 1395 21.428571701049805
      vertex 300 1395 32.142856597900391
      vertex 290 1395 27.5
    endloop
  endfacet
  facet normal 0 -1 -0
    outer loop
      vertex 300 1395 21.428571701049805
      vertex 290 1395 27.5
      vertex 290 1395 17.5
    endloop
  endfacet
  facet normal 0 -1 0
    outer loop
      vertex 300 1395 32.142856597900391
      vertex 300 1395 42.857143402099609
      vertex 290 1395 47.5
    endloop
  endfacet
  facet normal -0 -1 0
    outer loop
      vertex 300 1395 32.142856597900391
      vertex 290 1395 47.5
      vertex 290 1395 37.5
    endloop
  endfacet
  facet normal 0 -1 -0
    outer loop
      vertex 250 1395 67.5
      vertex 260 1395 67.5
      vertex 260 1395 75
    endloop
  endfacet
  facet normal 0 -1 -0
    outer loop
      vertex 250 1395 67.5
      vertex 260 1395 75
      vertex 250 1395 75
    endloop
  endfacet
  facet normal 0 -1 -0
    outer loop
      vertex 270 1395 67.5
      vertex 280 1395 67.5
      vertex 280 1395 75
    endloop
  endfacet
  facet normal 0 -1 -0
    outer loop
      vertex 270 1395 67.5
      vertex 280 1395 75
      vertex 270 1395 75
    endloop
  endfacet
  facet normal 0 -1 -0
    outer loop
      vertex 260 1395 67.5
      vertex 270 1395 67.5
      vertex 270 1395 75
    endloop
  endfacet
  facet normal 0 -1 -0
    outer loop
      vertex 260 1395 67.5
      vertex 270 1395 75
      vertex 260 1395 75
    endloop
  endfacet
  facet normal 0 -1 0
    outer loop
      vertex 280 1395 75
      vertex 280 1395 67.5
      vertex 290 1395 67.5
    endloop
  endfacet
  facet normal 0 -1 -0
    outer loop
      vertex 280 1395 75
      vertex 290 1395 67.5
      vertex 290 1395 75
    endloop
  endfacet
  facet normal 0 -1 0
    outer loop
      vertex 290 1395 57.5
      vertex 290 1395 47.5
      vertex 300 1395 42.857143402099609
    endloop
  endfacet
  facet normal -0 -1 -0
    outer loop
      vertex 290 1395 57.5
      vertex 300 1395 42.857143402099609
      vertex 300 1395 53.571430206298828
    endloop
  endfacet
  facet normal 0 -1 0
    outer loop
      vertex 300 1395 53.571430206298828
      vertex 300 1395 64.285713195800781
      vertex 290 1395 67.5
    endloop
  endfacet
  facet normal 0 -1 0
    outer loop
      vertex 300 1395 53.571430206298828
      vertex 290 1395 67.5
      vertex 290 1395 57.5
    endloop
  endfacet
  facet normal -0 -1 0
    outer loop
      vertex 290 1395 75
      vertex 290 1395 67.5
      vertex 300 1395 64.285713195800781
    endloop
  endfacet
  facet normal -0 -1 -0
    outer loop
      vertex 290 1395 75
      vertex 300 1395 64.285713195800781
      vertex 300 1395 75
    endloop
  endfacet
  facet normal -0 1 -0
    outer loop
      vertex 210 1400 75
      vertex 200 1400 75
      vertex 200 1400 85.714286804199219
    endloop
  endfacet
  facet normal 0 1 0
    outer loop
      vertex 210 1400 75
      vertex 200 1400 85.714286804199219
      vertex 210 1400 82.5
    endloop
  endfacet
  facet normal -0 1 -0
    outer loop
      vertex 210 1400 82.5
      vertex 220 1400 82.5
      vertex 220 1400 75
    endloop
  endfacet
  facet normal -0 1 -0
    outer loop
      vertex 210 1400 82.5
      vertex 220 1400 75
      vertex 210 1400 75
    endloop
  endfacet
  facet normal -0 1 -0
    outer loop
      vertex 200 1400 96.428573608398438
      vertex 210 1400 92.5
      vertex 210 1400 82.5
    endloop
  endfacet
  facet normal 0 1 0
    outer loop
      vertex 200 1400 96.428573608398438
      vertex 210 1400 82.5
      vertex 200 1400 85.714286804199219
    endloop
  endfacet
  facet normal 0 1 0
    outer loop
      vertex 210 1400 92.5
      vertex 200 1400 96.428573608398438
      vertex 200 1400 107.14286041259766
    endloop
  endfacet
  facet normal 0 1 0
    outer loop
      vertex 210 1400 92.5
      vertex 200 1400 107.14286041259766
      vertex 210 1400 102.5
    endloop
  endfacet
  facet normal -0 1 0
    outer loop
      vertex 220 1400 75
      vertex 220 1400 82.5
      vertex 230 1400 82.5
    endloop
  endfacet
  facet normal 0 1 -0
    outer loop
      vertex 220 1400 75
      vertex 230 1400 82.5
      vertex 230 1400 75
    endloop
  endfacet
  facet normal 0 1 0
    outer loop
      vertex 250 1400 75
      vertex 240 1400 75
      vertex 240 1400 82.5
    endloop
  endfacet
  facet normal 0 1 0
    outer loop
      vertex 250 1400 75
      vertex 240 1400 82.5
      vertex 250 1400 82.5
    endloop
  endfacet
  facet normal -0 1 0
    outer loop
      vertex 230 1400 75
      vertex 230 1400 82.5
      vertex 240 1400 82.5
    endloop
  endfacet
  facet normal 0 1 -0
    outer loop
      vertex 230 1400 75
      vertex 240 1400 82.5
      vertex 240 1400 75
    endloop
  endfacet
  facet normal 0 1 -0
    outer loop
      vertex 260 1400 82.5
      vertex 260 1400 75
      vertex 250 1400 75
    endloop
  endfacet
  facet normal 0 1 0
    outer loop
      vertex 260 1400 82.5
      vertex 250 1400 75
      vertex 250 1400 82.5
    endloop
  endfacet
  facet normal 0 1 0
    outer loop
      vertex 200 1400 117.85713958740234
      vertex 210 1400 122.5
      vertex 210 1400 112.5
    endloop
  endfacet
  facet normal -0 1 -0
    outer loop
      vertex 200 1400 117.85713958740234
      vertex 210 1400 112.5
      vertex 200 1400 107.14286041259766
    endloop
  endfacet
  facet normal -0 1 0
    outer loop
      vertex 210 1400 112.5
      vertex 210 1400 102.5
      vertex 200 1400 107.14286041259766
    endloop
  endfacet
  facet normal 0 1 0
    outer loop
      vertex 200 1400 128.57142639160156
      vertex 210 1400 132.5
      vertex 210 1400 122.5
    endloop
  endfacet
  facet normal -0 1 -0
    outer loop
      vertex 200 1400 128.57142639160156
      vertex 210 1400 122.5
      vertex 200 1400 117.85713958740234
    endloop
  endfacet
  facet normal 0 1 0
    outer loop
      vertex 200 1400 139.28572082519531
      vertex 210 1400 142.5
      vertex 210 1400 132.5
    endloop
  endfacet
  facet normal -0 1 -0
    outer loop
      vertex 200 1400 139.28572082519531
      vertex 210 1400 132.5
      vertex 200 1400 128.57142639160156
    endloop
  endfacet
  facet normal -0 1 -0
    outer loop
      vertex 200 1400 150
      vertex 210 1400 150
      vertex 210 1400 142.5
    endloop
  endfacet
  facet normal -0 1 -0
    outer loop
      vertex 200 1400 150
      vertex 210 1400 142.5
      vertex 200 1400 139.28572082519531
    endloop
  endfacet
  facet normal 0 1 0
    outer loop
      vertex 220 1400 142.5
      vertex 210 1400 142.5
      vertex 210 1400 150
    endloop
  endfacet
  facet normal 0 1 0
    outer loop
      vertex 220 1400 142.5
      vertex 210 1400 150
      vertex 220 1400 150
    endloop
  endfacet
  facet normal -0 1 0
    outer loop
      vertex 230 1400 142.5
      vertex 230 1400 150
      vertex 240 1400 150
    endloop
  endfacet
  facet normal 0 1 -0
    outer loop
      vertex 230 1400 142.5
      vertex 240 1400 150
      vertex 240 1400 142.5
    endloop
  endfacet
  facet normal -0 1 0
    outer loop
      vertex 220 1400 142.5
      vertex 220 1400 150
      vertex 230 1400 150
    endloop
  endfacet
  facet normal 0 1 -0
    outer loop
      vertex 220 1400 142.5
      vertex 230 1400 150
      vertex 230 1400 142.5
    endloop
  endfacet
  facet normal -0 1 -0
    outer loop
      vertex 240 1400 150
      vertex 250 1400 150
      vertex 250 1400 142.5
    endloop
  endfacet
  facet normal -0 1 -0
    outer loop
      vertex 240 1400 150
      vertex 250 1400 142.5
      vertex 240 1400 142.5
    endloop
  endfacet
  facet normal -0 1 0
    outer loop
      vertex 260 1400 75
      vertex 260 1400 82.5
      vertex 270 1400 82.5
    endloop
  endfacet
  facet normal 0 1 -0
    outer loop
      vertex 260 1400 75
      vertex 270 1400 82.5
      vertex 270 1400 75
    endloop
  endfacet
  facet normal -0 1 0
    outer loop
      vertex 270 1400 75
      vertex 270 1400 82.5
      vertex 280 1400 82.5
    endloop
  endfacet
  facet normal 0 1 -0
    outer loop
      vertex 270 1400 75
      vertex 280 1400 82.5
      vertex 280 1400 75
    endloop
  endfacet
  facet normal 0 1 0
    outer loop
      vertex 290 1400 75
      vertex 280 1400 75
      vertex 280 1400 82.5
    endloop
  endfacet
  facet normal 0 1 0
    outer loop
      vertex 290 1400 75
      vertex 280 1400 82.5
      vertex 290 1400 82.5
    endloop
  endfacet
  facet normal 0 1 0
    outer loop
      vertex 290 1400 92.5
      vertex 300 1400 96.428573608398438
      vertex 300 1400 85.714286804199219
    endloop
  endfacet
  facet normal -0 1 -0
    outer loop
      vertex 290 1400 92.5
      vertex 300 1400 85.714286804199219
      vertex 290 1400 82.5
    endloop
  endfacet
  facet normal 0 1 0
    outer loop
      vertex 300 1400 75
      vertex 290 1400 75
      vertex 290 1400 82.5
    endloop
  endfacet
  facet normal 0 1 0
    outer loop
      vertex 300 1400 75
      vertex 290 1400 82.5
      vertex 300 1400 85.714286804199219
    endloop
  endfacet
  facet normal -0 1 -0
    outer loop
      vertex 300 1400 107.14286041259766
      vertex 290 1400 102.5
      vertex 290 1400 112.5
    endloop
  endfacet
  facet normal -0 1 -0
    outer loop
      vertex 300 1400 96.428573608398438
      vertex 290 1400 92.5
      vertex 290 1400 102.5
    endloop
  endfacet
  facet normal 0 1 0
    outer loop
      vertex 300 1400 96.428573608398438
      vertex 290 1400 102.5
      vertex 300 1400 107.14286041259766
    endloop
  endfacet
  facet normal 0 1 0
    outer loop
      vertex 300 1400 107.14286041259766
      vertex 290 1400 112.5
      vertex 290 1400 122.5
    endloop
  endfacet
  facet normal 0 1 0
    outer loop
      vertex 300 1400 107.14286041259766
      vertex 290 1400 122.5
      vertex 300 1400 117.85713958740234
    endloop
  endfacet
  facet normal -0 1 0
    outer loop
      vertex 250 1400 142.5
      vertex 250 1400 150
      vertex 260 1400 150
    endloop
  endfacet
  facet normal 0 1 -0
    outer loop
      vertex 250 1400 142.5
      vertex 260 1400 150
      vertex 260 1400 142.5
    endloop
  endfacet
  facet normal -0 1 0
    outer loop
      vertex 270 1400 142.5
      vertex 270 1400 150
      vertex 280 1400 150
    endloop
  endfacet
  facet normal 0 1 -0
    outer loop
      vertex 270 1400 142.5
      vertex 280 1400 150
      vertex 280 1400 142.5
    endloop
  endfacet
  facet normal -0 1 0
    outer loop
      vertex 260 1400 142.5
      vertex 260 1400 150
      vertex 270 1400 150
    endloop
  endfacet
  facet normal 0 1 -0
    outer loop
      vertex 260 1400 142.5
      vertex 270 1400 150
      vertex 270 1400 142.5
    endloop
  endfacet
  facet normal -0 1 -0
    outer loop
      vertex 280 1400 150
      vertex 290 1400 150
      vertex 290 1400 142.5
    endloop
  endfacet
  facet normal -0 1 -0
    outer loop
      vertex 280 1400 150
      vertex 290 1400 142.5
      vertex 280 1400 142.5
    endloop
  endfacet
  facet normal -0 1 -0
    outer loop
      vertex 290 1400 132.5
      vertex 300 1400 128.57142639160156
      vertex 300 1400 117.85713958740234
    endloop
  endfacet
  facet normal -0 1 0
    outer loop
      vertex 290 1400 132.5
      vertex 300 1400 117.85713958740234
      vertex 290 1400 122.5
    endloop
  endfacet
  facet normal 0 1 0
    outer loop
      vertex 300 1400 128.57142639160156
      vertex 290 1400 132.5
      vertex 290 1400 142.5
    endloop
  endfacet
  facet normal -0 1 -0
    outer loop
      vertex 300 1400 128.57142639160156
      vertex 290 1400 142.5
      vertex 300 1400 139.28572082519531
    endloop
  endfacet
  facet normal 0 1 0
    outer loop
      vertex 290 1400 150
      vertex 300 1400 150
      vertex 300 1400 139.28572082519531
    endloop
  endfacet
  facet normal -0 1 0
    outer loop
      vertex 290 1400 150
      vertex 300 1400 139.28572082519531
      vertex 290 1400 142.5
    endloop
  endfacet
  facet normal -1 0 0
    outer loop
      vertex 200 1400 139.28572082519531
      vertex 200 1395 139.28572082519531
      vertex 200 1395 150
    endloop
  endfacet
  facet normal -1 -0 0
    outer loop
      vertex 200 1400 139.28572082519531
      vertex 200 1395 150
      vertex 200 1400 150
    endloop
  endfacet
  facet normal -1 0 0
    outer loop
      vertex 200 1400 117.85713958740234
      vertex 200 1395 117.85713958740234
      vertex 200 1395 128.57142639160156
    endloop
  endfacet
  facet normal -1 -0 0
    outer loop
      vertex 200 1400 117.85713958740234
      vertex 200 1395 128.57142639160156
      vertex 200 1400 128.57142639160156
    endloop
  endfacet
  facet normal -1 0 0
    outer loop
      vertex 200 1400 128.57142639160156
      vertex 200 1395 128.57142639160156
      vertex 200 1395 139.28572082519531
    endloop
  endfacet
  facet normal -1 -0 0
    outer loop
      vertex 200 1400 128.57142639160156
      vertex 200 1395 139.28572082519531
      vertex 200 1400 139.28572082519531
    endloop
  endfacet
  facet normal -1 0 0
    outer loop
      vertex 200 1400 96.428573608398438
      vertex 200 1395 96.428573608398438
      vertex 200 1395 107.14286041259766
    endloop
  endfacet
  facet normal -1 -0 0
    outer loop
      vertex 200 1400 96.428573608398438
      vertex 200 1395 107.14286041259766
      vertex 200 1400 107.14286041259766
    endloop
  endfacet
  facet normal -1 0 0
    outer loop
      vertex 200 1400 75
      vertex 200 1395 75
      vertex 200 1395 85.714286804199219
    endloop
  endfacet
  facet normal -1 -0 0
    outer loop
      vertex 200 1400 75
      vertex 200 1395 85.714286804199219
      vertex 200 1400 85.714286804199219
    endloop
  endfacet
  facet normal -1 0 0
    outer loop
      vertex 200 1400 85.714286804199219
      vertex 200 1395 85.714286804199219
      vertex 200 1395 96.428573608398438
    endloop
  endfacet
  facet normal -1 -0 0
    outer loop
      vertex 200 1400 85.714286804199219
      vertex 200 1395 96.428573608398438
      vertex 200 1400 96.428573608398438
    endloop
  endfacet
  facet normal -1 0 0
    outer loop
      vertex 200 1400 107.14286041259766
      vertex 200 1395 107.14286041259766
      vertex 200 1395 117.85713958740234
    endloop
  endfacet
  facet normal -1 -0 0
    outer loop
      vertex 200 1400 107.14286041259766
      vertex 200 1395 117.85713958740234
      vertex 200 1400 117.85713958740234
    endloop
  endfacet
  facet normal -0 0 -1
    outer loop
      vertex 220 1400 142.5
      vertex 220 1395 142.5
      vertex 210 1395 142.5
    endloop
  endfacet
  facet normal 0 -0 -1
    outer loop
      vertex 220 1400 142.5
      vertex 210 1395 142.5
      vertex 210 1400 142.5
    endloop
  endfacet
  facet normal -0 0 -1
    outer loop
      vertex 240 1400 142.5
      vertex 240 1395 142.5
      vertex 230 1395 142.5
    endloop
  endfacet
  facet normal 0 -0 -1
    outer loop
      vertex 240 1400 142.5
      vertex 230 1395 142.5
      vertex 230 1400 142.5
    endloop
  endfacet
  facet normal -0 0 -1
    outer loop
      vertex 230 1400 142.5
      vertex 230 1395 142.5
      vertex 220 1395 142.5
    endloop
  endfacet
  facet normal 0 -0 -1
    outer loop
      vertex 230 1400 142.5
      vertex 220 1395 142.5
      vertex 220 1400 142.5
    endloop
  endfacet
  facet normal -0 0 -1
    outer loop
      vertex 260 1400 142.5
      vertex 260 1395 142.5
      vertex 250 1395 142.5
    endloop
  endfacet
  facet normal 0 -0 -1
    outer loop
      vertex 260 1400 142.5
      vertex 250 1395 142.5
      vertex 250 1400 142.5
    endloop
  endfacet
  facet normal -0 0 -1
    outer loop
      vertex 280 1400 142.5
      vertex 280 1395 142.5
      vertex 270 1395 142.5
    endloop
  endfacet
  facet normal 0 -0 -1
    outer loop
      vertex 280 1400 142.5
      vertex 270 1395 142.5
      vertex 270 1400 142.5
    endloop
  endfacet
  facet normal -0 0 -1
    outer loop
      vertex 290 1400 142.5
      vertex 290 1395 142.5
      vertex 280 1395 142.5
    endloop
  endfacet
  facet normal 0 -0 -1
    outer loop
      vertex 290 1400 142.5
      vertex 280 1395 142.5
      vertex 280 1400 142.5
    endloop
  endfacet
  facet normal -0 0 -1
    outer loop
      vertex 270 1400 142.5
      vertex 270 1395 142.5
      vertex 260 1395 142.5
    endloop
  endfacet
  facet normal 0 -0 -1
    outer loop
      vertex 270 1400 142.5
      vertex 260 1395 142.5
      vertex 260 1400 142.5
    endloop
  endfacet
  facet normal -0 0 -1
    outer loop
      vertex 250 1400 142.5
      vertex 250 1395 142.5
      vertex 240 1395 142.5
    endloop
  endfacet
  facet normal 0 -0 -1
    outer loop
      vertex 250 1400 142.5
      vertex 240 1395 142.5
      vertex 240 1400 142.5
    endloop
  endfacet
  facet normal -0 -0 1
    outer loop
      vertex 290 1400 150
      vertex 290 1395 150
      vertex 300 1395 150
    endloop
  endfacet
  facet normal 0 0 1
    outer loop
      vertex 290 1400 150
      vertex 300 1395 150
      vertex 300 1400 150
    endloop
  endfacet
  facet normal -0 -0 1
    outer loop
      vertex 270 1400 150
      vertex 270 1395 150
      vertex 280 1395 150
    endloop
  endfacet
  facet normal 0 0 1
    outer loop
      vertex 270 1400 150
      vertex 280 1395 150
      vertex 280 1400 150
    endloop
  endfacet
  facet normal -0 -0 1
    outer loop
      vertex 260 1400 150
      vertex 260 1395 150
      vertex 270 1395 150
    endloop
  endfacet
  facet normal 0 0 1
    outer loop
      vertex 260 1400 150
      vertex 270 1395 150
      vertex 270 1400 150
    endloop
  endfacet
  facet normal -0 -0 1
    outer loop
      vertex 280 1400 150
      vertex 280 1395 150
      vertex 290 1395 150
    endloop
  endfacet
  facet normal 0 0 1
    outer loop
      vertex 280 1400 150
      vertex 290 1395 150
      vertex 290 1400 150
    endloop
  endfacet
  facet normal -0 -0 1
    outer loop
      vertex 240 1400 150
      vertex 240 1395 150
      vertex 250 1395 150
    endloop
  endfacet
  facet normal 0 0 1
    outer loop
      vertex 240 1400 150
      vertex 250 1395 150
      vertex 250 1400 150
    endloop
  endfacet
  facet normal -0 -0 1
    outer loop
      vertex 230 1400 150
      vertex 230 1395 150
      vertex 240 1395 150
    endloop
  endfacet
  facet normal 0 0 1
    outer loop
      vertex 230 1400 150
      vertex 240 1395 150
      vertex 240 1400 150
    endloop
  endfacet
  facet normal -0 -0 1
    outer loop
      vertex 210 1400 150
      vertex 210 1395 150
      vertex 220 1395 150
    endloop
  endfacet
  facet normal 0 0 1
    outer loop
      vertex 210 1400 150
      vertex 220 1395 150
      vertex 220 1400 150
    endloop
  endfacet
  facet normal -0 -0 1
    outer loop
      vertex 200 1400 150
      vertex 200 1395 150
      vertex 210 1395 150
    endloop
  endfacet
  facet normal 0 0 1
    outer loop
      vertex 200 1400 150
      vertex 210 1395 150
      vertex 210 1400 150
    endloop
  endfacet
  facet normal -0 -0 1
    outer loop
      vertex 220 1400 150
      vertex 220 1395 150
      vertex 230 1395 150
    endloop
  endfacet
  facet normal 0 0 1
    outer loop
      vertex 220 1400 150
      vertex 230 1395 150
      vertex 230 1400 150
    endloop
  endfacet
  facet normal -0 -0 1
    outer loop
      vertex 250 1400 150
      vertex 250 1395 150
      vertex 260 1395 150
    endloop
  endfacet
  facet normal 0 0 1
    outer loop
      vertex 250 1400 150
      vertex 260 1395 150
      vertex 260 1400 150
    endloop
  endfacet
  facet normal 1 -0 0
    outer loop
      vertex 300 1400 85.714286804199219
      vertex 300 1395 85.714286804199219
      vertex 300 1395 75
    endloop
  endfacet
  facet normal 1 0 0
    outer loop
      vertex 300 1400 85.714286804199219
      vertex 300 1395 75
      vertex 300 1400 75
    endloop
  endfacet
  facet normal 1 -0 0
    outer loop
      vertex 300 1400 107.14286041259766
      vertex 300 1395 107.14286041259766
      vertex 300 1395 96.428573608398438
    endloop
  endfacet
  facet normal 1 0 0
    outer loop
      vertex 300 1400 107.14286041259766
      vertex 300 1395 96.428573608398438
      vertex 300 1400 96.428573608398438
    endloop
  endfacet
  facet normal 1 -0 0
    outer loop
      vertex 300 1400 96.428573608398438
      vertex 300 1395 96.428573608398438
      vertex 300 1395 85.714286804199219
    endloop
  endfacet
  facet normal 1 0 0
    outer loop
      vertex 300 1400 96.428573608398438
      vertex 300 1395 85.714286804199219
      vertex 300 1400 85.714286804199219
    endloop
  endfacet
  facet normal 1 -0 0
    outer loop
      vertex 300 1400 128.57142639160156
      vertex 300 1395 128.57142639160156
      vertex 300 1395 117.85713958740234
    endloop
  endfacet
  facet normal 1 0 0
    outer loop
      vertex 300 1400 128.57142639160156
      vertex 300 1395 117.85713958740234
      vertex 300 1400 117.85713958740234
    endloop
  endfacet
  facet normal 1 -0 0
    outer loop
      vertex 300 1400 150
      vertex 300 1395 150
      vertex 300 1395 139.28572082519531
    endloop
  endfacet
  facet normal 1 0 0
    outer loop
      vertex 300 1400 150
      vertex 300 1395 139.28572082519531
      vertex 300 1400 139.28572082519531
    endloop
  endfacet
  facet normal 1 -0 0
    outer loop
      vertex 300 1400 139.28572082519531
      vertex 300 1395 139.28572082519531
      vertex 300 1395 128.57142639160156
    endloop
  endfacet
  facet normal 1 0 0
    outer loop
      vertex 300 1400 139.28572082519531
      vertex 300 1395 128.57142639160156
      vertex 300 1400 128.57142639160156
    endloop
  endfacet
  facet normal 1 -0 0
    outer loop
      vertex 300 1400 117.85713958740234
      vertex 300 1395 117.85713958740234
      vertex 300 1395 107.14286041259766
    endloop
  endfacet
  facet normal 1 0 0
    outer loop
      vertex 300 1400 117.85713958740234
      vertex 300 1395 107.14286041259766
      vertex 300 1400 107.14286041259766
    endloop
  endfacet
  facet normal -0 0 -1
    outer loop
      vertex 210 1400 75
      vertex 210 1395 75
      vertex 200 1395 75
    endloop
  endfacet
  facet normal 0 -0 -1
    outer loop
      vertex 210 1400 75
      vertex 200 1395 75
      vertex 200 1400 75
    endloop
  endfacet
  facet normal -0 0 -1
    outer loop
      vertex 230 1400 75
      vertex 230 1395 75
      vertex 220 1395 75
    endloop
  endfacet
  facet normal 0 -0 -1
    outer loop
      vertex 230 1400 75
      vertex 220 1395 75
      vertex 220 1400 75
    endloop
  endfacet
  facet normal -0 0 -1
    outer loop
      vertex 240 1400 75
      vertex 240 1395 75
      vertex 230 1395 75
    endloop
  endfacet
  facet normal 0 -0 -1
    outer loop
      vertex 240 1400 75
      vertex 230 1395 75
      vertex 230 1400 75
    endloop
  endfacet
  facet normal -0 0 -1
    outer loop
      vertex 220 1400 75
      vertex 220 1395 75
      vertex 210 1395 75
    endloop
  endfacet
  facet normal 0 -0 -1
    outer loop
      vertex 220 1400 75
      vertex 210 1395 75
      vertex 210 1400 75
    endloop
  endfacet
  facet normal -0 0 -1
    outer loop
      vertex 260 1400 75
      vertex 260 1395 75
      vertex 250 1395 75
    endloop
  endfacet
  facet normal 0 -0 -1
    outer loop
      vertex 260 1400 75
      vertex 250 1395 75
      vertex 250 1400 75
    endloop
  endfacet
  facet normal -0 0 -1
    outer loop
      vertex 270 1400 75
      vertex 270 1395 75
      vertex 260 1395 75
    endloop
  endfacet
  facet normal 0 -0 -1
    outer loop
      vertex 270 1400 75
      vertex 260 1395 75
      vertex 260 1400 75
    endloop
  endfacet
  facet normal -0 0 -1
    outer loop
      vertex 290 1400 75
      vertex 290 1395 75
      vertex 280 1395 75
    endloop
  endfacet
  facet normal 0 -0 -1
    outer loop
      vertex 290 1400 75
      vertex 280 1395 75
      vertex 280 1400 75
    endloop
  endfacet
  facet normal -0 0 -1
    outer loop
      vertex 300 1400 75
      vertex 300 1395 75
      vertex 290 1395 75
    endloop
  endfacet
  facet normal 0 -0 -1
    outer loop
      vertex 300 1400 75
      vertex 290 1395 75
      vertex 290 1400 75
    endloop
  endfacet
  facet normal -0 0 -1
    outer loop
      vertex 280 1400 75
      vertex 280 1395 75
      vertex 270 1395 75
    endloop
  endfacet
  facet normal 0 -0 -1
    outer loop
      vertex 280 1400 75
      vertex 270 1395 75
      vertex 270 1400 75
    endloop
  endfacet
  facet normal -0 0 -1
    outer loop
      vertex 250 1400 75
      vertex 250 1395 75
      vertex 240 1395 75
    endloop
  endfacet
  facet normal 0 -0 -1
    outer loop
      vertex 250 1400 75
      vertex 240 1395 75
      vertex 240 1400 75
    endloop
  endfacet
  facet normal 1 -0 0
    outer loop
      vertex 210 1400 92.5
      vertex 210 1395 92.5
      vertex 210 1395 82.5
    endloop
  endfacet
  facet normal 1 0 0
    outer loop
      vertex 210 1400 92.5
      vertex 210 1395 82.5
      vertex 210 1400 82.5
    endloop
  endfacet
  facet normal 1 -0 0
    outer loop
      vertex 210 1400 102.5
      vertex 210 1395 102.5
      vertex 210 1395 92.5
    endloop
  endfacet
  facet normal 1 0 0
    outer loop
      vertex 210 1400 102.5
      vertex 210 1395 92.5
      vertex 210 1400 92.5
    endloop
  endfacet
  facet normal 1 -0 0
    outer loop
      vertex 210 1400 122.5
      vertex 210 1395 122.5
      vertex 210 1395 112.5
    endloop
  endfacet
  facet normal 1 0 0
    outer loop
      vertex 210 1400 122.5
      vertex 210 1395 112.5
      vertex 210 1400 112.5
    endloop
  endfacet
  facet normal 1 -0 0
    outer loop
      vertex 210 1400 142.5
      vertex 210 1395 142.5
      vertex 210 1395 132.5
    endloop
  endfacet
  facet normal 1 0 0
    outer loop
      vertex 210 1400 142.5
      vertex 210 1395 132.5
      vertex 210 1400 132.5
    endloop
  endfacet
  facet normal 1 -0 0
    outer loop
      vertex 210 1400 132.5
      vertex 210 1395 132.5
      vertex 210 1395 122.5
    endloop
  endfacet
  facet normal 1 0 0
    outer loop
      vertex 210 1400 132.5
      vertex 210 1395 122.5
      vertex 210 1400 122.5
    endloop
  endfacet
  facet normal 1 -0 0
    outer loop
      vertex 210 1400 112.5
      vertex 210 1395 112.5
      vertex 210 1395 102.5
    endloop
  endfacet
  facet normal 1 0 0
    outer loop
      vertex 210 1400 112.5
      vertex 210 1395 102.5
      vertex 210 1400 102.5
    endloop
  endfacet
  facet normal -0 -0 1
    outer loop
      vertex 280 1400 82.5
      vertex 280 1395 82.5
      vertex 290 1395 82.5
    endloop
  endfacet
  facet normal 0 0 1
    outer loop
      vertex 280 1400 82.5
      vertex 290 1395 82.5
      vertex 290 1400 82.5
    endloop
  endfacet
  facet normal -0 -0 1
    outer loop
      vertex 260 1400 82.5
      vertex 260 1395 82.5
      vertex 270 1395 82.5
    endloop
  endfacet
  facet normal 0 0 1
    outer loop
      vertex 260 1400 82.5
      vertex 270 1395 82.5
      vertex 270 1400 82.5
    endloop
  endfacet
  facet normal -0 -0 1
    outer loop
      vertex 270 1400 82.5
      vertex 270 1395 82.5
      vertex 280 1395 82.5
    endloop
  endfacet
  facet normal 0 0 1
    outer loop
      vertex 270 1400 82.5
      vertex 280 1395 82.5
      vertex 280 1400 82.5
    endloop
  endfacet
  facet normal -0 -0 1
    outer loop
      vertex 240 1400 82.5
      vertex 240 1395 82.5
      vertex 250 1395 82.5
    endloop
  endfacet
  facet normal 0 0 1
    outer loop
      vertex 240 1400 82.5
      vertex 250 1395 82.5
      vertex 250 1400 82.5
    endloop
  endfacet
  facet normal -0 -0 1
    outer loop
      vertex 220 1400 82.5
      vertex 220 1395 82.5
      vertex 230 1395 82.5
    endloop
  endfacet
  facet normal 0 0 1
    outer loop
      vertex 220 1400 82.5
      vertex 230 1395 82.5
      vertex 230 1400 82.5
    endloop
  endfacet
  facet normal -0 -0 1
    outer loop
      vertex 210 1400 82.5
      vertex 210 1395 82.5
      vertex 220 1395 82.5
    endloop
  endfacet
  facet normal 0 0 1
    outer loop
      vertex 210 1400 82.5
      vertex 220 1395 82.5
      vertex 220 1400 82.5
    endloop
  endfacet
  facet normal -0 -0 1
    outer loop
      vertex 230 1400 82.5
      vertex 230 1395 82.5
      vertex 240 1395 82.5
    endloop
  endfacet
  facet normal 0 0 1
    outer loop
      vertex 230 1400 82.5
      vertex 240 1395 82.5
      vertex 240 1400 82.5
    endloop
  endfacet
  facet normal -0 -0 1
    outer loop
      vertex 250 1400 82.5
      vertex 250 1395 82.5
      vertex 260 1395 82.5
    endloop
  endfacet
  facet normal 0 0 1
    outer loop
      vertex 250 1400 82.5
      vertex 260 1395 82.5
      vertex 260 1400 82.5
    endloop
  endfacet
  facet normal -1 0 0
    outer loop
      vertex 290 1400 132.5
      vertex 290 1395 132.5
      vertex 290 1395 142.5
    endloop
  endfacet
  facet normal -1 -0 0
    outer loop
      vertex 290 1400 132.5
      vertex 290 1395 142.5
      vertex 290 1400 142.5
    endloop
  endfacet
  facet normal -1 0 0
    outer loop
      vertex 290 1400 122.5
      vertex 290 1395 122.5
      vertex 290 1395 132.5
    endloop
  endfacet
  facet normal -1 -0 0
    outer loop
      vertex 290 1400 122.5
      vertex 290 1395 132.5
      vertex 290 1400 132.5
    endloop
  endfacet
  facet normal -1 0 0
    outer loop
      vertex 290 1400 102.5
      vertex 290 1395 102.5
      vertex 290 1395 112.5
    endloop
  endfacet
  facet normal -1 -0 0
    outer loop
      vertex 290 1400 102.5
      vertex 290 1395 112.5
      vertex 290 1400 112.5
    endloop
  endfacet
  facet normal -1 0 0
    outer loop
      vertex 290 1400 82.5
      vertex 290 1395 82.5
      vertex 290 1395 92.5
    endloop
  endfacet
  facet normal -1 -0 0
    outer loop
      vertex 290 1400 82.5
      vertex 290 1395 92.5
      vertex 290 1400 92.5
    endloop
  endfacet
  facet normal -1 0 0
    outer loop
      vertex 290 1400 92.5
      vertex 290 1395 92.5
      vertex 290 1395 102.5
    endloop
  endfacet
  facet normal -1 -0 0
    outer loop
      vertex 290 1400 92.5
      vertex 290 1395 102.5
      vertex 290 1400 102.5
    endloop
  endfacet
  facet normal -1 0 0
    outer loop
      vertex 290 1400 112.5
      vertex 290 1395 112.5
      vertex 290 1395 122.5
    endloop
  endfacet
  facet normal -1 -0 0
    outer loop
      vertex 290 1400 112.5
      vertex 290 1395 122.5
      vertex 290 1400 122.5
    endloop
  endfacet
  facet normal 0 -1 0
    outer loop
      vertex 210 1395 75
      vertex 210 1395 82.5
      vertex 200 1395 85.714286804199219
    endloop
  endfacet
  facet normal 0 -1 0
    outer loop
      vertex 210 1395 75
      vertex 200 1395 85.714286804199219
      vertex 200 1395 75
    endloop
  endfacet
  facet normal 0 -1 0
    outer loop
      vertex 210 1395 82.5
      vertex 210 1395 75
      vertex 220 1395 75
    endloop
  endfacet
  facet normal 0 -1 -0
    outer loop
      vertex 210 1395 82.5
      vertex 220 1395 75
      vertex 220 1395 82.5
    endloop
  endfacet
  facet normal 0 -1 0
    outer loop
      vertex 200 1395 96.428573608398438
      vertex 200 1395 85.714286804199219
      vertex 210 1395 82.5
    endloop
  endfacet
  facet normal -0 -1 -0
    outer loop
      vertex 200 1395 96.428573608398438
      vertex 210 1395 82.5
      vertex 210 1395 92.5
    endloop
  endfacet
  facet normal 0 -1 0
    outer loop
      vertex 210 1395 92.5
      vertex 210 1395 102.5
      vertex 200 1395 107.14286041259766
    endloop
  endfacet
  facet normal 0 -1 0
    outer loop
      vertex 210 1395 92.5
      vertex 200 1395 107.14286041259766
      vertex 200 1395 96.428573608398438
    endloop
  endfacet
  facet normal 0 -1 -0
    outer loop
      vertex 220 1395 75
      vertex 230 1395 75
      vertex 230 1395 82.5
    endloop
  endfacet
  facet normal 0 -1 -0
    outer loop
      vertex 220 1395 75
      vertex 230 1395 82.5
      vertex 220 1395 82.5
    endloop
  endfacet
  facet normal -0 -1 -0
    outer loop
      vertex 250 1395 75
      vertex 250 1395 82.5
      vertex 240 1395 82.5
    endloop
  endfacet
  facet normal 0 -1 0
    outer loop
      vertex 250 1395 75
      vertex 240 1395 82.5
      vertex 240 1395 75
    endloop
  endfacet
  facet normal 0 -1 -0
    outer loop
      vertex 230 1395 75
      vertex 240 1395 75
      vertex 240 1395 82.5
    endloop
  endfacet
  facet normal 0 -1 -0
    outer loop
      vertex 230 1395 75
      vertex 240 1395 82.5
      vertex 230 1395 82.5
    endloop
  endfacet
  facet normal -0 -1 0
    outer loop
      vertex 260 1395 82.5
      vertex 250 1395 82.5
      vertex 250 1395 75
    endloop
  endfacet
  facet normal -0 -1 0
    outer loop
      vertex 260 1395 82.5
      vertex 250 1395 75
      vertex 260 1395 75
    endloop
  endfacet
  facet normal -0 -1 -0
    outer loop
      vertex 200 1395 117.85713958740234
      vertex 200 1395 107.14286041259766
      vertex 210 1395 112.5
    endloop
  endfacet
  facet normal -0 -1 0
    outer loop
      vertex 200 1395 117.85713958740234
      vertex 210 1395 112.5
      vertex 210 1395 122.5
    endloop
  endfacet
  facet normal -0 -1 0
    outer loop
      vertex 210 1395 112.5
      vertex 200 1395 107.14286041259766
      vertex 210 1395 102.5
    endloop
  endfacet
  facet normal -0 -1 -0
    outer loop
      vertex 200 1395 128.57142639160156
      vertex 200 1395 117.85713958740234
      vertex 210 1395 122.5
    endloop
  endfacet
  facet normal -0 -1 0
    outer loop
      vertex 200 1395 128.57142639160156
      vertex 210 1395 122.5
      vertex 210 1395 132.5
    endloop
  endfacet
  facet normal -0 -1 -0
    outer loop
      vertex 200 1395 139.28572082519531
      vertex 200 1395 128.57142639160156
      vertex 210 1395 132.5
    endloop
  endfacet
  facet normal -0 -1 0
    outer loop
      vertex 200 1395 139.28572082519531
      vertex 210 1395 132.5
      vertex 210 1395 142.5
    endloop
  endfacet
  facet normal -0 -1 -0
    outer loop
      vertex 200 1395 150
      vertex 200 1395 139.28572082519531
      vertex 210 1395 142.5
    endloop
  endfacet
  facet normal 0 -1 -0
    outer loop
      vertex 200 1395 150
      vertex 210 1395 142.5
      vertex 210 1395 150
    endloop
  endfacet
  facet normal -0 -1 -0
    outer loop
      vertex 220 1395 142.5
      vertex 220 1395 150
      vertex 210 1395 150
    endloop
  endfacet
  facet normal 0 -1 0
    outer loop
      vertex 220 1395 142.5
      vertex 210 1395 150
      vertex 210 1395 142.5
    endloop
  endfacet
  facet normal 0 -1 -0
    outer loop
      vertex 230 1395 142.5
      vertex 240 1395 142.5
      vertex 240 1395 150
    endloop
  endfacet
  facet normal 0 -1 -0
    outer loop
      vertex 230 1395 142.5
      vertex 240 1395 150
      vertex 230 1395 150
    endloop
  endfacet
  facet normal 0 -1 -0
    outer loop
      vertex 220 1395 142.5
      vertex 230 1395 142.5
      vertex 230 1395 150
    endloop
  endfacet
  facet normal 0 -1 -0
    outer loop
      vertex 220 1395 142.5
      vertex 230 1395 150
      vertex 220 1395 150
    endloop
  endfacet
  facet normal 0 -1 0
    outer loop
      vertex 240 1395 150
      vertex 240 1395 142.5
      vertex 250 1395 142.5
    endloop
  endfacet
  facet normal 0 -1 -0
    outer loop
      vertex 240 1395 150
      vertex 250 1395 142.5
      vertex 250 1395 150
    endloop
  endfacet
  facet normal 0 -1 -0
    outer loop
      vertex 260 1395 75
      vertex 270 1395 75
      vertex 270 1395 82.5
    endloop
  endfacet
  facet normal 0 -1 -0
    outer loop
      vertex 260 1395 75
      vertex 270 1395 82.5
      vertex 260 1395 82.5
    endloop
  endfacet
  facet normal 0 -1 -0
    outer loop
      vertex 270 1395 75
      vertex 280 1395 75
      vertex 280 1395 82.5
    endloop
  endfacet
  facet normal 0 -1 -0
    outer loop
      vertex 270 1395 75
      vertex 280 1395 82.5
      vertex 270 1395 82.5
    endloop
  endfacet
  facet normal -0 -1 -0
    outer loop
      vertex 290 1395 75
      vertex 290 1395 82.5
      vertex 280 1395 82.5
    endloop
  endfacet
  facet normal 0 -1 0
    outer loop
      vertex 290 1395 75
      vertex 280 1395 82.5
      vertex 280 1395 75
    endloop
  endfacet
  facet normal -0 -1 -0
    outer loop
      vertex 290 1395 92.5
      vertex 290 1395 82.5
      vertex 300 1395 85.714286804199219
    endloop
  endfacet
  facet normal -0 -1 0
    outer loop
      vertex 290 1395 92.5
      vertex 300 1395 85.714286804199219
      vertex 300 1395 96.428573608398438
    endloop
  endfacet
  facet normal 0 -1 0
    outer loop
      vertex 300 1395 75
      vertex 300 1395 85.714286804199219
      vertex 290 1395 82.5
    endloop
  endfacet
  facet normal 0 -1 0
    outer loop
      vertex 300 1395 75
      vertex 290 1395 82.5
      vertex 290 1395 75
    endloop
  endfacet
  facet normal 0 -1 -0
    outer loop
      vertex 300 1395 107.14286041259766
      vertex 290 1395 112.5
      vertex 290 1395 102.5
    endloop
  endfacet
  facet normal 0 -1 0
    outer loop
      vertex 300 1395 96.428573608398438
      vertex 300 1395 107.14286041259766
      vertex 290 1395 102.5
    endloop
  endfacet
  facet normal 0 -1 -0
    outer loop
      vertex 300 1395 96.428573608398438
      vertex 290 1395 102.5
      vertex 290 1395 92.5
    endloop
  endfacet
  facet normal 0 -1 0
    outer loop
      vertex 300 1395 107.14286041259766
      vertex 300 1395 117.85713958740234
      vertex 290 1395 122.5
    endloop
  endfacet
  facet normal 0 -1 0
    outer loop
      vertex 300 1395 107.14286041259766
      vertex 290 1395 122.5
      vertex 290 1395 112.5
    endloop
  endfacet
  facet normal 0 -1 -0
    outer loop
      vertex 250 1395 142.5
      vertex 260 1395 142.5
      vertex 260 1395 150
    endloop
  endfacet
  facet normal 0 -1 -0
    outer loop
      vertex 250 1395 142.5
      vertex 260 1395 150
      vertex 250 1395 150
    endloop
  endfacet
  facet normal 0 -1 -0
    outer loop
      vertex 270 1395 142.5
      vertex 280 1395 142.5
      vertex 280 1395 150
    endloop
  endfacet
  facet normal 0 -1 -0
    outer loop
      vertex 270 1395 142.5
      vertex 280 1395 150
      vertex 270 1395 150
    endloop
  endfacet
  facet normal 0 -1 -0
    outer loop
      vertex 260 1395 142.5
      vertex 270 1395 142.5
      vertex 270 1395 150
    endloop
  endfacet
  facet normal 0 -1 -0
    outer loop
      vertex 260 1395 142.5
      vertex 270 1395 150
      vertex 260 1395 150
    endloop
  endfacet
  facet normal 0 -1 0
    outer loop
      vertex 280 1395 150
      vertex 280 1395 142.5
      vertex 290 1395 142.5
    endloop
  endfacet
  facet normal 0 -1 -0
    outer loop
      vertex 280 1395 150
      vertex 290 1395 142.5
      vertex 290 1395 150
    endloop
  endfacet
  facet normal -0 -1 0
    outer loop
      vertex 290 1395 132.5
      vertex 290 1395 122.5
      vertex 300 1395 117.85713958740234
    endloop
  endfacet
  facet normal -0 -1 -0
    outer loop
      vertex 290 1395 132.5
      vertex 300 1395 117.85713958740234
      vertex 300 1395 128.57142639160156
    endloop
  endfacet
  facet normal -0 -1 -0
    outer loop
      vertex 300 1395 128.57142639160156
      vertex 300 1395 139.28572082519531
      vertex 290 1395 142.5
    endloop
  endfacet
  facet normal 0 -1 0
    outer loop
      vertex 300 1395 128.57142639160156
      vertex 290 1395 142.5
      vertex 290 1395 132.5
    endloop
  endfacet
  facet normal -0 -1 0
    outer loop
      vertex 290 1395 150
      vertex 290 1395 142.5
      vertex 300 1395 139.28572082519531
    endloop
  endfacet
  facet normal -0 -1 -0
    outer loop
      vertex 290 1395 150
      vertex 300 1395 139.28572082519531
      vertex 300 1395 150
    endloop
  endfacet
  facet normal -0 1 -0
    outer loop
      vertex 300 1400 10.714285850524902
      vertex 310 1400 7.5
      vertex 300 1400 0
    endloop
  endfacet
  facet normal 0 1 0
    outer loop
      vertex 310 1400 0
      vertex 300 1400 0
      vertex 310 1400 7.5
    endloop
  endfacet
  facet normal -0 1 0
    outer loop
      vertex 310 1400 7.5
      vertex 300 1400 10.714285850524902
      vertex 300 1400 21.428571701049805
    endloop
  endfacet
  facet normal 0 1 0
    outer loop
      vertex 310 1400 7.5
      vertex 300 1400 21.428571701049805
      vertex 310 1400 17.5
    endloop
  endfacet
  facet normal -0 1 -0
    outer loop
      vertex 300 1400 32.142856597900391
      vertex 310 1400 27.5
      vertex 310 1400 17.5
    endloop
  endfacet
  facet normal 0 1 0
    outer loop
      vertex 300 1400 32.142856597900391
      vertex 310 1400 17.5
      vertex 300 1400 21.428571701049805
    endloop
  endfacet
  facet normal -0 1 0
    outer loop
      vertex 310 1400 37.5
      vertex 310 1400 27.5
      vertex 300 1400 32.142856597900391
    endloop
  endfacet
  facet normal -0 1 0
    outer loop
      vertex 310 1400 0
      vertex 310 1400 7.5
      vertex 320 1400 7.5
    endloop
  endfacet
  facet normal 0 1 -0
    outer loop
      vertex 310 1400 0
      vertex 320 1400 7.5
      vertex 320 1400 0
    endloop
  endfacet
  facet normal -0 1 0
    outer loop
      vertex 330 1400 0
      vertex 330 1400 7.5
      vertex 340 1400 7.5
    endloop
  endfacet
  facet normal 0 1 -0
    outer loop
      vertex 330 1400 0
      vertex 340 1400 7.5
      vertex 340 1400 0
    endloop
  endfacet
  facet normal -0 1 0
    outer loop
      vertex 320 1400 0
      vertex 320 1400 7.5
      vertex 330 1400 7.5
    endloop
  endfacet
  facet normal 0 1 -0
    outer loop
      vertex 320 1400 0
      vertex 330 1400 7.5
      vertex 330 1400 0
    endloop
  endfacet
  facet normal -0 1 -0
    outer loop
      vertex 340 1400 7.5
      vertex 350 1400 7.5
      vertex 350 1400 0
    endloop
  endfacet
  facet normal -0 1 -0
    outer loop
      vertex 340 1400 7.5
      vertex 350 1400 0
      vertex 340 1400 0
    endloop
  endfacet
  facet normal 0 1 0
    outer loop
      vertex 300 1400 53.571430206298828
      vertex 310 1400 57.5
      vertex 310 1400 47.5
    endloop
  endfacet
  facet normal -0 1 -0
    outer loop
      vertex 300 1400 53.571430206298828
      vertex 310 1400 47.5
      vertex 300 1400 42.857143402099609
    endloop
  endfacet
  facet normal 0 1 0
    outer loop
      vertex 300 1400 42.857143402099609
      vertex 310 1400 47.5
      vertex 310 1400 37.5
    endloop
  endfacet
  facet normal -0 1 -0
    outer loop
      vertex 310 1400 37.5
      vertex 300 1400 32.142856597900391
      vertex 300 1400 42.857143402099609
    endloop
  endfacet
  facet normal -0 1 -0
    outer loop
      vertex 310 1400 67.5
      vertex 300 1400 64.285713195800781
      vertex 300 1400 75
    endloop
  endfacet
  facet normal -0 1 -0
    outer loop
      vertex 310 1400 57.5
      vertex 300 1400 53.571430206298828
      vertex 300 1400 64.285713195800781
    endloop
  endfacet
  facet normal 0 1 0
    outer loop
      vertex 310 1400 57.5
      vertex 300 1400 64.285713195800781
      vertex 310 1400 67.5
    endloop
  endfacet
  facet normal 0 1 -0
    outer loop
      vertex 310 1400 75
      vertex 310 1400 67.5
      vertex 300 1400 75
    endloop
  endfacet
  facet normal -0 1 0
    outer loop
      vertex 320 1400 67.5
      vertex 320 1400 75
      vertex 330 1400 75
    endloop
  endfacet
  facet normal 0 1 -0
    outer loop
      vertex 320 1400 67.5
      vertex 330 1400 75
      vertex 330 1400 67.5
    endloop
  endfacet
  facet normal -0 1 0
    outer loop
      vertex 340 1400 67.5
      vertex 340 1400 75
      vertex 350 1400 75
    endloop
  endfacet
  facet normal 0 1 -0
    outer loop
      vertex 340 1400 67.5
      vertex 350 1400 75
      vertex 350 1400 67.5
    endloop
  endfacet
  facet normal -0 1 0
    outer loop
      vertex 330 1400 67.5
      vertex 330 1400 75
      vertex 340 1400 75
    endloop
  endfacet
  facet normal 0 1 -0
    outer loop
      vertex 330 1400 67.5
      vertex 340 1400 75
      vertex 340 1400 67.5
    endloop
  endfacet
  facet normal 0 1 -0
    outer loop
      vertex 320 1400 75
      vertex 320 1400 67.5
      vertex 310 1400 67.5
    endloop
  endfacet
  facet normal 0 1 0
    outer loop
      vertex 320 1400 75
      vertex 310 1400 67.5
      vertex 310 1400 75
    endloop
  endfacet
  facet normal -0 1 0
    outer loop
      vertex 360 1400 0
      vertex 360 1400 7.5
      vertex 370 1400 7.5
    endloop
  endfacet
  facet normal 0 1 -0
    outer loop
      vertex 360 1400 0
      vertex 370 1400 7.5
      vertex 370 1400 0
    endloop
  endfacet
  facet normal -0 1 0
    outer loop
      vertex 370 1400 0
      vertex 370 1400 7.5
      vertex 380 1400 7.5
    endloop
  endfacet
  facet normal 0 1 -0
    outer loop
      vertex 370 1400 0
      vertex 380 1400 7.5
      vertex 380 1400 0
    endloop
  endfacet
  facet normal 0 1 -0
    outer loop
      vertex 360 1400 7.5
      vertex 360 1400 0
      vertex 350 1400 0
    endloop
  endfacet
  facet normal 0 1 0
    outer loop
      vertex 360 1400 7.5
      vertex 350 1400 0
      vertex 350 1400 7.5
    endloop
  endfacet
  facet normal 0 1 -0
    outer loop
      vertex 390 1400 7.5
      vertex 390 1400 0
      vertex 380 1400 0
    endloop
  endfacet
  facet normal 0 1 0
    outer loop
      vertex 390 1400 7.5
      vertex 380 1400 0
      vertex 380 1400 7.5
    endloop
  endfacet
  facet normal 0 1 0
    outer loop
      vertex 390 1400 7.5
      vertex 400 1400 10.714285850524902
      vertex 400 1400 0
    endloop
  endfacet
  facet normal -0 1 -0
    outer loop
      vertex 390 1400 7.5
      vertex 400 1400 0
      vertex 390 1400 0
    endloop
  endfacet
  facet normal 0 1 0
    outer loop
      vertex 390 1400 17.5
      vertex 400 1400 21.428571701049805
      vertex 400 1400 10.714285850524902
    endloop
  endfacet
  facet normal -0 1 -0
    outer loop
      vertex 390 1400 17.5
      vertex 400 1400 10.714285850524902
      vertex 390 1400 7.5
    endloop
  endfacet
  facet normal 0 1 0
    outer loop
      vertex 390 1400 27.5
      vertex 400 1400 32.142856597900391
      vertex 400 1400 21.428571701049805
    endloop
  endfacet
  facet normal -0 1 -0
    outer loop
      vertex 390 1400 27.5
      vertex 400 1400 21.428571701049805
      vertex 390 1400 17.5
    endloop
  endfacet
  facet normal -0 1 -0
    outer loop
      vertex 390 1400 37.5
      vertex 400 1400 32.142856597900391
      vertex 390 1400 27.5
    endloop
  endfacet
  facet normal -0 1 0
    outer loop
      vertex 360 1400 67.5
      vertex 360 1400 75
      vertex 370 1400 75
    endloop
  endfacet
  facet normal 0 1 -0
    outer loop
      vertex 360 1400 67.5
      vertex 370 1400 75
      vertex 370 1400 67.5
    endloop
  endfacet
  facet normal -0 1 0
    outer loop
      vertex 380 1400 67.5
      vertex 380 1400 75
      vertex 390 1400 75
    endloop
  endfacet
  facet normal 0 1 -0
    outer loop
      vertex 380 1400 67.5
      vertex 390 1400 75
      vertex 390 1400 67.5
    endloop
  endfacet
  facet normal -0 1 0
    outer loop
      vertex 350 1400 67.5
      vertex 350 1400 75
      vertex 360 1400 75
    endloop
  endfacet
  facet normal 0 1 -0
    outer loop
      vertex 350 1400 67.5
      vertex 360 1400 75
      vertex 360 1400 67.5
    endloop
  endfacet
  facet normal -0 1 0
    outer loop
      vertex 370 1400 67.5
      vertex 370 1400 75
      vertex 380 1400 75
    endloop
  endfacet
  facet normal 0 1 -0
    outer loop
      vertex 370 1400 67.5
      vertex 380 1400 75
      vertex 380 1400 67.5
    endloop
  endfacet
  facet normal -0 1 -0
    outer loop
      vertex 390 1400 57.5
      vertex 400 1400 53.571430206298828
      vertex 400 1400 42.857143402099609
    endloop
  endfacet
  facet normal 0 1 0
    outer loop
      vertex 390 1400 57.5
      vertex 400 1400 42.857143402099609
      vertex 390 1400 47.5
    endloop
  endfacet
  facet normal -0 1 -0
    outer loop
      vertex 400 1400 42.857143402099609
      vertex 390 1400 37.5
      vertex 390 1400 47.5
    endloop
  endfacet
  facet normal 0 1 0
    outer loop
      vertex 400 1400 53.571430206298828
      vertex 390 1400 57.5
      vertex 390 1400 67.5
    endloop
  endfacet
  facet normal 0 1 0
    outer loop
      vertex 400 1400 53.571430206298828
      vertex 390 1400 67.5
      vertex 400 1400 64.285713195800781
    endloop
  endfacet
  facet normal 0 1 0
    outer loop
      vertex 390 1400 75
      vertex 400 1400 75
      vertex 400 1400 64.285713195800781
    endloop
  endfacet
  facet normal -0 1 0
    outer loop
      vertex 390 1400 75
      vertex 400 1400 64.285713195800781
      vertex 390 1400 67.5
    endloop
  endfacet
  facet normal -0 1 0
    outer loop
      vertex 400 1400 42.857143402099609
      vertex 400 1400 32.142856597900391
      vertex 390 1400 37.5
    endloop
  endfacet
  facet normal -1 0 0
    outer loop
      vertex 300 1400 64.285713195800781
      vertex 300 1395 64.285713195800781
      vertex 300 1395 75
    endloop
  endfacet
  facet normal -1 -0 0
    outer loop
      vertex 300 1400 64.285713195800781
      vertex 300 1395 75
      vertex 300 1400 75
    endloop
  endfacet
  facet normal -1 0 0
    outer loop
      vertex 300 1400 42.857143402099609
      vertex 300 1395 42.857143402099609
      vertex 300 1395 53.571430206298828
    endloop
  endfacet
  facet normal -1 -0 0
    outer loop
      vertex 300 1400 42.857143402099609
      vertex 300 1395 53.571430206298828
      vertex 300 1400 53.571430206298828
    endloop
  endfacet
  facet normal -1 0 0
    outer loop
      vertex 300 1400 53.571430206298828
      vertex 300 1395 53.571430206298828
      vertex 300 1395 64.285713195800781
    endloop
  endfacet
  facet normal -1 -0 0
    outer loop
      vertex 300 1400 53.571430206298828
      vertex 300 1395 64.285713195800781
      vertex 300 1400 64.285713195800781
    endloop
  endfacet
  facet normal -1 0 0
    outer loop
      vertex 300 1400 21.428571701049805
      vertex 300 1395 21.428571701049805
      vertex 300 1395 32.142856597900391
    endloop
  endfacet
  facet normal -1 -0 0
    outer loop
      vertex 300 1400 21.428571701049805
      vertex 300 1395 32.142856597900391
      vertex 300 1400 32.142856597900391
    endloop
  endfacet
  facet normal -1 0 0
    outer loop
      vertex 300 1400 0
      vertex 300 1395 0
      vertex 300 1395 10.714285850524902
    endloop
  endfacet
  facet normal -1 -0 0
    outer loop
      vertex 300 1400 0
      vertex 300 1395 10.714285850524902
      vertex 300 1400 10.714285850524902
    endloop
  endfacet
  facet normal -1 0 0
    outer loop
      vertex 300 1400 10.714285850524902
      vertex 300 1395 10.714285850524902
      vertex 300 1395 21.428571701049805
    endloop
  endfacet
  facet normal -1 -0 0
    outer loop
      vertex 300 1400 10.714285850524902
      vertex 300 1395 21.428571701049805
      vertex 300 1400 21.428571701049805
    endloop
  endfacet
  facet normal -1 0 0
    outer loop
      vertex 300 1400 32.142856597900391
      vertex 300 1395 32.142856597900391
      vertex 300 1395 42.857143402099609
    endloop
  endfacet
  facet normal -1 -0 0
    outer loop
      vertex 300 1400 32.142856597900391
      vertex 300 1395 42.857143402099609
      vertex 300 1400 42.857143402099609
    endloop
  endfacet
  facet normal -0 0 -1
    outer loop
      vertex 320 1400 67.5
      vertex 320 1395 67.5
      vertex 310 1395 67.5
    endloop
  endfacet
  facet normal 0 -0 -1
    outer loop
      vertex 320 1400 67.5
      vertex 310 1395 67.5
      vertex 310 1400 67.5
    endloop
  endfacet
  facet normal -0 0 -1
    outer loop
      vertex 340 1400 67.5
      vertex 340 1395 67.5
      vertex 330 1395 67.5
    endloop
  endfacet
  facet normal 0 -0 -1
    outer loop
      vertex 340 1400 67.5
      vertex 330 1395 67.5
      vertex 330 1400 67.5
    endloop
  endfacet
  facet normal -0 0 -1
    outer loop
      vertex 330 1400 67.5
      vertex 330 1395 67.5
      vertex 320 1395 67.5
    endloop
  endfacet
  facet normal 0 -0 -1
    outer loop
      vertex 330 1400 67.5
      vertex 320 1395 67.5
      vertex 320 1400 67.5
    endloop
  endfacet
  facet normal -0 0 -1
    outer loop
      vertex 360 1400 67.5
      vertex 360 1395 67.5
      vertex 350 1395 67.5
    endloop
  endfacet
  facet normal 0 -0 -1
    outer loop
      vertex 360 1400 67.5
      vertex 350 1395 67.5
      vertex 350 1400 67.5
    endloop
  endfacet
  facet normal -0 0 -1
    outer loop
      vertex 380 1400 67.5
      vertex 380 1395 67.5
      vertex 370 1395 67.5
    endloop
  endfacet
  facet normal 0 -0 -1
    outer loop
      vertex 380 1400 67.5
      vertex 370 1395 67.5
      vertex 370 1400 67.5
    endloop
  endfacet
  facet normal -0 0 -1
    outer loop
      vertex 390 1400 67.5
      vertex 390 1395 67.5
      vertex 380 1395 67.5
    endloop
  endfacet
  facet normal 0 -0 -1
    outer loop
      vertex 390 1400 67.5
      vertex 380 1395 67.5
      vertex 380 1400 67.5
    endloop
  endfacet
  facet normal -0 0 -1
    outer loop
      vertex 370 1400 67.5
      vertex 370 1395 67.5
      vertex 360 1395 67.5
    endloop
  endfacet
  facet normal 0 -0 -1
    outer loop
      vertex 370 1400 67.5
      vertex 360 1395 67.5
      vertex 360 1400 67.5
    endloop
  endfacet
  facet normal -0 0 -1
    outer loop
      vertex 350 1400 67.5
      vertex 350 1395 67.5
      vertex 340 1395 67.5
    endloop
  endfacet
  facet normal 0 -0 -1
    outer loop
      vertex 350 1400 67.5
      vertex 340 1395 67.5
      vertex 340 1400 67.5
    endloop
  endfacet
  facet normal -0 -0 1
    outer loop
      vertex 390 1400 75
      vertex 390 1395 75
      vertex 400 1395 75
    endloop
  endfacet
  facet normal 0 0 1
    outer loop
      vertex 390 1400 75
      vertex 400 1395 75
      vertex 400 1400 75
    endloop
  endfacet
  facet normal -0 -0 1
    outer loop
      vertex 370 1400 75
      vertex 370 1395 75
      vertex 380 1395 75
    endloop
  endfacet
  facet normal 0 0 1
    outer loop
      vertex 370 1400 75
      vertex 380 1395 75
      vertex 380 1400 75
    endloop
  endfacet
  facet normal -0 -0 1
    outer loop
      vertex 360 1400 75
      vertex 360 1395 75
      vertex 370 1395 75
    endloop
  endfacet
  facet normal 0 0 1
    outer loop
      vertex 360 1400 75
      vertex 370 1395 75
      vertex 370 1400 75
    endloop
  endfacet
  facet normal -0 -0 1
    outer loop
      vertex 380 1400 75
      vertex 380 1395 75
      vertex 390 1395 75
    endloop
  endfacet
  facet normal 0 0 1
    outer loop
      vertex 380 1400 75
      vertex 390 1395 75
      vertex 390 1400 75
    endloop
  endfacet
  facet normal -0 -0 1
    outer loop
      vertex 340 1400 75
      vertex 340 1395 75
      vertex 350 1395 75
    endloop
  endfacet
  facet normal 0 0 1
    outer loop
      vertex 340 1400 75
      vertex 350 1395 75
      vertex 350 1400 75
    endloop
  endfacet
  facet normal -0 -0 1
    outer loop
      vertex 330 1400 75
      vertex 330 1395 75
      vertex 340 1395 75
    endloop
  endfacet
  facet normal 0 0 1
    outer loop
      vertex 330 1400 75
      vertex 340 1395 75
      vertex 340 1400 75
    endloop
  endfacet
  facet normal -0 -0 1
    outer loop
      vertex 310 1400 75
      vertex 310 1395 75
      vertex 320 1395 75
    endloop
  endfacet
  facet normal 0 0 1
    outer loop
      vertex 310 1400 75
      vertex 320 1395 75
      vertex 320 1400 75
    endloop
  endfacet
  facet normal -0 -0 1
    outer loop
      vertex 300 1400 75
      vertex 300 1395 75
      vertex 310 1395 75
    endloop
  endfacet
  facet normal 0 0 1
    outer loop
      vertex 300 1400 75
      vertex 310 1395 75
      vertex 310 1400 75
    endloop
  endfacet
  facet normal -0 -0 1
    outer loop
      vertex 320 1400 75
      vertex 320 1395 75
      vertex 330 1395 75
    endloop
  endfacet
  facet normal 0 0 1
    outer loop
      vertex 320 1400 75
      vertex 330 1395 75
      vertex 330 1400 75
    endloop
  endfacet
  facet normal -0 -0 1
    outer loop
      vertex 350 1400 75
      vertex 350 1395 75
      vertex 360 1395 75
    endloop
  endfacet
  facet normal 0 0 1
    outer loop
      vertex 350 1400 75
      vertex 360 1395 75
      vertex 360 1400 75
    endloop
  endfacet
  facet normal 1 -0 0
    outer loop
      vertex 400 1400 10.714285850524902
      vertex 400 1395 10.714285850524902
      vertex 400 1395 0
    endloop
  endfacet
  facet normal 1 0 0
    outer loop
      vertex 400 1400 10.714285850524902
      vertex 400 1395 0
      vertex 400 1400 0
    endloop
  endfacet
  facet normal 1 -0 0
    outer loop
      vertex 400 1400 32.142856597900391
      vertex 400 1395 32.142856597900391
      vertex 400 1395 21.428571701049805
    endloop
  endfacet
  facet normal 1 0 0
    outer loop
      vertex 400 1400 32.142856597900391
      vertex 400 1395 21.428571701049805
      vertex 400 1400 21.428571701049805
    endloop
  endfacet
  facet normal 1 -0 0
    outer loop
      vertex 400 1400 21.428571701049805
      vertex 400 1395 21.428571701049805
      vertex 400 1395 10.714285850524902
    endloop
  endfacet
  facet normal 1 0 0
    outer loop
      vertex 400 1400 21.428571701049805
      vertex 400 1395 10.714285850524902
      vertex 400 1400 10.714285850524902
    endloop
  endfacet
  facet normal 1 -0 0
    outer loop
      vertex 400 1400 53.571430206298828
      vertex 400 1395 53.571430206298828
      vertex 400 1395 42.857143402099609
    endloop
  endfacet
  facet normal 1 0 0
    outer loop
      vertex 400 1400 53.571430206298828
      vertex 400 1395 42.857143402099609
      vertex 400 1400 42.857143402099609
    endloop
  endfacet
  facet normal 1 -0 0
    outer loop
      vertex 400 1400 75
      vertex 400 1395 75
      vertex 400 1395 64.285713195800781
    endloop
  endfacet
  facet normal 1 0 0
    outer loop
      vertex 400 1400 75
      vertex 400 1395 64.285713195800781
      vertex 400 1400 64.285713195800781
    endloop
  endfacet
  facet normal 1 -0 0
    outer loop
      vertex 400 1400 64.285713195800781
      vertex 400 1395 64.285713195800781
      vertex 400 1395 53.571430206298828
    endloop
  endfacet
  facet normal 1 0 0
    outer loop
      vertex 400 1400 64.285713195800781
      vertex 400 1395 53.571430206298828
      vertex 400 1400 53.571430206298828
    endloop
  endfacet
  facet normal 1 -0 0
    outer loop
      vertex 400 1400 42.857143402099609
      vertex 400 1395 42.857143402099609
      vertex 400 1395 32.142856597900391
    endloop
  endfacet
  facet normal 1 0 0
    outer loop
      vertex 400 1400 42.857143402099609
      vertex 400 1395 32.142856597900391
      vertex 400 1400 32.142856597900391
    endloop
  endfacet
  facet normal -0 0 -1
    outer loop
      vertex 310 1400 0
      vertex 310 1395 0
      vertex 300 1395 0
    endloop
  endfacet
  facet normal 0 -0 -1
    outer loop
      vertex 310 1400 0
      vertex 300 1395 0
      vertex 300 1400 0
    endloop
  endfacet
  facet normal -0 0 -1
    outer loop
      vertex 330 1400 0
      vertex 330 1395 0
      vertex 320 1395 0
    endloop
  endfacet
  facet normal 0 -0 -1
    outer loop
      vertex 330 1400 0
      vertex 320 1395 0
      vertex 320 1400 0
    endloop
  endfacet
  facet normal -0 0 -1
    outer loop
      vertex 340 1400 0
      vertex 340 1395 0
      vertex 330 1395 0
    endloop
  endfacet
  facet normal 0 -0 -1
    outer loop
      vertex 340 1400 0
      vertex 330 1395 0
      vertex 330 1400 0
    endloop
  endfacet
  facet normal -0 0 -1
    outer loop
      vertex 320 1400 0
      vertex 320 1395 0
      vertex 310 1395 0
    endloop
  endfacet
  facet normal 0 -0 -1
    outer loop
      vertex 320 1400 0
      vertex 310 1395 0
      vertex 310 1400 0
    endloop
  endfacet
  facet normal -0 0 -1
    outer loop
      vertex 360 1400 0
      vertex 360 1395 0
      vertex 350 1395 0
    endloop
  endfacet
  facet normal 0 -0 -1
    outer loop
      vertex 360 1400 0
      vertex 350 1395 0
      vertex 350 1400 0
    endloop
  endfacet
  facet normal -0 0 -1
    outer loop
      vertex 370 1400 0
      vertex 370 1395 0
      vertex 360 1395 0
    endloop
  endfacet
  facet normal 0 -0 -1
    outer loop
      vertex 370 1400 0
      vertex 360 1395 0
      vertex 360 1400 0
    endloop
  endfacet
  facet normal -0 0 -1
    outer loop
      vertex 390 1400 0
      vertex 390 1395 0
      vertex 380 1395 0
    endloop
  endfacet
  facet normal 0 -0 -1
    outer loop
      vertex 390 1400 0
      vertex 380 1395 0
      vertex 380 1400 0
    endloop
  endfacet
  facet normal -0 0 -1
    outer loop
      vertex 400 1400 0
      vertex 400 1395 0
      vertex 390 1395 0
    endloop
  endfacet
  facet normal 0 -0 -1
    outer loop
      vertex 400 1400 0
      vertex 390 1395 0
      vertex 390 1400 0
    endloop
  endfacet
  facet normal -0 0 -1
    outer loop
      vertex 380 1400 0
      vertex 380 1395 0
      vertex 370 1395 0
    endloop
  endfacet
  facet normal 0 -0 -1
    outer loop
      vertex 380 1400 0
      vertex 370 1395 0
      vertex 370 1400 0
    endloop
  endfacet
  facet normal -0 0 -1
    outer loop
      vertex 350 1400 0
      vertex 350 1395 0
      vertex 340 1395 0
    endloop
  endfacet
  facet normal 0 -0 -1
    outer loop
      vertex 350 1400 0
      vertex 340 1395 0
      vertex 340 1400 0
    endloop
  endfacet
  facet normal 1 -0 0
    outer loop
      vertex 310 1400 17.5
      vertex 310 1395 17.5
      vertex 310 1395 7.5
    endloop
  endfacet
  facet normal 1 0 0
    outer loop
      vertex 310 1400 17.5
      vertex 310 1395 7.5
      vertex 310 1400 7.5
    endloop
  endfacet
  facet normal 1 -0 0
    outer loop
      vertex 310 1400 27.5
      vertex 310 1395 27.5
      vertex 310 1395 17.5
    endloop
  endfacet
  facet normal 1 0 0
    outer loop
      vertex 310 1400 27.5
      vertex 310 1395 17.5
      vertex 310 1400 17.5
    endloop
  endfacet
  facet normal 1 -0 0
    outer loop
      vertex 310 1400 47.5
      vertex 310 1395 47.5
      vertex 310 1395 37.5
    endloop
  endfacet
  facet normal 1 0 0
    outer loop
      vertex 310 1400 47.5
      vertex 310 1395 37.5
      vertex 310 1400 37.5
    endloop
  endfacet
  facet normal 1 -0 0
    outer loop
      vertex 310 1400 67.5
      vertex 310 1395 67.5
      vertex 310 1395 57.5
    endloop
  endfacet
  facet normal 1 0 0
    outer loop
      vertex 310 1400 67.5
      vertex 310 1395 57.5
      vertex 310 1400 57.5
    endloop
  endfacet
  facet normal 1 -0 0
    outer loop
      vertex 310 1400 57.5
      vertex 310 1395 57.5
      vertex 310 1395 47.5
    endloop
  endfacet
  facet normal 1 0 0
    outer loop
      vertex 310 1400 57.5
      vertex 310 1395 47.5
      vertex 310 1400 47.5
    endloop
  endfacet
  facet normal 1 -0 0
    outer loop
      vertex 310 1400 37.5
      vertex 310 1395 37.5
      vertex 310 1395 27.5
    endloop
  endfacet
  facet normal 1 0 0
    outer loop
      vertex 310 1400 37.5
      vertex 310 1395 27.5
      vertex 310 1400 27.5
    endloop
  endfacet
  facet normal -0 -0 1
    outer loop
      vertex 380 1400 7.5
      vertex 380 1395 7.5
      vertex 390 1395 7.5
    endloop
  endfacet
  facet normal 0 0 1
    outer loop
      vertex 380 1400 7.5
      vertex 390 1395 7.5
      vertex 390 1400 7.5
    endloop
  endfacet
  facet normal -0 -0 1
    outer loop
      vertex 360 1400 7.5
      vertex 360 1395 7.5
      vertex 370 1395 7.5
    endloop
  endfacet
  facet normal 0 0 1
    outer loop
      vertex 360 1400 7.5
      vertex 370 1395 7.5
      vertex 370 1400 7.5
    endloop
  endfacet
  facet normal -0 -0 1
    outer loop
      vertex 370 1400 7.5
      vertex 370 1395 7.5
      vertex 380 1395 7.5
    endloop
  endfacet
  facet normal 0 0 1
    outer loop
      vertex 370 1400 7.5
      vertex 380 1395 7.5
      vertex 380 1400 7.5
    endloop
  endfacet
  facet normal -0 -0 1
    outer loop
      vertex 340 1400 7.5
      vertex 340 1395 7.5
      vertex 350 1395 7.5
    endloop
  endfacet
  facet normal 0 0 1
    outer loop
      vertex 340 1400 7.5
      vertex 350 1395 7.5
      vertex 350 1400 7.5
    endloop
  endfacet
  facet normal -0 -0 1
    outer loop
      vertex 320 1400 7.5
      vertex 320 1395 7.5
      vertex 330 1395 7.5
    endloop
  endfacet
  facet normal 0 0 1
    outer loop
      vertex 320 1400 7.5
      vertex 330 1395 7.5
      vertex 330 1400 7.5
    endloop
  endfacet
  facet normal -0 -0 1
    outer loop
      vertex 310 1400 7.5
      vertex 310 1395 7.5
      vertex 320 1395 7.5
    endloop
  endfacet
  facet normal 0 0 1
    outer loop
      vertex 310 1400 7.5
      vertex 320 1395 7.5
      vertex 320 1400 7.5
    endloop
  endfacet
  facet normal -0 -0 1
    outer loop
      vertex 330 1400 7.5
      vertex 330 1395 7.5
      vertex 340 1395 7.5
    endloop
  endfacet
  facet normal 0 0 1
    outer loop
      vertex 330 1400 7.5
      vertex 340 1395 7.5
      vertex 340 1400 7.5
    endloop
  endfacet
  facet normal -0 -0 1
    outer loop
      vertex 350 1400 7.5
      vertex 350 1395 7.5
      vertex 360 1395 7.5
    endloop
  endfacet
  facet normal 0 0 1
    outer loop
      vertex 350 1400 7.5
      vertex 360 1395 7.5
      vertex 360 1400 7.5
    endloop
  endfacet
  facet normal -1 0 0
    outer loop
      vertex 390 1400 57.5
      vertex 390 1395 57.5
      vertex 390 1395 67.5
    endloop
  endfacet
  facet normal -1 -0 0
    outer loop
      vertex 390 1400 57.5
      vertex 390 1395 67.5
      vertex 390 1400 67.5
    endloop
  endfacet
  facet normal -1 0 0
    outer loop
      vertex 390 1400 47.5
      vertex 390 1395 47.5
      vertex 390 1395 57.5
    endloop
  endfacet
  facet normal -1 -0 0
    outer loop
      vertex 390 1400 47.5
      vertex 390 1395 57.5
      vertex 390 1400 57.5
    endloop
  endfacet
  facet normal -1 0 0
    outer loop
      vertex 390 1400 27.5
      vertex 390 1395 27.5
      vertex 390 1395 37.5
    endloop
  endfacet
  facet normal -1 -0 0
    outer loop
      vertex 390 1400 27.5
      vertex 390 1395 37.5
      vertex 390 1400 37.5
    endloop
  endfacet
  facet normal -1 0 0
    outer loop
      vertex 390 1400 7.5
      vertex 390 1395 7.5
      vertex 390 1395 17.5
    endloop
  endfacet
  facet normal -1 -0 0
    outer loop
      vertex 390 1400 7.5
      vertex 390 1395 17.5
      vertex 390 1400 17.5
    endloop
  endfacet
  facet normal -1 0 0
    outer loop
      vertex 390 1400 17.5
      vertex 390 1395 17.5
      vertex 390 1395 27.5
    endloop
  endfacet
  facet normal -1 -0 0
    outer loop
      vertex 390 1400 17.5
      vertex 390 1395 27.5
      vertex 390 1400 27.5
    endloop
  endfacet
  facet normal -1 0 0
    outer loop
      vertex 390 1400 37.5
      vertex 390 1395 37.5
      vertex 390 1395 47.5
    endloop
  endfacet
  facet normal -1 -0 0
    outer loop
      vertex 390 1400 37.5
      vertex 390 1395 47.5
      vertex 390 1400 47.5
    endloop
  endfacet
  facet normal -0 -1 -0
    outer loop
      vertex 300 1395 10.714285850524902
      vertex 300 1395 0
      vertex 310 1395 7.5
    endloop
  endfacet
  facet normal 0 -1 -0
    outer loop
      vertex 310 1395 0
      vertex 310 1395 7.5
      vertex 300 1395 0
    endloop
  endfacet
  facet normal 0 -1 0
    outer loop
      vertex 310 1395 7.5
      vertex 310 1395 17.5
      vertex 300 1395 21.428571701049805
    endloop
  endfacet
  facet normal -0 -1 0
    outer loop
      vertex 310 1395 7.5
      vertex 300 1395 21.428571701049805
      vertex 300 1395 10.714285850524902
    endloop
  endfacet
  facet normal 0 -1 0
    outer loop
      vertex 300 1395 32.142856597900391
      vertex 300 1395 21.428571701049805
      vertex 310 1395 17.5
    endloop
  endfacet
  facet normal -0 -1 -0
    outer loop
      vertex 300 1395 32.142856597900391
      vertex 310 1395 17.5
      vertex 310 1395 27.5
    endloop
  endfacet
  facet normal -0 -1 0
    outer loop
      vertex 310 1395 37.5
      vertex 300 1395 32.142856597900391
      vertex 310 1395 27.5
    endloop
  endfacet
  facet normal 0 -1 -0
    outer loop
      vertex 310 1395 0
      vertex 320 1395 0
      vertex 320 1395 7.5
    endloop
  endfacet
  facet normal 0 -1 -0
    outer loop
      vertex 310 1395 0
      vertex 320 1395 7.5
      vertex 310 1395 7.5
    endloop
  endfacet
  facet normal 0 -1 -0
    outer loop
      vertex 330 1395 0
      vertex 340 1395 0
      vertex 340 1395 7.5
    endloop
  endfacet
  facet normal 0 -1 -0
    outer loop
      vertex 330 1395 0
      vertex 340 1395 7.5
      vertex 330 1395 7.5
    endloop
  endfacet
  facet normal 0 -1 -0
    outer loop
      vertex 320 1395 0
      vertex 330 1395 0
      vertex 330 1395 7.5
    endloop
  endfacet
  facet normal 0 -1 -0
    outer loop
      vertex 320 1395 0
      vertex 330 1395 7.5
      vertex 320 1395 7.5
    endloop
  endfacet
  facet normal 0 -1 0
    outer loop
      vertex 340 1395 7.5
      vertex 340 1395 0
      vertex 350 1395 0
    endloop
  endfacet
  facet normal 0 -1 -0
    outer loop
      vertex 340 1395 7.5
      vertex 350 1395 0
      vertex 350 1395 7.5
    endloop
  endfacet
  facet normal -0 -1 -0
    outer loop
      vertex 300 1395 53.571430206298828
      vertex 300 1395 42.857143402099609
      vertex 310 1395 47.5
    endloop
  endfacet
  facet normal -0 -1 0
    outer loop
      vertex 300 1395 53.571430206298828
      vertex 310 1395 47.5
      vertex 310 1395 57.5
    endloop
  endfacet
  facet normal -0 -1 0
    outer loop
      vertex 300 1395 42.857143402099609
      vertex 310 1395 37.5
      vertex 310 1395 47.5
    endloop
  endfacet
  facet normal 0 -1 -0
    outer loop
      vertex 310 1395 37.5
      vertex 300 1395 42.857143402099609
      vertex 300 1395 32.142856597900391
    endloop
  endfacet
  facet normal 0 -1 -0
    outer loop
      vertex 310 1395 67.5
      vertex 300 1395 75
      vertex 300 1395 64.285713195800781
    endloop
  endfacet
  facet normal 0 -1 0
    outer loop
      vertex 310 1395 57.5
      vertex 310 1395 67.5
      vertex 300 1395 64.285713195800781
    endloop
  endfacet
  facet normal 0 -1 -0
    outer loop
      vertex 310 1395 57.5
      vertex 300 1395 64.285713195800781
      vertex 300 1395 53.571430206298828
    endloop
  endfacet
  facet normal -0 -1 0
    outer loop
      vertex 310 1395 75
      vertex 300 1395 75
      vertex 310 1395 67.5
    endloop
  endfacet
  facet normal 0 -1 -0
    outer loop
      vertex 320 1395 67.5
      vertex 330 1395 67.5
      vertex 330 1395 75
    endloop
  endfacet
  facet normal 0 -1 -0
    outer loop
      vertex 320 1395 67.5
      vertex 330 1395 75
      vertex 320 1395 75
    endloop
  endfacet
  facet normal 0 -1 -0
    outer loop
      vertex 340 1395 67.5
      vertex 350 1395 67.5
      vertex 350 1395 75
    endloop
  endfacet
  facet normal 0 -1 -0
    outer loop
      vertex 340 1395 67.5
      vertex 350 1395 75
      vertex 340 1395 75
    endloop
  endfacet
  facet normal 0 -1 -0
    outer loop
      vertex 330 1395 67.5
      vertex 340 1395 67.5
      vertex 340 1395 75
    endloop
  endfacet
  facet normal 0 -1 -0
    outer loop
      vertex 330 1395 67.5
      vertex 340 1395 75
      vertex 330 1395 75
    endloop
  endfacet
  facet normal -0 -1 0
    outer loop
      vertex 320 1395 75
      vertex 310 1395 75
      vertex 310 1395 67.5
    endloop
  endfacet
  facet normal -0 -1 0
    outer loop
      vertex 320 1395 75
      vertex 310 1395 67.5
      vertex 320 1395 67.5
    endloop
  endfacet
  facet normal 0 -1 -0
    outer loop
      vertex 360 1395 0
      vertex 370 1395 0
      vertex 370 1395 7.5
    endloop
  endfacet
  facet normal 0 -1 -0
    outer loop
      vertex 360 1395 0
      vertex 370 1395 7.5
      vertex 360 1395 7.5
    endloop
  endfacet
  facet normal 0 -1 -0
    outer loop
      vertex 370 1395 0
      vertex 380 1395 0
      vertex 380 1395 7.5
    endloop
  endfacet
  facet normal 0 -1 -0
    outer loop
      vertex 370 1395 0
      vertex 380 1395 7.5
      vertex 370 1395 7.5
    endloop
  endfacet
  facet normal -0 -1 0
    outer loop
      vertex 360 1395 7.5
      vertex 350 1395 7.5
      vertex 350 1395 0
    endloop
  endfacet
  facet normal -0 -1 0
    outer loop
      vertex 360 1395 7.5
      vertex 350 1395 0
      vertex 360 1395 0
    endloop
  endfacet
  facet normal -0 -1 0
    outer loop
      vertex 390 1395 7.5
      vertex 380 1395 7.5
      vertex 380 1395 0
    endloop
  endfacet
  facet normal -0 -1 0
    outer loop
      vertex 390 1395 7.5
      vertex 380 1395 0
      vertex 390 1395 0
    endloop
  endfacet
  facet normal 0 -1 0
    outer loop
      vertex 390 1395 7.5
      vertex 390 1395 0
      vertex 400 1395 0
    endloop
  endfacet
  facet normal -0 -1 0
    outer loop
      vertex 390 1395 7.5
      vertex 400 1395 0
      vertex 400 1395 10.714285850524902
    endloop
  endfacet
  facet normal -0 -1 -0
    outer loop
      vertex 390 1395 17.5
      vertex 390 1395 7.5
      vertex 400 1395 10.714285850524902
    endloop
  endfacet
  facet normal -0 -1 0
    outer loop
      vertex 390 1395 17.5
      vertex 400 1395 10.714285850524902
      vertex 400 1395 21.428571701049805
    endloop
  endfacet
  facet normal -0 -1 -0
    outer loop
      vertex 390 1395 27.5
      vertex 390 1395 17.5
      vertex 400 1395 21.428571701049805
    endloop
  endfacet
  facet normal -0 -1 0
    outer loop
      vertex 390 1395 27.5
      vertex 400 1395 21.428571701049805
      vertex 400 1395 32.142856597900391
    endloop
  endfacet
  facet normal -0 -1 -0
    outer loop
      vertex 390 1395 37.5
      vertex 390 1395 27.5
      vertex 400 1395 32.142856597900391
    endloop
  endfacet
  facet normal 0 -1 -0
    outer loop
      vertex 360 1395 67.5
      vertex 370 1395 67.5
      vertex 370 1395 75
    endloop
  endfacet
  facet normal 0 -1 -0
    outer loop
      vertex 360 1395 67.5
      vertex 370 1395 75
      vertex 360 1395 75
    endloop
  endfacet
  facet normal 0 -1 -0
    outer loop
      vertex 380 1395 67.5
      vertex 390 1395 67.5
      vertex 390 1395 75
    endloop
  endfacet
  facet normal 0 -1 -0
    outer loop
      vertex 380 1395 67.5
      vertex 390 1395 75
      vertex 380 1395 75
    endloop
  endfacet
  facet normal 0 -1 -0
    outer loop
      vertex 350 1395 67.5
      vertex 360 1395 67.5
      vertex 360 1395 75
    endloop
  endfacet
  facet normal 0 -1 -0
    outer loop
      vertex 350 1395 67.5
      vertex 360 1395 75
      vertex 350 1395 75
    endloop
  endfacet
  facet normal 0 -1 -0
    outer loop
      vertex 370 1395 67.5
      vertex 380 1395 67.5
      vertex 380 1395 75
    endloop
  endfacet
  facet normal 0 -1 -0
    outer loop
      vertex 370 1395 67.5
      vertex 380 1395 75
      vertex 370 1395 75
    endloop
  endfacet
  facet normal 0 -1 0
    outer loop
      vertex 390 1395 57.5
      vertex 390 1395 47.5
      vertex 400 1395 42.857143402099609
    endloop
  endfacet
  facet normal -0 -1 -0
    outer loop
      vertex 390 1395 57.5
      vertex 400 1395 42.857143402099609
      vertex 400 1395 53.571430206298828
    endloop
  endfacet
  facet normal 0 -1 -0
    outer loop
      vertex 400 1395 42.857143402099609
      vertex 390 1395 47.5
      vertex 390 1395 37.5
    endloop
  endfacet
  facet normal 0 -1 0
    outer loop
      vertex 400 1395 53.571430206298828
      vertex 400 1395 64.285713195800781
      vertex 390 1395 67.5
    endloop
  endfacet
  facet normal 0 -1 0
    outer loop
      vertex 400 1395 53.571430206298828
      vertex 390 1395 67.5
      vertex 390 1395 57.5
    endloop
  endfacet
  facet normal -0 -1 0
    outer loop
      vertex 390 1395 75
      vertex 390 1395 67.5
      vertex 400 1395 64.285713195800781
    endloop
  endfacet
  facet normal -0 -1 -0
    outer loop
      vertex 390 1395 75
      vertex 400 1395 64.285713195800781
      vertex 400 1395 75
    endloop
  endfacet
  facet normal -0 -1 0
    outer loop
      vertex 400 1395 42.857143402099609
      vertex 390 1395 37.5
      vertex 400 1395 32.142856597900391
    endloop
  endfacet
  facet normal -0 1 -0
    outer loop
      vertex 300 1400 85.714286804199219
      vertex 310 1400 82.5
      vertex 300 1400 75
    endloop
  endfacet
  facet normal 0 1 0
    outer loop
      vertex 310 1400 75
      vertex 300 1400 75
      vertex 310 1400 82.5
    endloop
  endfacet
  facet normal 0 1 0
    outer loop
      vertex 310 1400 82.5
      vertex 300 1400 85.714286804199219
      vertex 300 1400 96.428573608398438
    endloop
  endfacet
  facet normal 0 1 0
    outer loop
      vertex 310 1400 82.5
      vertex 300 1400 96.428573608398438
      vertex 310 1400 92.5
    endloop
  endfacet
  facet normal -0 1 -0
    outer loop
      vertex 300 1400 107.14286041259766
      vertex 310 1400 102.5
      vertex 310 1400 92.5
    endloop
  endfacet
  facet normal -0 1 0
    outer loop
      vertex 300 1400 107.14286041259766
      vertex 310 1400 92.5
      vertex 300 1400 96.428573608398438
    endloop
  endfacet
  facet normal -0 1 0
    outer loop
      vertex 310 1400 112.5
      vertex 310 1400 102.5
      vertex 300 1400 107.14286041259766
    endloop
  endfacet
  facet normal -0 1 0
    outer loop
      vertex 310 1400 75
      vertex 310 1400 82.5
      vertex 320 1400 82.5
    endloop
  endfacet
  facet normal 0 1 -0
    outer loop
      vertex 310 1400 75
      vertex 320 1400 82.5
      vertex 320 1400 75
    endloop
  endfacet
  facet normal -0 1 0
    outer loop
      vertex 330 1400 75
      vertex 330 1400 82.5
      vertex 340 1400 82.5
    endloop
  endfacet
  facet normal 0 1 -0
    outer loop
      vertex 330 1400 75
      vertex 340 1400 82.5
      vertex 340 1400 75
    endloop
  endfacet
  facet normal -0 1 0
    outer loop
      vertex 320 1400 75
      vertex 320 1400 82.5
      vertex 330 1400 82.5
    endloop
  endfacet
  facet normal 0 1 -0
    outer loop
      vertex 320 1400 75
      vertex 330 1400 82.5
      vertex 330 1400 75
    endloop
  endfacet
  facet normal -0 1 -0
    outer loop
      vertex 340 1400 82.5
      vertex 350 1400 82.5
      vertex 350 1400 75
    endloop
  endfacet
  facet normal -0 1 -0
    outer loop
      vertex 340 1400 82.5
      vertex 350 1400 75
      vertex 340 1400 75
    endloop
  endfacet
  facet normal 0 1 0
    outer loop
      vertex 300 1400 128.57142639160156
      vertex 310 1400 132.5
      vertex 310 1400 122.5
    endloop
  endfacet
  facet normal -0 1 -0
    outer loop
      vertex 300 1400 128.57142639160156
      vertex 310 1400 122.5
      vertex 300 1400 117.85713958740234
    endloop
  endfacet
  facet normal 0 1 0
    outer loop
      vertex 300 1400 117.85713958740234
      vertex 310 1400 122.5
      vertex 310 1400 112.5
    endloop
  endfacet
  facet normal -0 1 -0
    outer loop
      vertex 310 1400 112.5
      vertex 300 1400 107.14286041259766
      vertex 300 1400 117.85713958740234
    endloop
  endfacet
  facet normal -0 1 -0
    outer loop
      vertex 310 1400 142.5
      vertex 300 1400 139.28572082519531
      vertex 300 1400 150
    endloop
  endfacet
  facet normal -0 1 -0
    outer loop
      vertex 310 1400 132.5
      vertex 300 1400 128.57142639160156
      vertex 300 1400 139.28572082519531
    endloop
  endfacet
  facet normal 0 1 0
    outer loop
      vertex 310 1400 132.5
      vertex 300 1400 139.28572082519531
      vertex 310 1400 142.5
    endloop
  endfacet
  facet normal 0 1 -0
    outer loop
      vertex 310 1400 150
      vertex 310 1400 142.5
      vertex 300 1400 150
    endloop
  endfacet
  facet normal -0 1 0
    outer loop
      vertex 320 1400 142.5
      vertex 320 1400 150
      vertex 330 1400 150
    endloop
  endfacet
  facet normal 0 1 -0
    outer loop
      vertex 320 1400 142.5
      vertex 330 1400 150
      vertex 330 1400 142.5
    endloop
  endfacet
  facet normal -0 1 0
    outer loop
      vertex 340 1400 142.5
      vertex 340 1400 150
      vertex 350 1400 150
    endloop
  endfacet
  facet normal 0 1 -0
    outer loop
      vertex 340 1400 142.5
      vertex 350 1400 150
      vertex 350 1400 142.5
    endloop
  endfacet
  facet normal -0 1 0
    outer loop
      vertex 330 1400 142.5
      vertex 330 1400 150
      vertex 340 1400 150
    endloop
  endfacet
  facet normal 0 1 -0
    outer loop
      vertex 330 1400 142.5
      vertex 340 1400 150
      vertex 340 1400 142.5
    endloop
  endfacet
  facet normal 0 1 -0
    outer loop
      vertex 320 1400 150
      vertex 320 1400 142.5
      vertex 310 1400 142.5
    endloop
  endfacet
  facet normal 0 1 0
    outer loop
      vertex 320 1400 150
      vertex 310 1400 142.5
      vertex 310 1400 150
    endloop
  endfacet
  facet normal -0 1 0
    outer loop
      vertex 360 1400 75
      vertex 360 1400 82.5
      vertex 370 1400 82.5
    endloop
  endfacet
  facet normal 0 1 -0
    outer loop
      vertex 360 1400 75
      vertex 370 1400 82.5
      vertex 370 1400 75
    endloop
  endfacet
  facet normal -0 1 0
    outer loop
      vertex 370 1400 75
      vertex 370 1400 82.5
      vertex 380 1400 82.5
    endloop
  endfacet
  facet normal 0 1 -0
    outer loop
      vertex 370 1400 75
      vertex 380 1400 82.5
      vertex 380 1400 75
    endloop
  endfacet
  facet normal 0 1 -0
    outer loop
      vertex 360 1400 82.5
      vertex 360 1400 75
      vertex 350 1400 75
    endloop
  endfacet
  facet normal 0 1 0
    outer loop
      vertex 360 1400 82.5
      vertex 350 1400 75
      vertex 350 1400 82.5
    endloop
  endfacet
  facet normal 0 1 -0
    outer loop
      vertex 390 1400 82.5
      vertex 390 1400 75
      vertex 380 1400 75
    endloop
  endfacet
  facet normal 0 1 0
    outer loop
      vertex 390 1400 82.5
      vertex 380 1400 75
      vertex 380 1400 82.5
    endloop
  endfacet
  facet normal 0 1 0
    outer loop
      vertex 390 1400 82.5
      vertex 400 1400 85.714286804199219
      vertex 400 1400 75
    endloop
  endfacet
  facet normal -0 1 -0
    outer loop
      vertex 390 1400 82.5
      vertex 400 1400 75
      vertex 390 1400 75
    endloop
  endfacet
  facet normal 0 1 0
    outer loop
      vertex 390 1400 92.5
      vertex 400 1400 96.428573608398438
      vertex 400 1400 85.714286804199219
    endloop
  endfacet
  facet normal -0 1 -0
    outer loop
      vertex 390 1400 92.5
      vertex 400 1400 85.714286804199219
      vertex 390 1400 82.5
    endloop
  endfacet
  facet normal 0 1 0
    outer loop
      vertex 390 1400 102.5
      vertex 400 1400 107.14286041259766
      vertex 400 1400 96.428573608398438
    endloop
  endfacet
  facet normal -0 1 -0
    outer loop
      vertex 390 1400 102.5
      vertex 400 1400 96.428573608398438
      vertex 390 1400 92.5
    endloop
  endfacet
  facet normal -0 1 -0
    outer loop
      vertex 390 1400 112.5
      vertex 400 1400 107.14286041259766
      vertex 390 1400 102.5
    endloop
  endfacet
  facet normal -0 1 0
    outer loop
      vertex 360 1400 142.5
      vertex 360 1400 150
      vertex 370 1400 150
    endloop
  endfacet
  facet normal 0 1 -0
    outer loop
      vertex 360 1400 142.5
      vertex 370 1400 150
      vertex 370 1400 142.5
    endloop
  endfacet
  facet normal -0 1 0
    outer loop
      vertex 380 1400 142.5
      vertex 380 1400 150
      vertex 390 1400 150
    endloop
  endfacet
  facet normal 0 1 -0
    outer loop
      vertex 380 1400 142.5
      vertex 390 1400 150
      vertex 390 1400 142.5
    endloop
  endfacet
  facet normal -0 1 0
    outer loop
      vertex 350 1400 142.5
      vertex 350 1400 150
      vertex 360 1400 150
    endloop
  endfacet
  facet normal 0 1 -0
    outer loop
      vertex 350 1400 142.5
      vertex 360 1400 150
      vertex 360 1400 142.5
    endloop
  endfacet
  facet normal -0 1 0
    outer loop
      vertex 370 1400 142.5
      vertex 370 1400 150
      vertex 380 1400 150
    endloop
  endfacet
  facet normal 0 1 -0
    outer loop
      vertex 370 1400 142.5
      vertex 380 1400 150
      vertex 380 1400 142.5
    endloop
  endfacet
  facet normal -0 1 -0
    outer loop
      vertex 390 1400 132.5
      vertex 400 1400 128.57142639160156
      vertex 400 1400 117.85713958740234
    endloop
  endfacet
  facet normal -0 1 0
    outer loop
      vertex 390 1400 132.5
      vertex 400 1400 117.85713958740234
      vertex 390 1400 122.5
    endloop
  endfacet
  facet normal -0 1 -0
    outer loop
      vertex 400 1400 117.85713958740234
      vertex 390 1400 112.5
      vertex 390 1400 122.5
    endloop
  endfacet
  facet normal 0 1 0
    outer loop
      vertex 400 1400 128.57142639160156
      vertex 390 1400 132.5
      vertex 390 1400 142.5
    endloop
  endfacet
  facet normal -0 1 -0
    outer loop
      vertex 400 1400 128.57142639160156
      vertex 390 1400 142.5
      vertex 400 1400 139.28572082519531
    endloop
  endfacet
  facet normal 0 1 0
    outer loop
      vertex 390 1400 150
      vertex 400 1400 150
      vertex 400 1400 139.28572082519531
    endloop
  endfacet
  facet normal -0 1 0
    outer loop
      vertex 390 1400 150
      vertex 400 1400 139.28572082519531
      vertex 390 1400 142.5
    endloop
  endfacet
  facet normal -0 1 0
    outer loop
      vertex 400 1400 117.85713958740234
      vertex 400 1400 107.14286041259766
      vertex 390 1400 112.5
    endloop
  endfacet
  facet normal -1 0 0
    outer loop
      vertex 300 1400 139.28572082519531
      vertex 300 1395 139.28572082519531
      vertex 300 1395 150
    endloop
  endfacet
  facet normal -1 -0 0
    outer loop
      vertex 300 1400 139.28572082519531
      vertex 300 1395 150
      vertex 300 1400 150
    endloop
  endfacet
  facet normal -1 0 0
    outer loop
      vertex 300 1400 117.85713958740234
      vertex 300 1395 117.85713958740234
      vertex 300 1395 128.57142639160156
    endloop
  endfacet
  facet normal -1 -0 0
    outer loop
      vertex 300 1400 117.85713958740234
      vertex 300 1395 128.57142639160156
      vertex 300 1400 128.57142639160156
    endloop
  endfacet
  facet normal -1 0 0
    outer loop
      vertex 300 1400 128.57142639160156
      vertex 300 1395 128.57142639160156
      vertex 300 1395 139.28572082519531
    endloop
  endfacet
  facet normal -1 -0 0
    outer loop
      vertex 300 1400 128.57142639160156
      vertex 300 1395 139.28572082519531
      vertex 300 1400 139.28572082519531
    endloop
  endfacet
  facet normal -1 0 0
    outer loop
      vertex 300 1400 96.428573608398438
      vertex 300 1395 96.428573608398438
      vertex 300 1395 107.14286041259766
    endloop
  endfacet
  facet normal -1 -0 0
    outer loop
      vertex 300 1400 96.428573608398438
      vertex 300 1395 107.14286041259766
      vertex 300 1400 107.14286041259766
    endloop
  endfacet
  facet normal -1 0 0
    outer loop
      vertex 300 1400 75
      vertex 300 1395 75
      vertex 300 1395 85.714286804199219
    endloop
  endfacet
  facet normal -1 -0 0
    outer loop
      vertex 300 1400 75
      vertex 300 1395 85.714286804199219
      vertex 300 1400 85.714286804199219
    endloop
  endfacet
  facet normal -1 0 0
    outer loop
      vertex 300 1400 85.714286804199219
      vertex 300 1395 85.714286804199219
      vertex 300 1395 96.428573608398438
    endloop
  endfacet
  facet normal -1 -0 0
    outer loop
      vertex 300 1400 85.714286804199219
      vertex 300 1395 96.428573608398438
      vertex 300 1400 96.428573608398438
    endloop
  endfacet
  facet normal -1 0 0
    outer loop
      vertex 300 1400 107.14286041259766
      vertex 300 1395 107.14286041259766
      vertex 300 1395 117.85713958740234
    endloop
  endfacet
  facet normal -1 -0 0
    outer loop
      vertex 300 1400 107.14286041259766
      vertex 300 1395 117.85713958740234
      vertex 300 1400 117.85713958740234
    endloop
  endfacet
  facet normal -0 0 -1
    outer loop
      vertex 320 1400 142.5
      vertex 320 1395 142.5
      vertex 310 1395 142.5
    endloop
  endfacet
  facet normal 0 -0 -1
    outer loop
      vertex 320 1400 142.5
      vertex 310 1395 142.5
      vertex 310 1400 142.5
    endloop
  endfacet
  facet normal -0 0 -1
    outer loop
      vertex 340 1400 142.5
      vertex 340 1395 142.5
      vertex 330 1395 142.5
    endloop
  endfacet
  facet normal 0 -0 -1
    outer loop
      vertex 340 1400 142.5
      vertex 330 1395 142.5
      vertex 330 1400 142.5
    endloop
  endfacet
  facet normal -0 0 -1
    outer loop
      vertex 330 1400 142.5
      vertex 330 1395 142.5
      vertex 320 1395 142.5
    endloop
  endfacet
  facet normal 0 -0 -1
    outer loop
      vertex 330 1400 142.5
      vertex 320 1395 142.5
      vertex 320 1400 142.5
    endloop
  endfacet
  facet normal -0 0 -1
    outer loop
      vertex 360 1400 142.5
      vertex 360 1395 142.5
      vertex 350 1395 142.5
    endloop
  endfacet
  facet normal 0 -0 -1
    outer loop
      vertex 360 1400 142.5
      vertex 350 1395 142.5
      vertex 350 1400 142.5
    endloop
  endfacet
  facet normal -0 0 -1
    outer loop
      vertex 380 1400 142.5
      vertex 380 1395 142.5
      vertex 370 1395 142.5
    endloop
  endfacet
  facet normal 0 -0 -1
    outer loop
      vertex 380 1400 142.5
      vertex 370 1395 142.5
      vertex 370 1400 142.5
    endloop
  endfacet
  facet normal -0 0 -1
    outer loop
      vertex 390 1400 142.5
      vertex 390 1395 142.5
      vertex 380 1395 142.5
    endloop
  endfacet
  facet normal 0 -0 -1
    outer loop
      vertex 390 1400 142.5
      vertex 380 1395 142.5
      vertex 380 1400 142.5
    endloop
  endfacet
  facet normal -0 0 -1
    outer loop
      vertex 370 1400 142.5
      vertex 370 1395 142.5
      vertex 360 1395 142.5
    endloop
  endfacet
  facet normal 0 -0 -1
    outer loop
      vertex 370 1400 142.5
      vertex 360 1395 142.5
      vertex 360 1400 142.5
    endloop
  endfacet
  facet normal -0 0 -1
    outer loop
      vertex 350 1400 142.5
      vertex 350 1395 142.5
      vertex 340 1395 142.5
    endloop
  endfacet
  facet normal 0 -0 -1
    outer loop
      vertex 350 1400 142.5
      vertex 340 1395 142.5
      vertex 340 1400 142.5
    endloop
  endfacet
  facet normal -0 -0 1
    outer loop
      vertex 390 1400 150
      vertex 390 1395 150
      vertex 400 1395 150
    endloop
  endfacet
  facet normal 0 0 1
    outer loop
      vertex 390 1400 150
      vertex 400 1395 150
      vertex 400 1400 150
    endloop
  endfacet
  facet normal -0 -0 1
    outer loop
      vertex 370 1400 150
      vertex 370 1395 150
      vertex 380 1395 150
    endloop
  endfacet
  facet normal 0 0 1
    outer loop
      vertex 370 1400 150
      vertex 380 1395 150
      vertex 380 1400 150
    endloop
  endfacet
  facet normal -0 -0 1
    outer loop
      vertex 360 1400 150
      vertex 360 1395 150
      vertex 370 1395 150
    endloop
  endfacet
  facet normal 0 0 1
    outer loop
      vertex 360 1400 150
      vertex 370 1395 150
      vertex 370 1400 150
    endloop
  endfacet
  facet normal -0 -0 1
    outer loop
      vertex 380 1400 150
      vertex 380 1395 150
      vertex 390 1395 150
    endloop
  endfacet
  facet normal 0 0 1
    outer loop
      vertex 380 1400 150
      vertex 390 1395 150
      vertex 390 1400 150
    endloop
  endfacet
  facet normal -0 -0 1
    outer loop
      vertex 340 1400 150
      vertex 340 1395 150
      vertex 350 1395 150
    endloop
  endfacet
  facet normal 0 0 1
    outer loop
      vertex 340 1400 150
      vertex 350 1395 150
      vertex 350 1400 150
    endloop
  endfacet
  facet normal -0 -0 1
    outer loop
      vertex 330 1400 150
      vertex 330 1395 150
      vertex 340 1395 150
    endloop
  endfacet
  facet normal 0 0 1
    outer loop
      vertex 330 1400 150
      vertex 340 1395 150
      vertex 340 1400 150
    endloop
  endfacet
  facet normal -0 -0 1
    outer loop
      vertex 310 1400 150
      vertex 310 1395 150
      vertex 320 1395 150
    endloop
  endfacet
  facet normal 0 0 1
    outer loop
      vertex 310 1400 150
      vertex 320 1395 150
      vertex 320 1400 150
    endloop
  endfacet
  facet normal -0 -0 1
    outer loop
      vertex 300 1400 150
      vertex 300 1395 150
      vertex 310 1395 150
    endloop
  endfacet
  facet normal 0 0 1
    outer loop
      vertex 300 1400 150
      vertex 310 1395 150
      vertex 310 1400 150
    endloop
  endfacet
  facet normal -0 -0 1
    outer loop
      vertex 320 1400 150
      vertex 320 1395 150
      vertex 330 1395 150
    endloop
  endfacet
  facet normal 0 0 1
    outer loop
      vertex 320 1400 150
      vertex 330 1395 150
      vertex 330 1400 150
    endloop
  endfacet
  facet normal -0 -0 1
    outer loop
      vertex 350 1400 150
      vertex 350 1395 150
      vertex 360 1395 150
    endloop
  endfacet
  facet normal 0 0 1
    outer loop
      vertex 350 1400 150
      vertex 360 1395 150
      vertex 360 1400 150
    endloop
  endfacet
  facet normal 1 -0 0
    outer loop
      vertex 400 1400 85.714286804199219
      vertex 400 1395 85.714286804199219
      vertex 400 1395 75
    endloop
  endfacet
  facet normal 1 0 0
    outer loop
      vertex 400 1400 85.714286804199219
      vertex 400 1395 75
      vertex 400 1400 75
    endloop
  endfacet
  facet normal 1 -0 0
    outer loop
      vertex 400 1400 107.14286041259766
      vertex 400 1395 107.14286041259766
      vertex 400 1395 96.428573608398438
    endloop
  endfacet
  facet normal 1 0 0
    outer loop
      vertex 400 1400 107.14286041259766
      vertex 400 1395 96.428573608398438
      vertex 400 1400 96.428573608398438
    endloop
  endfacet
  facet normal 1 -0 0
    outer loop
      vertex 400 1400 96.428573608398438
      vertex 400 1395 96.428573608398438
      vertex 400 1395 85.714286804199219
    endloop
  endfacet
  facet normal 1 0 0
    outer loop
      vertex 400 1400 96.428573608398438
      vertex 400 1395 85.714286804199219
      vertex 400 1400 85.714286804199219
    endloop
  endfacet
  facet normal 1 -0 0
    outer loop
      vertex 400 1400 128.57142639160156
      vertex 400 1395 128.57142639160156
      vertex 400 1395 117.85713958740234
    endloop
  endfacet
  facet normal 1 0 0
    outer loop
      vertex 400 1400 128.57142639160156
      vertex 400 1395 117.85713958740234
      vertex 400 1400 117.85713958740234
    endloop
  endfacet
  facet normal 1 -0 0
    outer loop
      vertex 400 1400 150
      vertex 400 1395 150
      vertex 400 1395 139.28572082519531
    endloop
  endfacet
  facet normal 1 0 0
    outer loop
      vertex 400 1400 150
      vertex 400 1395 139.28572082519531
      vertex 400 1400 139.28572082519531
    endloop
  endfacet
  facet normal 1 -0 0
    outer loop
      vertex 400 1400 139.28572082519531
      vertex 400 1395 139.28572082519531
      vertex 400 1395 128.57142639160156
    endloop
  endfacet
  facet normal 1 0 0
    outer loop
      vertex 400 1400 139.28572082519531
      vertex 400 1395 128.57142639160156
      vertex 400 1400 128.57142639160156
    endloop
  endfacet
  facet normal 1 -0 0
    outer loop
      vertex 400 1400 117.85713958740234
      vertex 400 1395 117.85713958740234
      vertex 400 1395 107.14286041259766
    endloop
  endfacet
  facet normal 1 0 0
    outer loop
      vertex 400 1400 117.85713958740234
      vertex 400 1395 107.14286041259766
      vertex 400 1400 107.14286041259766
    endloop
  endfacet
  facet normal -0 0 -1
    outer loop
      vertex 310 1400 75
      vertex 310 1395 75
      vertex 300 1395 75
    endloop
  endfacet
  facet normal 0 -0 -1
    outer loop
      vertex 310 1400 75
      vertex 300 1395 75
      vertex 300 1400 75
    endloop
  endfacet
  facet normal -0 0 -1
    outer loop
      vertex 330 1400 75
      vertex 330 1395 75
      vertex 320 1395 75
    endloop
  endfacet
  facet normal 0 -0 -1
    outer loop
      vertex 330 1400 75
      vertex 320 1395 75
      vertex 320 1400 75
    endloop
  endfacet
  facet normal -0 0 -1
    outer loop
      vertex 340 1400 75
      vertex 340 1395 75
      vertex 330 1395 75
    endloop
  endfacet
  facet normal 0 -0 -1
    outer loop
      vertex 340 1400 75
      vertex 330 1395 75
      vertex 330 1400 75
    endloop
  endfacet
  facet normal -0 0 -1
    outer loop
      vertex 320 1400 75
      vertex 320 1395 75
      vertex 310 1395 75
    endloop
  endfacet
  facet normal 0 -0 -1
    outer loop
      vertex 320 1400 75
      vertex 310 1395 75
      vertex 310 1400 75
    endloop
  endfacet
  facet normal -0 0 -1
    outer loop
      vertex 360 1400 75
      vertex 360 1395 75
      vertex 350 1395 75
    endloop
  endfacet
  facet normal 0 -0 -1
    outer loop
      vertex 360 1400 75
      vertex 350 1395 75
      vertex 350 1400 75
    endloop
  endfacet
  facet normal -0 0 -1
    outer loop
      vertex 370 1400 75
      vertex 370 1395 75
      vertex 360 1395 75
    endloop
  endfacet
  facet normal 0 -0 -1
    outer loop
      vertex 370 1400 75
      vertex 360 1395 75
      vertex 360 1400 75
    endloop
  endfacet
  facet normal -0 0 -1
    outer loop
      vertex 390 1400 75
      vertex 390 1395 75
      vertex 380 1395 75
    endloop
  endfacet
  facet normal 0 -0 -1
    outer loop
      vertex 390 1400 75
      vertex 380 1395 75
      vertex 380 1400 75
    endloop
  endfacet
  facet normal -0 0 -1
    outer loop
      vertex 400 1400 75
      vertex 400 1395 75
      vertex 390 1395 75
    endloop
  endfacet
  facet normal 0 -0 -1
    outer loop
      vertex 400 1400 75
      vertex 390 1395 75
      vertex 390 1400 75
    endloop
  endfacet
  facet normal -0 0 -1
    outer loop
      vertex 380 1400 75
      vertex 380 1395 75
      vertex 370 1395 75
    endloop
  endfacet
  facet normal 0 -0 -1
    outer loop
      vertex 380 1400 75
      vertex 370 1395 75
      vertex 370 1400 75
    endloop
  endfacet
  facet normal -0 0 -1
    outer loop
      vertex 350 1400 75
      vertex 350 1395 75
      vertex 340 1395 75
    endloop
  endfacet
  facet normal 0 -0 -1
    outer loop
      vertex 350 1400 75
      vertex 340 1395 75
      vertex 340 1400 75
    endloop
  endfacet
  facet normal 1 -0 0
    outer loop
      vertex 310 1400 92.5
      vertex 310 1395 92.5
      vertex 310 1395 82.5
    endloop
  endfacet
  facet normal 1 0 0
    outer loop
      vertex 310 1400 92.5
      vertex 310 1395 82.5
      vertex 310 1400 82.5
    endloop
  endfacet
  facet normal 1 -0 0
    outer loop
      vertex 310 1400 102.5
      vertex 310 1395 102.5
      vertex 310 1395 92.5
    endloop
  endfacet
  facet normal 1 0 0
    outer loop
      vertex 310 1400 102.5
      vertex 310 1395 92.5
      vertex 310 1400 92.5
    endloop
  endfacet
  facet normal 1 -0 0
    outer loop
      vertex 310 1400 122.5
      vertex 310 1395 122.5
      vertex 310 1395 112.5
    endloop
  endfacet
  facet normal 1 0 0
    outer loop
      vertex 310 1400 122.5
      vertex 310 1395 112.5
      vertex 310 1400 112.5
    endloop
  endfacet
  facet normal 1 -0 0
    outer loop
      vertex 310 1400 142.5
      vertex 310 1395 142.5
      vertex 310 1395 132.5
    endloop
  endfacet
  facet normal 1 0 0
    outer loop
      vertex 310 1400 142.5
      vertex 310 1395 132.5
      vertex 310 1400 132.5
    endloop
  endfacet
  facet normal 1 -0 0
    outer loop
      vertex 310 1400 132.5
      vertex 310 1395 132.5
      vertex 310 1395 122.5
    endloop
  endfacet
  facet normal 1 0 0
    outer loop
      vertex 310 1400 132.5
      vertex 310 1395 122.5
      vertex 310 1400 122.5
    endloop
  endfacet
  facet normal 1 -0 0
    outer loop
      vertex 310 1400 112.5
      vertex 310 1395 112.5
      vertex 310 1395 102.5
    endloop
  endfacet
  facet normal 1 0 0
    outer loop
      vertex 310 1400 112.5
      vertex 310 1395 102.5
      vertex 310 1400 102.5
    endloop
  endfacet
  facet normal -0 -0 1
    outer loop
      vertex 380 1400 82.5
      vertex 380 1395 82.5
      vertex 390 1395 82.5
    endloop
  endfacet
  facet normal 0 0 1
    outer loop
      vertex 380 1400 82.5
      vertex 390 1395 82.5
      vertex 390 1400 82.5
    endloop
  endfacet
  facet normal -0 -0 1
    outer loop
      vertex 360 1400 82.5
      vertex 360 1395 82.5
      vertex 370 1395 82.5
    endloop
  endfacet
  facet normal 0 0 1
    outer loop
      vertex 360 1400 82.5
      vertex 370 1395 82.5
      vertex 370 1400 82.5
    endloop
  endfacet
  facet normal -0 -0 1
    outer loop
      vertex 370 1400 82.5
      vertex 370 1395 82.5
      vertex 380 1395 82.5
    endloop
  endfacet
  facet normal 0 0 1
    outer loop
      vertex 370 1400 82.5
      vertex 380 1395 82.5
      vertex 380 1400 82.5
    endloop
  endfacet
  facet normal -0 -0 1
    outer loop
      vertex 340 1400 82.5
      vertex 340 1395 82.5
      vertex 350 1395 82.5
    endloop
  endfacet
  facet normal 0 0 1
    outer loop
      vertex 340 1400 82.5
      vertex 350 1395 82.5
      vertex 350 1400 82.5
    endloop
  endfacet
  facet normal -0 -0 1
    outer loop
      vertex 320 1400 82.5
      vertex 320 1395 82.5
      vertex 330 1395 82.5
    endloop
  endfacet
  facet normal 0 0 1
    outer loop
      vertex 320 1400 82.5
      vertex 330 1395 82.5
      vertex 330 1400 82.5
    endloop
  endfacet
  facet normal -0 -0 1
    outer loop
      vertex 310 1400 82.5
      vertex 310 1395 82.5
      vertex 320 1395 82.5
    endloop
  endfacet
  facet normal 0 0 1
    outer loop
      vertex 310 1400 82.5
      vertex 320 1395 82.5
      vertex 320 1400 82.5
    endloop
  endfacet
  facet normal -0 -0 1
    outer loop
      vertex 330 1400 82.5
      vertex 330 1395 82.5
      vertex 340 1395 82.5
    endloop
  endfacet
  facet normal 0 0 1
    outer loop
      vertex 330 1400 82.5
      vertex 340 1395 82.5
      vertex 340 1400 82.5
    endloop
  endfacet
  facet normal -0 -0 1
    outer loop
      vertex 350 1400 82.5
      vertex 350 1395 82.5
      vertex 360 1395 82.5
    endloop
  endfacet
  facet normal 0 0 1
    outer loop
      vertex 350 1400 82.5
      vertex 360 1395 82.5
      vertex 360 1400 82.5
    endloop
  endfacet
  facet normal -1 0 0
    outer loop
      vertex 390 1400 132.5
      vertex 390 1395 132.5
      vertex 390 1395 142.5
    endloop
  endfacet
  facet normal -1 -0 0
    outer loop
      vertex 390 1400 132.5
      vertex 390 1395 142.5
      vertex 390 1400 142.5
    endloop
  endfacet
  facet normal -1 0 0
    outer loop
      vertex 390 1400 122.5
      vertex 390 1395 122.5
      vertex 390 1395 132.5
    endloop
  endfacet
  facet normal -1 -0 0
    outer loop
      vertex 390 1400 122.5
      vertex 390 1395 132.5
      vertex 390 1400 132.5
    endloop
  endfacet
  facet normal -1 0 0
    outer loop
      vertex 390 1400 102.5
      vertex 390 1395 102.5
      vertex 390 1395 112.5
    endloop
  endfacet
  facet normal -1 -0 0
    outer loop
      vertex 390 1400 102.5
      vertex 390 1395 112.5
      vertex 390 1400 112.5
    endloop
  endfacet
  facet normal -1 0 0
    outer loop
      vertex 390 1400 82.5
      vertex 390 1395 82.5
      vertex 390 1395 92.5
    endloop
  endfacet
  facet normal -1 -0 0
    outer loop
      vertex 390 1400 82.5
      vertex 390 1395 92.5
      vertex 390 1400 92.5
    endloop
  endfacet
  facet normal -1 0 0
    outer loop
      vertex 390 1400 92.5
      vertex 390 1395 92.5
      vertex 390 1395 102.5
    endloop
  endfacet
  facet normal -1 -0 0
    outer loop
      vertex 390 1400 92.5
      vertex 390 1395 102.5
      vertex 390 1400 102.5
    endloop
  endfacet
  facet normal -1 0 0
    outer loop
      vertex 390 1400 112.5
      vertex 390 1395 112.5
      vertex 390 1395 122.5
    endloop
  endfacet
  facet normal -1 -0 0
    outer loop
      vertex 390 1400 112.5
      vertex 390 1395 122.5
      vertex 390 1400 122.5
    endloop
  endfacet
  facet normal -0 -1 -0
    outer loop
      vertex 300 1395 85.714286804199219
      vertex 300 1395 75
      vertex 310 1395 82.5
    endloop
  endfacet
  facet normal 0 -1 -0
    outer loop
      vertex 310 1395 75
      vertex 310 1395 82.5
      vertex 300 1395 75
    endloop
  endfacet
  facet normal 0 -1 0
    outer loop
      vertex 310 1395 82.5
      vertex 310 1395 92.5
      vertex 300 1395 96.428573608398438
    endloop
  endfacet
  facet normal 0 -1 0
    outer loop
      vertex 310 1395 82.5
      vertex 300 1395 96.428573608398438
      vertex 300 1395 85.714286804199219
    endloop
  endfacet
  facet normal -0 -1 0
    outer loop
      vertex 300 1395 107.14286041259766
      vertex 300 1395 96.428573608398438
      vertex 310 1395 92.5
    endloop
  endfacet
  facet normal -0 -1 -0
    outer loop
      vertex 300 1395 107.14286041259766
      vertex 310 1395 92.5
      vertex 310 1395 102.5
    endloop
  endfacet
  facet normal -0 -1 0
    outer loop
      vertex 310 1395 112.5
      vertex 300 1395 107.14286041259766
      vertex 310 1395 102.5
    endloop
  endfacet
  facet normal 0 -1 -0
    outer loop
      vertex 310 1395 75
      vertex 320 1395 75
      vertex 320 1395 82.5
    endloop
  endfacet
  facet normal 0 -1 -0
    outer loop
      vertex 310 1395 75
      vertex 320 1395 82.5
      vertex 310 1395 82.5
    endloop
  endfacet
  facet normal 0 -1 -0
    outer loop
      vertex 330 1395 75
      vertex 340 1395 75
      vertex 340 1395 82.5
    endloop
  endfacet
  facet normal 0 -1 -0
    outer loop
      vertex 330 1395 75
      vertex 340 1395 82.5
      vertex 330 1395 82.5
    endloop
  endfacet
  facet normal 0 -1 -0
    outer loop
      vertex 320 1395 75
      vertex 330 1395 75
      vertex 330 1395 82.5
    endloop
  endfacet
  facet normal 0 -1 -0
    outer loop
      vertex 320 1395 75
      vertex 330 1395 82.5
      vertex 320 1395 82.5
    endloop
  endfacet
  facet normal 0 -1 0
    outer loop
      vertex 340 1395 82.5
      vertex 340 1395 75
      vertex 350 1395 75
    endloop
  endfacet
  facet normal 0 -1 -0
    outer loop
      vertex 340 1395 82.5
      vertex 350 1395 75
      vertex 350 1395 82.5
    endloop
  endfacet
  facet normal -0 -1 -0
    outer loop
      vertex 300 1395 128.57142639160156
      vertex 300 1395 117.85713958740234
      vertex 310 1395 122.5
    endloop
  endfacet
  facet normal -0 -1 0
    outer loop
      vertex 300 1395 128.57142639160156
      vertex 310 1395 122.5
      vertex 310 1395 132.5
    endloop
  endfacet
  facet normal -0 -1 0
    outer loop
      vertex 300 1395 117.85713958740234
      vertex 310 1395 112.5
      vertex 310 1395 122.5
    endloop
  endfacet
  facet normal 0 -1 -0
    outer loop
      vertex 310 1395 112.5
      vertex 300 1395 117.85713958740234
      vertex 300 1395 107.14286041259766
    endloop
  endfacet
  facet normal 0 -1 -0
    outer loop
      vertex 310 1395 142.5
      vertex 300 1395 150
      vertex 300 1395 139.28572082519531
    endloop
  endfacet
  facet normal 0 -1 0
    outer loop
      vertex 310 1395 132.5
      vertex 310 1395 142.5
      vertex 300 1395 139.28572082519531
    endloop
  endfacet
  facet normal 0 -1 -0
    outer loop
      vertex 310 1395 132.5
      vertex 300 1395 139.28572082519531
      vertex 300 1395 128.57142639160156
    endloop
  endfacet
  facet normal -0 -1 0
    outer loop
      vertex 310 1395 150
      vertex 300 1395 150
      vertex 310 1395 142.5
    endloop
  endfacet
  facet normal 0 -1 -0
    outer loop
      vertex 320 1395 142.5
      vertex 330 1395 142.5
      vertex 330 1395 150
    endloop
  endfacet
  facet normal 0 -1 -0
    outer loop
      vertex 320 1395 142.5
      vertex 330 1395 150
      vertex 320 1395 150
    endloop
  endfacet
  facet normal 0 -1 -0
    outer loop
      vertex 340 1395 142.5
      vertex 350 1395 142.5
      vertex 350 1395 150
    endloop
  endfacet
  facet normal 0 -1 -0
    outer loop
      vertex 340 1395 142.5
      vertex 350 1395 150
      vertex 340 1395 150
    endloop
  endfacet
  facet normal 0 -1 -0
    outer loop
      vertex 330 1395 142.5
      vertex 340 1395 142.5
      vertex 340 1395 150
    endloop
  endfacet
  facet normal 0 -1 -0
    outer loop
      vertex 330 1395 142.5
      vertex 340 1395 150
      vertex 330 1395 150
    endloop
  endfacet
  facet normal -0 -1 0
    outer loop
      vertex 320 1395 150
      vertex 310 1395 150
      vertex 310 1395 142.5
    endloop
  endfacet
  facet normal -0 -1 0
    outer loop
      vertex 320 1395 150
      vertex 310 1395 142.5
      vertex 320 1395 142.5
    endloop
  endfacet
  facet normal 0 -1 -0
    outer loop
      vertex 360 1395 75
      vertex 370 1395 75
      vertex 370 1395 82.5
    endloop
  endfacet
  facet normal 0 -1 -0
    outer loop
      vertex 360 1395 75
      vertex 370 1395 82.5
      vertex 360 1395 82.5
    endloop
  endfacet
  facet normal 0 -1 -0
    outer loop
      vertex 370 1395 75
      vertex 380 1395 75
      vertex 380 1395 82.5
    endloop
  endfacet
  facet normal 0 -1 -0
    outer loop
      vertex 370 1395 75
      vertex 380 1395 82.5
      vertex 370 1395 82.5
    endloop
  endfacet
  facet normal -0 -1 0
    outer loop
      vertex 360 1395 82.5
      vertex 350 1395 82.5
      vertex 350 1395 75
    endloop
  endfacet
  facet normal -0 -1 0
    outer loop
      vertex 360 1395 82.5
      vertex 350 1395 75
      vertex 360 1395 75
    endloop
  endfacet
  facet normal -0 -1 0
    outer loop
      vertex 390 1395 82.5
      vertex 380 1395 82.5
      vertex 380 1395 75
    endloop
  endfacet
  facet normal -0 -1 0
    outer loop
      vertex 390 1395 82.5
      vertex 380 1395 75
      vertex 390 1395 75
    endloop
  endfacet
  facet normal 0 -1 0
    outer loop
      vertex 390 1395 82.5
      vertex 390 1395 75
      vertex 400 1395 75
    endloop
  endfacet
  facet normal -0 -1 0
    outer loop
      vertex 390 1395 82.5
      vertex 400 1395 75
      vertex 400 1395 85.714286804199219
    endloop
  endfacet
  facet normal -0 -1 -0
    outer loop
      vertex 390 1395 92.5
      vertex 390 1395 82.5
      vertex 400 1395 85.714286804199219
    endloop
  endfacet
  facet normal -0 -1 0
    outer loop
      vertex 390 1395 92.5
      vertex 400 1395 85.714286804199219
      vertex 400 1395 96.428573608398438
    endloop
  endfacet
  facet normal -0 -1 -0
    outer loop
      vertex 390 1395 102.5
      vertex 390 1395 92.5
      vertex 400 1395 96.428573608398438
    endloop
  endfacet
  facet normal -0 -1 0
    outer loop
      vertex 390 1395 102.5
      vertex 400 1395 96.428573608398438
      vertex 400 1395 107.14286041259766
    endloop
  endfacet
  facet normal -0 -1 -0
    outer loop
      vertex 390 1395 112.5
      vertex 390 1395 102.5
      vertex 400 1395 107.14286041259766
    endloop
  endfacet
  facet normal 0 -1 -0
    outer loop
      vertex 360 1395 142.5
      vertex 370 1395 142.5
      vertex 370 1395 150
    endloop
  endfacet
  facet normal 0 -1 -0
    outer loop
      vertex 360 1395 142.5
      vertex 370 1395 150
      vertex 360 1395 150
    endloop
  endfacet
  facet normal 0 -1 -0
    outer loop
      vertex 380 1395 142.5
      vertex 390 1395 142.5
      vertex 390 1395 150
    endloop
  endfacet
  facet normal 0 -1 -0
    outer loop
      vertex 380 1395 142.5
      vertex 390 1395 150
      vertex 380 1395 150
    endloop
  endfacet
  facet normal 0 -1 -0
    outer loop
      vertex 350 1395 142.5
      vertex 360 1395 142.5
      vertex 360 1395 150
    endloop
  endfacet
  facet normal 0 -1 -0
    outer loop
      vertex 350 1395 142.5
      vertex 360 1395 150
      vertex 350 1395 150
    endloop
  endfacet
  facet normal 0 -1 -0
    outer loop
      vertex 370 1395 142.5
      vertex 380 1395 142.5
      vertex 380 1395 150
    endloop
  endfacet
  facet normal 0 -1 -0
    outer loop
      vertex 370 1395 142.5
      vertex 380 1395 150
      vertex 370 1395 150
    endloop
  endfacet
  facet normal -0 -1 0
    outer loop
      vertex 390 1395 132.5
      vertex 390 1395 122.5
      vertex 400 1395 117.85713958740234
    endloop
  endfacet
  facet normal -0 -1 -0
    outer loop
      vertex 390 1395 132.5
      vertex 400 1395 117.85713958740234
      vertex 400 1395 128.57142639160156
    endloop
  endfacet
  facet normal 0 -1 -0
    outer loop
      vertex 400 1395 117.85713958740234
      vertex 390 1395 122.5
      vertex 390 1395 112.5
    endloop
  endfacet
  facet normal -0 -1 -0
    outer loop
      vertex 400 1395 128.57142639160156
      vertex 400 1395 139.28572082519531
      vertex 390 1395 142.5
    endloop
  endfacet
  facet normal 0 -1 0
    outer loop
      vertex 400 1395 128.57142639160156
      vertex 390 1395 142.5
      vertex 390 1395 132.5
    endloop
  endfacet
  facet normal -0 -1 0
    outer loop
      vertex 390 1395 150
      vertex 390 1395 142.5
      vertex 400 1395 139.28572082519531
    endloop
  endfacet
  facet normal -0 -1 -0
    outer loop
      vertex 390 1395 150
      vertex 400 1395 139.28572082519531
      vertex 400 1395 150
    endloop
  endfacet
  facet normal -0 -1 0
    outer loop
      vertex 400 1395 117.85713958740234
      vertex 390 1395 112.5
      vertex 400 1395 107.14286041259766
    endloop
  endfacet
  facet normal 0 1 0
    outer loop
      vertex 210 1400 15
      vertex 213.19999694824219 1400 17.785715103149414
      vertex 213.19999694824219 1400 9.8999996185302734
    endloop
  endfacet
  facet normal -0 1 -0
    outer loop
      vertex 210 1400 15
      vertex 213.19999694824219 1400 9.8999996185302734
      vertex 210 1400 7.5
    endloop
  endfacet
  facet normal 0 1 0
    outer loop
      vertex 210 1400 7.5
      vertex 213.19999694824219 1400 9.8999996185302734
      vertex 220.55999755859375 1400 9.8999996185302734
    endloop
  endfacet
  facet normal 0 1 -0
    outer loop
      vertex 210 1400 7.5
      vertex 220.55999755859375 1400 9.8999996185302734
      vertex 218 1400 7.5
    endloop
  endfacet
  facet normal 0 1 0
    outer loop
      vertex 210 1400 30
      vertex 213.19999694824219 1400 33.557144165039062
      vertex 213.19999694824219 1400 25.671428680419922
    endloop
  endfacet
  facet normal -0 1 -0
    outer loop
      vertex 210 1400 30
      vertex 213.19999694824219 1400 25.671428680419922
      vertex 210 1400 22.5
    endloop
  endfacet
  facet normal -0 1 -0
    outer loop
      vertex 213.19999694824219 1400 17.785715103149414
      vertex 210 1400 15
      vertex 210 1400 22.5
    endloop
  endfacet
  facet normal 0 1 0
    outer loop
      vertex 213.19999694824219 1400 17.785715103149414
      vertex 210 1400 22.5
      vertex 213.19999694824219 1400 25.671428680419922
    endloop
  endfacet
  facet normal 0 1 0
    outer loop
      vertex 226 1400 7.5
      vertex 227.91999816894531 1400 9.8999996185302734
      vertex 235.27999877929688 1400 9.8999996185302734
    endloop
  endfacet
  facet normal 0 1 -0
    outer loop
      vertex 226 1400 7.5
      vertex 235.27999877929688 1400 9.8999996185302734
      vertex 234 1400 7.5
    endloop
  endfacet
  facet normal 0 1 -0
    outer loop
      vertex 242 1400 7.5
      vertex 242.63999938964844 1400 9.8999996185302734
      vertex 250 1400 9.8999996185302734
    endloop
  endfacet
  facet normal 0 1 -0
    outer loop
      vertex 242 1400 7.5
      vertex 250 1400 9.8999996185302734
      vertex 250 1400 7.5
    endloop
  endfacet
  facet normal 0 1 -0
    outer loop
      vertex 234 1400 7.5
      vertex 235.27999877929688 1400 9.8999996185302734
      vertex 242.63999938964844 1400 9.8999996185302734
    endloop
  endfacet
  facet normal 0 1 -0
    outer loop
      vertex 234 1400 7.5
      vertex 242.63999938964844 1400 9.8999996185302734
      vertex 242 1400 7.5
    endloop
  endfacet
  facet normal -0 1 0
    outer loop
      vertex 227.91999816894531 1400 9.8999996185302734
      vertex 226 1400 7.5
      vertex 218 1400 7.5
    endloop
  endfacet
  facet normal 0 1 0
    outer loop
      vertex 227.91999816894531 1400 9.8999996185302734
      vertex 218 1400 7.5
      vertex 220.55999755859375 1400 9.8999996185302734
    endloop
  endfacet
  facet normal 0 1 -0
    outer loop
      vertex 257.3599853515625 1400 9.8999996185302734
      vertex 258 1400 7.5
      vertex 250 1400 7.5
    endloop
  endfacet
  facet normal 0 1 0
    outer loop
      vertex 257.3599853515625 1400 9.8999996185302734
      vertex 250 1400 7.5
      vertex 250 1400 9.8999996185302734
    endloop
  endfacet
  facet normal -0 1 -0
    outer loop
      vertex 213.19999694824219 1400 41.442855834960938
      vertex 210 1400 37.5
      vertex 210 1400 45
    endloop
  endfacet
  facet normal -0 1 -0
    outer loop
      vertex 213.19999694824219 1400 33.557144165039062
      vertex 210 1400 30
      vertex 210 1400 37.5
    endloop
  endfacet
  facet normal 0 1 0
    outer loop
      vertex 213.19999694824219 1400 33.557144165039062
      vertex 210 1400 37.5
      vertex 213.19999694824219 1400 41.442855834960938
    endloop
  endfacet
  facet normal 0 1 0
    outer loop
      vertex 213.19999694824219 1400 41.442855834960938
      vertex 210 1400 45
      vertex 210 1400 52.5
    endloop
  endfacet
  facet normal 0 1 0
    outer loop
      vertex 213.19999694824219 1400 41.442855834960938
      vertex 210 1400 52.5
      vertex 213.19999694824219 1400 49.328571319580078
    endloop
  endfacet
  facet normal -0 1 -0
    outer loop
      vertex 210 1400 60
      vertex 213.19999694824219 1400 57.214286804199219
      vertex 213.19999694824219 1400 49.328571319580078
    endloop
  endfacet
  facet normal -0 1 0
    outer loop
      vertex 210 1400 60
      vertex 213.19999694824219 1400 49.328571319580078
      vertex 210 1400 52.5
    endloop
  endfacet
  facet normal -0 1 -0
    outer loop
      vertex 210 1400 67.5
      vertex 213.19999694824219 1400 65.099998474121094
      vertex 213.19999694824219 1400 57.214286804199219
    endloop
  endfacet
  facet normal -0 1 0
    outer loop
      vertex 210 1400 67.5
      vertex 213.19999694824219 1400 57.214286804199219
      vertex 210 1400 60
    endloop
  endfacet
  facet normal -0 1 0
    outer loop
      vertex 213.19999694824219 1400 65.099998474121094
      vertex 210 1400 67.5
      vertex 218 1400 67.5
    endloop
  endfacet
  facet normal 0 1 -0
    outer loop
      vertex 213.19999694824219 1400 65.099998474121094
      vertex 218 1400 67.5
      vertex 220.55999755859375 1400 65.099998474121094
    endloop
  endfacet
  facet normal -0 1 0
    outer loop
      vertex 227.91999816894531 1400 65.099998474121094
      vertex 226 1400 67.5
      vertex 234 1400 67.5
    endloop
  endfacet
  facet normal 0 1 -0
    outer loop
      vertex 227.91999816894531 1400 65.099998474121094
      vertex 234 1400 67.5
      vertex 235.27999877929688 1400 65.099998474121094
    endloop
  endfacet
  facet normal -0 1 0
    outer loop
      vertex 220.55999755859375 1400 65.099998474121094
      vertex 218 1400 67.5
      vertex 226 1400 67.5
    endloop
  endfacet
  facet normal 0 1 -0
    outer loop
      vertex 220.55999755859375 1400 65.099998474121094
      vertex 226 1400 67.5
      vertex 227.91999816894531 1400 65.099998474121094
    endloop
  endfacet
  facet normal 0 1 -0
    outer loop
      vertex 242 1400 67.5
      vertex 242.63999938964844 1400 65.099998474121094
      vertex 235.27999877929688 1400 65.099998474121094
    endloop
  endfacet
  facet normal -0 1 0
    outer loop
      vertex 242 1400 67.5
      vertex 235.27999877929688 1400 65.099998474121094
      vertex 234 1400 67.5
    endloop
  endfacet
  facet normal 0 1 -0
    outer loop
      vertex 250 1400 67.5
      vertex 250 1400 65.099998474121094
      vertex 242.63999938964844 1400 65.099998474121094
    endloop
  endfacet
  facet normal -0 1 0
    outer loop
      vertex 250 1400 67.5
      vertex 242.63999938964844 1400 65.099998474121094
      vertex 242 1400 67.5
    endloop
  endfacet
  facet normal -0 1 0
    outer loop
      vertex 258 1400 7.5
      vertex 257.3599853515625 1400 9.8999996185302734
      vertex 264.72000122070312 1400 9.8999996185302734
    endloop
  endfacet
  facet normal 0 1 -0
    outer loop
      vertex 258 1400 7.5
      vertex 264.72000122070312 1400 9.8999996185302734
      vertex 266 1400 7.5
    endloop
  endfacet
  facet normal -0 1 0
    outer loop
      vertex 274 1400 7.5
      vertex 272.07998657226562 1400 9.8999996185302734
      vertex 279.44000244140625 1400 9.8999996185302734
    endloop
  endfacet
  facet normal 0 1 -0
    outer loop
      vertex 274 1400 7.5
      vertex 279.44000244140625 1400 9.8999996185302734
      vertex 282 1400 7.5
    endloop
  endfacet
  facet normal -0 1 0
    outer loop
      vertex 266 1400 7.5
      vertex 264.72000122070312 1400 9.8999996185302734
      vertex 272.07998657226562 1400 9.8999996185302734
    endloop
  endfacet
  facet normal 0 1 -0
    outer loop
      vertex 266 1400 7.5
      vertex 272.07998657226562 1400 9.8999996185302734
      vertex 274 1400 7.5
    endloop
  endfacet
  facet normal 0 1 -0
    outer loop
      vertex 286.79998779296875 1400 9.8999996185302734
      vertex 290 1400 7.5
      vertex 282 1400 7.5
    endloop
  endfacet
  facet normal -0 1 0
    outer loop
      vertex 286.79998779296875 1400 9.8999996185302734
      vertex 282 1400 7.5
      vertex 279.44000244140625 1400 9.8999996185302734
    endloop
  endfacet
  facet normal 0 1 0
    outer loop
      vertex 286.79998779296875 1400 17.785715103149414
      vertex 290 1400 15
      vertex 290 1400 7.5
    endloop
  endfacet
  facet normal -0 1 0
    outer loop
      vertex 286.79998779296875 1400 17.785715103149414
      vertex 290 1400 7.5
      vertex 286.79998779296875 1400 9.8999996185302734
    endloop
  endfacet
  facet normal 0 1 0
    outer loop
      vertex 290 1400 15
      vertex 286.79998779296875 1400 17.785715103149414
      vertex 286.79998779296875 1400 25.671428680419922
    endloop
  endfacet
  facet normal 0 1 0
    outer loop
      vertex 290 1400 15
      vertex 286.79998779296875 1400 25.671428680419922
      vertex 290 1400 22.5
    endloop
  endfacet
  facet normal -0 1 -0
    outer loop
      vertex 286.79998779296875 1400 33.557144165039062
      vertex 290 1400 30
      vertex 290 1400 22.5
    endloop
  endfacet
  facet normal -0 1 0
    outer loop
      vertex 286.79998779296875 1400 33.557144165039062
      vertex 290 1400 22.5
      vertex 286.79998779296875 1400 25.671428680419922
    endloop
  endfacet
  facet normal 0 1 0
    outer loop
      vertex 286.79998779296875 1400 33.557144165039062
      vertex 290 1400 37.5
      vertex 290 1400 30
    endloop
  endfacet
  facet normal -0 1 -0
    outer loop
      vertex 290 1400 37.5
      vertex 286.79998779296875 1400 33.557144165039062
      vertex 286.79998779296875 1400 41.442855834960938
    endloop
  endfacet
  facet normal -0 1 0
    outer loop
      vertex 250 1400 65.099998474121094
      vertex 250 1400 67.5
      vertex 258 1400 67.5
    endloop
  endfacet
  facet normal 0 1 -0
    outer loop
      vertex 250 1400 65.099998474121094
      vertex 258 1400 67.5
      vertex 257.3599853515625 1400 65.099998474121094
    endloop
  endfacet
  facet normal 0 1 -0
    outer loop
      vertex 264.72000122070312 1400 65.099998474121094
      vertex 266 1400 67.5
      vertex 274 1400 67.5
    endloop
  endfacet
  facet normal -0 1 0
    outer loop
      vertex 264.72000122070312 1400 65.099998474121094
      vertex 274 1400 67.5
      vertex 272.07998657226562 1400 65.099998474121094
    endloop
  endfacet
  facet normal 0 1 -0
    outer loop
      vertex 257.3599853515625 1400 65.099998474121094
      vertex 258 1400 67.5
      vertex 266 1400 67.5
    endloop
  endfacet
  facet normal 0 1 -0
    outer loop
      vertex 257.3599853515625 1400 65.099998474121094
      vertex 266 1400 67.5
      vertex 264.72000122070312 1400 65.099998474121094
    endloop
  endfacet
  facet normal -0 1 0
    outer loop
      vertex 282 1400 67.5
      vertex 279.44000244140625 1400 65.099998474121094
      vertex 272.07998657226562 1400 65.099998474121094
    endloop
  endfacet
  facet normal 0 1 -0
    outer loop
      vertex 282 1400 67.5
      vertex 272.07998657226562 1400 65.099998474121094
      vertex 274 1400 67.5
    endloop
  endfacet
  facet normal 0 1 0
    outer loop
      vertex 286.79998779296875 1400 49.328571319580078
      vertex 290 1400 52.5
      vertex 290 1400 45
    endloop
  endfacet
  facet normal -0 1 -0
    outer loop
      vertex 286.79998779296875 1400 49.328571319580078
      vertex 290 1400 45
      vertex 286.79998779296875 1400 41.442855834960938
    endloop
  endfacet
  facet normal -0 1 0
    outer loop
      vertex 290 1400 45
      vertex 290 1400 37.5
      vertex 286.79998779296875 1400 41.442855834960938
    endloop
  endfacet
  facet normal 0 1 0
    outer loop
      vertex 286.79998779296875 1400 57.214286804199219
      vertex 290 1400 60
      vertex 290 1400 52.5
    endloop
  endfacet
  facet normal -0 1 -0
    outer loop
      vertex 286.79998779296875 1400 57.214286804199219
      vertex 290 1400 52.5
      vertex 286.79998779296875 1400 49.328571319580078
    endloop
  endfacet
  facet normal 0 1 -0
    outer loop
      vertex 279.44000244140625 1400 65.099998474121094
      vertex 282 1400 67.5
      vertex 290 1400 67.5
    endloop
  endfacet
  facet normal -0 1 0
    outer loop
      vertex 279.44000244140625 1400 65.099998474121094
      vertex 290 1400 67.5
      vertex 286.79998779296875 1400 65.099998474121094
    endloop
  endfacet
  facet normal -0 1 -0
    outer loop
      vertex 290 1400 60
      vertex 286.79998779296875 1400 57.214286804199219
      vertex 286.79998779296875 1400 65.099998474121094
    endloop
  endfacet
  facet normal 0 1 0
    outer loop
      vertex 290 1400 60
      vertex 286.79998779296875 1400 65.099998474121094
      vertex 290 1400 67.5
    endloop
  endfacet
  facet normal -1 0 0
    outer loop
      vertex 210 1400 60
      vertex 210 1398 60
      vertex 210 1398 67.5
    endloop
  endfacet
  facet normal -1 -0 0
    outer loop
      vertex 210 1400 60
      vertex 210 1398 67.5
      vertex 210 1400 67.5
    endloop
  endfacet
  facet normal -1 0 0
    outer loop
      vertex 210 1400 45
      vertex 210 1398 45
      vertex 210 1398 52.5
    endloop
  endfacet
  facet normal -1 -0 0
    outer loop
      vertex 210 1400 45
      vertex 210 1398 52.5
      vertex 210 1400 52.5
    endloop
  endfacet
  facet normal -1 0 0
    outer loop
      vertex 210 1400 52.5
      vertex 210 1398 52.5
      vertex 210 1398 60
    endloop
  endfacet
  facet normal -1 -0 0
    outer loop
      vertex 210 1400 52.5
      vertex 210 1398 60
      vertex 210 1400 60
    endloop
  endfacet
  facet normal -1 0 0
    outer loop
      vertex 210 1400 30
      vertex 210 1398 30
      vertex 210 1398 37.5
    endloop
  endfacet
  facet normal -1 -0 0
    outer loop
      vertex 210 1400 30
      vertex 210 1398 37.5
      vertex 210 1400 37.5
    endloop
  endfacet
  facet normal -1 0 0
    outer loop
      vertex 210 1400 15
      vertex 210 1398 15
      vertex 210 1398 22.5
    endloop
  endfacet
  facet normal -1 -0 0
    outer loop
      vertex 210 1400 15
      vertex 210 1398 22.5
      vertex 210 1400 22.5
    endloop
  endfacet
  facet normal -1 0 0
    outer loop
      vertex 210 1400 7.5
      vertex 210 1398 7.5
      vertex 210 1398 15
    endloop
  endfacet
  facet normal -1 -0 0
    outer loop
      vertex 210 1400 7.5
      vertex 210 1398 15
      vertex 210 1400 15
    endloop
  endfacet
  facet normal -1 0 0
    outer loop
      vertex 210 1400 22.5
      vertex 210 1398 22.5
      vertex 210 1398 30
    endloop
  endfacet
  facet normal -1 -0 0
    outer loop
      vertex 210 1400 22.5
      vertex 210 1398 30
      vertex 210 1400 30
    endloop
  endfacet
  facet normal -1 0 0
    outer loop
      vertex 210 1400 37.5
      vertex 210 1398 37.5
      vertex 210 1398 45
    endloop
  endfacet
  facet normal -1 -0 0
    outer loop
      vertex 210 1400 37.5
      vertex 210 1398 45
      vertex 210 1400 45
    endloop
  endfacet
  facet normal -0 0 -1
    outer loop
      vertex 218 1400 7.5
      vertex 218 1398 7.5
      vertex 210 1398 7.5
    endloop
  endfacet
  facet normal 0 -0 -1
    outer loop
      vertex 218 1400 7.5
      vertex 210 1398 7.5
      vertex 210 1400 7.5
    endloop
  endfacet
  facet normal -0 0 -1
    outer loop
      vertex 234 1400 7.5
      vertex 234 1398 7.5
      vertex 226 1398 7.5
    endloop
  endfacet
  facet normal 0 -0 -1
    outer loop
      vertex 234 1400 7.5
      vertex 226 1398 7.5
      vertex 226 1400 7.5
    endloop
  endfacet
  facet normal -0 0 -1
    outer loop
      vertex 242 1400 7.5
      vertex 242 1398 7.5
      vertex 234 1398 7.5
    endloop
  endfacet
  facet normal 0 -0 -1
    outer loop
      vertex 242 1400 7.5
      vertex 234 1398 7.5
      vertex 234 1400 7.5
    endloop
  endfacet
  facet normal -0 0 -1
    outer loop
      vertex 226 1400 7.5
      vertex 226 1398 7.5
      vertex 218 1398 7.5
    endloop
  endfacet
  facet normal 0 -0 -1
    outer loop
      vertex 226 1400 7.5
      vertex 218 1398 7.5
      vertex 218 1400 7.5
    endloop
  endfacet
  facet normal -0 0 -1
    outer loop
      vertex 258 1400 7.5
      vertex 258 1398 7.5
      vertex 250 1398 7.5
    endloop
  endfacet
  facet normal 0 -0 -1
    outer loop
      vertex 258 1400 7.5
      vertex 250 1398 7.5
      vertex 250 1400 7.5
    endloop
  endfacet
  facet normal -0 0 -1
    outer loop
      vertex 266 1400 7.5
      vertex 266 1398 7.5
      vertex 258 1398 7.5
    endloop
  endfacet
  facet normal 0 -0 -1
    outer loop
      vertex 266 1400 7.5
      vertex 258 1398 7.5
      vertex 258 1400 7.5
    endloop
  endfacet
  facet normal -0 0 -1
    outer loop
      vertex 282 1400 7.5
      vertex 282 1398 7.5
      vertex 274 1398 7.5
    endloop
  endfacet
  facet normal 0 -0 -1
    outer loop
      vertex 282 1400 7.5
      vertex 274 1398 7.5
      vertex 274 1400 7.5
    endloop
  endfacet
  facet normal -0 0 -1
    outer loop
      vertex 290 1400 7.5
      vertex 290 1398 7.5
      vertex 282 1398 7.5
    endloop
  endfacet
  facet normal 0 -0 -1
    outer loop
      vertex 290 1400 7.5
      vertex 282 1398 7.5
      vertex 282 1400 7.5
    endloop
  endfacet
  facet normal -0 0 -1
    outer loop
      vertex 274 1400 7.5
      vertex 274 1398 7.5
      vertex 266 1398 7.5
    endloop
  endfacet
  facet normal 0 -0 -1
    outer loop
      vertex 274 1400 7.5
      vertex 266 1398 7.5
      vertex 266 1400 7.5
    endloop
  endfacet
  facet normal -0 0 -1
    outer loop
      vertex 250 1400 7.5
      vertex 250 1398 7.5
      vertex 242 1398 7.5
    endloop
  endfacet
  facet normal 0 -0 -1
    outer loop
      vertex 250 1400 7.5
      vertex 242 1398 7.5
      vertex 242 1400 7.5
    endloop
  endfacet
  facet normal 1 -0 0
    outer loop
      vertex 290 1400 15
      vertex 290 1398 15
      vertex 290 1398 7.5
    endloop
  endfacet
  facet normal 1 0 0
    outer loop
      vertex 290 1400 15
      vertex 290 1398 7.5
      vertex 290 1400 7.5
    endloop
  endfacet
  facet normal 1 -0 0
    outer loop
      vertex 290 1400 30
      vertex 290 1398 30
      vertex 290 1398 22.5
    endloop
  endfacet
  facet normal 1 0 0
    outer loop
      vertex 290 1400 30
      vertex 290 1398 22.5
      vertex 290 1400 22.5
    endloop
  endfacet
  facet normal 1 -0 0
    outer loop
      vertex 290 1400 22.5
      vertex 290 1398 22.5
      vertex 290 1398 15
    endloop
  endfacet
  facet normal 1 0 0
    outer loop
      vertex 290 1400 22.5
      vertex 290 1398 15
      vertex 290 1400 15
    endloop
  endfacet
  facet normal 1 -0 0
    outer loop
      vertex 290 1400 45
      vertex 290 1398 45
      vertex 290 1398 37.5
    endloop
  endfacet
  facet normal 1 0 0
    outer loop
      vertex 290 1400 45
      vertex 290 1398 37.5
      vertex 290 1400 37.5
    endloop
  endfacet
  facet normal 1 -0 0
    outer loop
      vertex 290 1400 60
      vertex 290 1398 60
      vertex 290 1398 52.5
    endloop
  endfacet
  facet normal 1 0 0
    outer loop
      vertex 290 1400 60
      vertex 290 1398 52.5
      vertex 290 1400 52.5
    endloop
  endfacet
  facet normal 1 -0 0
    outer loop
      vertex 290 1400 67.5
      vertex 290 1398 67.5
      vertex 290 1398 60
    endloop
  endfacet
  facet normal 1 0 0
    outer loop
      vertex 290 1400 67.5
      vertex 290 1398 60
      vertex 290 1400 60
    endloop
  endfacet
  facet normal 1 -0 0
    outer loop
      vertex 290 1400 52.5
      vertex 290 1398 52.5
      vertex 290 1398 45
    endloop
  endfacet
  facet normal 1 0 0
    outer loop
      vertex 290 1400 52.5
      vertex 290 1398 45
      vertex 290 1400 45
    endloop
  endfacet
  facet normal 1 -0 0
    outer loop
      vertex 290 1400 37.5
      vertex 290 1398 37.5
      vertex 290 1398 30
    endloop
  endfacet
  facet normal 1 0 0
    outer loop
      vertex 290 1400 37.5
      vertex 290 1398 30
      vertex 290 1400 30
    endloop
  endfacet
  facet normal -0 -0 1
    outer loop
      vertex 282 1400 67.5
      vertex 282 1398 67.5
      vertex 290 1398 67.5
    endloop
  endfacet
  facet normal 0 0 1
    outer loop
      vertex 282 1400 67.5
      vertex 290 1398 67.5
      vertex 290 1400 67.5
    endloop
  endfacet
  facet normal -0 -0 1
    outer loop
      vertex 266 1400 67.5
      vertex 266 1398 67.5
      vertex 274 1398 67.5
    endloop
  endfacet
  facet normal 0 0 1
    outer loop
      vertex 266 1400 67.5
      vertex 274 1398 67.5
      vertex 274 1400 67.5
    endloop
  endfacet
  facet normal -0 -0 1
    outer loop
      vertex 258 1400 67.5
      vertex 258 1398 67.5
      vertex 266 1398 67.5
    endloop
  endfacet
  facet normal 0 0 1
    outer loop
      vertex 258 1400 67.5
      vertex 266 1398 67.5
      vertex 266 1400 67.5
    endloop
  endfacet
  facet normal -0 -0 1
    outer loop
      vertex 274 1400 67.5
      vertex 274 1398 67.5
      vertex 282 1398 67.5
    endloop
  endfacet
  facet normal 0 0 1
    outer loop
      vertex 274 1400 67.5
      vertex 282 1398 67.5
      vertex 282 1400 67.5
    endloop
  endfacet
  facet normal -0 -0 1
    outer loop
      vertex 242 1400 67.5
      vertex 242 1398 67.5
      vertex 250 1398 67.5
    endloop
  endfacet
  facet normal 0 0 1
    outer loop
      vertex 242 1400 67.5
      vertex 250 1398 67.5
      vertex 250 1400 67.5
    endloop
  endfacet
  facet normal -0 -0 1
    outer loop
      vertex 234 1400 67.5
      vertex 234 1398 67.5
      vertex 242 1398 67.5
    endloop
  endfacet
  facet normal 0 0 1
    outer loop
      vertex 234 1400 67.5
      vertex 242 1398 67.5
      vertex 242 1400 67.5
    endloop
  endfacet
  facet normal -0 -0 1
    outer loop
      vertex 218 1400 67.5
      vertex 218 1398 67.5
      vertex 226 1398 67.5
    endloop
  endfacet
  facet normal 0 0 1
    outer loop
      vertex 218 1400 67.5
      vertex 226 1398 67.5
      vertex 226 1400 67.5
    endloop
  endfacet
  facet normal -0 -0 1
    outer loop
      vertex 210 1400 67.5
      vertex 210 1398 67.5
      vertex 218 1398 67.5
    endloop
  endfacet
  facet normal 0 0 1
    outer loop
      vertex 210 1400 67.5
      vertex 218 1398 67.5
      vertex 218 1400 67.5
    endloop
  endfacet
  facet normal -0 -0 1
    outer loop
      vertex 226 1400 67.5
      vertex 226 1398 67.5
      vertex 234 1398 67.5
    endloop
  endfacet
  facet normal 0 0 1
    outer loop
      vertex 226 1400 67.5
      vertex 234 1398 67.5
      vertex 234 1400 67.5
    endloop
  endfacet
  facet normal -0 -0 1
    outer loop
      vertex 250 1400 67.5
      vertex 250 1398 67.5
      vertex 258 1398 67.5
    endloop
  endfacet
  facet normal 0 0 1
    outer loop
      vertex 250 1400 67.5
      vertex 258 1398 67.5
      vertex 258 1400 67.5
    endloop
  endfacet
  facet normal 1 -0 -0
    outer loop
      vertex 213.19999694824219 1400 57.214286804199219
      vertex 213.19999694824219 1400 65.099998474121094
      vertex 213.19999694824219 1398 65.099998474121094
    endloop
  endfacet
  facet normal 1 -0 -0
    outer loop
      vertex 213.19999694824219 1400 57.214286804199219
      vertex 213.19999694824219 1398 65.099998474121094
      vertex 213.19999694824219 1398 57.214286804199219
    endloop
  endfacet
  facet normal 1 -0 -0
    outer loop
      vertex 213.19999694824219 1400 41.442855834960938
      vertex 213.19999694824219 1400 49.328571319580078
      vertex 213.19999694824219 1398 49.328571319580078
    endloop
  endfacet
  facet normal 1 -0 -0
    outer loop
      vertex 213.19999694824219 1400 41.442855834960938
      vertex 213.19999694824219 1398 49.328571319580078
      vertex 213.19999694824219 1398 41.442855834960938
    endloop
  endfacet
  facet normal 1 -0 -0
    outer loop
      vertex 213.19999694824219 1400 49.328571319580078
      vertex 213.19999694824219 1400 57.214286804199219
      vertex 213.19999694824219 1398 57.214286804199219
    endloop
  endfacet
  facet normal 1 -0 -0
    outer loop
      vertex 213.19999694824219 1400 49.328571319580078
      vertex 213.19999694824219 1398 57.214286804199219
      vertex 213.19999694824219 1398 49.328571319580078
    endloop
  endfacet
  facet normal 1 -0 -0
    outer loop
      vertex 213.19999694824219 1400 25.671428680419922
      vertex 213.19999694824219 1400 33.557144165039062
      vertex 213.19999694824219 1398 33.557144165039062
    endloop
  endfacet
  facet normal 1 -0 -0
    outer loop
      vertex 213.19999694824219 1400 25.671428680419922
      vertex 213.19999694824219 1398 33.557144165039062
      vertex 213.19999694824219 1398 25.671428680419922
    endloop
  endfacet
  facet normal 1 -0 -0
    outer loop
      vertex 213.19999694824219 1400 9.8999996185302734
      vertex 213.19999694824219 1400 17.785715103149414
      vertex 213.19999694824219 1398 17.785715103149414
    endloop
  endfacet
  facet normal 1 -0 -0
    outer loop
      vertex 213.19999694824219 1400 9.8999996185302734
      vertex 213.19999694824219 1398 17.785715103149414
      vertex 213.19999694824219 1398 9.8999996185302734
    endloop
  endfacet
  facet normal 1 -0 -0
    outer loop
      vertex 213.19999694824219 1400 17.785715103149414
      vertex 213.19999694824219 1400 25.671428680419922
      vertex 213.19999694824219 1398 25.671428680419922
    endloop
  endfacet
  facet normal 1 -0 -0
    outer loop
      vertex 213.19999694824219 1400 17.785715103149414
      vertex 213.19999694824219 1398 25.671428680419922
      vertex 213.19999694824219 1398 17.785715103149414
    endloop
  endfacet
  facet normal 1 -0 -0
    outer loop
      vertex 213.19999694824219 1400 33.557144165039062
      vertex 213.19999694824219 1400 41.442855834960938
      vertex 213.19999694824219 1398 41.442855834960938
    endloop
  endfacet
  facet normal 1 -0 -0
    outer loop
      vertex 213.19999694824219 1400 33.557144165039062
      vertex 213.19999694824219 1398 41.442855834960938
      vertex 213.19999694824219 1398 33.557144165039062
    endloop
  endfacet
  facet normal 0 0 -1
    outer loop
      vertex 279.44000244140625 1400 65.099998474121094
      vertex 286.79998779296875 1400 65.099998474121094
      vertex 286.79998779296875 1398 65.099998474121094
    endloop
  endfacet
  facet normal 0 0 -1
    outer loop
      vertex 279.44000244140625 1400 65.099998474121094
      vertex 286.79998779296875 1398 65.099998474121094
      vertex 279.44000244140625 1398 65.099998474121094
    endloop
  endfacet
  facet normal 0 0 -1
    outer loop
      vertex 264.72000122070312 1400 65.099998474121094
      vertex 272.07998657226562 1400 65.099998474121094
      vertex 272.07998657226562 1398 65.099998474121094
    endloop
  endfacet
  facet normal 0 0 -1
    outer loop
      vertex 264.72000122070312 1400 65.099998474121094
      vertex 272.07998657226562 1398 65.099998474121094
      vertex 264.72000122070312 1398 65.099998474121094
    endloop
  endfacet
  facet normal 0 0 -1
    outer loop
      vertex 257.3599853515625 1400 65.099998474121094
      vertex 264.72000122070312 1400 65.099998474121094
      vertex 264.72000122070312 1398 65.099998474121094
    endloop
  endfacet
  facet normal 0 0 -1
    outer loop
      vertex 257.3599853515625 1400 65.099998474121094
      vertex 264.72000122070312 1398 65.099998474121094
      vertex 257.3599853515625 1398 65.099998474121094
    endloop
  endfacet
  facet normal 0 0 -1
    outer loop
      vertex 272.07998657226562 1400 65.099998474121094
      vertex 279.44000244140625 1400 65.099998474121094
      vertex 279.44000244140625 1398 65.099998474121094
    endloop
  endfacet
  facet normal 0 0 -1
    outer loop
      vertex 272.07998657226562 1400 65.099998474121094
      vertex 279.44000244140625 1398 65.099998474121094
      vertex 272.07998657226562 1398 65.099998474121094
    endloop
  endfacet
  facet normal 0 0 -1
    outer loop
      vertex 242.63999938964844 1400 65.099998474121094
      vertex 250 1400 65.099998474121094
      vertex 250 1398 65.099998474121094
    endloop
  endfacet
  facet normal 0 0 -1
    outer loop
      vertex 242.63999938964844 1400 65.099998474121094
      vertex 250 1398 65.099998474121094
      vertex 242.63999938964844 1398 65.099998474121094
    endloop
  endfacet
  facet normal 0 0 -1
    outer loop
      vertex 235.27999877929688 1400 65.099998474121094
      vertex 242.63999938964844 1400 65.099998474121094
      vertex 242.63999938964844 1398 65.099998474121094
    endloop
  endfacet
  facet normal 0 0 -1
    outer loop
      vertex 235.27999877929688 1400 65.099998474121094
      vertex 242.63999938964844 1398 65.099998474121094
      vertex 235.27999877929688 1398 65.099998474121094
    endloop
  endfacet
  facet normal 0 0 -1
    outer loop
      vertex 220.55999755859375 1400 65.099998474121094
      vertex 227.91999816894531 1400 65.099998474121094
      vertex 227.91999816894531 1398 65.099998474121094
    endloop
  endfacet
  facet normal 0 0 -1
    outer loop
      vertex 220.55999755859375 1400 65.099998474121094
      vertex 227.91999816894531 1398 65.099998474121094
      vertex 220.55999755859375 1398 65.099998474121094
    endloop
  endfacet
  facet normal 0 0 -1
    outer loop
      vertex 213.19999694824219 1400 65.099998474121094
      vertex 220.55999755859375 1400 65.099998474121094
      vertex 220.55999755859375 1398 65.099998474121094
    endloop
  endfacet
  facet normal 0 0 -1
    outer loop
      vertex 213.19999694824219 1400 65.099998474121094
      vertex 220.55999755859375 1398 65.099998474121094
      vertex 213.19999694824219 1398 65.099998474121094
    endloop
  endfacet
  facet normal 0 0 -1
    outer loop
      vertex 227.91999816894531 1400 65.099998474121094
      vertex 235.27999877929688 1400 65.099998474121094
      vertex 235.27999877929688 1398 65.099998474121094
    endloop
  endfacet
  facet normal 0 0 -1
    outer loop
      vertex 227.91999816894531 1400 65.099998474121094
      vertex 235.27999877929688 1398 65.099998474121094
      vertex 227.91999816894531 1398 65.099998474121094
    endloop
  endfacet
  facet normal 0 0 -1
    outer loop
      vertex 250 1400 65.099998474121094
      vertex 257.3599853515625 1400 65.099998474121094
      vertex 257.3599853515625 1398 65.099998474121094
    endloop
  endfacet
  facet normal 0 0 -1
    outer loop
      vertex 250 1400 65.099998474121094
      vertex 257.3599853515625 1398 65.099998474121094
      vertex 250 1398 65.099998474121094
    endloop
  endfacet
  facet normal -1 0 -0
    outer loop
      vertex 286.79998779296875 1400 17.785715103149414
      vertex 286.79998779296875 1400 9.8999996185302734
      vertex 286.79998779296875 1398 9.8999996185302734
    endloop
  endfacet
  facet normal -1 0 -0
    outer loop
      vertex 286.79998779296875 1400 17.785715103149414
      vertex 286.79998779296875 1398 9.8999996185302734
      vertex 286.79998779296875 1398 17.785715103149414
    endloop
  endfacet
  facet normal -1 0 -0
    outer loop
      vertex 286.79998779296875 1400 33.557144165039062
      vertex 286.79998779296875 1400 25.671428680419922
      vertex 286.79998779296875 1398 25.671428680419922
    endloop
  endfacet
  facet normal -1 0 -0
    outer loop
      vertex 286.79998779296875 1400 33.557144165039062
      vertex 286.79998779296875 1398 25.671428680419922
      vertex 286.79998779296875 1398 33.557144165039062
    endloop
  endfacet
  facet normal -1 0 -0
    outer loop
      vertex 286.79998779296875 1400 25.671428680419922
      vertex 286.79998779296875 1400 17.785715103149414
      vertex 286.79998779296875 1398 17.785715103149414
    endloop
  endfacet
  facet normal -1 0 -0
    outer loop
      vertex 286.79998779296875 1400 25.671428680419922
      vertex 286.79998779296875 1398 17.785715103149414
      vertex 286.79998779296875 1398 25.671428680419922
    endloop
  endfacet
  facet normal -1 0 -0
    outer loop
      vertex 286.79998779296875 1400 49.328571319580078
      vertex 286.79998779296875 1400 41.442855834960938
      vertex 286.79998779296875 1398 41.442855834960938
    endloop
  endfacet
  facet normal -1 0 -0
    outer loop
      vertex 286.79998779296875 1400 49.328571319580078
      vertex 286.79998779296875 1398 41.442855834960938
      vertex 286.79998779296875 1398 49.328571319580078
    endloop
  endfacet
  facet normal -1 0 -0
    outer loop
      vertex 286.79998779296875 1400 65.099998474121094
      vertex 286.79998779296875 1400 57.214286804199219
      vertex 286.79998779296875 1398 57.214286804199219
    endloop
  endfacet
  facet normal -1 0 -0
    outer loop
      vertex 286.79998779296875 1400 65.099998474121094
      vertex 286.79998779296875 1398 57.214286804199219
      vertex 286.79998779296875 1398 65.099998474121094
    endloop
  endfacet
  facet normal -1 0 -0
    outer loop
      vertex 286.79998779296875 1400 57.214286804199219
      vertex 286.79998779296875 1400 49.328571319580078
      vertex 286.79998779296875 1398 49.328571319580078
    endloop
  endfacet
  facet normal -1 0 -0
    outer loop
      vertex 286.79998779296875 1400 57.214286804199219
      vertex 286.79998779296875 1398 49.328571319580078
      vertex 286.79998779296875 1398 57.214286804199219
    endloop
  endfacet
  facet normal -1 0 -0
    outer loop
      vertex 286.79998779296875 1400 41.442855834960938
      vertex 286.79998779296875 1400 33.557144165039062
      vertex 286.79998779296875 1398 33.557144165039062
    endloop
  endfacet
  facet normal -1 0 -0
    outer loop
      vertex 286.79998779296875 1400 41.442855834960938
      vertex 286.79998779296875 1398 33.557144165039062
      vertex 286.79998779296875 1398 41.442855834960938
    endloop
  endfacet
  facet normal 0 -0 1
    outer loop
      vertex 220.55999755859375 1400 9.8999996185302734
      vertex 213.19999694824219 1400 9.8999996185302734
      vertex 213.19999694824219 1398 9.8999996185302734
    endloop
  endfacet
  facet normal 0 -0 1
    outer loop
      vertex 220.55999755859375 1400 9.8999996185302734
      vertex 213.19999694824219 1398 9.8999996185302734
      vertex 220.55999755859375 1398 9.8999996185302734
    endloop
  endfacet
  facet normal 0 -0 1
    outer loop
      vertex 235.27999877929688 1400 9.8999996185302734
      vertex 227.91999816894531 1400 9.8999996185302734
      vertex 227.91999816894531 1398 9.8999996185302734
    endloop
  endfacet
  facet normal 0 -0 1
    outer loop
      vertex 235.27999877929688 1400 9.8999996185302734
      vertex 227.91999816894531 1398 9.8999996185302734
      vertex 235.27999877929688 1398 9.8999996185302734
    endloop
  endfacet
  facet normal 0 -0 1
    outer loop
      vertex 242.63999938964844 1400 9.8999996185302734
      vertex 235.27999877929688 1400 9.8999996185302734
      vertex 235.27999877929688 1398 9.8999996185302734
    endloop
  endfacet
  facet normal 0 -0 1
    outer loop
      vertex 242.63999938964844 1400 9.8999996185302734
      vertex 235.27999877929688 1398 9.8999996185302734
      vertex 242.63999938964844 1398 9.8999996185302734
    endloop
  endfacet
  facet normal 0 -0 1
    outer loop
      vertex 227.91999816894531 1400 9.8999996185302734
      vertex 220.55999755859375 1400 9.8999996185302734
      vertex 220.55999755859375 1398 9.8999996185302734
    endloop
  endfacet
  facet normal 0 -0 1
    outer loop
      vertex 227.91999816894531 1400 9.8999996185302734
      vertex 220.55999755859375 1398 9.8999996185302734
      vertex 227.91999816894531 1398 9.8999996185302734
    endloop
  endfacet
  facet normal 0 -0 1
    outer loop
      vertex 257.3599853515625 1400 9.8999996185302734
      vertex 250 1400 9.8999996185302734
      vertex 250 1398 9.8999996185302734
    endloop
  endfacet
  facet normal 0 -0 1
    outer loop
      vertex 257.3599853515625 1400 9.8999996185302734
      vertex 250 1398 9.8999996185302734
      vertex 257.3599853515625 1398 9.8999996185302734
    endloop
  endfacet
  facet normal 0 -0 1
    outer loop
      vertex 264.72000122070312 1400 9.8999996185302734
      vertex 257.3599853515625 1400 9.8999996185302734
      vertex 257.3599853515625 1398 9.8999996185302734
    endloop
  endfacet
  facet normal 0 -0 1
    outer loop
      vertex 264.72000122070312 1400 9.8999996185302734
      vertex 257.3599853515625 1398 9.8999996185302734
      vertex 264.72000122070312 1398 9.8999996185302734
    endloop
  endfacet
  facet normal 0 -0 1
    outer loop
      vertex 279.44000244140625 1400 9.8999996185302734
      vertex 272.07998657226562 1400 9.8999996185302734
      vertex 272.07998657226562 1398 9.8999996185302734
    endloop
  endfacet
  facet normal 0 -0 1
    outer loop
      vertex 279.44000244140625 1400 9.8999996185302734
      vertex 272.07998657226562 1398 9.8999996185302734
      vertex 279.44000244140625 1398 9.8999996185302734
    endloop
  endfacet
  facet normal 0 -0 1
    outer loop
      vertex 286.79998779296875 1400 9.8999996185302734
      vertex 279.44000244140625 1400 9.8999996185302734
      vertex 279.44000244140625 1398 9.8999996185302734
    endloop
  endfacet
  facet normal 0 -0 1
    outer loop
      vertex 286.79998779296875 1400 9.8999996185302734
      vertex 279.44000244140625 1398 9.8999996185302734
      vertex 286.79998779296875 1398 9.8999996185302734
    endloop
  endfacet
  facet normal 0 -0 1
    outer loop
      vertex 272.07998657226562 1400 9.8999996185302734
      vertex 264.72000122070312 1400 9.8999996185302734
      vertex 264.72000122070312 1398 9.8999996185302734
    endloop
  endfacet
  facet normal 0 -0 1
    outer loop
      vertex 272.07998657226562 1400 9.8999996185302734
      vertex 264.72000122070312 1398 9.8999996185302734
      vertex 272.07998657226562 1398 9.8999996185302734
    endloop
  endfacet
  facet normal 0 -0 1
    outer loop
      vertex 250 1400 9.8999996185302734
      vertex 242.63999938964844 1400 9.8999996185302734
      vertex 242.63999938964844 1398 9.8999996185302734
    endloop
  endfacet
  facet normal 0 -0 1
    outer loop
      vertex 250 1400 9.8999996185302734
      vertex 242.63999938964844 1398 9.8999996185302734
      vertex 250 1398 9.8999996185302734
    endloop
  endfacet
  facet normal -0 -1 -0
    outer loop
      vertex 210 1398 15
      vertex 210 1398 7.5
      vertex 213.19999694824219 1398 9.8999996185302734
    endloop
  endfacet
  facet normal -0 -1 0
    outer loop
      vertex 210 1398 15
      vertex 213.19999694824219 1398 9.8999996185302734
      vertex 213.19999694824219 1398 17.785715103149414
    endloop
  endfacet
  facet normal 0 -1 -0
    outer loop
      vertex 210 1398 7.5
      vertex 218 1398 7.5
      vertex 220.55999755859375 1398 9.8999996185302734
    endloop
  endfacet
  facet normal 0 -1 0
    outer loop
      vertex 210 1398 7.5
      vertex 220.55999755859375 1398 9.8999996185302734
      vertex 213.19999694824219 1398 9.8999996185302734
    endloop
  endfacet
  facet normal -0 -1 -0
    outer loop
      vertex 210 1398 30
      vertex 210 1398 22.5
      vertex 213.19999694824219 1398 25.671428680419922
    endloop
  endfacet
  facet normal -0 -1 0
    outer loop
      vertex 210 1398 30
      vertex 213.19999694824219 1398 25.671428680419922
      vertex 213.19999694824219 1398 33.557144165039062
    endloop
  endfacet
  facet normal 0 -1 0
    outer loop
      vertex 213.19999694824219 1398 17.785715103149414
      vertex 213.19999694824219 1398 25.671428680419922
      vertex 210 1398 22.5
    endloop
  endfacet
  facet normal 0 -1 -0
    outer loop
      vertex 213.19999694824219 1398 17.785715103149414
      vertex 210 1398 22.5
      vertex 210 1398 15
    endloop
  endfacet
  facet normal 0 -1 -0
    outer loop
      vertex 226 1398 7.5
      vertex 234 1398 7.5
      vertex 235.27999877929688 1398 9.8999996185302734
    endloop
  endfacet
  facet normal 0 -1 0
    outer loop
      vertex 226 1398 7.5
      vertex 235.27999877929688 1398 9.8999996185302734
      vertex 227.91999816894531 1398 9.8999996185302734
    endloop
  endfacet
  facet normal 0 -1 -0
    outer loop
      vertex 242 1398 7.5
      vertex 250 1398 7.5
      vertex 250 1398 9.8999996185302734
    endloop
  endfacet
  facet normal 0 -1 -0
    outer loop
      vertex 242 1398 7.5
      vertex 250 1398 9.8999996185302734
      vertex 242.63999938964844 1398 9.8999996185302734
    endloop
  endfacet
  facet normal 0 -1 -0
    outer loop
      vertex 234 1398 7.5
      vertex 242 1398 7.5
      vertex 242.63999938964844 1398 9.8999996185302734
    endloop
  endfacet
  facet normal 0 -1 -0
    outer loop
      vertex 234 1398 7.5
      vertex 242.63999938964844 1398 9.8999996185302734
      vertex 235.27999877929688 1398 9.8999996185302734
    endloop
  endfacet
  facet normal 0 -1 0
    outer loop
      vertex 227.91999816894531 1398 9.8999996185302734
      vertex 220.55999755859375 1398 9.8999996185302734
      vertex 218 1398 7.5
    endloop
  endfacet
  facet normal -0 -1 0
    outer loop
      vertex 227.91999816894531 1398 9.8999996185302734
      vertex 218 1398 7.5
      vertex 226 1398 7.5
    endloop
  endfacet
  facet normal -0 -1 0
    outer loop
      vertex 257.3599853515625 1398 9.8999996185302734
      vertex 250 1398 9.8999996185302734
      vertex 250 1398 7.5
    endloop
  endfacet
  facet normal 0 -1 0
    outer loop
      vertex 257.3599853515625 1398 9.8999996185302734
      vertex 250 1398 7.5
      vertex 258 1398 7.5
    endloop
  endfacet
  facet normal 0 -1 -0
    outer loop
      vertex 213.19999694824219 1398 41.442855834960938
      vertex 210 1398 45
      vertex 210 1398 37.5
    endloop
  endfacet
  facet normal 0 -1 0
    outer loop
      vertex 213.19999694824219 1398 33.557144165039062
      vertex 213.19999694824219 1398 41.442855834960938
      vertex 210 1398 37.5
    endloop
  endfacet
  facet normal 0 -1 -0
    outer loop
      vertex 213.19999694824219 1398 33.557144165039062
      vertex 210 1398 37.5
      vertex 210 1398 30
    endloop
  endfacet
  facet normal 0 -1 0
    outer loop
      vertex 213.19999694824219 1398 41.442855834960938
      vertex 213.19999694824219 1398 49.328571319580078
      vertex 210 1398 52.5
    endloop
  endfacet
  facet normal 0 -1 0
    outer loop
      vertex 213.19999694824219 1398 41.442855834960938
      vertex 210 1398 52.5
      vertex 210 1398 45
    endloop
  endfacet
  facet normal -0 -1 0
    outer loop
      vertex 210 1398 60
      vertex 210 1398 52.5
      vertex 213.19999694824219 1398 49.328571319580078
    endloop
  endfacet
  facet normal -0 -1 -0
    outer loop
      vertex 210 1398 60
      vertex 213.19999694824219 1398 49.328571319580078
      vertex 213.19999694824219 1398 57.214286804199219
    endloop
  endfacet
  facet normal -0 -1 0
    outer loop
      vertex 210 1398 67.5
      vertex 210 1398 60
      vertex 213.19999694824219 1398 57.214286804199219
    endloop
  endfacet
  facet normal -0 -1 -0
    outer loop
      vertex 210 1398 67.5
      vertex 213.19999694824219 1398 57.214286804199219
      vertex 213.19999694824219 1398 65.099998474121094
    endloop
  endfacet
  facet normal 0 -1 -0
    outer loop
      vertex 213.19999694824219 1398 65.099998474121094
      vertex 220.55999755859375 1398 65.099998474121094
      vertex 218 1398 67.5
    endloop
  endfacet
  facet normal -0 -1 -0
    outer loop
      vertex 213.19999694824219 1398 65.099998474121094
      vertex 218 1398 67.5
      vertex 210 1398 67.5
    endloop
  endfacet
  facet normal 0 -1 -0
    outer loop
      vertex 227.91999816894531 1398 65.099998474121094
      vertex 235.27999877929688 1398 65.099998474121094
      vertex 234 1398 67.5
    endloop
  endfacet
  facet normal -0 -1 -0
    outer loop
      vertex 227.91999816894531 1398 65.099998474121094
      vertex 234 1398 67.5
      vertex 226 1398 67.5
    endloop
  endfacet
  facet normal 0 -1 -0
    outer loop
      vertex 220.55999755859375 1398 65.099998474121094
      vertex 227.91999816894531 1398 65.099998474121094
      vertex 226 1398 67.5
    endloop
  endfacet
  facet normal -0 -1 -0
    outer loop
      vertex 220.55999755859375 1398 65.099998474121094
      vertex 226 1398 67.5
      vertex 218 1398 67.5
    endloop
  endfacet
  facet normal -0 -1 0
    outer loop
      vertex 242 1398 67.5
      vertex 234 1398 67.5
      vertex 235.27999877929688 1398 65.099998474121094
    endloop
  endfacet
  facet normal 0 -1 0
    outer loop
      vertex 242 1398 67.5
      vertex 235.27999877929688 1398 65.099998474121094
      vertex 242.63999938964844 1398 65.099998474121094
    endloop
  endfacet
  facet normal -0 -1 0
    outer loop
      vertex 250 1398 67.5
      vertex 242 1398 67.5
      vertex 242.63999938964844 1398 65.099998474121094
    endloop
  endfacet
  facet normal -0 -1 0
    outer loop
      vertex 250 1398 67.5
      vertex 242.63999938964844 1398 65.099998474121094
      vertex 250 1398 65.099998474121094
    endloop
  endfacet
  facet normal 0 -1 -0
    outer loop
      vertex 258 1398 7.5
      vertex 266 1398 7.5
      vertex 264.72000122070312 1398 9.8999996185302734
    endloop
  endfacet
  facet normal -0 -1 -0
    outer loop
      vertex 258 1398 7.5
      vertex 264.72000122070312 1398 9.8999996185302734
      vertex 257.3599853515625 1398 9.8999996185302734
    endloop
  endfacet
  facet normal 0 -1 -0
    outer loop
      vertex 274 1398 7.5
      vertex 282 1398 7.5
      vertex 279.44000244140625 1398 9.8999996185302734
    endloop
  endfacet
  facet normal -0 -1 -0
    outer loop
      vertex 274 1398 7.5
      vertex 279.44000244140625 1398 9.8999996185302734
      vertex 272.07998657226562 1398 9.8999996185302734
    endloop
  endfacet
  facet normal 0 -1 -0
    outer loop
      vertex 266 1398 7.5
      vertex 274 1398 7.5
      vertex 272.07998657226562 1398 9.8999996185302734
    endloop
  endfacet
  facet normal -0 -1 -0
    outer loop
      vertex 266 1398 7.5
      vertex 272.07998657226562 1398 9.8999996185302734
      vertex 264.72000122070312 1398 9.8999996185302734
    endloop
  endfacet
  facet normal -0 -1 0
    outer loop
      vertex 286.79998779296875 1398 9.8999996185302734
      vertex 279.44000244140625 1398 9.8999996185302734
      vertex 282 1398 7.5
    endloop
  endfacet
  facet normal 0 -1 0
    outer loop
      vertex 286.79998779296875 1398 9.8999996185302734
      vertex 282 1398 7.5
      vertex 290 1398 7.5
    endloop
  endfacet
  facet normal -0 -1 0
    outer loop
      vertex 286.79998779296875 1398 17.785715103149414
      vertex 286.79998779296875 1398 9.8999996185302734
      vertex 290 1398 7.5
    endloop
  endfacet
  facet normal 0 -1 0
    outer loop
      vertex 286.79998779296875 1398 17.785715103149414
      vertex 290 1398 7.5
      vertex 290 1398 15
    endloop
  endfacet
  facet normal 0 -1 0
    outer loop
      vertex 290 1398 15
      vertex 290 1398 22.5
      vertex 286.79998779296875 1398 25.671428680419922
    endloop
  endfacet
  facet normal 0 -1 0
    outer loop
      vertex 290 1398 15
      vertex 286.79998779296875 1398 25.671428680419922
      vertex 286.79998779296875 1398 17.785715103149414
    endloop
  endfacet
  facet normal -0 -1 0
    outer loop
      vertex 286.79998779296875 1398 33.557144165039062
      vertex 286.79998779296875 1398 25.671428680419922
      vertex 290 1398 22.5
    endloop
  endfacet
  facet normal -0 -1 -0
    outer loop
      vertex 286.79998779296875 1398 33.557144165039062
      vertex 290 1398 22.5
      vertex 290 1398 30
    endloop
  endfacet
  facet normal -0 -1 0
    outer loop
      vertex 286.79998779296875 1398 33.557144165039062
      vertex 290 1398 30
      vertex 290 1398 37.5
    endloop
  endfacet
  facet normal 0 -1 -0
    outer loop
      vertex 290 1398 37.5
      vertex 286.79998779296875 1398 41.442855834960938
      vertex 286.79998779296875 1398 33.557144165039062
    endloop
  endfacet
  facet normal 0 -1 -0
    outer loop
      vertex 250 1398 65.099998474121094
      vertex 257.3599853515625 1398 65.099998474121094
      vertex 258 1398 67.5
    endloop
  endfacet
  facet normal 0 -1 -0
    outer loop
      vertex 250 1398 65.099998474121094
      vertex 258 1398 67.5
      vertex 250 1398 67.5
    endloop
  endfacet
  facet normal -0 -1 0
    outer loop
      vertex 264.72000122070312 1398 65.099998474121094
      vertex 272.07998657226562 1398 65.099998474121094
      vertex 274 1398 67.5
    endloop
  endfacet
  facet normal 0 -1 -0
    outer loop
      vertex 264.72000122070312 1398 65.099998474121094
      vertex 274 1398 67.5
      vertex 266 1398 67.5
    endloop
  endfacet
  facet normal 0 -1 -0
    outer loop
      vertex 257.3599853515625 1398 65.099998474121094
      vertex 264.72000122070312 1398 65.099998474121094
      vertex 266 1398 67.5
    endloop
  endfacet
  facet normal 0 -1 -0
    outer loop
      vertex 257.3599853515625 1398 65.099998474121094
      vertex 266 1398 67.5
      vertex 258 1398 67.5
    endloop
  endfacet
  facet normal 0 -1 -0
    outer loop
      vertex 282 1398 67.5
      vertex 274 1398 67.5
      vertex 272.07998657226562 1398 65.099998474121094
    endloop
  endfacet
  facet normal -0 -1 0
    outer loop
      vertex 282 1398 67.5
      vertex 272.07998657226562 1398 65.099998474121094
      vertex 279.44000244140625 1398 65.099998474121094
    endloop
  endfacet
  facet normal -0 -1 -0
    outer loop
      vertex 286.79998779296875 1398 49.328571319580078
      vertex 286.79998779296875 1398 41.442855834960938
      vertex 290 1398 45
    endloop
  endfacet
  facet normal -0 -1 0
    outer loop
      vertex 286.79998779296875 1398 49.328571319580078
      vertex 290 1398 45
      vertex 290 1398 52.5
    endloop
  endfacet
  facet normal -0 -1 0
    outer loop
      vertex 290 1398 45
      vertex 286.79998779296875 1398 41.442855834960938
      vertex 290 1398 37.5
    endloop
  endfacet
  facet normal -0 -1 -0
    outer loop
      vertex 286.79998779296875 1398 57.214286804199219
      vertex 286.79998779296875 1398 49.328571319580078
      vertex 290 1398 52.5
    endloop
  endfacet
  facet normal -0 -1 0
    outer loop
      vertex 286.79998779296875 1398 57.214286804199219
      vertex 290 1398 52.5
      vertex 290 1398 60
    endloop
  endfacet
  facet normal -0 -1 0
    outer loop
      vertex 279.44000244140625 1398 65.099998474121094
      vertex 286.79998779296875 1398 65.099998474121094
      vertex 290 1398 67.5
    endloop
  endfacet
  facet normal 0 -1 -0
    outer loop
      vertex 279.44000244140625 1398 65.099998474121094
      vertex 290 1398 67.5
      vertex 282 1398 67.5
    endloop
  endfacet
  facet normal 0 -1 0
    outer loop
      vertex 290 1398 60
      vertex 290 1398 67.5
      vertex 286.79998779296875 1398 65.099998474121094
    endloop
  endfacet
  facet normal 0 -1 -0
    outer loop
      vertex 290 1398 60
      vertex 286.79998779296875 1398 65.099998474121094
      vertex 286.79998779296875 1398 57.214286804199219
    endloop
  endfacet
  facet normal 0 1 0
    outer loop
      vertex 210 1400 90
      vertex 213.19999694824219 1400 92.785713195800781
      vertex 213.19999694824219 1400 84.900001525878906
    endloop
  endfacet
  facet normal -0 1 -0
    outer loop
      vertex 210 1400 90
      vertex 213.19999694824219 1400 84.900001525878906
      vertex 210 1400 82.5
    endloop
  endfacet
  facet normal 0 1 0
    outer loop
      vertex 210 1400 82.5
      vertex 213.19999694824219 1400 84.900001525878906
      vertex 220.55999755859375 1400 84.900001525878906
    endloop
  endfacet
  facet normal 0 1 -0
    outer loop
      vertex 210 1400 82.5
      vertex 220.55999755859375 1400 84.900001525878906
      vertex 218 1400 82.5
    endloop
  endfacet
  facet normal 0 1 0
    outer loop
      vertex 210 1400 105
      vertex 213.19999694824219 1400 108.55714416503906
      vertex 213.19999694824219 1400 100.67142486572266
    endloop
  endfacet
  facet normal -0 1 -0
    outer loop
      vertex 210 1400 105
      vertex 213.19999694824219 1400 100.67142486572266
      vertex 210 1400 97.5
    endloop
  endfacet
  facet normal -0 1 -0
    outer loop
      vertex 213.19999694824219 1400 92.785713195800781
      vertex 210 1400 90
      vertex 210 1400 97.5
    endloop
  endfacet
  facet normal 0 1 0
    outer loop
      vertex 213.19999694824219 1400 92.785713195800781
      vertex 210 1400 97.5
      vertex 213.19999694824219 1400 100.67142486572266
    endloop
  endfacet
  facet normal 0 1 -0
    outer loop
      vertex 226 1400 82.5
      vertex 227.91999816894531 1400 84.900001525878906
      vertex 235.27999877929688 1400 84.900001525878906
    endloop
  endfacet
  facet normal 0 1 -0
    outer loop
      vertex 226 1400 82.5
      vertex 235.27999877929688 1400 84.900001525878906
      vertex 234 1400 82.5
    endloop
  endfacet
  facet normal 0 1 -0
    outer loop
      vertex 242 1400 82.5
      vertex 242.63999938964844 1400 84.900001525878906
      vertex 250 1400 84.900001525878906
    endloop
  endfacet
  facet normal 0 1 -0
    outer loop
      vertex 242 1400 82.5
      vertex 250 1400 84.900001525878906
      vertex 250 1400 82.5
    endloop
  endfacet
  facet normal 0 1 -0
    outer loop
      vertex 234 1400 82.5
      vertex 235.27999877929688 1400 84.900001525878906
      vertex 242.63999938964844 1400 84.900001525878906
    endloop
  endfacet
  facet normal 0 1 -0
    outer loop
      vertex 234 1400 82.5
      vertex 242.63999938964844 1400 84.900001525878906
      vertex 242 1400 82.5
    endloop
  endfacet
  facet normal -0 1 0
    outer loop
      vertex 227.91999816894531 1400 84.900001525878906
      vertex 226 1400 82.5
      vertex 218 1400 82.5
    endloop
  endfacet
  facet normal 0 1 -0
    outer loop
      vertex 227.91999816894531 1400 84.900001525878906
      vertex 218 1400 82.5
      vertex 220.55999755859375 1400 84.900001525878906
    endloop
  endfacet
  facet normal 0 1 -0
    outer loop
      vertex 257.3599853515625 1400 84.900001525878906
      vertex 258 1400 82.5
      vertex 250 1400 82.5
    endloop
  endfacet
  facet normal 0 1 0
    outer loop
      vertex 257.3599853515625 1400 84.900001525878906
      vertex 250 1400 82.5
      vertex 250 1400 84.900001525878906
    endloop
  endfacet
  facet normal -0 1 -0
    outer loop
      vertex 213.19999694824219 1400 116.44285583496094
      vertex 210 1400 112.5
      vertex 210 1400 120
    endloop
  endfacet
  facet normal -0 1 -0
    outer loop
      vertex 213.19999694824219 1400 108.55714416503906
      vertex 210 1400 105
      vertex 210 1400 112.5
    endloop
  endfacet
  facet normal 0 1 0
    outer loop
      vertex 213.19999694824219 1400 108.55714416503906
      vertex 210 1400 112.5
      vertex 213.19999694824219 1400 116.44285583496094
    endloop
  endfacet
  facet normal 0 1 0
    outer loop
      vertex 213.19999694824219 1400 116.44285583496094
      vertex 210 1400 120
      vertex 210 1400 127.5
    endloop
  endfacet
  facet normal 0 1 0
    outer loop
      vertex 213.19999694824219 1400 116.44285583496094
      vertex 210 1400 127.5
      vertex 213.19999694824219 1400 124.32857513427734
    endloop
  endfacet
  facet normal 0 1 0
    outer loop
      vertex 210 1400 135
      vertex 213.19999694824219 1400 132.21427917480469
      vertex 213.19999694824219 1400 124.32857513427734
    endloop
  endfacet
  facet normal -0 1 0
    outer loop
      vertex 210 1400 135
      vertex 213.19999694824219 1400 124.32857513427734
      vertex 210 1400 127.5
    endloop
  endfacet
  facet normal -0 1 -0
    outer loop
      vertex 210 1400 142.5
      vertex 213.19999694824219 1400 140.10000610351562
      vertex 213.19999694824219 1400 132.21427917480469
    endloop
  endfacet
  facet normal -0 1 0
    outer loop
      vertex 210 1400 142.5
      vertex 213.19999694824219 1400 132.21427917480469
      vertex 210 1400 135
    endloop
  endfacet
  facet normal -0 1 0
    outer loop
      vertex 213.19999694824219 1400 140.10000610351562
      vertex 210 1400 142.5
      vertex 218 1400 142.5
    endloop
  endfacet
  facet normal 0 1 -0
    outer loop
      vertex 213.19999694824219 1400 140.10000610351562
      vertex 218 1400 142.5
      vertex 220.55999755859375 1400 140.10000610351562
    endloop
  endfacet
  facet normal -0 1 0
    outer loop
      vertex 227.91999816894531 1400 140.10000610351562
      vertex 226 1400 142.5
      vertex 234 1400 142.5
    endloop
  endfacet
  facet normal 0 1 -0
    outer loop
      vertex 227.91999816894531 1400 140.10000610351562
      vertex 234 1400 142.5
      vertex 235.27999877929688 1400 140.10000610351562
    endloop
  endfacet
  facet normal -0 1 0
    outer loop
      vertex 220.55999755859375 1400 140.10000610351562
      vertex 218 1400 142.5
      vertex 226 1400 142.5
    endloop
  endfacet
  facet normal 0 1 -0
    outer loop
      vertex 220.55999755859375 1400 140.10000610351562
      vertex 226 1400 142.5
      vertex 227.91999816894531 1400 140.10000610351562
    endloop
  endfacet
  facet normal 0 1 -0
    outer loop
      vertex 242 1400 142.5
      vertex 242.63999938964844 1400 140.10000610351562
      vertex 235.27999877929688 1400 140.10000610351562
    endloop
  endfacet
  facet normal -0 1 0
    outer loop
      vertex 242 1400 142.5
      vertex 235.27999877929688 1400 140.10000610351562
      vertex 234 1400 142.5
    endloop
  endfacet
  facet normal 0 1 -0
    outer loop
      vertex 250 1400 142.5
      vertex 250 1400 140.10000610351562
      vertex 242.63999938964844 1400 140.10000610351562
    endloop
  endfacet
  facet normal -0 1 0
    outer loop
      vertex 250 1400 142.5
      vertex 242.63999938964844 1400 140.10000610351562
      vertex 242 1400 142.5
    endloop
  endfacet
  facet normal -0 1 0
    outer loop
      vertex 258 1400 82.5
      vertex 257.3599853515625 1400 84.900001525878906
      vertex 264.72000122070312 1400 84.900001525878906
    endloop
  endfacet
  facet normal 0 1 -0
    outer loop
      vertex 258 1400 82.5
      vertex 264.72000122070312 1400 84.900001525878906
      vertex 266 1400 82.5
    endloop
  endfacet
  facet normal -0 1 0
    outer loop
      vertex 274 1400 82.5
      vertex 272.07998657226562 1400 84.900001525878906
      vertex 279.44000244140625 1400 84.900001525878906
    endloop
  endfacet
  facet normal 0 1 -0
    outer loop
      vertex 274 1400 82.5
      vertex 279.44000244140625 1400 84.900001525878906
      vertex 282 1400 82.5
    endloop
  endfacet
  facet normal -0 1 0
    outer loop
      vertex 266 1400 82.5
      vertex 264.72000122070312 1400 84.900001525878906
      vertex 272.07998657226562 1400 84.900001525878906
    endloop
  endfacet
  facet normal 0 1 -0
    outer loop
      vertex 266 1400 82.5
      vertex 272.07998657226562 1400 84.900001525878906
      vertex 274 1400 82.5
    endloop
  endfacet
  facet normal 0 1 -0
    outer loop
      vertex 286.79998779296875 1400 84.900001525878906
      vertex 290 1400 82.5
      vertex 282 1400 82.5
    endloop
  endfacet
  facet normal -0 1 0
    outer loop
      vertex 286.79998779296875 1400 84.900001525878906
      vertex 282 1400 82.5
      vertex 279.44000244140625 1400 84.900001525878906
    endloop
  endfacet
  facet normal -0 1 -0
    outer loop
      vertex 286.79998779296875 1400 92.785713195800781
      vertex 290 1400 90
      vertex 290 1400 82.5
    endloop
  endfacet
  facet normal -0 1 0
    outer loop
      vertex 286.79998779296875 1400 92.785713195800781
      vertex 290 1400 82.5
      vertex 286.79998779296875 1400 84.900001525878906
    endloop
  endfacet
  facet normal 0 1 0
    outer loop
      vertex 290 1400 90
      vertex 286.79998779296875 1400 92.785713195800781
      vertex 286.79998779296875 1400 100.67142486572266
    endloop
  endfacet
  facet normal -0 1 -0
    outer loop
      vertex 290 1400 90
      vertex 286.79998779296875 1400 100.67142486572266
      vertex 290 1400 97.5
    endloop
  endfacet
  facet normal -0 1 -0
    outer loop
      vertex 286.79998779296875 1400 108.55714416503906
      vertex 290 1400 105
      vertex 290 1400 97.5
    endloop
  endfacet
  facet normal -0 1 0
    outer loop
      vertex 286.79998779296875 1400 108.55714416503906
      vertex 290 1400 97.5
      vertex 286.79998779296875 1400 100.67142486572266
    endloop
  endfacet
  facet normal 0 1 0
    outer loop
      vertex 286.79998779296875 1400 108.55714416503906
      vertex 290 1400 112.5
      vertex 290 1400 105
    endloop
  endfacet
  facet normal -0 1 -0
    outer loop
      vertex 290 1400 112.5
      vertex 286.79998779296875 1400 108.55714416503906
      vertex 286.79998779296875 1400 116.44285583496094
    endloop
  endfacet
  facet normal -0 1 0
    outer loop
      vertex 250 1400 140.10000610351562
      vertex 250 1400 142.5
      vertex 258 1400 142.5
    endloop
  endfacet
  facet normal 0 1 -0
    outer loop
      vertex 250 1400 140.10000610351562
      vertex 258 1400 142.5
      vertex 257.3599853515625 1400 140.10000610351562
    endloop
  endfacet
  facet normal 0 1 -0
    outer loop
      vertex 264.72000122070312 1400 140.10000610351562
      vertex 266 1400 142.5
      vertex 274 1400 142.5
    endloop
  endfacet
  facet normal -0 1 0
    outer loop
      vertex 264.72000122070312 1400 140.10000610351562
      vertex 274 1400 142.5
      vertex 272.07998657226562 1400 140.10000610351562
    endloop
  endfacet
  facet normal 0 1 -0
    outer loop
      vertex 257.3599853515625 1400 140.10000610351562
      vertex 258 1400 142.5
      vertex 266 1400 142.5
    endloop
  endfacet
  facet normal -0 1 0
    outer loop
      vertex 257.3599853515625 1400 140.10000610351562
      vertex 266 1400 142.5
      vertex 264.72000122070312 1400 140.10000610351562
    endloop
  endfacet
  facet normal -0 1 0
    outer loop
      vertex 282 1400 142.5
      vertex 279.44000244140625 1400 140.10000610351562
      vertex 272.07998657226562 1400 140.10000610351562
    endloop
  endfacet
  facet normal 0 1 0
    outer loop
      vertex 282 1400 142.5
      vertex 272.07998657226562 1400 140.10000610351562
      vertex 274 1400 142.5
    endloop
  endfacet
  facet normal 0 1 0
    outer loop
      vertex 286.79998779296875 1400 124.32857513427734
      vertex 290 1400 127.5
      vertex 290 1400 120
    endloop
  endfacet
  facet normal -0 1 -0
    outer loop
      vertex 286.79998779296875 1400 124.32857513427734
      vertex 290 1400 120
      vertex 286.79998779296875 1400 116.44285583496094
    endloop
  endfacet
  facet normal -0 1 0
    outer loop
      vertex 290 1400 120
      vertex 290 1400 112.5
      vertex 286.79998779296875 1400 116.44285583496094
    endloop
  endfacet
  facet normal 0 1 0
    outer loop
      vertex 286.79998779296875 1400 132.21427917480469
      vertex 290 1400 135
      vertex 290 1400 127.5
    endloop
  endfacet
  facet normal -0 1 -0
    outer loop
      vertex 286.79998779296875 1400 132.21427917480469
      vertex 290 1400 127.5
      vertex 286.79998779296875 1400 124.32857513427734
    endloop
  endfacet
  facet normal 0 1 -0
    outer loop
      vertex 279.44000244140625 1400 140.10000610351562
      vertex 282 1400 142.5
      vertex 290 1400 142.5
    endloop
  endfacet
  facet normal 0 1 -0
    outer loop
      vertex 279.44000244140625 1400 140.10000610351562
      vertex 290 1400 142.5
      vertex 286.79998779296875 1400 140.10000610351562
    endloop
  endfacet
  facet normal -0 1 -0
    outer loop
      vertex 290 1400 135
      vertex 286.79998779296875 1400 132.21427917480469
      vertex 286.79998779296875 1400 140.10000610351562
    endloop
  endfacet
  facet normal 0 1 0
    outer loop
      vertex 290 1400 135
      vertex 286.79998779296875 1400 140.10000610351562
      vertex 290 1400 142.5
    endloop
  endfacet
  facet normal -1 0 0
    outer loop
      vertex 210 1400 135
      vertex 210 1398 135
      vertex 210 1398 142.5
    endloop
  endfacet
  facet normal -1 -0 0
    outer loop
      vertex 210 1400 135
      vertex 210 1398 142.5
      vertex 210 1400 142.5
    endloop
  endfacet
  facet normal -1 0 0
    outer loop
      vertex 210 1400 120
      vertex 210 1398 120
      vertex 210 1398 127.5
    endloop
  endfacet
  facet normal -1 -0 0
    outer loop
      vertex 210 1400 120
      vertex 210 1398 127.5
      vertex 210 1400 127.5
    endloop
  endfacet
  facet normal -1 0 0
    outer loop
      vertex 210 1400 127.5
      vertex 210 1398 127.5
      vertex 210 1398 135
    endloop
  endfacet
  facet normal -1 -0 0
    outer loop
      vertex 210 1400 127.5
      vertex 210 1398 135
      vertex 210 1400 135
    endloop
  endfacet
  facet normal -1 0 0
    outer loop
      vertex 210 1400 105
      vertex 210 1398 105
      vertex 210 1398 112.5
    endloop
  endfacet
  facet normal -1 -0 0
    outer loop
      vertex 210 1400 105
      vertex 210 1398 112.5
      vertex 210 1400 112.5
    endloop
  endfacet
  facet normal -1 0 0
    outer loop
      vertex 210 1400 90
      vertex 210 1398 90
      vertex 210 1398 97.5
    endloop
  endfacet
  facet normal -1 -0 0
    outer loop
      vertex 210 1400 90
      vertex 210 1398 97.5
      vertex 210 1400 97.5
    endloop
  endfacet
  facet normal -1 0 0
    outer loop
      vertex 210 1400 82.5
      vertex 210 1398 82.5
      vertex 210 1398 90
    endloop
  endfacet
  facet normal -1 -0 0
    outer loop
      vertex 210 1400 82.5
      vertex 210 1398 90
      vertex 210 1400 90
    endloop
  endfacet
  facet normal -1 0 0
    outer loop
      vertex 210 1400 97.5
      vertex 210 1398 97.5
      vertex 210 1398 105
    endloop
  endfacet
  facet normal -1 -0 0
    outer loop
      vertex 210 1400 97.5
      vertex 210 1398 105
      vertex 210 1400 105
    endloop
  endfacet
  facet normal -1 0 0
    outer loop
      vertex 210 1400 112.5
      vertex 210 1398 112.5
      vertex 210 1398 120
    endloop
  endfacet
  facet normal -1 -0 0
    outer loop
      vertex 210 1400 112.5
      vertex 210 1398 120
      vertex 210 1400 120
    endloop
  endfacet
  facet normal -0 0 -1
    outer loop
      vertex 218 1400 82.5
      vertex 218 1398 82.5
      vertex 210 1398 82.5
    endloop
  endfacet
  facet normal 0 -0 -1
    outer loop
      vertex 218 1400 82.5
      vertex 210 1398 82.5
      vertex 210 1400 82.5
    endloop
  endfacet
  facet normal -0 0 -1
    outer loop
      vertex 234 1400 82.5
      vertex 234 1398 82.5
      vertex 226 1398 82.5
    endloop
  endfacet
  facet normal 0 -0 -1
    outer loop
      vertex 234 1400 82.5
      vertex 226 1398 82.5
      vertex 226 1400 82.5
    endloop
  endfacet
  facet normal -0 0 -1
    outer loop
      vertex 242 1400 82.5
      vertex 242 1398 82.5
      vertex 234 1398 82.5
    endloop
  endfacet
  facet normal 0 -0 -1
    outer loop
      vertex 242 1400 82.5
      vertex 234 1398 82.5
      vertex 234 1400 82.5
    endloop
  endfacet
  facet normal -0 0 -1
    outer loop
      vertex 226 1400 82.5
      vertex 226 1398 82.5
      vertex 218 1398 82.5
    endloop
  endfacet
  facet normal 0 -0 -1
    outer loop
      vertex 226 1400 82.5
      vertex 218 1398 82.5
      vertex 218 1400 82.5
    endloop
  endfacet
  facet normal -0 0 -1
    outer loop
      vertex 258 1400 82.5
      vertex 258 1398 82.5
      vertex 250 1398 82.5
    endloop
  endfacet
  facet normal 0 -0 -1
    outer loop
      vertex 258 1400 82.5
      vertex 250 1398 82.5
      vertex 250 1400 82.5
    endloop
  endfacet
  facet normal -0 0 -1
    outer loop
      vertex 266 1400 82.5
      vertex 266 1398 82.5
      vertex 258 1398 82.5
    endloop
  endfacet
  facet normal 0 -0 -1
    outer loop
      vertex 266 1400 82.5
      vertex 258 1398 82.5
      vertex 258 1400 82.5
    endloop
  endfacet
  facet normal -0 0 -1
    outer loop
      vertex 282 1400 82.5
      vertex 282 1398 82.5
      vertex 274 1398 82.5
    endloop
  endfacet
  facet normal 0 -0 -1
    outer loop
      vertex 282 1400 82.5
      vertex 274 1398 82.5
      vertex 274 1400 82.5
    endloop
  endfacet
  facet normal -0 0 -1
    outer loop
      vertex 290 1400 82.5
      vertex 290 1398 82.5
      vertex 282 1398 82.5
    endloop
  endfacet
  facet normal 0 -0 -1
    outer loop
      vertex 290 1400 82.5
      vertex 282 1398 82.5
      vertex 282 1400 82.5
    endloop
  endfacet
  facet normal -0 0 -1
    outer loop
      vertex 274 1400 82.5
      vertex 274 1398 82.5
      vertex 266 1398 82.5
    endloop
  endfacet
  facet normal 0 -0 -1
    outer loop
      vertex 274 1400 82.5
      vertex 266 1398 82.5
      vertex 266 1400 82.5
    endloop
  endfacet
  facet normal -0 0 -1
    outer loop
      vertex 250 1400 82.5
      vertex 250 1398 82.5
      vertex 242 1398 82.5
    endloop
  endfacet
  facet normal 0 -0 -1
    outer loop
      vertex 250 1400 82.5
      vertex 242 1398 82.5
      vertex 242 1400 82.5
    endloop
  endfacet
  facet normal 1 -0 0
    outer loop
      vertex 290 1400 90
      vertex 290 1398 90
      vertex 290 1398 82.5
    endloop
  endfacet
  facet normal 1 0 0
    outer loop
      vertex 290 1400 90
      vertex 290 1398 82.5
      vertex 290 1400 82.5
    endloop
  endfacet
  facet normal 1 -0 0
    outer loop
      vertex 290 1400 105
      vertex 290 1398 105
      vertex 290 1398 97.5
    endloop
  endfacet
  facet normal 1 0 0
    outer loop
      vertex 290 1400 105
      vertex 290 1398 97.5
      vertex 290 1400 97.5
    endloop
  endfacet
  facet normal 1 -0 0
    outer loop
      vertex 290 1400 97.5
      vertex 290 1398 97.5
      vertex 290 1398 90
    endloop
  endfacet
  facet normal 1 0 0
    outer loop
      vertex 290 1400 97.5
      vertex 290 1398 90
      vertex 290 1400 90
    endloop
  endfacet
  facet normal 1 -0 0
    outer loop
      vertex 290 1400 120
      vertex 290 1398 120
      vertex 290 1398 112.5
    endloop
  endfacet
  facet normal 1 0 0
    outer loop
      vertex 290 1400 120
      vertex 290 1398 112.5
      vertex 290 1400 112.5
    endloop
  endfacet
  facet normal 1 -0 0
    outer loop
      vertex 290 1400 135
      vertex 290 1398 135
      vertex 290 1398 127.5
    endloop
  endfacet
  facet normal 1 0 0
    outer loop
      vertex 290 1400 135
      vertex 290 1398 127.5
      vertex 290 1400 127.5
    endloop
  endfacet
  facet normal 1 -0 0
    outer loop
      vertex 290 1400 142.5
      vertex 290 1398 142.5
      vertex 290 1398 135
    endloop
  endfacet
  facet normal 1 0 0
    outer loop
      vertex 290 1400 142.5
      vertex 290 1398 135
      vertex 290 1400 135
    endloop
  endfacet
  facet normal 1 -0 0
    outer loop
      vertex 290 1400 127.5
      vertex 290 1398 127.5
      vertex 290 1398 120
    endloop
  endfacet
  facet normal 1 0 0
    outer loop
      vertex 290 1400 127.5
      vertex 290 1398 120
      vertex 290 1400 120
    endloop
  endfacet
  facet normal 1 -0 0
    outer loop
      vertex 290 1400 112.5
      vertex 290 1398 112.5
      vertex 290 1398 105
    endloop
  endfacet
  facet normal 1 0 0
    outer loop
      vertex 290 1400 112.5
      vertex 290 1398 105
      vertex 290 1400 105
    endloop
  endfacet
  facet normal -0 -0 1
    outer loop
      vertex 282 1400 142.5
      vertex 282 1398 142.5
      vertex 290 1398 142.5
    endloop
  endfacet
  facet normal 0 0 1
    outer loop
      vertex 282 1400 142.5
      vertex 290 1398 142.5
      vertex 290 1400 142.5
    endloop
  endfacet
  facet normal -0 -0 1
    outer loop
      vertex 266 1400 142.5
      vertex 266 1398 142.5
      vertex 274 1398 142.5
    endloop
  endfacet
  facet normal 0 0 1
    outer loop
      vertex 266 1400 142.5
      vertex 274 1398 142.5
      vertex 274 1400 142.5
    endloop
  endfacet
  facet normal -0 -0 1
    outer loop
      vertex 258 1400 142.5
      vertex 258 1398 142.5
      vertex 266 1398 142.5
    endloop
  endfacet
  facet normal 0 0 1
    outer loop
      vertex 258 1400 142.5
      vertex 266 1398 142.5
      vertex 266 1400 142.5
    endloop
  endfacet
  facet normal -0 -0 1
    outer loop
      vertex 274 1400 142.5
      vertex 274 1398 142.5
      vertex 282 1398 142.5
    endloop
  endfacet
  facet normal 0 0 1
    outer loop
      vertex 274 1400 142.5
      vertex 282 1398 142.5
      vertex 282 1400 142.5
    endloop
  endfacet
  facet normal -0 -0 1
    outer loop
      vertex 242 1400 142.5
      vertex 242 1398 142.5
      vertex 250 1398 142.5
    endloop
  endfacet
  facet normal 0 0 1
    outer loop
      vertex 242 1400 142.5
      vertex 250 1398 142.5
      vertex 250 1400 142.5
    endloop
  endfacet
  facet normal -0 -0 1
    outer loop
      vertex 234 1400 142.5
      vertex 234 1398 142.5
      vertex 242 1398 142.5
    endloop
  endfacet
  facet normal 0 0 1
    outer loop
      vertex 234 1400 142.5
      vertex 242 1398 142.5
      vertex 242 1400 142.5
    endloop
  endfacet
  facet normal -0 -0 1
    outer loop
      vertex 218 1400 142.5
      vertex 218 1398 142.5
      vertex 226 1398 142.5
    endloop
  endfacet
  facet normal 0 0 1
    outer loop
      vertex 218 1400 142.5
      vertex 226 1398 142.5
      vertex 226 1400 142.5
    endloop
  endfacet
  facet normal -0 -0 1
    outer loop
      vertex 210 1400 142.5
      vertex 210 1398 142.5
      vertex 218 1398 142.5
    endloop
  endfacet
  facet normal 0 0 1
    outer loop
      vertex 210 1400 142.5
      vertex 218 1398 142.5
      vertex 218 1400 142.5
    endloop
  endfacet
  facet normal -0 -0 1
    outer loop
      vertex 226 1400 142.5
      vertex 226 1398 142.5
      vertex 234 1398 142.5
    endloop
  endfacet
  facet normal 0 0 1
    outer loop
      vertex 226 1400 142.5
      vertex 234 1398 142.5
      vertex 234 1400 142.5
    endloop
  endfacet
  facet normal -0 -0 1
    outer loop
      vertex 250 1400 142.5
      vertex 250 1398 142.5
      vertex 258 1398 142.5
    endloop
  endfacet
  facet normal 0 0 1
    outer loop
      vertex 250 1400 142.5
      vertex 258 1398 142.5
      vertex 258 1400 142.5
    endloop
  endfacet
  facet normal 1 -0 -0
    outer loop
      vertex 213.19999694824219 1400 132.21427917480469
      vertex 213.19999694824219 1400 140.10000610351562
      vertex 213.19999694824219 1398 140.10000610351562
    endloop
  endfacet
  facet normal 1 -0 -0
    outer loop
      vertex 213.19999694824219 1400 132.21427917480469
      vertex 213.19999694824219 1398 140.10000610351562
      vertex 213.19999694824219 1398 132.21427917480469
    endloop
  endfacet
  facet normal 1 -0 -0
    outer loop
      vertex 213.19999694824219 1400 116.44285583496094
      vertex 213.19999694824219 1400 124.32857513427734
      vertex 213.19999694824219 1398 124.32857513427734
    endloop
  endfacet
  facet normal 1 -0 -0
    outer loop
      vertex 213.19999694824219 1400 116.44285583496094
      vertex 213.19999694824219 1398 124.32857513427734
      vertex 213.19999694824219 1398 116.44285583496094
    endloop
  endfacet
  facet normal 1 -0 -0
    outer loop
      vertex 213.19999694824219 1400 124.32857513427734
      vertex 213.19999694824219 1400 132.21427917480469
      vertex 213.19999694824219 1398 132.21427917480469
    endloop
  endfacet
  facet normal 1 -0 -0
    outer loop
      vertex 213.19999694824219 1400 124.32857513427734
      vertex 213.19999694824219 1398 132.21427917480469
      vertex 213.19999694824219 1398 124.32857513427734
    endloop
  endfacet
  facet normal 1 -0 -0
    outer loop
      vertex 213.19999694824219 1400 100.67142486572266
      vertex 213.19999694824219 1400 108.55714416503906
      vertex 213.19999694824219 1398 108.55714416503906
    endloop
  endfacet
  facet normal 1 -0 -0
    outer loop
      vertex 213.19999694824219 1400 100.67142486572266
      vertex 213.19999694824219 1398 108.55714416503906
      vertex 213.19999694824219 1398 100.67142486572266
    endloop
  endfacet
  facet normal 1 -0 -0
    outer loop
      vertex 213.19999694824219 1400 84.900001525878906
      vertex 213.19999694824219 1400 92.785713195800781
      vertex 213.19999694824219 1398 92.785713195800781
    endloop
  endfacet
  facet normal 1 -0 -0
    outer loop
      vertex 213.19999694824219 1400 84.900001525878906
      vertex 213.19999694824219 1398 92.785713195800781
      vertex 213.19999694824219 1398 84.900001525878906
    endloop
  endfacet
  facet normal 1 -0 -0
    outer loop
      vertex 213.19999694824219 1400 92.785713195800781
      vertex 213.19999694824219 1400 100.67142486572266
      vertex 213.19999694824219 1398 100.67142486572266
    endloop
  endfacet
  facet normal 1 -0 -0
    outer loop
      vertex 213.19999694824219 1400 92.785713195800781
      vertex 213.19999694824219 1398 100.67142486572266
      vertex 213.19999694824219 1398 92.785713195800781
    endloop
  endfacet
  facet normal 1 -0 -0
    outer loop
      vertex 213.19999694824219 1400 108.55714416503906
      vertex 213.19999694824219 1400 116.44285583496094
      vertex 213.19999694824219 1398 116.44285583496094
    endloop
  endfacet
  facet normal 1 -0 -0
    outer loop
      vertex 213.19999694824219 1400 108.55714416503906
      vertex 213.19999694824219 1398 116.44285583496094
      vertex 213.19999694824219 1398 108.55714416503906
    endloop
  endfacet
  facet normal 0 0 -1
    outer loop
      vertex 279.44000244140625 1400 140.10000610351562
      vertex 286.79998779296875 1400 140.10000610351562
      vertex 286.79998779296875 1398 140.10000610351562
    endloop
  endfacet
  facet normal 0 0 -1
    outer loop
      vertex 279.44000244140625 1400 140.10000610351562
      vertex 286.79998779296875 1398 140.10000610351562
      vertex 279.44000244140625 1398 140.10000610351562
    endloop
  endfacet
  facet normal 0 0 -1
    outer loop
      vertex 264.72000122070312 1400 140.10000610351562
      vertex 272.07998657226562 1400 140.10000610351562
      vertex 272.07998657226562 1398 140.10000610351562
    endloop
  endfacet
  facet normal 0 0 -1
    outer loop
      vertex 264.72000122070312 1400 140.10000610351562
      vertex 272.07998657226562 1398 140.10000610351562
      vertex 264.72000122070312 1398 140.10000610351562
    endloop
  endfacet
  facet normal 0 0 -1
    outer loop
      vertex 257.3599853515625 1400 140.10000610351562
      vertex 264.72000122070312 1400 140.10000610351562
      vertex 264.72000122070312 1398 140.10000610351562
    endloop
  endfacet
  facet normal 0 0 -1
    outer loop
      vertex 257.3599853515625 1400 140.10000610351562
      vertex 264.72000122070312 1398 140.10000610351562
      vertex 257.3599853515625 1398 140.10000610351562
    endloop
  endfacet
  facet normal 0 0 -1
    outer loop
      vertex 272.07998657226562 1400 140.10000610351562
      vertex 279.44000244140625 1400 140.10000610351562
      vertex 279.44000244140625 1398 140.10000610351562
    endloop
  endfacet
  facet normal 0 0 -1
    outer loop
      vertex 272.07998657226562 1400 140.10000610351562
      vertex 279.44000244140625 1398 140.10000610351562
      vertex 272.07998657226562 1398 140.10000610351562
    endloop
  endfacet
  facet normal 0 0 -1
    outer loop
      vertex 242.63999938964844 1400 140.10000610351562
      vertex 250 1400 140.10000610351562
      vertex 250 1398 140.10000610351562
    endloop
  endfacet
  facet normal 0 0 -1
    outer loop
      vertex 242.63999938964844 1400 140.10000610351562
      vertex 250 1398 140.10000610351562
      vertex 242.63999938964844 1398 140.10000610351562
    endloop
  endfacet
  facet normal 0 0 -1
    outer loop
      vertex 235.27999877929688 1400 140.10000610351562
      vertex 242.63999938964844 1400 140.10000610351562
      vertex 242.63999938964844 1398 140.10000610351562
    endloop
  endfacet
  facet normal 0 0 -1
    outer loop
      vertex 235.27999877929688 1400 140.10000610351562
      vertex 242.63999938964844 1398 140.10000610351562
      vertex 235.27999877929688 1398 140.10000610351562
    endloop
  endfacet
  facet normal 0 0 -1
    outer loop
      vertex 220.55999755859375 1400 140.10000610351562
      vertex 227.91999816894531 1400 140.10000610351562
      vertex 227.91999816894531 1398 140.10000610351562
    endloop
  endfacet
  facet normal 0 0 -1
    outer loop
      vertex 220.55999755859375 1400 140.10000610351562
      vertex 227.91999816894531 1398 140.10000610351562
      vertex 220.55999755859375 1398 140.10000610351562
    endloop
  endfacet
  facet normal 0 0 -1
    outer loop
      vertex 213.19999694824219 1400 140.10000610351562
      vertex 220.55999755859375 1400 140.10000610351562
      vertex 220.55999755859375 1398 140.10000610351562
    endloop
  endfacet
  facet normal 0 0 -1
    outer loop
      vertex 213.19999694824219 1400 140.10000610351562
      vertex 220.55999755859375 1398 140.10000610351562
      vertex 213.19999694824219 1398 140.10000610351562
    endloop
  endfacet
  facet normal 0 0 -1
    outer loop
      vertex 227.91999816894531 1400 140.10000610351562
      vertex 235.27999877929688 1400 140.10000610351562
      vertex 235.27999877929688 1398 140.10000610351562
    endloop
  endfacet
  facet normal 0 0 -1
    outer loop
      vertex 227.91999816894531 1400 140.10000610351562
      vertex 235.27999877929688 1398 140.10000610351562
      vertex 227.91999816894531 1398 140.10000610351562
    endloop
  endfacet
  facet normal 0 0 -1
    outer loop
      vertex 250 1400 140.10000610351562
      vertex 257.3599853515625 1400 140.10000610351562
      vertex 257.3599853515625 1398 140.10000610351562
    endloop
  endfacet
  facet normal 0 0 -1
    outer loop
      vertex 250 1400 140.10000610351562
      vertex 257.3599853515625 1398 140.10000610351562
      vertex 250 1398 140.10000610351562
    endloop
  endfacet
  facet normal -1 0 -0
    outer loop
      vertex 286.79998779296875 1400 92.785713195800781
      vertex 286.79998779296875 1400 84.900001525878906
      vertex 286.79998779296875 1398 84.900001525878906
    endloop
  endfacet
  facet normal -1 0 -0
    outer loop
      vertex 286.79998779296875 1400 92.785713195800781
      vertex 286.79998779296875 1398 84.900001525878906
      vertex 286.79998779296875 1398 92.785713195800781
    endloop
  endfacet
  facet normal -1 0 -0
    outer loop
      vertex 286.79998779296875 1400 108.55714416503906
      vertex 286.79998779296875 1400 100.67142486572266
      vertex 286.79998779296875 1398 100.67142486572266
    endloop
  endfacet
  facet normal -1 0 -0
    outer loop
      vertex 286.79998779296875 1400 108.55714416503906
      vertex 286.79998779296875 1398 100.67142486572266
      vertex 286.79998779296875 1398 108.55714416503906
    endloop
  endfacet
  facet normal -1 0 -0
    outer loop
      vertex 286.79998779296875 1400 100.67142486572266
      vertex 286.79998779296875 1400 92.785713195800781
      vertex 286.79998779296875 1398 92.785713195800781
    endloop
  endfacet
  facet normal -1 0 -0
    outer loop
      vertex 286.79998779296875 1400 100.67142486572266
      vertex 286.79998779296875 1398 92.785713195800781
      vertex 286.79998779296875 1398 100.67142486572266
    endloop
  endfacet
  facet normal -1 0 -0
    outer loop
      vertex 286.79998779296875 1400 124.32857513427734
      vertex 286.79998779296875 1400 116.44285583496094
      vertex 286.79998779296875 1398 116.44285583496094
    endloop
  endfacet
  facet normal -1 0 -0
    outer loop
      vertex 286.79998779296875 1400 124.32857513427734
      vertex 286.79998779296875 1398 116.44285583496094
      vertex 286.79998779296875 1398 124.32857513427734
    endloop
  endfacet
  facet normal -1 0 -0
    outer loop
      vertex 286.79998779296875 1400 140.10000610351562
      vertex 286.79998779296875 1400 132.21427917480469
      vertex 286.79998779296875 1398 132.21427917480469
    endloop
  endfacet
  facet normal -1 0 -0
    outer loop
      vertex 286.79998779296875 1400 140.10000610351562
      vertex 286.79998779296875 1398 132.21427917480469
      vertex 286.79998779296875 1398 140.10000610351562
    endloop
  endfacet
  facet normal -1 0 -0
    outer loop
      vertex 286.79998779296875 1400 132.21427917480469
      vertex 286.79998779296875 1400 124.32857513427734
      vertex 286.79998779296875 1398 124.32857513427734
    endloop
  endfacet
  facet normal -1 0 -0
    outer loop
      vertex 286.79998779296875 1400 132.21427917480469
      vertex 286.79998779296875 1398 124.32857513427734
      vertex 286.79998779296875 1398 132.21427917480469
    endloop
  endfacet
  facet normal -1 0 -0
    outer loop
      vertex 286.79998779296875 1400 116.44285583496094
      vertex 286.79998779296875 1400 108.55714416503906
      vertex 286.79998779296875 1398 108.55714416503906
    endloop
  endfacet
  facet normal -1 0 -0
    outer loop
      vertex 286.79998779296875 1400 116.44285583496094
      vertex 286.79998779296875 1398 108.55714416503906
      vertex 286.79998779296875 1398 116.44285583496094
    endloop
  endfacet
  facet normal 0 -0 1
    outer loop
      vertex 220.55999755859375 1400 84.900001525878906
      vertex 213.19999694824219 1400 84.900001525878906
      vertex 213.19999694824219 1398 84.900001525878906
    endloop
  endfacet
  facet normal 0 -0 1
    outer loop
      vertex 220.55999755859375 1400 84.900001525878906
      vertex 213.19999694824219 1398 84.900001525878906
      vertex 220.55999755859375 1398 84.900001525878906
    endloop
  endfacet
  facet normal 0 -0 1
    outer loop
      vertex 235.27999877929688 1400 84.900001525878906
      vertex 227.91999816894531 1400 84.900001525878906
      vertex 227.91999816894531 1398 84.900001525878906
    endloop
  endfacet
  facet normal 0 -0 1
    outer loop
      vertex 235.27999877929688 1400 84.900001525878906
      vertex 227.91999816894531 1398 84.900001525878906
      vertex 235.27999877929688 1398 84.900001525878906
    endloop
  endfacet
  facet normal 0 -0 1
    outer loop
      vertex 242.63999938964844 1400 84.900001525878906
      vertex 235.27999877929688 1400 84.900001525878906
      vertex 235.27999877929688 1398 84.900001525878906
    endloop
  endfacet
  facet normal 0 -0 1
    outer loop
      vertex 242.63999938964844 1400 84.900001525878906
      vertex 235.27999877929688 1398 84.900001525878906
      vertex 242.63999938964844 1398 84.900001525878906
    endloop
  endfacet
  facet normal 0 -0 1
    outer loop
      vertex 227.91999816894531 1400 84.900001525878906
      vertex 220.55999755859375 1400 84.900001525878906
      vertex 220.55999755859375 1398 84.900001525878906
    endloop
  endfacet
  facet normal 0 -0 1
    outer loop
      vertex 227.91999816894531 1400 84.900001525878906
      vertex 220.55999755859375 1398 84.900001525878906
      vertex 227.91999816894531 1398 84.900001525878906
    endloop
  endfacet
  facet normal 0 -0 1
    outer loop
      vertex 257.3599853515625 1400 84.900001525878906
      vertex 250 1400 84.900001525878906
      vertex 250 1398 84.900001525878906
    endloop
  endfacet
  facet normal 0 -0 1
    outer loop
      vertex 257.3599853515625 1400 84.900001525878906
      vertex 250 1398 84.900001525878906
      vertex 257.3599853515625 1398 84.900001525878906
    endloop
  endfacet
  facet normal 0 -0 1
    outer loop
      vertex 264.72000122070312 1400 84.900001525878906
      vertex 257.3599853515625 1400 84.900001525878906
      vertex 257.3599853515625 1398 84.900001525878906
    endloop
  endfacet
  facet normal 0 -0 1
    outer loop
      vertex 264.72000122070312 1400 84.900001525878906
      vertex 257.3599853515625 1398 84.900001525878906
      vertex 264.72000122070312 1398 84.900001525878906
    endloop
  endfacet
  facet normal 0 -0 1
    outer loop
      vertex 279.44000244140625 1400 84.900001525878906
      vertex 272.07998657226562 1400 84.900001525878906
      vertex 272.07998657226562 1398 84.900001525878906
    endloop
  endfacet
  facet normal 0 -0 1
    outer loop
      vertex 279.44000244140625 1400 84.900001525878906
      vertex 272.07998657226562 1398 84.900001525878906
      vertex 279.44000244140625 1398 84.900001525878906
    endloop
  endfacet
  facet normal 0 -0 1
    outer loop
      vertex 286.79998779296875 1400 84.900001525878906
      vertex 279.44000244140625 1400 84.900001525878906
      vertex 279.44000244140625 1398 84.900001525878906
    endloop
  endfacet
  facet normal 0 -0 1
    outer loop
      vertex 286.79998779296875 1400 84.900001525878906
      vertex 279.44000244140625 1398 84.900001525878906
      vertex 286.79998779296875 1398 84.900001525878906
    endloop
  endfacet
  facet normal 0 -0 1
    outer loop
      vertex 272.07998657226562 1400 84.900001525878906
      vertex 264.72000122070312 1400 84.900001525878906
      vertex 264.72000122070312 1398 84.900001525878906
    endloop
  endfacet
  facet normal 0 -0 1
    outer loop
      vertex 272.07998657226562 1400 84.900001525878906
      vertex 264.72000122070312 1398 84.900001525878906
      vertex 272.07998657226562 1398 84.900001525878906
    endloop
  endfacet
  facet normal 0 -0 1
    outer loop
      vertex 250 1400 84.900001525878906
      vertex 242.63999938964844 1400 84.900001525878906
      vertex 242.63999938964844 1398 84.900001525878906
    endloop
  endfacet
  facet normal 0 -0 1
    outer loop
      vertex 250 1400 84.900001525878906
      vertex 242.63999938964844 1398 84.900001525878906
      vertex 250 1398 84.900001525878906
    endloop
  endfacet
  facet normal -0 -1 -0
    outer loop
      vertex 210 1398 90
      vertex 210 1398 82.5
      vertex 213.19999694824219 1398 84.900001525878906
    endloop
  endfacet
  facet normal -0 -1 0
    outer loop
      vertex 210 1398 90
      vertex 213.19999694824219 1398 84.900001525878906
      vertex 213.19999694824219 1398 92.785713195800781
    endloop
  endfacet
  facet normal 0 -1 -0
    outer loop
      vertex 210 1398 82.5
      vertex 218 1398 82.5
      vertex 220.55999755859375 1398 84.900001525878906
    endloop
  endfacet
  facet normal 0 -1 0
    outer loop
      vertex 210 1398 82.5
      vertex 220.55999755859375 1398 84.900001525878906
      vertex 213.19999694824219 1398 84.900001525878906
    endloop
  endfacet
  facet normal -0 -1 -0
    outer loop
      vertex 210 1398 105
      vertex 210 1398 97.5
      vertex 213.19999694824219 1398 100.67142486572266
    endloop
  endfacet
  facet normal -0 -1 0
    outer loop
      vertex 210 1398 105
      vertex 213.19999694824219 1398 100.67142486572266
      vertex 213.19999694824219 1398 108.55714416503906
    endloop
  endfacet
  facet normal 0 -1 0
    outer loop
      vertex 213.19999694824219 1398 92.785713195800781
      vertex 213.19999694824219 1398 100.67142486572266
      vertex 210 1398 97.5
    endloop
  endfacet
  facet normal 0 -1 -0
    outer loop
      vertex 213.19999694824219 1398 92.785713195800781
      vertex 210 1398 97.5
      vertex 210 1398 90
    endloop
  endfacet
  facet normal 0 -1 -0
    outer loop
      vertex 226 1398 82.5
      vertex 234 1398 82.5
      vertex 235.27999877929688 1398 84.900001525878906
    endloop
  endfacet
  facet normal 0 -1 -0
    outer loop
      vertex 226 1398 82.5
      vertex 235.27999877929688 1398 84.900001525878906
      vertex 227.91999816894531 1398 84.900001525878906
    endloop
  endfacet
  facet normal 0 -1 -0
    outer loop
      vertex 242 1398 82.5
      vertex 250 1398 82.5
      vertex 250 1398 84.900001525878906
    endloop
  endfacet
  facet normal 0 -1 -0
    outer loop
      vertex 242 1398 82.5
      vertex 250 1398 84.900001525878906
      vertex 242.63999938964844 1398 84.900001525878906
    endloop
  endfacet
  facet normal 0 -1 -0
    outer loop
      vertex 234 1398 82.5
      vertex 242 1398 82.5
      vertex 242.63999938964844 1398 84.900001525878906
    endloop
  endfacet
  facet normal 0 -1 -0
    outer loop
      vertex 234 1398 82.5
      vertex 242.63999938964844 1398 84.900001525878906
      vertex 235.27999877929688 1398 84.900001525878906
    endloop
  endfacet
  facet normal 0 -1 -0
    outer loop
      vertex 227.91999816894531 1398 84.900001525878906
      vertex 220.55999755859375 1398 84.900001525878906
      vertex 218 1398 82.5
    endloop
  endfacet
  facet normal -0 -1 0
    outer loop
      vertex 227.91999816894531 1398 84.900001525878906
      vertex 218 1398 82.5
      vertex 226 1398 82.5
    endloop
  endfacet
  facet normal -0 -1 0
    outer loop
      vertex 257.3599853515625 1398 84.900001525878906
      vertex 250 1398 84.900001525878906
      vertex 250 1398 82.5
    endloop
  endfacet
  facet normal 0 -1 0
    outer loop
      vertex 257.3599853515625 1398 84.900001525878906
      vertex 250 1398 82.5
      vertex 258 1398 82.5
    endloop
  endfacet
  facet normal 0 -1 -0
    outer loop
      vertex 213.19999694824219 1398 116.44285583496094
      vertex 210 1398 120
      vertex 210 1398 112.5
    endloop
  endfacet
  facet normal 0 -1 0
    outer loop
      vertex 213.19999694824219 1398 108.55714416503906
      vertex 213.19999694824219 1398 116.44285583496094
      vertex 210 1398 112.5
    endloop
  endfacet
  facet normal 0 -1 -0
    outer loop
      vertex 213.19999694824219 1398 108.55714416503906
      vertex 210 1398 112.5
      vertex 210 1398 105
    endloop
  endfacet
  facet normal 0 -1 0
    outer loop
      vertex 213.19999694824219 1398 116.44285583496094
      vertex 213.19999694824219 1398 124.32857513427734
      vertex 210 1398 127.5
    endloop
  endfacet
  facet normal 0 -1 0
    outer loop
      vertex 213.19999694824219 1398 116.44285583496094
      vertex 210 1398 127.5
      vertex 210 1398 120
    endloop
  endfacet
  facet normal -0 -1 0
    outer loop
      vertex 210 1398 135
      vertex 210 1398 127.5
      vertex 213.19999694824219 1398 124.32857513427734
    endloop
  endfacet
  facet normal 0 -1 0
    outer loop
      vertex 210 1398 135
      vertex 213.19999694824219 1398 124.32857513427734
      vertex 213.19999694824219 1398 132.21427917480469
    endloop
  endfacet
  facet normal -0 -1 0
    outer loop
      vertex 210 1398 142.5
      vertex 210 1398 135
      vertex 213.19999694824219 1398 132.21427917480469
    endloop
  endfacet
  facet normal -0 -1 -0
    outer loop
      vertex 210 1398 142.5
      vertex 213.19999694824219 1398 132.21427917480469
      vertex 213.19999694824219 1398 140.10000610351562
    endloop
  endfacet
  facet normal 0 -1 -0
    outer loop
      vertex 213.19999694824219 1398 140.10000610351562
      vertex 220.55999755859375 1398 140.10000610351562
      vertex 218 1398 142.5
    endloop
  endfacet
  facet normal -0 -1 -0
    outer loop
      vertex 213.19999694824219 1398 140.10000610351562
      vertex 218 1398 142.5
      vertex 210 1398 142.5
    endloop
  endfacet
  facet normal 0 -1 -0
    outer loop
      vertex 227.91999816894531 1398 140.10000610351562
      vertex 235.27999877929688 1398 140.10000610351562
      vertex 234 1398 142.5
    endloop
  endfacet
  facet normal -0 -1 -0
    outer loop
      vertex 227.91999816894531 1398 140.10000610351562
      vertex 234 1398 142.5
      vertex 226 1398 142.5
    endloop
  endfacet
  facet normal 0 -1 -0
    outer loop
      vertex 220.55999755859375 1398 140.10000610351562
      vertex 227.91999816894531 1398 140.10000610351562
      vertex 226 1398 142.5
    endloop
  endfacet
  facet normal -0 -1 -0
    outer loop
      vertex 220.55999755859375 1398 140.10000610351562
      vertex 226 1398 142.5
      vertex 218 1398 142.5
    endloop
  endfacet
  facet normal -0 -1 0
    outer loop
      vertex 242 1398 142.5
      vertex 234 1398 142.5
      vertex 235.27999877929688 1398 140.10000610351562
    endloop
  endfacet
  facet normal 0 -1 0
    outer loop
      vertex 242 1398 142.5
      vertex 235.27999877929688 1398 140.10000610351562
      vertex 242.63999938964844 1398 140.10000610351562
    endloop
  endfacet
  facet normal -0 -1 0
    outer loop
      vertex 250 1398 142.5
      vertex 242 1398 142.5
      vertex 242.63999938964844 1398 140.10000610351562
    endloop
  endfacet
  facet normal -0 -1 0
    outer loop
      vertex 250 1398 142.5
      vertex 242.63999938964844 1398 140.10000610351562
      vertex 250 1398 140.10000610351562
    endloop
  endfacet
  facet normal 0 -1 -0
    outer loop
      vertex 258 1398 82.5
      vertex 266 1398 82.5
      vertex 264.72000122070312 1398 84.900001525878906
    endloop
  endfacet
  facet normal -0 -1 -0
    outer loop
      vertex 258 1398 82.5
      vertex 264.72000122070312 1398 84.900001525878906
      vertex 257.3599853515625 1398 84.900001525878906
    endloop
  endfacet
  facet normal 0 -1 -0
    outer loop
      vertex 274 1398 82.5
      vertex 282 1398 82.5
      vertex 279.44000244140625 1398 84.900001525878906
    endloop
  endfacet
  facet normal -0 -1 -0
    outer loop
      vertex 274 1398 82.5
      vertex 279.44000244140625 1398 84.900001525878906
      vertex 272.07998657226562 1398 84.900001525878906
    endloop
  endfacet
  facet normal 0 -1 -0
    outer loop
      vertex 266 1398 82.5
      vertex 274 1398 82.5
      vertex 272.07998657226562 1398 84.900001525878906
    endloop
  endfacet
  facet normal -0 -1 -0
    outer loop
      vertex 266 1398 82.5
      vertex 272.07998657226562 1398 84.900001525878906
      vertex 264.72000122070312 1398 84.900001525878906
    endloop
  endfacet
  facet normal -0 -1 0
    outer loop
      vertex 286.79998779296875 1398 84.900001525878906
      vertex 279.44000244140625 1398 84.900001525878906
      vertex 282 1398 82.5
    endloop
  endfacet
  facet normal 0 -1 0
    outer loop
      vertex 286.79998779296875 1398 84.900001525878906
      vertex 282 1398 82.5
      vertex 290 1398 82.5
    endloop
  endfacet
  facet normal -0 -1 0
    outer loop
      vertex 286.79998779296875 1398 92.785713195800781
      vertex 286.79998779296875 1398 84.900001525878906
      vertex 290 1398 82.5
    endloop
  endfacet
  facet normal -0 -1 -0
    outer loop
      vertex 286.79998779296875 1398 92.785713195800781
      vertex 290 1398 82.5
      vertex 290 1398 90
    endloop
  endfacet
  facet normal -0 -1 -0
    outer loop
      vertex 290 1398 90
      vertex 290 1398 97.5
      vertex 286.79998779296875 1398 100.67142486572266
    endloop
  endfacet
  facet normal 0 -1 0
    outer loop
      vertex 290 1398 90
      vertex 286.79998779296875 1398 100.67142486572266
      vertex 286.79998779296875 1398 92.785713195800781
    endloop
  endfacet
  facet normal -0 -1 0
    outer loop
      vertex 286.79998779296875 1398 108.55714416503906
      vertex 286.79998779296875 1398 100.67142486572266
      vertex 290 1398 97.5
    endloop
  endfacet
  facet normal -0 -1 -0
    outer loop
      vertex 286.79998779296875 1398 108.55714416503906
      vertex 290 1398 97.5
      vertex 290 1398 105
    endloop
  endfacet
  facet normal -0 -1 0
    outer loop
      vertex 286.79998779296875 1398 108.55714416503906
      vertex 290 1398 105
      vertex 290 1398 112.5
    endloop
  endfacet
  facet normal 0 -1 -0
    outer loop
      vertex 290 1398 112.5
      vertex 286.79998779296875 1398 116.44285583496094
      vertex 286.79998779296875 1398 108.55714416503906
    endloop
  endfacet
  facet normal 0 -1 -0
    outer loop
      vertex 250 1398 140.10000610351562
      vertex 257.3599853515625 1398 140.10000610351562
      vertex 258 1398 142.5
    endloop
  endfacet
  facet normal 0 -1 -0
    outer loop
      vertex 250 1398 140.10000610351562
      vertex 258 1398 142.5
      vertex 250 1398 142.5
    endloop
  endfacet
  facet normal -0 -1 0
    outer loop
      vertex 264.72000122070312 1398 140.10000610351562
      vertex 272.07998657226562 1398 140.10000610351562
      vertex 274 1398 142.5
    endloop
  endfacet
  facet normal 0 -1 -0
    outer loop
      vertex 264.72000122070312 1398 140.10000610351562
      vertex 274 1398 142.5
      vertex 266 1398 142.5
    endloop
  endfacet
  facet normal -0 -1 0
    outer loop
      vertex 257.3599853515625 1398 140.10000610351562
      vertex 264.72000122070312 1398 140.10000610351562
      vertex 266 1398 142.5
    endloop
  endfacet
  facet normal 0 -1 -0
    outer loop
      vertex 257.3599853515625 1398 140.10000610351562
      vertex 266 1398 142.5
      vertex 258 1398 142.5
    endloop
  endfacet
  facet normal 0 -1 0
    outer loop
      vertex 282 1398 142.5
      vertex 274 1398 142.5
      vertex 272.07998657226562 1398 140.10000610351562
    endloop
  endfacet
  facet normal -0 -1 0
    outer loop
      vertex 282 1398 142.5
      vertex 272.07998657226562 1398 140.10000610351562
      vertex 279.44000244140625 1398 140.10000610351562
    endloop
  endfacet
  facet normal -0 -1 -0
    outer loop
      vertex 286.79998779296875 1398 124.32857513427734
      vertex 286.79998779296875 1398 116.44285583496094
      vertex 290 1398 120
    endloop
  endfacet
  facet normal -0 -1 0
    outer loop
      vertex 286.79998779296875 1398 124.32857513427734
      vertex 290 1398 120
      vertex 290 1398 127.5
    endloop
  endfacet
  facet normal -0 -1 0
    outer loop
      vertex 290 1398 120
      vertex 286.79998779296875 1398 116.44285583496094
      vertex 290 1398 112.5
    endloop
  endfacet
  facet normal -0 -1 -0
    outer loop
      vertex 286.79998779296875 1398 132.21427917480469
      vertex 286.79998779296875 1398 124.32857513427734
      vertex 290 1398 127.5
    endloop
  endfacet
  facet normal -0 -1 0
    outer loop
      vertex 286.79998779296875 1398 132.21427917480469
      vertex 290 1398 127.5
      vertex 290 1398 135
    endloop
  endfacet
  facet normal 0 -1 -0
    outer loop
      vertex 279.44000244140625 1398 140.10000610351562
      vertex 286.79998779296875 1398 140.10000610351562
      vertex 290 1398 142.5
    endloop
  endfacet
  facet normal 0 -1 -0
    outer loop
      vertex 279.44000244140625 1398 140.10000610351562
      vertex 290 1398 142.5
      vertex 282 1398 142.5
    endloop
  endfacet
  facet normal 0 -1 0
    outer loop
      vertex 290 1398 135
      vertex 290 1398 142.5
      vertex 286.79998779296875 1398 140.10000610351562
    endloop
  endfacet
  facet normal 0 -1 -0
    outer loop
      vertex 290 1398 135
      vertex 286.79998779296875 1398 140.10000610351562
      vertex 286.79998779296875 1398 132.21427917480469
    endloop
  endfacet
  facet normal 0 1 0
    outer loop
      vertex 310 1400 15
      vertex 313.20001220703125 1400 17.785715103149414
      vertex 313.20001220703125 1400 9.8999996185302734
    endloop
  endfacet
  facet normal -0 1 -0
    outer loop
      vertex 310 1400 15
      vertex 313.20001220703125 1400 9.8999996185302734
      vertex 310 1400 7.5
    endloop
  endfacet
  facet normal 0 1 -0
    outer loop
      vertex 310 1400 7.5
      vertex 313.20001220703125 1400 9.8999996185302734
      vertex 320.55999755859375 1400 9.8999996185302734
    endloop
  endfacet
  facet normal 0 1 -0
    outer loop
      vertex 310 1400 7.5
      vertex 320.55999755859375 1400 9.8999996185302734
      vertex 318 1400 7.5
    endloop
  endfacet
  facet normal 0 1 0
    outer loop
      vertex 310 1400 22.5
      vertex 313.20001220703125 1400 25.671428680419922
      vertex 313.20001220703125 1400 17.785715103149414
    endloop
  endfacet
  facet normal -0 1 -0
    outer loop
      vertex 310 1400 22.5
      vertex 313.20001220703125 1400 17.785715103149414
      vertex 310 1400 15
    endloop
  endfacet
  facet normal 0 1 0
    outer loop
      vertex 310 1400 30
      vertex 313.20001220703125 1400 33.557144165039062
      vertex 313.20001220703125 1400 25.671428680419922
    endloop
  endfacet
  facet normal -0 1 -0
    outer loop
      vertex 310 1400 30
      vertex 313.20001220703125 1400 25.671428680419922
      vertex 310 1400 22.5
    endloop
  endfacet
  facet normal -0 1 -0
    outer loop
      vertex 310 1400 37.5
      vertex 313.20001220703125 1400 33.557144165039062
      vertex 310 1400 30
    endloop
  endfacet
  facet normal 0 1 -0
    outer loop
      vertex 318 1400 7.5
      vertex 320.55999755859375 1400 9.8999996185302734
      vertex 327.92001342773438 1400 9.8999996185302734
    endloop
  endfacet
  facet normal 0 1 -0
    outer loop
      vertex 318 1400 7.5
      vertex 327.92001342773438 1400 9.8999996185302734
      vertex 326 1400 7.5
    endloop
  endfacet
  facet normal 0 1 -0
    outer loop
      vertex 334 1400 7.5
      vertex 335.27999877929688 1400 9.8999996185302734
      vertex 342.6400146484375 1400 9.8999996185302734
    endloop
  endfacet
  facet normal 0 1 -0
    outer loop
      vertex 334 1400 7.5
      vertex 342.6400146484375 1400 9.8999996185302734
      vertex 342 1400 7.5
    endloop
  endfacet
  facet normal 0 1 -0
    outer loop
      vertex 326 1400 7.5
      vertex 327.92001342773438 1400 9.8999996185302734
      vertex 335.27999877929688 1400 9.8999996185302734
    endloop
  endfacet
  facet normal 0 1 -0
    outer loop
      vertex 326 1400 7.5
      vertex 335.27999877929688 1400 9.8999996185302734
      vertex 334 1400 7.5
    endloop
  endfacet
  facet normal 0 1 -0
    outer loop
      vertex 342 1400 7.5
      vertex 342.6400146484375 1400 9.8999996185302734
      vertex 350 1400 9.8999996185302734
    endloop
  endfacet
  facet normal 0 1 -0
    outer loop
      vertex 342 1400 7.5
      vertex 350 1400 9.8999996185302734
      vertex 350 1400 7.5
    endloop
  endfacet
  facet normal -0 1 -0
    outer loop
      vertex 313.20001220703125 1400 41.442855834960938
      vertex 310 1400 37.5
      vertex 310 1400 45
    endloop
  endfacet
  facet normal 0 1 0
    outer loop
      vertex 313.20001220703125 1400 41.442855834960938
      vertex 310 1400 45
      vertex 310 1400 52.5
    endloop
  endfacet
  facet normal 0 1 0
    outer loop
      vertex 313.20001220703125 1400 41.442855834960938
      vertex 310 1400 52.5
      vertex 313.20001220703125 1400 49.328571319580078
    endloop
  endfacet
  facet normal 0 1 0
    outer loop
      vertex 310 1400 37.5
      vertex 313.20001220703125 1400 41.442855834960938
      vertex 313.20001220703125 1400 33.557144165039062
    endloop
  endfacet
  facet normal -0 1 -0
    outer loop
      vertex 310 1400 60
      vertex 313.20001220703125 1400 57.214286804199219
      vertex 313.20001220703125 1400 49.328571319580078
    endloop
  endfacet
  facet normal -0 1 0
    outer loop
      vertex 310 1400 60
      vertex 313.20001220703125 1400 49.328571319580078
      vertex 310 1400 52.5
    endloop
  endfacet
  facet normal -0 1 -0
    outer loop
      vertex 310 1400 67.5
      vertex 313.20001220703125 1400 65.099998474121094
      vertex 313.20001220703125 1400 57.214286804199219
    endloop
  endfacet
  facet normal -0 1 0
    outer loop
      vertex 310 1400 67.5
      vertex 313.20001220703125 1400 57.214286804199219
      vertex 310 1400 60
    endloop
  endfacet
  facet normal 0 1 -0
    outer loop
      vertex 318 1400 67.5
      vertex 320.55999755859375 1400 65.099998474121094
      vertex 313.20001220703125 1400 65.099998474121094
    endloop
  endfacet
  facet normal -0 1 0
    outer loop
      vertex 318 1400 67.5
      vertex 313.20001220703125 1400 65.099998474121094
      vertex 310 1400 67.5
    endloop
  endfacet
  facet normal -0 1 0
    outer loop
      vertex 320.55999755859375 1400 65.099998474121094
      vertex 318 1400 67.5
      vertex 326 1400 67.5
    endloop
  endfacet
  facet normal 0 1 -0
    outer loop
      vertex 320.55999755859375 1400 65.099998474121094
      vertex 326 1400 67.5
      vertex 327.92001342773438 1400 65.099998474121094
    endloop
  endfacet
  facet normal -0 1 0
    outer loop
      vertex 335.27999877929688 1400 65.099998474121094
      vertex 334 1400 67.5
      vertex 342 1400 67.5
    endloop
  endfacet
  facet normal 0 1 -0
    outer loop
      vertex 335.27999877929688 1400 65.099998474121094
      vertex 342 1400 67.5
      vertex 342.6400146484375 1400 65.099998474121094
    endloop
  endfacet
  facet normal -0 1 0
    outer loop
      vertex 327.92001342773438 1400 65.099998474121094
      vertex 326 1400 67.5
      vertex 334 1400 67.5
    endloop
  endfacet
  facet normal 0 1 -0
    outer loop
      vertex 327.92001342773438 1400 65.099998474121094
      vertex 334 1400 67.5
      vertex 335.27999877929688 1400 65.099998474121094
    endloop
  endfacet
  facet normal -0 1 0
    outer loop
      vertex 342.6400146484375 1400 65.099998474121094
      vertex 342 1400 67.5
      vertex 350 1400 67.5
    endloop
  endfacet
  facet normal 0 1 -0
    outer loop
      vertex 342.6400146484375 1400 65.099998474121094
      vertex 350 1400 67.5
      vertex 350 1400 65.099998474121094
    endloop
  endfacet
  facet normal 0 1 -0
    outer loop
      vertex 357.3599853515625 1400 9.8999996185302734
      vertex 358 1400 7.5
      vertex 350 1400 7.5
    endloop
  endfacet
  facet normal 0 1 0
    outer loop
      vertex 357.3599853515625 1400 9.8999996185302734
      vertex 350 1400 7.5
      vertex 350 1400 9.8999996185302734
    endloop
  endfacet
  facet normal -0 1 0
    outer loop
      vertex 358 1400 7.5
      vertex 357.3599853515625 1400 9.8999996185302734
      vertex 364.72000122070312 1400 9.8999996185302734
    endloop
  endfacet
  facet normal 0 1 -0
    outer loop
      vertex 358 1400 7.5
      vertex 364.72000122070312 1400 9.8999996185302734
      vertex 366 1400 7.5
    endloop
  endfacet
  facet normal -0 1 0
    outer loop
      vertex 366 1400 7.5
      vertex 364.72000122070312 1400 9.8999996185302734
      vertex 372.07998657226562 1400 9.8999996185302734
    endloop
  endfacet
  facet normal 0 1 -0
    outer loop
      vertex 366 1400 7.5
      vertex 372.07998657226562 1400 9.8999996185302734
      vertex 374 1400 7.5
    endloop
  endfacet
  facet normal 0 1 -0
    outer loop
      vertex 379.44000244140625 1400 9.8999996185302734
      vertex 382 1400 7.5
      vertex 374 1400 7.5
    endloop
  endfacet
  facet normal -0 1 0
    outer loop
      vertex 379.44000244140625 1400 9.8999996185302734
      vertex 374 1400 7.5
      vertex 372.07998657226562 1400 9.8999996185302734
    endloop
  endfacet
  facet normal -0 1 0
    outer loop
      vertex 382 1400 7.5
      vertex 379.44000244140625 1400 9.8999996185302734
      vertex 386.79998779296875 1400 9.8999996185302734
    endloop
  endfacet
  facet normal 0 1 -0
    outer loop
      vertex 382 1400 7.5
      vertex 386.79998779296875 1400 9.8999996185302734
      vertex 390 1400 7.5
    endloop
  endfacet
  facet normal 0 1 0
    outer loop
      vertex 390 1400 7.5
      vertex 386.79998779296875 1400 9.8999996185302734
      vertex 386.79998779296875 1400 17.785715103149414
    endloop
  endfacet
  facet normal 0 1 0
    outer loop
      vertex 390 1400 7.5
      vertex 386.79998779296875 1400 17.785715103149414
      vertex 390 1400 15
    endloop
  endfacet
  facet normal -0 1 -0
    outer loop
      vertex 386.79998779296875 1400 25.671428680419922
      vertex 390 1400 22.5
      vertex 390 1400 15
    endloop
  endfacet
  facet normal -0 1 0
    outer loop
      vertex 386.79998779296875 1400 25.671428680419922
      vertex 390 1400 15
      vertex 386.79998779296875 1400 17.785715103149414
    endloop
  endfacet
  facet normal -0 1 -0
    outer loop
      vertex 386.79998779296875 1400 33.557144165039062
      vertex 390 1400 30
      vertex 390 1400 22.5
    endloop
  endfacet
  facet normal -0 1 0
    outer loop
      vertex 386.79998779296875 1400 33.557144165039062
      vertex 390 1400 22.5
      vertex 386.79998779296875 1400 25.671428680419922
    endloop
  endfacet
  facet normal -0 1 0
    outer loop
      vertex 390 1400 37.5
      vertex 390 1400 30
      vertex 386.79998779296875 1400 33.557144165039062
    endloop
  endfacet
  facet normal 0 1 -0
    outer loop
      vertex 357.3599853515625 1400 65.099998474121094
      vertex 358 1400 67.5
      vertex 366 1400 67.5
    endloop
  endfacet
  facet normal 0 1 -0
    outer loop
      vertex 357.3599853515625 1400 65.099998474121094
      vertex 366 1400 67.5
      vertex 364.72000122070312 1400 65.099998474121094
    endloop
  endfacet
  facet normal 0 1 -0
    outer loop
      vertex 372.07998657226562 1400 65.099998474121094
      vertex 374 1400 67.5
      vertex 382 1400 67.5
    endloop
  endfacet
  facet normal 0 1 -0
    outer loop
      vertex 372.07998657226562 1400 65.099998474121094
      vertex 382 1400 67.5
      vertex 379.44000244140625 1400 65.099998474121094
    endloop
  endfacet
  facet normal 0 1 -0
    outer loop
      vertex 364.72000122070312 1400 65.099998474121094
      vertex 366 1400 67.5
      vertex 374 1400 67.5
    endloop
  endfacet
  facet normal -0 1 0
    outer loop
      vertex 364.72000122070312 1400 65.099998474121094
      vertex 374 1400 67.5
      vertex 372.07998657226562 1400 65.099998474121094
    endloop
  endfacet
  facet normal -0 1 0
    outer loop
      vertex 358 1400 67.5
      vertex 357.3599853515625 1400 65.099998474121094
      vertex 350 1400 65.099998474121094
    endloop
  endfacet
  facet normal 0 1 0
    outer loop
      vertex 358 1400 67.5
      vertex 350 1400 65.099998474121094
      vertex 350 1400 67.5
    endloop
  endfacet
  facet normal 0 1 -0
    outer loop
      vertex 379.44000244140625 1400 65.099998474121094
      vertex 382 1400 67.5
      vertex 390 1400 67.5
    endloop
  endfacet
  facet normal -0 1 0
    outer loop
      vertex 379.44000244140625 1400 65.099998474121094
      vertex 390 1400 67.5
      vertex 386.79998779296875 1400 65.099998474121094
    endloop
  endfacet
  facet normal 0 1 0
    outer loop
      vertex 386.79998779296875 1400 49.328571319580078
      vertex 390 1400 52.5
      vertex 390 1400 45
    endloop
  endfacet
  facet normal -0 1 -0
    outer loop
      vertex 386.79998779296875 1400 49.328571319580078
      vertex 390 1400 45
      vertex 386.79998779296875 1400 41.442855834960938
    endloop
  endfacet
  facet normal 0 1 0
    outer loop
      vertex 386.79998779296875 1400 41.442855834960938
      vertex 390 1400 45
      vertex 390 1400 37.5
    endloop
  endfacet
  facet normal 0 1 0
    outer loop
      vertex 386.79998779296875 1400 65.099998474121094
      vertex 390 1400 67.5
      vertex 390 1400 60
    endloop
  endfacet
  facet normal -0 1 -0
    outer loop
      vertex 386.79998779296875 1400 65.099998474121094
      vertex 390 1400 60
      vertex 386.79998779296875 1400 57.214286804199219
    endloop
  endfacet
  facet normal -0 1 -0
    outer loop
      vertex 390 1400 52.5
      vertex 386.79998779296875 1400 49.328571319580078
      vertex 386.79998779296875 1400 57.214286804199219
    endloop
  endfacet
  facet normal 0 1 0
    outer loop
      vertex 390 1400 52.5
      vertex 386.79998779296875 1400 57.214286804199219
      vertex 390 1400 60
    endloop
  endfacet
  facet normal -0 1 -0
    outer loop
      vertex 386.79998779296875 1400 41.442855834960938
      vertex 390 1400 37.5
      vertex 386.79998779296875 1400 33.557144165039062
    endloop
  endfacet
  facet normal -1 0 0
    outer loop
      vertex 310 1400 60
      vertex 310 1398 60
      vertex 310 1398 67.5
    endloop
  endfacet
  facet normal -1 -0 0
    outer loop
      vertex 310 1400 60
      vertex 310 1398 67.5
      vertex 310 1400 67.5
    endloop
  endfacet
  facet normal -1 0 0
    outer loop
      vertex 310 1400 45
      vertex 310 1398 45
      vertex 310 1398 52.5
    endloop
  endfacet
  facet normal -1 -0 0
    outer loop
      vertex 310 1400 45
      vertex 310 1398 52.5
      vertex 310 1400 52.5
    endloop
  endfacet
  facet normal -1 0 0
    outer loop
      vertex 310 1400 52.5
      vertex 310 1398 52.5
      vertex 310 1398 60
    endloop
  endfacet
  facet normal -1 -0 0
    outer loop
      vertex 310 1400 52.5
      vertex 310 1398 60
      vertex 310 1400 60
    endloop
  endfacet
  facet normal -1 0 0
    outer loop
      vertex 310 1400 30
      vertex 310 1398 30
      vertex 310 1398 37.5
    endloop
  endfacet
  facet normal -1 -0 0
    outer loop
      vertex 310 1400 30
      vertex 310 1398 37.5
      vertex 310 1400 37.5
    endloop
  endfacet
  facet normal -1 0 0
    outer loop
      vertex 310 1400 15
      vertex 310 1398 15
      vertex 310 1398 22.5
    endloop
  endfacet
  facet normal -1 -0 0
    outer loop
      vertex 310 1400 15
      vertex 310 1398 22.5
      vertex 310 1400 22.5
    endloop
  endfacet
  facet normal -1 0 0
    outer loop
      vertex 310 1400 7.5
      vertex 310 1398 7.5
      vertex 310 1398 15
    endloop
  endfacet
  facet normal -1 -0 0
    outer loop
      vertex 310 1400 7.5
      vertex 310 1398 15
      vertex 310 1400 15
    endloop
  endfacet
  facet normal -1 0 0
    outer loop
      vertex 310 1400 22.5
      vertex 310 1398 22.5
      vertex 310 1398 30
    endloop
  endfacet
  facet normal -1 -0 0
    outer loop
      vertex 310 1400 22.5
      vertex 310 1398 30
      vertex 310 1400 30
    endloop
  endfacet
  facet normal -1 0 0
    outer loop
      vertex 310 1400 37.5
      vertex 310 1398 37.5
      vertex 310 1398 45
    endloop
  endfacet
  facet normal -1 -0 0
    outer loop
      vertex 310 1400 37.5
      vertex 310 1398 45
      vertex 310 1400 45
    endloop
  endfacet
  facet normal -0 0 -1
    outer loop
      vertex 318 1400 7.5
      vertex 318 1398 7.5
      vertex 310 1398 7.5
    endloop
  endfacet
  facet normal 0 -0 -1
    outer loop
      vertex 318 1400 7.5
      vertex 310 1398 7.5
      vertex 310 1400 7.5
    endloop
  endfacet
  facet normal -0 0 -1
    outer loop
      vertex 334 1400 7.5
      vertex 334 1398 7.5
      vertex 326 1398 7.5
    endloop
  endfacet
  facet normal 0 -0 -1
    outer loop
      vertex 334 1400 7.5
      vertex 326 1398 7.5
      vertex 326 1400 7.5
    endloop
  endfacet
  facet normal -0 0 -1
    outer loop
      vertex 342 1400 7.5
      vertex 342 1398 7.5
      vertex 334 1398 7.5
    endloop
  endfacet
  facet normal 0 -0 -1
    outer loop
      vertex 342 1400 7.5
      vertex 334 1398 7.5
      vertex 334 1400 7.5
    endloop
  endfacet
  facet normal -0 0 -1
    outer loop
      vertex 326 1400 7.5
      vertex 326 1398 7.5
      vertex 318 1398 7.5
    endloop
  endfacet
  facet normal 0 -0 -1
    outer loop
      vertex 326 1400 7.5
      vertex 318 1398 7.5
      vertex 318 1400 7.5
    endloop
  endfacet
  facet normal -0 0 -1
    outer loop
      vertex 358 1400 7.5
      vertex 358 1398 7.5
      vertex 350 1398 7.5
    endloop
  endfacet
  facet normal 0 -0 -1
    outer loop
      vertex 358 1400 7.5
      vertex 350 1398 7.5
      vertex 350 1400 7.5
    endloop
  endfacet
  facet normal -0 0 -1
    outer loop
      vertex 366 1400 7.5
      vertex 366 1398 7.5
      vertex 358 1398 7.5
    endloop
  endfacet
  facet normal 0 -0 -1
    outer loop
      vertex 366 1400 7.5
      vertex 358 1398 7.5
      vertex 358 1400 7.5
    endloop
  endfacet
  facet normal -0 0 -1
    outer loop
      vertex 382 1400 7.5
      vertex 382 1398 7.5
      vertex 374 1398 7.5
    endloop
  endfacet
  facet normal 0 -0 -1
    outer loop
      vertex 382 1400 7.5
      vertex 374 1398 7.5
      vertex 374 1400 7.5
    endloop
  endfacet
  facet normal -0 0 -1
    outer loop
      vertex 390 1400 7.5
      vertex 390 1398 7.5
      vertex 382 1398 7.5
    endloop
  endfacet
  facet normal 0 -0 -1
    outer loop
      vertex 390 1400 7.5
      vertex 382 1398 7.5
      vertex 382 1400 7.5
    endloop
  endfacet
  facet normal -0 0 -1
    outer loop
      vertex 374 1400 7.5
      vertex 374 1398 7.5
      vertex 366 1398 7.5
    endloop
  endfacet
  facet normal 0 -0 -1
    outer loop
      vertex 374 1400 7.5
      vertex 366 1398 7.5
      vertex 366 1400 7.5
    endloop
  endfacet
  facet normal -0 0 -1
    outer loop
      vertex 350 1400 7.5
      vertex 350 1398 7.5
      vertex 342 1398 7.5
    endloop
  endfacet
  facet normal 0 -0 -1
    outer loop
      vertex 350 1400 7.5
      vertex 342 1398 7.5
      vertex 342 1400 7.5
    endloop
  endfacet
  facet normal 1 -0 0
    outer loop
      vertex 390 1400 15
      vertex 390 1398 15
      vertex 390 1398 7.5
    endloop
  endfacet
  facet normal 1 0 0
    outer loop
      vertex 390 1400 15
      vertex 390 1398 7.5
      vertex 390 1400 7.5
    endloop
  endfacet
  facet normal 1 -0 0
    outer loop
      vertex 390 1400 30
      vertex 390 1398 30
      vertex 390 1398 22.5
    endloop
  endfacet
  facet normal 1 0 0
    outer loop
      vertex 390 1400 30
      vertex 390 1398 22.5
      vertex 390 1400 22.5
    endloop
  endfacet
  facet normal 1 -0 0
    outer loop
      vertex 390 1400 22.5
      vertex 390 1398 22.5
      vertex 390 1398 15
    endloop
  endfacet
  facet normal 1 0 0
    outer loop
      vertex 390 1400 22.5
      vertex 390 1398 15
      vertex 390 1400 15
    endloop
  endfacet
  facet normal 1 -0 0
    outer loop
      vertex 390 1400 45
      vertex 390 1398 45
      vertex 390 1398 37.5
    endloop
  endfacet
  facet normal 1 0 0
    outer loop
      vertex 390 1400 45
      vertex 390 1398 37.5
      vertex 390 1400 37.5
    endloop
  endfacet
  facet normal 1 -0 0
    outer loop
      vertex 390 1400 60
      vertex 390 1398 60
      vertex 390 1398 52.5
    endloop
  endfacet
  facet normal 1 0 0
    outer loop
      vertex 390 1400 60
      vertex 390 1398 52.5
      vertex 390 1400 52.5
    endloop
  endfacet
  facet normal 1 -0 0
    outer loop
      vertex 390 1400 67.5
      vertex 390 1398 67.5
      vertex 390 1398 60
    endloop
  endfacet
  facet normal 1 0 0
    outer loop
      vertex 390 1400 67.5
      vertex 390 1398 60
      vertex 390 1400 60
    endloop
  endfacet
  facet normal 1 -0 0
    outer loop
      vertex 390 1400 52.5
      vertex 390 1398 52.5
      vertex 390 1398 45
    endloop
  endfacet
  facet normal 1 0 0
    outer loop
      vertex 390 1400 52.5
      vertex 390 1398 45
      vertex 390 1400 45
    endloop
  endfacet
  facet normal 1 -0 0
    outer loop
      vertex 390 1400 37.5
      vertex 390 1398 37.5
      vertex 390 1398 30
    endloop
  endfacet
  facet normal 1 0 0
    outer loop
      vertex 390 1400 37.5
      vertex 390 1398 30
      vertex 390 1400 30
    endloop
  endfacet
  facet normal -0 -0 1
    outer loop
      vertex 382 1400 67.5
      vertex 382 1398 67.5
      vertex 390 1398 67.5
    endloop
  endfacet
  facet normal 0 0 1
    outer loop
      vertex 382 1400 67.5
      vertex 390 1398 67.5
      vertex 390 1400 67.5
    endloop
  endfacet
  facet normal -0 -0 1
    outer loop
      vertex 366 1400 67.5
      vertex 366 1398 67.5
      vertex 374 1398 67.5
    endloop
  endfacet
  facet normal 0 0 1
    outer loop
      vertex 366 1400 67.5
      vertex 374 1398 67.5
      vertex 374 1400 67.5
    endloop
  endfacet
  facet normal -0 -0 1
    outer loop
      vertex 358 1400 67.5
      vertex 358 1398 67.5
      vertex 366 1398 67.5
    endloop
  endfacet
  facet normal 0 0 1
    outer loop
      vertex 358 1400 67.5
      vertex 366 1398 67.5
      vertex 366 1400 67.5
    endloop
  endfacet
  facet normal -0 -0 1
    outer loop
      vertex 374 1400 67.5
      vertex 374 1398 67.5
      vertex 382 1398 67.5
    endloop
  endfacet
  facet normal 0 0 1
    outer loop
      vertex 374 1400 67.5
      vertex 382 1398 67.5
      vertex 382 1400 67.5
    endloop
  endfacet
  facet normal -0 -0 1
    outer loop
      vertex 342 1400 67.5
      vertex 342 1398 67.5
      vertex 350 1398 67.5
    endloop
  endfacet
  facet normal 0 0 1
    outer loop
      vertex 342 1400 67.5
      vertex 350 1398 67.5
      vertex 350 1400 67.5
    endloop
  endfacet
  facet normal -0 -0 1
    outer loop
      vertex 334 1400 67.5
      vertex 334 1398 67.5
      vertex 342 1398 67.5
    endloop
  endfacet
  facet normal 0 0 1
    outer loop
      vertex 334 1400 67.5
      vertex 342 1398 67.5
      vertex 342 1400 67.5
    endloop
  endfacet
  facet normal -0 -0 1
    outer loop
      vertex 318 1400 67.5
      vertex 318 1398 67.5
      vertex 326 1398 67.5
    endloop
  endfacet
  facet normal 0 0 1
    outer loop
      vertex 318 1400 67.5
      vertex 326 1398 67.5
      vertex 326 1400 67.5
    endloop
  endfacet
  facet normal -0 -0 1
    outer loop
      vertex 310 1400 67.5
      vertex 310 1398 67.5
      vertex 318 1398 67.5
    endloop
  endfacet
  facet normal 0 0 1
    outer loop
      vertex 310 1400 67.5
      vertex 318 1398 67.5
      vertex 318 1400 67.5
    endloop
  endfacet
  facet normal -0 -0 1
    outer loop
      vertex 326 1400 67.5
      vertex 326 1398 67.5
      vertex 334 1398 67.5
    endloop
  endfacet
  facet normal 0 0 1
    outer loop
      vertex 326 1400 67.5
      vertex 334 1398 67.5
      vertex 334 1400 67.5
    endloop
  endfacet
  facet normal -0 -0 1
    outer loop
      vertex 350 1400 67.5
      vertex 350 1398 67.5
      vertex 358 1398 67.5
    endloop
  endfacet
  facet normal 0 0 1
    outer loop
      vertex 350 1400 67.5
      vertex 358 1398 67.5
      vertex 358 1400 67.5
    endloop
  endfacet
  facet normal 1 -0 -0
    outer loop
      vertex 313.20001220703125 1400 57.214286804199219
      vertex 313.20001220703125 1400 65.099998474121094
      vertex 313.20001220703125 1398 65.099998474121094
    endloop
  endfacet
  facet normal 1 -0 -0
    outer loop
      vertex 313.20001220703125 1400 57.214286804199219
      vertex 313.20001220703125 1398 65.099998474121094
      vertex 313.20001220703125 1398 57.214286804199219
    endloop
  endfacet
  facet normal 1 -0 -0
    outer loop
      vertex 313.20001220703125 1400 41.442855834960938
      vertex 313.20001220703125 1400 49.328571319580078
      vertex 313.20001220703125 1398 49.328571319580078
    endloop
  endfacet
  facet normal 1 -0 -0
    outer loop
      vertex 313.20001220703125 1400 41.442855834960938
      vertex 313.20001220703125 1398 49.328571319580078
      vertex 313.20001220703125 1398 41.442855834960938
    endloop
  endfacet
  facet normal 1 -0 -0
    outer loop
      vertex 313.20001220703125 1400 49.328571319580078
      vertex 313.20001220703125 1400 57.214286804199219
      vertex 313.20001220703125 1398 57.214286804199219
    endloop
  endfacet
  facet normal 1 -0 -0
    outer loop
      vertex 313.20001220703125 1400 49.328571319580078
      vertex 313.20001220703125 1398 57.214286804199219
      vertex 313.20001220703125 1398 49.328571319580078
    endloop
  endfacet
  facet normal 1 -0 -0
    outer loop
      vertex 313.20001220703125 1400 25.671428680419922
      vertex 313.20001220703125 1400 33.557144165039062
      vertex 313.20001220703125 1398 33.557144165039062
    endloop
  endfacet
  facet normal 1 -0 -0
    outer loop
      vertex 313.20001220703125 1400 25.671428680419922
      vertex 313.20001220703125 1398 33.557144165039062
      vertex 313.20001220703125 1398 25.671428680419922
    endloop
  endfacet
  facet normal 1 -0 -0
    outer loop
      vertex 313.20001220703125 1400 9.8999996185302734
      vertex 313.20001220703125 1400 17.785715103149414
      vertex 313.20001220703125 1398 17.785715103149414
    endloop
  endfacet
  facet normal 1 -0 -0
    outer loop
      vertex 313.20001220703125 1400 9.8999996185302734
      vertex 313.20001220703125 1398 17.785715103149414
      vertex 313.20001220703125 1398 9.8999996185302734
    endloop
  endfacet
  facet normal 1 -0 -0
    outer loop
      vertex 313.20001220703125 1400 17.785715103149414
      vertex 313.20001220703125 1400 25.671428680419922
      vertex 313.20001220703125 1398 25.671428680419922
    endloop
  endfacet
  facet normal 1 -0 -0
    outer loop
      vertex 313.20001220703125 1400 17.785715103149414
      vertex 313.20001220703125 1398 25.671428680419922
      vertex 313.20001220703125 1398 17.785715103149414
    endloop
  endfacet
  facet normal 1 -0 -0
    outer loop
      vertex 313.20001220703125 1400 33.557144165039062
      vertex 313.20001220703125 1400 41.442855834960938
      vertex 313.20001220703125 1398 41.442855834960938
    endloop
  endfacet
  facet normal 1 -0 -0
    outer loop
      vertex 313.20001220703125 1400 33.557144165039062
      vertex 313.20001220703125 1398 41.442855834960938
      vertex 313.20001220703125 1398 33.557144165039062
    endloop
  endfacet
  facet normal 0 0 -1
    outer loop
      vertex 379.44000244140625 1400 65.099998474121094
      vertex 386.79998779296875 1400 65.099998474121094
      vertex 386.79998779296875 1398 65.099998474121094
    endloop
  endfacet
  facet normal 0 0 -1
    outer loop
      vertex 379.44000244140625 1400 65.099998474121094
      vertex 386.79998779296875 1398 65.099998474121094
      vertex 379.44000244140625 1398 65.099998474121094
    endloop
  endfacet
  facet normal 0 0 -1
    outer loop
      vertex 364.72000122070312 1400 65.099998474121094
      vertex 372.07998657226562 1400 65.099998474121094
      vertex 372.07998657226562 1398 65.099998474121094
    endloop
  endfacet
  facet normal 0 0 -1
    outer loop
      vertex 364.72000122070312 1400 65.099998474121094
      vertex 372.07998657226562 1398 65.099998474121094
      vertex 364.72000122070312 1398 65.099998474121094
    endloop
  endfacet
  facet normal 0 0 -1
    outer loop
      vertex 357.3599853515625 1400 65.099998474121094
      vertex 364.72000122070312 1400 65.099998474121094
      vertex 364.72000122070312 1398 65.099998474121094
    endloop
  endfacet
  facet normal 0 0 -1
    outer loop
      vertex 357.3599853515625 1400 65.099998474121094
      vertex 364.72000122070312 1398 65.099998474121094
      vertex 357.3599853515625 1398 65.099998474121094
    endloop
  endfacet
  facet normal 0 0 -1
    outer loop
      vertex 372.07998657226562 1400 65.099998474121094
      vertex 379.44000244140625 1400 65.099998474121094
      vertex 379.44000244140625 1398 65.099998474121094
    endloop
  endfacet
  facet normal 0 0 -1
    outer loop
      vertex 372.07998657226562 1400 65.099998474121094
      vertex 379.44000244140625 1398 65.099998474121094
      vertex 372.07998657226562 1398 65.099998474121094
    endloop
  endfacet
  facet normal 0 0 -1
    outer loop
      vertex 342.6400146484375 1400 65.099998474121094
      vertex 350 1400 65.099998474121094
      vertex 350 1398 65.099998474121094
    endloop
  endfacet
  facet normal 0 0 -1
    outer loop
      vertex 342.6400146484375 1400 65.099998474121094
      vertex 350 1398 65.099998474121094
      vertex 342.6400146484375 1398 65.099998474121094
    endloop
  endfacet
  facet normal 0 0 -1
    outer loop
      vertex 335.27999877929688 1400 65.099998474121094
      vertex 342.6400146484375 1400 65.099998474121094
      vertex 342.6400146484375 1398 65.099998474121094
    endloop
  endfacet
  facet normal 0 0 -1
    outer loop
      vertex 335.27999877929688 1400 65.099998474121094
      vertex 342.6400146484375 1398 65.099998474121094
      vertex 335.27999877929688 1398 65.099998474121094
    endloop
  endfacet
  facet normal 0 0 -1
    outer loop
      vertex 320.55999755859375 1400 65.099998474121094
      vertex 327.92001342773438 1400 65.099998474121094
      vertex 327.92001342773438 1398 65.099998474121094
    endloop
  endfacet
  facet normal 0 0 -1
    outer loop
      vertex 320.55999755859375 1400 65.099998474121094
      vertex 327.92001342773438 1398 65.099998474121094
      vertex 320.55999755859375 1398 65.099998474121094
    endloop
  endfacet
  facet normal 0 0 -1
    outer loop
      vertex 313.20001220703125 1400 65.099998474121094
      vertex 320.55999755859375 1400 65.099998474121094
      vertex 320.55999755859375 1398 65.099998474121094
    endloop
  endfacet
  facet normal 0 0 -1
    outer loop
      vertex 313.20001220703125 1400 65.099998474121094
      vertex 320.55999755859375 1398 65.099998474121094
      vertex 313.20001220703125 1398 65.099998474121094
    endloop
  endfacet
  facet normal 0 0 -1
    outer loop
      vertex 327.92001342773438 1400 65.099998474121094
      vertex 335.27999877929688 1400 65.099998474121094
      vertex 335.27999877929688 1398 65.099998474121094
    endloop
  endfacet
  facet normal 0 0 -1
    outer loop
      vertex 327.92001342773438 1400 65.099998474121094
      vertex 335.27999877929688 1398 65.099998474121094
      vertex 327.92001342773438 1398 65.099998474121094
    endloop
  endfacet
  facet normal 0 0 -1
    outer loop
      vertex 350 1400 65.099998474121094
      vertex 357.3599853515625 1400 65.099998474121094
      vertex 357.3599853515625 1398 65.099998474121094
    endloop
  endfacet
  facet normal 0 0 -1
    outer loop
      vertex 350 1400 65.099998474121094
      vertex 357.3599853515625 1398 65.099998474121094
      vertex 350 1398 65.099998474121094
    endloop
  endfacet
  facet normal -1 0 -0
    outer loop
      vertex 386.79998779296875 1400 17.785715103149414
      vertex 386.79998779296875 1400 9.8999996185302734
      vertex 386.79998779296875 1398 9.8999996185302734
    endloop
  endfacet
  facet normal -1 0 -0
    outer loop
      vertex 386.79998779296875 1400 17.785715103149414
      vertex 386.79998779296875 1398 9.8999996185302734
      vertex 386.79998779296875 1398 17.785715103149414
    endloop
  endfacet
  facet normal -1 0 -0
    outer loop
      vertex 386.79998779296875 1400 33.557144165039062
      vertex 386.79998779296875 1400 25.671428680419922
      vertex 386.79998779296875 1398 25.671428680419922
    endloop
  endfacet
  facet normal -1 0 -0
    outer loop
      vertex 386.79998779296875 1400 33.557144165039062
      vertex 386.79998779296875 1398 25.671428680419922
      vertex 386.79998779296875 1398 33.557144165039062
    endloop
  endfacet
  facet normal -1 0 -0
    outer loop
      vertex 386.79998779296875 1400 25.671428680419922
      vertex 386.79998779296875 1400 17.785715103149414
      vertex 386.79998779296875 1398 17.785715103149414
    endloop
  endfacet
  facet normal -1 0 -0
    outer loop
      vertex 386.79998779296875 1400 25.671428680419922
      vertex 386.79998779296875 1398 17.785715103149414
      vertex 386.79998779296875 1398 25.671428680419922
    endloop
  endfacet
  facet normal -1 0 -0
    outer loop
      vertex 386.79998779296875 1400 49.328571319580078
      vertex 386.79998779296875 1400 41.442855834960938
      vertex 386.79998779296875 1398 41.442855834960938
    endloop
  endfacet
  facet normal -1 0 -0
    outer loop
      vertex 386.79998779296875 1400 49.328571319580078
      vertex 386.79998779296875 1398 41.442855834960938
      vertex 386.79998779296875 1398 49.328571319580078
    endloop
  endfacet
  facet normal -1 0 -0
    outer loop
      vertex 386.79998779296875 1400 65.099998474121094
      vertex 386.79998779296875 1400 57.214286804199219
      vertex 386.79998779296875 1398 57.214286804199219
    endloop
  endfacet
  facet normal -1 0 -0
    outer loop
      vertex 386.79998779296875 1400 65.099998474121094
      vertex 386.79998779296875 1398 57.214286804199219
      vertex 386.79998779296875 1398 65.099998474121094
    endloop
  endfacet
  facet normal -1 0 -0
    outer loop
      vertex 386.79998779296875 1400 57.214286804199219
      vertex 386.79998779296875 1400 49.328571319580078
      vertex 386.79998779296875 1398 49.328571319580078
    endloop
  endfacet
  facet normal -1 0 -0
    outer loop
      vertex 386.79998779296875 1400 57.214286804199219
      vertex 386.79998779296875 1398 49.328571319580078
      vertex 386.79998779296875 1398 57.214286804199219
    endloop
  endfacet
  facet normal -1 0 -0
    outer loop
      vertex 386.79998779296875 1400 41.442855834960938
      vertex 386.79998779296875 1400 33.557144165039062
      vertex 386.79998779296875 1398 33.557144165039062
    endloop
  endfacet
  facet normal -1 0 -0
    outer loop
      vertex 386.79998779296875 1400 41.442855834960938
      vertex 386.79998779296875 1398 33.557144165039062
      vertex 386.79998779296875 1398 41.442855834960938
    endloop
  endfacet
  facet normal 0 -0 1
    outer loop
      vertex 320.55999755859375 1400 9.8999996185302734
      vertex 313.20001220703125 1400 9.8999996185302734
      vertex 313.20001220703125 1398 9.8999996185302734
    endloop
  endfacet
  facet normal 0 -0 1
    outer loop
      vertex 320.55999755859375 1400 9.8999996185302734
      vertex 313.20001220703125 1398 9.8999996185302734
      vertex 320.55999755859375 1398 9.8999996185302734
    endloop
  endfacet
  facet normal 0 -0 1
    outer loop
      vertex 335.27999877929688 1400 9.8999996185302734
      vertex 327.92001342773438 1400 9.8999996185302734
      vertex 327.92001342773438 1398 9.8999996185302734
    endloop
  endfacet
  facet normal 0 -0 1
    outer loop
      vertex 335.27999877929688 1400 9.8999996185302734
      vertex 327.92001342773438 1398 9.8999996185302734
      vertex 335.27999877929688 1398 9.8999996185302734
    endloop
  endfacet
  facet normal 0 -0 1
    outer loop
      vertex 342.6400146484375 1400 9.8999996185302734
      vertex 335.27999877929688 1400 9.8999996185302734
      vertex 335.27999877929688 1398 9.8999996185302734
    endloop
  endfacet
  facet normal 0 -0 1
    outer loop
      vertex 342.6400146484375 1400 9.8999996185302734
      vertex 335.27999877929688 1398 9.8999996185302734
      vertex 342.6400146484375 1398 9.8999996185302734
    endloop
  endfacet
  facet normal 0 -0 1
    outer loop
      vertex 327.92001342773438 1400 9.8999996185302734
      vertex 320.55999755859375 1400 9.8999996185302734
      vertex 320.55999755859375 1398 9.8999996185302734
    endloop
  endfacet
  facet normal 0 -0 1
    outer loop
      vertex 327.92001342773438 1400 9.8999996185302734
      vertex 320.55999755859375 1398 9.8999996185302734
      vertex 327.92001342773438 1398 9.8999996185302734
    endloop
  endfacet
  facet normal 0 -0 1
    outer loop
      vertex 357.3599853515625 1400 9.8999996185302734
      vertex 350 1400 9.8999996185302734
      vertex 350 1398 9.8999996185302734
    endloop
  endfacet
  facet normal 0 -0 1
    outer loop
      vertex 357.3599853515625 1400 9.8999996185302734
      vertex 350 1398 9.8999996185302734
      vertex 357.3599853515625 1398 9.8999996185302734
    endloop
  endfacet
  facet normal 0 -0 1
    outer loop
      vertex 364.72000122070312 1400 9.8999996185302734
      vertex 357.3599853515625 1400 9.8999996185302734
      vertex 357.3599853515625 1398 9.8999996185302734
    endloop
  endfacet
  facet normal 0 -0 1
    outer loop
      vertex 364.72000122070312 1400 9.8999996185302734
      vertex 357.3599853515625 1398 9.8999996185302734
      vertex 364.72000122070312 1398 9.8999996185302734
    endloop
  endfacet
  facet normal 0 -0 1
    outer loop
      vertex 379.44000244140625 1400 9.8999996185302734
      vertex 372.07998657226562 1400 9.8999996185302734
      vertex 372.07998657226562 1398 9.8999996185302734
    endloop
  endfacet
  facet normal 0 -0 1
    outer loop
      vertex 379.44000244140625 1400 9.8999996185302734
      vertex 372.07998657226562 1398 9.8999996185302734
      vertex 379.44000244140625 1398 9.8999996185302734
    endloop
  endfacet
  facet normal 0 -0 1
    outer loop
      vertex 386.79998779296875 1400 9.8999996185302734
      vertex 379.44000244140625 1400 9.8999996185302734
      vertex 379.44000244140625 1398 9.8999996185302734
    endloop
  endfacet
  facet normal 0 -0 1
    outer loop
      vertex 386.79998779296875 1400 9.8999996185302734
      vertex 379.44000244140625 1398 9.8999996185302734
      vertex 386.79998779296875 1398 9.8999996185302734
    endloop
  endfacet
  facet normal 0 -0 1
    outer loop
      vertex 372.07998657226562 1400 9.8999996185302734
      vertex 364.72000122070312 1400 9.8999996185302734
      vertex 364.72000122070312 1398 9.8999996185302734
    endloop
  endfacet
  facet normal 0 -0 1
    outer loop
      vertex 372.07998657226562 1400 9.8999996185302734
      vertex 364.72000122070312 1398 9.8999996185302734
      vertex 372.07998657226562 1398 9.8999996185302734
    endloop
  endfacet
  facet normal 0 -0 1
    outer loop
      vertex 350 1400 9.8999996185302734
      vertex 342.6400146484375 1400 9.8999996185302734
      vertex 342.6400146484375 1398 9.8999996185302734
    endloop
  endfacet
  facet normal 0 -0 1
    outer loop
      vertex 350 1400 9.8999996185302734
      vertex 342.6400146484375 1398 9.8999996185302734
      vertex 350 1398 9.8999996185302734
    endloop
  endfacet
  facet normal -0 -1 -0
    outer loop
      vertex 310 1398 15
      vertex 310 1398 7.5
      vertex 313.20001220703125 1398 9.8999996185302734
    endloop
  endfacet
  facet normal -0 -1 0
    outer loop
      vertex 310 1398 15
      vertex 313.20001220703125 1398 9.8999996185302734
      vertex 313.20001220703125 1398 17.785715103149414
    endloop
  endfacet
  facet normal 0 -1 -0
    outer loop
      vertex 310 1398 7.5
      vertex 318 1398 7.5
      vertex 320.55999755859375 1398 9.8999996185302734
    endloop
  endfacet
  facet normal 0 -1 -0
    outer loop
      vertex 310 1398 7.5
      vertex 320.55999755859375 1398 9.8999996185302734
      vertex 313.20001220703125 1398 9.8999996185302734
    endloop
  endfacet
  facet normal -0 -1 -0
    outer loop
      vertex 310 1398 22.5
      vertex 310 1398 15
      vertex 313.20001220703125 1398 17.785715103149414
    endloop
  endfacet
  facet normal -0 -1 0
    outer loop
      vertex 310 1398 22.5
      vertex 313.20001220703125 1398 17.785715103149414
      vertex 313.20001220703125 1398 25.671428680419922
    endloop
  endfacet
  facet normal -0 -1 -0
    outer loop
      vertex 310 1398 30
      vertex 310 1398 22.5
      vertex 313.20001220703125 1398 25.671428680419922
    endloop
  endfacet
  facet normal -0 -1 0
    outer loop
      vertex 310 1398 30
      vertex 313.20001220703125 1398 25.671428680419922
      vertex 313.20001220703125 1398 33.557144165039062
    endloop
  endfacet
  facet normal -0 -1 -0
    outer loop
      vertex 310 1398 37.5
      vertex 310 1398 30
      vertex 313.20001220703125 1398 33.557144165039062
    endloop
  endfacet
  facet normal 0 -1 -0
    outer loop
      vertex 318 1398 7.5
      vertex 326 1398 7.5
      vertex 327.92001342773438 1398 9.8999996185302734
    endloop
  endfacet
  facet normal 0 -1 -0
    outer loop
      vertex 318 1398 7.5
      vertex 327.92001342773438 1398 9.8999996185302734
      vertex 320.55999755859375 1398 9.8999996185302734
    endloop
  endfacet
  facet normal 0 -1 -0
    outer loop
      vertex 334 1398 7.5
      vertex 342 1398 7.5
      vertex 342.6400146484375 1398 9.8999996185302734
    endloop
  endfacet
  facet normal 0 -1 -0
    outer loop
      vertex 334 1398 7.5
      vertex 342.6400146484375 1398 9.8999996185302734
      vertex 335.27999877929688 1398 9.8999996185302734
    endloop
  endfacet
  facet normal 0 -1 -0
    outer loop
      vertex 326 1398 7.5
      vertex 334 1398 7.5
      vertex 335.27999877929688 1398 9.8999996185302734
    endloop
  endfacet
  facet normal 0 -1 -0
    outer loop
      vertex 326 1398 7.5
      vertex 335.27999877929688 1398 9.8999996185302734
      vertex 327.92001342773438 1398 9.8999996185302734
    endloop
  endfacet
  facet normal 0 -1 -0
    outer loop
      vertex 342 1398 7.5
      vertex 350 1398 7.5
      vertex 350 1398 9.8999996185302734
    endloop
  endfacet
  facet normal 0 -1 -0
    outer loop
      vertex 342 1398 7.5
      vertex 350 1398 9.8999996185302734
      vertex 342.6400146484375 1398 9.8999996185302734
    endloop
  endfacet
  facet normal 0 -1 -0
    outer loop
      vertex 313.20001220703125 1398 41.442855834960938
      vertex 310 1398 45
      vertex 310 1398 37.5
    endloop
  endfacet
  facet normal 0 -1 0
    outer loop
      vertex 313.20001220703125 1398 41.442855834960938
      vertex 313.20001220703125 1398 49.328571319580078
      vertex 310 1398 52.5
    endloop
  endfacet
  facet normal 0 -1 0
    outer loop
      vertex 313.20001220703125 1398 41.442855834960938
      vertex 310 1398 52.5
      vertex 310 1398 45
    endloop
  endfacet
  facet normal -0 -1 0
    outer loop
      vertex 310 1398 37.5
      vertex 313.20001220703125 1398 33.557144165039062
      vertex 313.20001220703125 1398 41.442855834960938
    endloop
  endfacet
  facet normal -0 -1 0
    outer loop
      vertex 310 1398 60
      vertex 310 1398 52.5
      vertex 313.20001220703125 1398 49.328571319580078
    endloop
  endfacet
  facet normal -0 -1 -0
    outer loop
      vertex 310 1398 60
      vertex 313.20001220703125 1398 49.328571319580078
      vertex 313.20001220703125 1398 57.214286804199219
    endloop
  endfacet
  facet normal -0 -1 0
    outer loop
      vertex 310 1398 67.5
      vertex 310 1398 60
      vertex 313.20001220703125 1398 57.214286804199219
    endloop
  endfacet
  facet normal -0 -1 -0
    outer loop
      vertex 310 1398 67.5
      vertex 313.20001220703125 1398 57.214286804199219
      vertex 313.20001220703125 1398 65.099998474121094
    endloop
  endfacet
  facet normal -0 -1 0
    outer loop
      vertex 318 1398 67.5
      vertex 310 1398 67.5
      vertex 313.20001220703125 1398 65.099998474121094
    endloop
  endfacet
  facet normal 0 -1 0
    outer loop
      vertex 318 1398 67.5
      vertex 313.20001220703125 1398 65.099998474121094
      vertex 320.55999755859375 1398 65.099998474121094
    endloop
  endfacet
  facet normal 0 -1 -0
    outer loop
      vertex 320.55999755859375 1398 65.099998474121094
      vertex 327.92001342773438 1398 65.099998474121094
      vertex 326 1398 67.5
    endloop
  endfacet
  facet normal -0 -1 -0
    outer loop
      vertex 320.55999755859375 1398 65.099998474121094
      vertex 326 1398 67.5
      vertex 318 1398 67.5
    endloop
  endfacet
  facet normal 0 -1 -0
    outer loop
      vertex 335.27999877929688 1398 65.099998474121094
      vertex 342.6400146484375 1398 65.099998474121094
      vertex 342 1398 67.5
    endloop
  endfacet
  facet normal -0 -1 -0
    outer loop
      vertex 335.27999877929688 1398 65.099998474121094
      vertex 342 1398 67.5
      vertex 334 1398 67.5
    endloop
  endfacet
  facet normal 0 -1 -0
    outer loop
      vertex 327.92001342773438 1398 65.099998474121094
      vertex 335.27999877929688 1398 65.099998474121094
      vertex 334 1398 67.5
    endloop
  endfacet
  facet normal -0 -1 -0
    outer loop
      vertex 327.92001342773438 1398 65.099998474121094
      vertex 334 1398 67.5
      vertex 326 1398 67.5
    endloop
  endfacet
  facet normal 0 -1 -0
    outer loop
      vertex 342.6400146484375 1398 65.099998474121094
      vertex 350 1398 65.099998474121094
      vertex 350 1398 67.5
    endloop
  endfacet
  facet normal -0 -1 -0
    outer loop
      vertex 342.6400146484375 1398 65.099998474121094
      vertex 350 1398 67.5
      vertex 342 1398 67.5
    endloop
  endfacet
  facet normal -0 -1 0
    outer loop
      vertex 357.3599853515625 1398 9.8999996185302734
      vertex 350 1398 9.8999996185302734
      vertex 350 1398 7.5
    endloop
  endfacet
  facet normal 0 -1 0
    outer loop
      vertex 357.3599853515625 1398 9.8999996185302734
      vertex 350 1398 7.5
      vertex 358 1398 7.5
    endloop
  endfacet
  facet normal 0 -1 -0
    outer loop
      vertex 358 1398 7.5
      vertex 366 1398 7.5
      vertex 364.72000122070312 1398 9.8999996185302734
    endloop
  endfacet
  facet normal -0 -1 -0
    outer loop
      vertex 358 1398 7.5
      vertex 364.72000122070312 1398 9.8999996185302734
      vertex 357.3599853515625 1398 9.8999996185302734
    endloop
  endfacet
  facet normal 0 -1 -0
    outer loop
      vertex 366 1398 7.5
      vertex 374 1398 7.5
      vertex 372.07998657226562 1398 9.8999996185302734
    endloop
  endfacet
  facet normal -0 -1 -0
    outer loop
      vertex 366 1398 7.5
      vertex 372.07998657226562 1398 9.8999996185302734
      vertex 364.72000122070312 1398 9.8999996185302734
    endloop
  endfacet
  facet normal -0 -1 0
    outer loop
      vertex 379.44000244140625 1398 9.8999996185302734
      vertex 372.07998657226562 1398 9.8999996185302734
      vertex 374 1398 7.5
    endloop
  endfacet
  facet normal 0 -1 0
    outer loop
      vertex 379.44000244140625 1398 9.8999996185302734
      vertex 374 1398 7.5
      vertex 382 1398 7.5
    endloop
  endfacet
  facet normal 0 -1 -0
    outer loop
      vertex 382 1398 7.5
      vertex 390 1398 7.5
      vertex 386.79998779296875 1398 9.8999996185302734
    endloop
  endfacet
  facet normal -0 -1 -0
    outer loop
      vertex 382 1398 7.5
      vertex 386.79998779296875 1398 9.8999996185302734
      vertex 379.44000244140625 1398 9.8999996185302734
    endloop
  endfacet
  facet normal 0 -1 0
    outer loop
      vertex 390 1398 7.5
      vertex 390 1398 15
      vertex 386.79998779296875 1398 17.785715103149414
    endloop
  endfacet
  facet normal 0 -1 0
    outer loop
      vertex 390 1398 7.5
      vertex 386.79998779296875 1398 17.785715103149414
      vertex 386.79998779296875 1398 9.8999996185302734
    endloop
  endfacet
  facet normal -0 -1 0
    outer loop
      vertex 386.79998779296875 1398 25.671428680419922
      vertex 386.79998779296875 1398 17.785715103149414
      vertex 390 1398 15
    endloop
  endfacet
  facet normal -0 -1 -0
    outer loop
      vertex 386.79998779296875 1398 25.671428680419922
      vertex 390 1398 15
      vertex 390 1398 22.5
    endloop
  endfacet
  facet normal -0 -1 0
    outer loop
      vertex 386.79998779296875 1398 33.557144165039062
      vertex 386.79998779296875 1398 25.671428680419922
      vertex 390 1398 22.5
    endloop
  endfacet
  facet normal -0 -1 -0
    outer loop
      vertex 386.79998779296875 1398 33.557144165039062
      vertex 390 1398 22.5
      vertex 390 1398 30
    endloop
  endfacet
  facet normal -0 -1 0
    outer loop
      vertex 390 1398 37.5
      vertex 386.79998779296875 1398 33.557144165039062
      vertex 390 1398 30
    endloop
  endfacet
  facet normal 0 -1 -0
    outer loop
      vertex 357.3599853515625 1398 65.099998474121094
      vertex 364.72000122070312 1398 65.099998474121094
      vertex 366 1398 67.5
    endloop
  endfacet
  facet normal 0 -1 -0
    outer loop
      vertex 357.3599853515625 1398 65.099998474121094
      vertex 366 1398 67.5
      vertex 358 1398 67.5
    endloop
  endfacet
  facet normal 0 -1 -0
    outer loop
      vertex 372.07998657226562 1398 65.099998474121094
      vertex 379.44000244140625 1398 65.099998474121094
      vertex 382 1398 67.5
    endloop
  endfacet
  facet normal 0 -1 -0
    outer loop
      vertex 372.07998657226562 1398 65.099998474121094
      vertex 382 1398 67.5
      vertex 374 1398 67.5
    endloop
  endfacet
  facet normal -0 -1 0
    outer loop
      vertex 364.72000122070312 1398 65.099998474121094
      vertex 372.07998657226562 1398 65.099998474121094
      vertex 374 1398 67.5
    endloop
  endfacet
  facet normal 0 -1 -0
    outer loop
      vertex 364.72000122070312 1398 65.099998474121094
      vertex 374 1398 67.5
      vertex 366 1398 67.5
    endloop
  endfacet
  facet normal -0 -1 0
    outer loop
      vertex 358 1398 67.5
      vertex 350 1398 67.5
      vertex 350 1398 65.099998474121094
    endloop
  endfacet
  facet normal -0 -1 0
    outer loop
      vertex 358 1398 67.5
      vertex 350 1398 65.099998474121094
      vertex 357.3599853515625 1398 65.099998474121094
    endloop
  endfacet
  facet normal -0 -1 0
    outer loop
      vertex 379.44000244140625 1398 65.099998474121094
      vertex 386.79998779296875 1398 65.099998474121094
      vertex 390 1398 67.5
    endloop
  endfacet
  facet normal 0 -1 -0
    outer loop
      vertex 379.44000244140625 1398 65.099998474121094
      vertex 390 1398 67.5
      vertex 382 1398 67.5
    endloop
  endfacet
  facet normal -0 -1 -0
    outer loop
      vertex 386.79998779296875 1398 49.328571319580078
      vertex 386.79998779296875 1398 41.442855834960938
      vertex 390 1398 45
    endloop
  endfacet
  facet normal -0 -1 0
    outer loop
      vertex 386.79998779296875 1398 49.328571319580078
      vertex 390 1398 45
      vertex 390 1398 52.5
    endloop
  endfacet
  facet normal -0 -1 0
    outer loop
      vertex 386.79998779296875 1398 41.442855834960938
      vertex 390 1398 37.5
      vertex 390 1398 45
    endloop
  endfacet
  facet normal -0 -1 -0
    outer loop
      vertex 386.79998779296875 1398 65.099998474121094
      vertex 386.79998779296875 1398 57.214286804199219
      vertex 390 1398 60
    endloop
  endfacet
  facet normal -0 -1 0
    outer loop
      vertex 386.79998779296875 1398 65.099998474121094
      vertex 390 1398 60
      vertex 390 1398 67.5
    endloop
  endfacet
  facet normal 0 -1 0
    outer loop
      vertex 390 1398 52.5
      vertex 390 1398 60
      vertex 386.79998779296875 1398 57.214286804199219
    endloop
  endfacet
  facet normal 0 -1 -0
    outer loop
      vertex 390 1398 52.5
      vertex 386.79998779296875 1398 57.214286804199219
      vertex 386.79998779296875 1398 49.328571319580078
    endloop
  endfacet
  facet normal -0 -1 -0
    outer loop
      vertex 386.79998779296875 1398 41.442855834960938
      vertex 386.79998779296875 1398 33.557144165039062
      vertex 390 1398 37.5
    endloop
  endfacet
  facet normal 0 1 0
    outer loop
      vertex 310 1400 91.071426391601562
      vertex 313.20001220703125 1400 92.785713195800781
      vertex 313.20001220703125 1400 84.900001525878906
    endloop
  endfacet
  facet normal -0 1 -0
    outer loop
      vertex 310 1400 91.071426391601562
      vertex 313.20001220703125 1400 84.900001525878906
      vertex 310 1400 82.5
    endloop
  endfacet
  facet normal 0 1 -0
    outer loop
      vertex 310 1400 82.5
      vertex 313.20001220703125 1400 84.900001525878906
      vertex 320.55999755859375 1400 84.900001525878906
    endloop
  endfacet
  facet normal 0 1 -0
    outer loop
      vertex 310 1400 82.5
      vertex 320.55999755859375 1400 84.900001525878906
      vertex 318 1400 82.5
    endloop
  endfacet
  facet normal 0 1 0
    outer loop
      vertex 310 1400 99.642860412597656
      vertex 313.20001220703125 1400 100.67142486572266
      vertex 313.20001220703125 1400 92.785713195800781
    endloop
  endfacet
  facet normal -0 1 -0
    outer loop
      vertex 310 1400 99.642860412597656
      vertex 313.20001220703125 1400 92.785713195800781
      vertex 310 1400 91.071426391601562
    endloop
  endfacet
  facet normal 0 1 0
    outer loop
      vertex 310 1400 108.21428680419922
      vertex 313.20001220703125 1400 108.55714416503906
      vertex 313.20001220703125 1400 100.67142486572266
    endloop
  endfacet
  facet normal -0 1 -0
    outer loop
      vertex 310 1400 108.21428680419922
      vertex 313.20001220703125 1400 100.67142486572266
      vertex 310 1400 99.642860412597656
    endloop
  endfacet
  facet normal -0 1 -0
    outer loop
      vertex 313.20001220703125 1400 108.55714416503906
      vertex 310 1400 108.21428680419922
      vertex 310 1400 116.78571319580078
    endloop
  endfacet
  facet normal 0 1 0
    outer loop
      vertex 313.20001220703125 1400 108.55714416503906
      vertex 310 1400 116.78571319580078
      vertex 313.20001220703125 1400 116.44285583496094
    endloop
  endfacet
  facet normal 0 1 -0
    outer loop
      vertex 318 1400 82.5
      vertex 320.55999755859375 1400 84.900001525878906
      vertex 327.92001342773438 1400 84.900001525878906
    endloop
  endfacet
  facet normal -0 1 0
    outer loop
      vertex 318 1400 82.5
      vertex 327.92001342773438 1400 84.900001525878906
      vertex 326 1400 82.5
    endloop
  endfacet
  facet normal 0 1 -0
    outer loop
      vertex 334 1400 82.5
      vertex 335.27999877929688 1400 84.900001525878906
      vertex 342.6400146484375 1400 84.900001525878906
    endloop
  endfacet
  facet normal 0 1 -0
    outer loop
      vertex 334 1400 82.5
      vertex 342.6400146484375 1400 84.900001525878906
      vertex 342 1400 82.5
    endloop
  endfacet
  facet normal 0 1 -0
    outer loop
      vertex 326 1400 82.5
      vertex 327.92001342773438 1400 84.900001525878906
      vertex 335.27999877929688 1400 84.900001525878906
    endloop
  endfacet
  facet normal 0 1 -0
    outer loop
      vertex 326 1400 82.5
      vertex 335.27999877929688 1400 84.900001525878906
      vertex 334 1400 82.5
    endloop
  endfacet
  facet normal 0 1 -0
    outer loop
      vertex 342 1400 82.5
      vertex 342.6400146484375 1400 84.900001525878906
      vertex 350 1400 84.900001525878906
    endloop
  endfacet
  facet normal 0 1 -0
    outer loop
      vertex 342 1400 82.5
      vertex 350 1400 84.900001525878906
      vertex 350 1400 82.5
    endloop
  endfacet
  facet normal -0 1 -0
    outer loop
      vertex 310 1400 125.35713958740234
      vertex 313.20001220703125 1400 124.32857513427734
      vertex 313.20001220703125 1400 116.44285583496094
    endloop
  endfacet
  facet normal -0 1 0
    outer loop
      vertex 310 1400 125.35713958740234
      vertex 313.20001220703125 1400 116.44285583496094
      vertex 310 1400 116.78571319580078
    endloop
  endfacet
  facet normal 0 1 0
    outer loop
      vertex 313.20001220703125 1400 124.32857513427734
      vertex 310 1400 125.35713958740234
      vertex 310 1400 133.92857360839844
    endloop
  endfacet
  facet normal -0 1 -0
    outer loop
      vertex 313.20001220703125 1400 124.32857513427734
      vertex 310 1400 133.92857360839844
      vertex 313.20001220703125 1400 132.21427917480469
    endloop
  endfacet
  facet normal -0 1 -0
    outer loop
      vertex 310 1400 142.5
      vertex 313.20001220703125 1400 140.10000610351562
      vertex 313.20001220703125 1400 132.21427917480469
    endloop
  endfacet
  facet normal -0 1 0
    outer loop
      vertex 310 1400 142.5
      vertex 313.20001220703125 1400 132.21427917480469
      vertex 310 1400 133.92857360839844
    endloop
  endfacet
  facet normal 0 1 -0
    outer loop
      vertex 318 1400 142.5
      vertex 320.55999755859375 1400 140.10000610351562
      vertex 313.20001220703125 1400 140.10000610351562
    endloop
  endfacet
  facet normal -0 1 0
    outer loop
      vertex 318 1400 142.5
      vertex 313.20001220703125 1400 140.10000610351562
      vertex 310 1400 142.5
    endloop
  endfacet
  facet normal -0 1 0
    outer loop
      vertex 320.55999755859375 1400 140.10000610351562
      vertex 318 1400 142.5
      vertex 326 1400 142.5
    endloop
  endfacet
  facet normal 0 1 -0
    outer loop
      vertex 320.55999755859375 1400 140.10000610351562
      vertex 326 1400 142.5
      vertex 327.92001342773438 1400 140.10000610351562
    endloop
  endfacet
  facet normal -0 1 0
    outer loop
      vertex 335.27999877929688 1400 140.10000610351562
      vertex 334 1400 142.5
      vertex 342 1400 142.5
    endloop
  endfacet
  facet normal 0 1 -0
    outer loop
      vertex 335.27999877929688 1400 140.10000610351562
      vertex 342 1400 142.5
      vertex 342.6400146484375 1400 140.10000610351562
    endloop
  endfacet
  facet normal -0 1 0
    outer loop
      vertex 327.92001342773438 1400 140.10000610351562
      vertex 326 1400 142.5
      vertex 334 1400 142.5
    endloop
  endfacet
  facet normal 0 1 -0
    outer loop
      vertex 327.92001342773438 1400 140.10000610351562
      vertex 334 1400 142.5
      vertex 335.27999877929688 1400 140.10000610351562
    endloop
  endfacet
  facet normal -0 1 0
    outer loop
      vertex 342.6400146484375 1400 140.10000610351562
      vertex 342 1400 142.5
      vertex 350 1400 142.5
    endloop
  endfacet
  facet normal 0 1 -0
    outer loop
      vertex 342.6400146484375 1400 140.10000610351562
      vertex 350 1400 142.5
      vertex 350 1400 140.10000610351562
    endloop
  endfacet
  facet normal 0 1 -0
    outer loop
      vertex 357.3599853515625 1400 84.900001525878906
      vertex 358 1400 82.5
      vertex 350 1400 82.5
    endloop
  endfacet
  facet normal 0 1 0
    outer loop
      vertex 357.3599853515625 1400 84.900001525878906
      vertex 350 1400 82.5
      vertex 350 1400 84.900001525878906
    endloop
  endfacet
  facet normal -0 1 0
    outer loop
      vertex 358 1400 82.5
      vertex 357.3599853515625 1400 84.900001525878906
      vertex 364.72000122070312 1400 84.900001525878906
    endloop
  endfacet
  facet normal 0 1 -0
    outer loop
      vertex 358 1400 82.5
      vertex 364.72000122070312 1400 84.900001525878906
      vertex 366 1400 82.5
    endloop
  endfacet
  facet normal -0 1 0
    outer loop
      vertex 366 1400 82.5
      vertex 364.72000122070312 1400 84.900001525878906
      vertex 372.07998657226562 1400 84.900001525878906
    endloop
  endfacet
  facet normal 0 1 -0
    outer loop
      vertex 366 1400 82.5
      vertex 372.07998657226562 1400 84.900001525878906
      vertex 374 1400 82.5
    endloop
  endfacet
  facet normal 0 1 -0
    outer loop
      vertex 379.44000244140625 1400 84.900001525878906
      vertex 382 1400 82.5
      vertex 374 1400 82.5
    endloop
  endfacet
  facet normal -0 1 0
    outer loop
      vertex 379.44000244140625 1400 84.900001525878906
      vertex 374 1400 82.5
      vertex 372.07998657226562 1400 84.900001525878906
    endloop
  endfacet
  facet normal -0 1 0
    outer loop
      vertex 382 1400 82.5
      vertex 379.44000244140625 1400 84.900001525878906
      vertex 386.79998779296875 1400 84.900001525878906
    endloop
  endfacet
  facet normal 0 1 -0
    outer loop
      vertex 382 1400 82.5
      vertex 386.79998779296875 1400 84.900001525878906
      vertex 390 1400 82.5
    endloop
  endfacet
  facet normal 0 1 0
    outer loop
      vertex 390 1400 82.5
      vertex 386.79998779296875 1400 84.900001525878906
      vertex 386.79998779296875 1400 92.785713195800781
    endloop
  endfacet
  facet normal 0 1 0
    outer loop
      vertex 390 1400 82.5
      vertex 386.79998779296875 1400 92.785713195800781
      vertex 390 1400 91.071426391601562
    endloop
  endfacet
  facet normal -0 1 -0
    outer loop
      vertex 386.79998779296875 1400 100.67142486572266
      vertex 390 1400 99.642860412597656
      vertex 390 1400 91.071426391601562
    endloop
  endfacet
  facet normal -0 1 0
    outer loop
      vertex 386.79998779296875 1400 100.67142486572266
      vertex 390 1400 91.071426391601562
      vertex 386.79998779296875 1400 92.785713195800781
    endloop
  endfacet
  facet normal -0 1 -0
    outer loop
      vertex 386.79998779296875 1400 108.55714416503906
      vertex 390 1400 108.21428680419922
      vertex 390 1400 99.642860412597656
    endloop
  endfacet
  facet normal -0 1 0
    outer loop
      vertex 386.79998779296875 1400 108.55714416503906
      vertex 390 1400 99.642860412597656
      vertex 386.79998779296875 1400 100.67142486572266
    endloop
  endfacet
  facet normal 0 1 0
    outer loop
      vertex 386.79998779296875 1400 116.44285583496094
      vertex 390 1400 116.78571319580078
      vertex 390 1400 108.21428680419922
    endloop
  endfacet
  facet normal -0 1 0
    outer loop
      vertex 386.79998779296875 1400 116.44285583496094
      vertex 390 1400 108.21428680419922
      vertex 386.79998779296875 1400 108.55714416503906
    endloop
  endfacet
  facet normal 0 1 -0
    outer loop
      vertex 357.3599853515625 1400 140.10000610351562
      vertex 358 1400 142.5
      vertex 366 1400 142.5
    endloop
  endfacet
  facet normal -0 1 0
    outer loop
      vertex 357.3599853515625 1400 140.10000610351562
      vertex 366 1400 142.5
      vertex 364.72000122070312 1400 140.10000610351562
    endloop
  endfacet
  facet normal 0 1 -0
    outer loop
      vertex 372.07998657226562 1400 140.10000610351562
      vertex 374 1400 142.5
      vertex 382 1400 142.5
    endloop
  endfacet
  facet normal 0 1 -0
    outer loop
      vertex 372.07998657226562 1400 140.10000610351562
      vertex 382 1400 142.5
      vertex 379.44000244140625 1400 140.10000610351562
    endloop
  endfacet
  facet normal 0 1 -0
    outer loop
      vertex 364.72000122070312 1400 140.10000610351562
      vertex 366 1400 142.5
      vertex 374 1400 142.5
    endloop
  endfacet
  facet normal -0 1 0
    outer loop
      vertex 364.72000122070312 1400 140.10000610351562
      vertex 374 1400 142.5
      vertex 372.07998657226562 1400 140.10000610351562
    endloop
  endfacet
  facet normal -0 1 0
    outer loop
      vertex 358 1400 142.5
      vertex 357.3599853515625 1400 140.10000610351562
      vertex 350 1400 140.10000610351562
    endloop
  endfacet
  facet normal 0 1 0
    outer loop
      vertex 358 1400 142.5
      vertex 350 1400 140.10000610351562
      vertex 350 1400 142.5
    endloop
  endfacet
  facet normal 0 1 0
    outer loop
      vertex 386.79998779296875 1400 124.32857513427734
      vertex 390 1400 125.35713958740234
      vertex 390 1400 116.78571319580078
    endloop
  endfacet
  facet normal -0 1 -0
    outer loop
      vertex 386.79998779296875 1400 124.32857513427734
      vertex 390 1400 116.78571319580078
      vertex 386.79998779296875 1400 116.44285583496094
    endloop
  endfacet
  facet normal 0 1 0
    outer loop
      vertex 386.79998779296875 1400 132.21427917480469
      vertex 390 1400 133.92857360839844
      vertex 390 1400 125.35713958740234
    endloop
  endfacet
  facet normal -0 1 -0
    outer loop
      vertex 386.79998779296875 1400 132.21427917480469
      vertex 390 1400 125.35713958740234
      vertex 386.79998779296875 1400 124.32857513427734
    endloop
  endfacet
  facet normal 0 1 -0
    outer loop
      vertex 379.44000244140625 1400 140.10000610351562
      vertex 382 1400 142.5
      vertex 390 1400 142.5
    endloop
  endfacet
  facet normal 0 1 -0
    outer loop
      vertex 379.44000244140625 1400 140.10000610351562
      vertex 390 1400 142.5
      vertex 386.79998779296875 1400 140.10000610351562
    endloop
  endfacet
  facet normal -0 1 -0
    outer loop
      vertex 390 1400 133.92857360839844
      vertex 386.79998779296875 1400 132.21427917480469
      vertex 386.79998779296875 1400 140.10000610351562
    endloop
  endfacet
  facet normal 0 1 0
    outer loop
      vertex 390 1400 133.92857360839844
      vertex 386.79998779296875 1400 140.10000610351562
      vertex 390 1400 142.5
    endloop
  endfacet
  facet normal -1 0 0
    outer loop
      vertex 310 1400 133.92857360839844
      vertex 310 1398 133.92857360839844
      vertex 310 1398 142.5
    endloop
  endfacet
  facet normal -1 -0 0
    outer loop
      vertex 310 1400 133.92857360839844
      vertex 310 1398 142.5
      vertex 310 1400 142.5
    endloop
  endfacet
  facet normal -1 0 0
    outer loop
      vertex 310 1400 116.78571319580078
      vertex 310 1398 116.78571319580078
      vertex 310 1398 125.35713958740234
    endloop
  endfacet
  facet normal -1 -0 0
    outer loop
      vertex 310 1400 116.78571319580078
      vertex 310 1398 125.35713958740234
      vertex 310 1400 125.35713958740234
    endloop
  endfacet
  facet normal -1 0 0
    outer loop
      vertex 310 1400 125.35713958740234
      vertex 310 1398 125.35713958740234
      vertex 310 1398 133.92857360839844
    endloop
  endfacet
  facet normal -1 -0 0
    outer loop
      vertex 310 1400 125.35713958740234
      vertex 310 1398 133.92857360839844
      vertex 310 1400 133.92857360839844
    endloop
  endfacet
  facet normal -1 0 0
    outer loop
      vertex 310 1400 99.642860412597656
      vertex 310 1398 99.642860412597656
      vertex 310 1398 108.21428680419922
    endloop
  endfacet
  facet normal -1 -0 0
    outer loop
      vertex 310 1400 99.642860412597656
      vertex 310 1398 108.21428680419922
      vertex 310 1400 108.21428680419922
    endloop
  endfacet
  facet normal -1 0 0
    outer loop
      vertex 310 1400 82.5
      vertex 310 1398 82.5
      vertex 310 1398 91.071426391601562
    endloop
  endfacet
  facet normal -1 -0 0
    outer loop
      vertex 310 1400 82.5
      vertex 310 1398 91.071426391601562
      vertex 310 1400 91.071426391601562
    endloop
  endfacet
  facet normal -1 0 0
    outer loop
      vertex 310 1400 91.071426391601562
      vertex 310 1398 91.071426391601562
      vertex 310 1398 99.642860412597656
    endloop
  endfacet
  facet normal -1 -0 0
    outer loop
      vertex 310 1400 91.071426391601562
      vertex 310 1398 99.642860412597656
      vertex 310 1400 99.642860412597656
    endloop
  endfacet
  facet normal -1 0 0
    outer loop
      vertex 310 1400 108.21428680419922
      vertex 310 1398 108.21428680419922
      vertex 310 1398 116.78571319580078
    endloop
  endfacet
  facet normal -1 -0 0
    outer loop
      vertex 310 1400 108.21428680419922
      vertex 310 1398 116.78571319580078
      vertex 310 1400 116.78571319580078
    endloop
  endfacet
  facet normal -0 0 -1
    outer loop
      vertex 318 1400 82.5
      vertex 318 1398 82.5
      vertex 310 1398 82.5
    endloop
  endfacet
  facet normal 0 -0 -1
    outer loop
      vertex 318 1400 82.5
      vertex 310 1398 82.5
      vertex 310 1400 82.5
    endloop
  endfacet
  facet normal -0 0 -1
    outer loop
      vertex 334 1400 82.5
      vertex 334 1398 82.5
      vertex 326 1398 82.5
    endloop
  endfacet
  facet normal 0 -0 -1
    outer loop
      vertex 334 1400 82.5
      vertex 326 1398 82.5
      vertex 326 1400 82.5
    endloop
  endfacet
  facet normal -0 0 -1
    outer loop
      vertex 342 1400 82.5
      vertex 342 1398 82.5
      vertex 334 1398 82.5
    endloop
  endfacet
  facet normal 0 -0 -1
    outer loop
      vertex 342 1400 82.5
      vertex 334 1398 82.5
      vertex 334 1400 82.5
    endloop
  endfacet
  facet normal -0 0 -1
    outer loop
      vertex 326 1400 82.5
      vertex 326 1398 82.5
      vertex 318 1398 82.5
    endloop
  endfacet
  facet normal 0 -0 -1
    outer loop
      vertex 326 1400 82.5
      vertex 318 1398 82.5
      vertex 318 1400 82.5
    endloop
  endfacet
  facet normal -0 0 -1
    outer loop
      vertex 358 1400 82.5
      vertex 358 1398 82.5
      vertex 350 1398 82.5
    endloop
  endfacet
  facet normal 0 -0 -1
    outer loop
      vertex 358 1400 82.5
      vertex 350 1398 82.5
      vertex 350 1400 82.5
    endloop
  endfacet
  facet normal -0 0 -1
    outer loop
      vertex 366 1400 82.5
      vertex 366 1398 82.5
      vertex 358 1398 82.5
    endloop
  endfacet
  facet normal 0 -0 -1
    outer loop
      vertex 366 1400 82.5
      vertex 358 1398 82.5
      vertex 358 1400 82.5
    endloop
  endfacet
  facet normal -0 0 -1
    outer loop
      vertex 382 1400 82.5
      vertex 382 1398 82.5
      vertex 374 1398 82.5
    endloop
  endfacet
  facet normal 0 -0 -1
    outer loop
      vertex 382 1400 82.5
      vertex 374 1398 82.5
      vertex 374 1400 82.5
    endloop
  endfacet
  facet normal -0 0 -1
    outer loop
      vertex 390 1400 82.5
      vertex 390 1398 82.5
      vertex 382 1398 82.5
    endloop
  endfacet
  facet normal 0 -0 -1
    outer loop
      vertex 390 1400 82.5
      vertex 382 1398 82.5
      vertex 382 1400 82.5
    endloop
  endfacet
  facet normal -0 0 -1
    outer loop
      vertex 374 1400 82.5
      vertex 374 1398 82.5
      vertex 366 1398 82.5
    endloop
  endfacet
  facet normal 0 -0 -1
    outer loop
      vertex 374 1400 82.5
      vertex 366 1398 82.5
      vertex 366 1400 82.5
    endloop
  endfacet
  facet normal -0 0 -1
    outer loop
      vertex 350 1400 82.5
      vertex 350 1398 82.5
      vertex 342 1398 82.5
    endloop
  endfacet
  facet normal 0 -0 -1
    outer loop
      vertex 350 1400 82.5
      vertex 342 1398 82.5
      vertex 342 1400 82.5
    endloop
  endfacet
  facet normal 1 -0 0
    outer loop
      vertex 390 1400 91.071426391601562
      vertex 390 1398 91.071426391601562
      vertex 390 1398 82.5
    endloop
  endfacet
  facet normal 1 0 0
    outer loop
      vertex 390 1400 91.071426391601562
      vertex 390 1398 82.5
      vertex 390 1400 82.5
    endloop
  endfacet
  facet normal 1 -0 0
    outer loop
      vertex 390 1400 108.21428680419922
      vertex 390 1398 108.21428680419922
      vertex 390 1398 99.642860412597656
    endloop
  endfacet
  facet normal 1 0 0
    outer loop
      vertex 390 1400 108.21428680419922
      vertex 390 1398 99.642860412597656
      vertex 390 1400 99.642860412597656
    endloop
  endfacet
  facet normal 1 -0 0
    outer loop
      vertex 390 1400 99.642860412597656
      vertex 390 1398 99.642860412597656
      vertex 390 1398 91.071426391601562
    endloop
  endfacet
  facet normal 1 0 0
    outer loop
      vertex 390 1400 99.642860412597656
      vertex 390 1398 91.071426391601562
      vertex 390 1400 91.071426391601562
    endloop
  endfacet
  facet normal 1 -0 0
    outer loop
      vertex 390 1400 125.35713958740234
      vertex 390 1398 125.35713958740234
      vertex 390 1398 116.78571319580078
    endloop
  endfacet
  facet normal 1 0 0
    outer loop
      vertex 390 1400 125.35713958740234
      vertex 390 1398 116.78571319580078
      vertex 390 1400 116.78571319580078
    endloop
  endfacet
  facet normal 1 -0 0
    outer loop
      vertex 390 1400 142.5
      vertex 390 1398 142.5
      vertex 390 1398 133.92857360839844
    endloop
  endfacet
  facet normal 1 0 0
    outer loop
      vertex 390 1400 142.5
      vertex 390 1398 133.92857360839844
      vertex 390 1400 133.92857360839844
    endloop
  endfacet
  facet normal 1 -0 0
    outer loop
      vertex 390 1400 133.92857360839844
      vertex 390 1398 133.92857360839844
      vertex 390 1398 125.35713958740234
    endloop
  endfacet
  facet normal 1 0 0
    outer loop
      vertex 390 1400 133.92857360839844
      vertex 390 1398 125.35713958740234
      vertex 390 1400 125.35713958740234
    endloop
  endfacet
  facet normal 1 -0 0
    outer loop
      vertex 390 1400 116.78571319580078
      vertex 390 1398 116.78571319580078
      vertex 390 1398 108.21428680419922
    endloop
  endfacet
  facet normal 1 0 0
    outer loop
      vertex 390 1400 116.78571319580078
      vertex 390 1398 108.21428680419922
      vertex 390 1400 108.21428680419922
    endloop
  endfacet
  facet normal -0 -0 1
    outer loop
      vertex 382 1400 142.5
      vertex 382 1398 142.5
      vertex 390 1398 142.5
    endloop
  endfacet
  facet normal 0 0 1
    outer loop
      vertex 382 1400 142.5
      vertex 390 1398 142.5
      vertex 390 1400 142.5
    endloop
  endfacet
  facet normal -0 -0 1
    outer loop
      vertex 366 1400 142.5
      vertex 366 1398 142.5
      vertex 374 1398 142.5
    endloop
  endfacet
  facet normal 0 0 1
    outer loop
      vertex 366 1400 142.5
      vertex 374 1398 142.5
      vertex 374 1400 142.5
    endloop
  endfacet
  facet normal -0 -0 1
    outer loop
      vertex 358 1400 142.5
      vertex 358 1398 142.5
      vertex 366 1398 142.5
    endloop
  endfacet
  facet normal 0 0 1
    outer loop
      vertex 358 1400 142.5
      vertex 366 1398 142.5
      vertex 366 1400 142.5
    endloop
  endfacet
  facet normal -0 -0 1
    outer loop
      vertex 374 1400 142.5
      vertex 374 1398 142.5
      vertex 382 1398 142.5
    endloop
  endfacet
  facet normal 0 0 1
    outer loop
      vertex 374 1400 142.5
      vertex 382 1398 142.5
      vertex 382 1400 142.5
    endloop
  endfacet
  facet normal -0 -0 1
    outer loop
      vertex 342 1400 142.5
      vertex 342 1398 142.5
      vertex 350 1398 142.5
    endloop
  endfacet
  facet normal 0 0 1
    outer loop
      vertex 342 1400 142.5
      vertex 350 1398 142.5
      vertex 350 1400 142.5
    endloop
  endfacet
  facet normal -0 -0 1
    outer loop
      vertex 334 1400 142.5
      vertex 334 1398 142.5
      vertex 342 1398 142.5
    endloop
  endfacet
  facet normal 0 0 1
    outer loop
      vertex 334 1400 142.5
      vertex 342 1398 142.5
      vertex 342 1400 142.5
    endloop
  endfacet
  facet normal -0 -0 1
    outer loop
      vertex 318 1400 142.5
      vertex 318 1398 142.5
      vertex 326 1398 142.5
    endloop
  endfacet
  facet normal 0 0 1
    outer loop
      vertex 318 1400 142.5
      vertex 326 1398 142.5
      vertex 326 1400 142.5
    endloop
  endfacet
  facet normal -0 -0 1
    outer loop
      vertex 310 1400 142.5
      vertex 310 1398 142.5
      vertex 318 1398 142.5
    endloop
  endfacet
  facet normal 0 0 1
    outer loop
      vertex 310 1400 142.5
      vertex 318 1398 142.5
      vertex 318 1400 142.5
    endloop
  endfacet
  facet normal -0 -0 1
    outer loop
      vertex 326 1400 142.5
      vertex 326 1398 142.5
      vertex 334 1398 142.5
    endloop
  endfacet
  facet normal 0 0 1
    outer loop
      vertex 326 1400 142.5
      vertex 334 1398 142.5
      vertex 334 1400 142.5
    endloop
  endfacet
  facet normal -0 -0 1
    outer loop
      vertex 350 1400 142.5
      vertex 350 1398 142.5
      vertex 358 1398 142.5
    endloop
  endfacet
  facet normal 0 0 1
    outer loop
      vertex 350 1400 142.5
      vertex 358 1398 142.5
      vertex 358 1400 142.5
    endloop
  endfacet
  facet normal 1 -0 -0
    outer loop
      vertex 313.20001220703125 1400 132.21427917480469
      vertex 313.20001220703125 1400 140.10000610351562
      vertex 313.20001220703125 1398 140.10000610351562
    endloop
  endfacet
  facet normal 1 -0 -0
    outer loop
      vertex 313.20001220703125 1400 132.21427917480469
      vertex 313.20001220703125 1398 140.10000610351562
      vertex 313.20001220703125 1398 132.21427917480469
    endloop
  endfacet
  facet normal 1 -0 -0
    outer loop
      vertex 313.20001220703125 1400 116.44285583496094
      vertex 313.20001220703125 1400 124.32857513427734
      vertex 313.20001220703125 1398 124.32857513427734
    endloop
  endfacet
  facet normal 1 -0 -0
    outer loop
      vertex 313.20001220703125 1400 116.44285583496094
      vertex 313.20001220703125 1398 124.32857513427734
      vertex 313.20001220703125 1398 116.44285583496094
    endloop
  endfacet
  facet normal 1 -0 -0
    outer loop
      vertex 313.20001220703125 1400 124.32857513427734
      vertex 313.20001220703125 1400 132.21427917480469
      vertex 313.20001220703125 1398 132.21427917480469
    endloop
  endfacet
  facet normal 1 -0 -0
    outer loop
      vertex 313.20001220703125 1400 124.32857513427734
      vertex 313.20001220703125 1398 132.21427917480469
      vertex 313.20001220703125 1398 124.32857513427734
    endloop
  endfacet
  facet normal 1 -0 -0
    outer loop
      vertex 313.20001220703125 1400 100.67142486572266
      vertex 313.20001220703125 1400 108.55714416503906
      vertex 313.20001220703125 1398 108.55714416503906
    endloop
  endfacet
  facet normal 1 -0 -0
    outer loop
      vertex 313.20001220703125 1400 100.67142486572266
      vertex 313.20001220703125 1398 108.55714416503906
      vertex 313.20001220703125 1398 100.67142486572266
    endloop
  endfacet
  facet normal 1 -0 -0
    outer loop
      vertex 313.20001220703125 1400 84.900001525878906
      vertex 313.20001220703125 1400 92.785713195800781
      vertex 313.20001220703125 1398 92.785713195800781
    endloop
  endfacet
  facet normal 1 -0 -0
    outer loop
      vertex 313.20001220703125 1400 84.900001525878906
      vertex 313.20001220703125 1398 92.785713195800781
      vertex 313.20001220703125 1398 84.900001525878906
    endloop
  endfacet
  facet normal 1 -0 -0
    outer loop
      vertex 313.20001220703125 1400 92.785713195800781
      vertex 313.20001220703125 1400 100.67142486572266
      vertex 313.20001220703125 1398 100.67142486572266
    endloop
  endfacet
  facet normal 1 -0 -0
    outer loop
      vertex 313.20001220703125 1400 92.785713195800781
      vertex 313.20001220703125 1398 100.67142486572266
      vertex 313.20001220703125 1398 92.785713195800781
    endloop
  endfacet
  facet normal 1 -0 -0
    outer loop
      vertex 313.20001220703125 1400 108.55714416503906
      vertex 313.20001220703125 1400 116.44285583496094
      vertex 313.20001220703125 1398 116.44285583496094
    endloop
  endfacet
  facet normal 1 -0 -0
    outer loop
      vertex 313.20001220703125 1400 108.55714416503906
      vertex 313.20001220703125 1398 116.44285583496094
      vertex 313.20001220703125 1398 108.55714416503906
    endloop
  endfacet
  facet normal 0 0 -1
    outer loop
      vertex 379.44000244140625 1400 140.10000610351562
      vertex 386.79998779296875 1400 140.10000610351562
      vertex 386.79998779296875 1398 140.10000610351562
    endloop
  endfacet
  facet normal 0 0 -1
    outer loop
      vertex 379.44000244140625 1400 140.10000610351562
      vertex 386.79998779296875 1398 140.10000610351562
      vertex 379.44000244140625 1398 140.10000610351562
    endloop
  endfacet
  facet normal 0 0 -1
    outer loop
      vertex 364.72000122070312 1400 140.10000610351562
      vertex 372.07998657226562 1400 140.10000610351562
      vertex 372.07998657226562 1398 140.10000610351562
    endloop
  endfacet
  facet normal 0 0 -1
    outer loop
      vertex 364.72000122070312 1400 140.10000610351562
      vertex 372.07998657226562 1398 140.10000610351562
      vertex 364.72000122070312 1398 140.10000610351562
    endloop
  endfacet
  facet normal 0 0 -1
    outer loop
      vertex 357.3599853515625 1400 140.10000610351562
      vertex 364.72000122070312 1400 140.10000610351562
      vertex 364.72000122070312 1398 140.10000610351562
    endloop
  endfacet
  facet normal 0 0 -1
    outer loop
      vertex 357.3599853515625 1400 140.10000610351562
      vertex 364.72000122070312 1398 140.10000610351562
      vertex 357.3599853515625 1398 140.10000610351562
    endloop
  endfacet
  facet normal 0 0 -1
    outer loop
      vertex 372.07998657226562 1400 140.10000610351562
      vertex 379.44000244140625 1400 140.10000610351562
      vertex 379.44000244140625 1398 140.10000610351562
    endloop
  endfacet
  facet normal 0 0 -1
    outer loop
      vertex 372.07998657226562 1400 140.10000610351562
      vertex 379.44000244140625 1398 140.10000610351562
      vertex 372.07998657226562 1398 140.10000610351562
    endloop
  endfacet
  facet normal 0 0 -1
    outer loop
      vertex 342.6400146484375 1400 140.10000610351562
      vertex 350 1400 140.10000610351562
      vertex 350 1398 140.10000610351562
    endloop
  endfacet
  facet normal 0 0 -1
    outer loop
      vertex 342.6400146484375 1400 140.10000610351562
      vertex 350 1398 140.10000610351562
      vertex 342.6400146484375 1398 140.10000610351562
    endloop
  endfacet
  facet normal 0 0 -1
    outer loop
      vertex 335.27999877929688 1400 140.10000610351562
      vertex 342.6400146484375 1400 140.10000610351562
      vertex 342.6400146484375 1398 140.10000610351562
    endloop
  endfacet
  facet normal 0 0 -1
    outer loop
      vertex 335.27999877929688 1400 140.10000610351562
      vertex 342.6400146484375 1398 140.10000610351562
      vertex 335.27999877929688 1398 140.10000610351562
    endloop
  endfacet
  facet normal 0 0 -1
    outer loop
      vertex 320.55999755859375 1400 140.10000610351562
      vertex 327.92001342773438 1400 140.10000610351562
      vertex 327.92001342773438 1398 140.10000610351562
    endloop
  endfacet
  facet normal 0 0 -1
    outer loop
      vertex 320.55999755859375 1400 140.10000610351562
      vertex 327.92001342773438 1398 140.10000610351562
      vertex 320.55999755859375 1398 140.10000610351562
    endloop
  endfacet
  facet normal 0 0 -1
    outer loop
      vertex 313.20001220703125 1400 140.10000610351562
      vertex 320.55999755859375 1400 140.10000610351562
      vertex 320.55999755859375 1398 140.10000610351562
    endloop
  endfacet
  facet normal 0 0 -1
    outer loop
      vertex 313.20001220703125 1400 140.10000610351562
      vertex 320.55999755859375 1398 140.10000610351562
      vertex 313.20001220703125 1398 140.10000610351562
    endloop
  endfacet
  facet normal 0 0 -1
    outer loop
      vertex 327.92001342773438 1400 140.10000610351562
      vertex 335.27999877929688 1400 140.10000610351562
      vertex 335.27999877929688 1398 140.10000610351562
    endloop
  endfacet
  facet normal 0 0 -1
    outer loop
      vertex 327.92001342773438 1400 140.10000610351562
      vertex 335.27999877929688 1398 140.10000610351562
      vertex 327.92001342773438 1398 140.10000610351562
    endloop
  endfacet
  facet normal 0 0 -1
    outer loop
      vertex 350 1400 140.10000610351562
      vertex 357.3599853515625 1400 140.10000610351562
      vertex 357.3599853515625 1398 140.10000610351562
    endloop
  endfacet
  facet normal 0 0 -1
    outer loop
      vertex 350 1400 140.10000610351562
      vertex 357.3599853515625 1398 140.10000610351562
      vertex 350 1398 140.10000610351562
    endloop
  endfacet
  facet normal -1 0 -0
    outer loop
      vertex 386.79998779296875 1400 92.785713195800781
      vertex 386.79998779296875 1400 84.900001525878906
      vertex 386.79998779296875 1398 84.900001525878906
    endloop
  endfacet
  facet normal -1 0 -0
    outer loop
      vertex 386.79998779296875 1400 92.785713195800781
      vertex 386.79998779296875 1398 84.900001525878906
      vertex 386.79998779296875 1398 92.785713195800781
    endloop
  endfacet
  facet normal -1 0 -0
    outer loop
      vertex 386.79998779296875 1400 108.55714416503906
      vertex 386.79998779296875 1400 100.67142486572266
      vertex 386.79998779296875 1398 100.67142486572266
    endloop
  endfacet
  facet normal -1 0 -0
    outer loop
      vertex 386.79998779296875 1400 108.55714416503906
      vertex 386.79998779296875 1398 100.67142486572266
      vertex 386.79998779296875 1398 108.55714416503906
    endloop
  endfacet
  facet normal -1 0 -0
    outer loop
      vertex 386.79998779296875 1400 100.67142486572266
      vertex 386.79998779296875 1400 92.785713195800781
      vertex 386.79998779296875 1398 92.785713195800781
    endloop
  endfacet
  facet normal -1 0 -0
    outer loop
      vertex 386.79998779296875 1400 100.67142486572266
      vertex 386.79998779296875 1398 92.785713195800781
      vertex 386.79998779296875 1398 100.67142486572266
    endloop
  endfacet
  facet normal -1 0 -0
    outer loop
      vertex 386.79998779296875 1400 124.32857513427734
      vertex 386.79998779296875 1400 116.44285583496094
      vertex 386.79998779296875 1398 116.44285583496094
    endloop
  endfacet
  facet normal -1 0 -0
    outer loop
      vertex 386.79998779296875 1400 124.32857513427734
      vertex 386.79998779296875 1398 116.44285583496094
      vertex 386.79998779296875 1398 124.32857513427734
    endloop
  endfacet
  facet normal -1 0 -0
    outer loop
      vertex 386.79998779296875 1400 140.10000610351562
      vertex 386.79998779296875 1400 132.21427917480469
      vertex 386.79998779296875 1398 132.21427917480469
    endloop
  endfacet
  facet normal -1 0 -0
    outer loop
      vertex 386.79998779296875 1400 140.10000610351562
      vertex 386.79998779296875 1398 132.21427917480469
      vertex 386.79998779296875 1398 140.10000610351562
    endloop
  endfacet
  facet normal -1 0 -0
    outer loop
      vertex 386.79998779296875 1400 132.21427917480469
      vertex 386.79998779296875 1400 124.32857513427734
      vertex 386.79998779296875 1398 124.32857513427734
    endloop
  endfacet
  facet normal -1 0 -0
    outer loop
      vertex 386.79998779296875 1400 132.21427917480469
      vertex 386.79998779296875 1398 124.32857513427734
      vertex 386.79998779296875 1398 132.21427917480469
    endloop
  endfacet
  facet normal -1 0 -0
    outer loop
      vertex 386.79998779296875 1400 116.44285583496094
      vertex 386.79998779296875 1400 108.55714416503906
      vertex 386.79998779296875 1398 108.55714416503906
    endloop
  endfacet
  facet normal -1 0 -0
    outer loop
      vertex 386.79998779296875 1400 116.44285583496094
      vertex 386.79998779296875 1398 108.55714416503906
      vertex 386.79998779296875 1398 116.44285583496094
    endloop
  endfacet
  facet normal 0 -0 1
    outer loop
      vertex 320.55999755859375 1400 84.900001525878906
      vertex 313.20001220703125 1400 84.900001525878906
      vertex 313.20001220703125 1398 84.900001525878906
    endloop
  endfacet
  facet normal 0 -0 1
    outer loop
      vertex 320.55999755859375 1400 84.900001525878906
      vertex 313.20001220703125 1398 84.900001525878906
      vertex 320.55999755859375 1398 84.900001525878906
    endloop
  endfacet
  facet normal 0 -0 1
    outer loop
      vertex 335.27999877929688 1400 84.900001525878906
      vertex 327.92001342773438 1400 84.900001525878906
      vertex 327.92001342773438 1398 84.900001525878906
    endloop
  endfacet
  facet normal 0 -0 1
    outer loop
      vertex 335.27999877929688 1400 84.900001525878906
      vertex 327.92001342773438 1398 84.900001525878906
      vertex 335.27999877929688 1398 84.900001525878906
    endloop
  endfacet
  facet normal 0 -0 1
    outer loop
      vertex 342.6400146484375 1400 84.900001525878906
      vertex 335.27999877929688 1400 84.900001525878906
      vertex 335.27999877929688 1398 84.900001525878906
    endloop
  endfacet
  facet normal 0 -0 1
    outer loop
      vertex 342.6400146484375 1400 84.900001525878906
      vertex 335.27999877929688 1398 84.900001525878906
      vertex 342.6400146484375 1398 84.900001525878906
    endloop
  endfacet
  facet normal 0 -0 1
    outer loop
      vertex 327.92001342773438 1400 84.900001525878906
      vertex 320.55999755859375 1400 84.900001525878906
      vertex 320.55999755859375 1398 84.900001525878906
    endloop
  endfacet
  facet normal 0 -0 1
    outer loop
      vertex 327.92001342773438 1400 84.900001525878906
      vertex 320.55999755859375 1398 84.900001525878906
      vertex 327.92001342773438 1398 84.900001525878906
    endloop
  endfacet
  facet normal 0 -0 1
    outer loop
      vertex 357.3599853515625 1400 84.900001525878906
      vertex 350 1400 84.900001525878906
      vertex 350 1398 84.900001525878906
    endloop
  endfacet
  facet normal 0 -0 1
    outer loop
      vertex 357.3599853515625 1400 84.900001525878906
      vertex 350 1398 84.900001525878906
      vertex 357.3599853515625 1398 84.900001525878906
    endloop
  endfacet
  facet normal 0 -0 1
    outer loop
      vertex 364.72000122070312 1400 84.900001525878906
      vertex 357.3599853515625 1400 84.900001525878906
      vertex 357.3599853515625 1398 84.900001525878906
    endloop
  endfacet
  facet normal 0 -0 1
    outer loop
      vertex 364.72000122070312 1400 84.900001525878906
      vertex 357.3599853515625 1398 84.900001525878906
      vertex 364.72000122070312 1398 84.900001525878906
    endloop
  endfacet
  facet normal 0 -0 1
    outer loop
      vertex 379.44000244140625 1400 84.900001525878906
      vertex 372.07998657226562 1400 84.900001525878906
      vertex 372.07998657226562 1398 84.900001525878906
    endloop
  endfacet
  facet normal 0 -0 1
    outer loop
      vertex 379.44000244140625 1400 84.900001525878906
      vertex 372.07998657226562 1398 84.900001525878906
      vertex 379.44000244140625 1398 84.900001525878906
    endloop
  endfacet
  facet normal 0 -0 1
    outer loop
      vertex 386.79998779296875 1400 84.900001525878906
      vertex 379.44000244140625 1400 84.900001525878906
      vertex 379.44000244140625 1398 84.900001525878906
    endloop
  endfacet
  facet normal 0 -0 1
    outer loop
      vertex 386.79998779296875 1400 84.900001525878906
      vertex 379.44000244140625 1398 84.900001525878906
      vertex 386.79998779296875 1398 84.900001525878906
    endloop
  endfacet
  facet normal 0 -0 1
    outer loop
      vertex 372.07998657226562 1400 84.900001525878906
      vertex 364.72000122070312 1400 84.900001525878906
      vertex 364.72000122070312 1398 84.900001525878906
    endloop
  endfacet
  facet normal 0 -0 1
    outer loop
      vertex 372.07998657226562 1400 84.900001525878906
      vertex 364.72000122070312 1398 84.900001525878906
      vertex 372.07998657226562 1398 84.900001525878906
    endloop
  endfacet
  facet normal 0 -0 1
    outer loop
      vertex 350 1400 84.900001525878906
      vertex 342.6400146484375 1400 84.900001525878906
      vertex 342.6400146484375 1398 84.900001525878906
    endloop
  endfacet
  facet normal 0 -0 1
    outer loop
      vertex 350 1400 84.900001525878906
      vertex 342.6400146484375 1398 84.900001525878906
      vertex 350 1398 84.900001525878906
    endloop
  endfacet
  facet normal -0 -1 -0
    outer loop
      vertex 310 1398 91.071426391601562
      vertex 310 1398 82.5
      vertex 313.20001220703125 1398 84.900001525878906
    endloop
  endfacet
  facet normal -0 -1 0
    outer loop
      vertex 310 1398 91.071426391601562
      vertex 313.20001220703125 1398 84.900001525878906
      vertex 313.20001220703125 1398 92.785713195800781
    endloop
  endfacet
  facet normal 0 -1 -0
    outer loop
      vertex 310 1398 82.5
      vertex 318 1398 82.5
      vertex 320.55999755859375 1398 84.900001525878906
    endloop
  endfacet
  facet normal 0 -1 -0
    outer loop
      vertex 310 1398 82.5
      vertex 320.55999755859375 1398 84.900001525878906
      vertex 313.20001220703125 1398 84.900001525878906
    endloop
  endfacet
  facet normal -0 -1 -0
    outer loop
      vertex 310 1398 99.642860412597656
      vertex 310 1398 91.071426391601562
      vertex 313.20001220703125 1398 92.785713195800781
    endloop
  endfacet
  facet normal -0 -1 0
    outer loop
      vertex 310 1398 99.642860412597656
      vertex 313.20001220703125 1398 92.785713195800781
      vertex 313.20001220703125 1398 100.67142486572266
    endloop
  endfacet
  facet normal -0 -1 -0
    outer loop
      vertex 310 1398 108.21428680419922
      vertex 310 1398 99.642860412597656
      vertex 313.20001220703125 1398 100.67142486572266
    endloop
  endfacet
  facet normal -0 -1 0
    outer loop
      vertex 310 1398 108.21428680419922
      vertex 313.20001220703125 1398 100.67142486572266
      vertex 313.20001220703125 1398 108.55714416503906
    endloop
  endfacet
  facet normal 0 -1 0
    outer loop
      vertex 313.20001220703125 1398 108.55714416503906
      vertex 313.20001220703125 1398 116.44285583496094
      vertex 310 1398 116.78571319580078
    endloop
  endfacet
  facet normal 0 -1 -0
    outer loop
      vertex 313.20001220703125 1398 108.55714416503906
      vertex 310 1398 116.78571319580078
      vertex 310 1398 108.21428680419922
    endloop
  endfacet
  facet normal -0 -1 0
    outer loop
      vertex 318 1398 82.5
      vertex 326 1398 82.5
      vertex 327.92001342773438 1398 84.900001525878906
    endloop
  endfacet
  facet normal 0 -1 -0
    outer loop
      vertex 318 1398 82.5
      vertex 327.92001342773438 1398 84.900001525878906
      vertex 320.55999755859375 1398 84.900001525878906
    endloop
  endfacet
  facet normal 0 -1 -0
    outer loop
      vertex 334 1398 82.5
      vertex 342 1398 82.5
      vertex 342.6400146484375 1398 84.900001525878906
    endloop
  endfacet
  facet normal 0 -1 -0
    outer loop
      vertex 334 1398 82.5
      vertex 342.6400146484375 1398 84.900001525878906
      vertex 335.27999877929688 1398 84.900001525878906
    endloop
  endfacet
  facet normal 0 -1 -0
    outer loop
      vertex 326 1398 82.5
      vertex 334 1398 82.5
      vertex 335.27999877929688 1398 84.900001525878906
    endloop
  endfacet
  facet normal 0 -1 -0
    outer loop
      vertex 326 1398 82.5
      vertex 335.27999877929688 1398 84.900001525878906
      vertex 327.92001342773438 1398 84.900001525878906
    endloop
  endfacet
  facet normal 0 -1 -0
    outer loop
      vertex 342 1398 82.5
      vertex 350 1398 82.5
      vertex 350 1398 84.900001525878906
    endloop
  endfacet
  facet normal 0 -1 -0
    outer loop
      vertex 342 1398 82.5
      vertex 350 1398 84.900001525878906
      vertex 342.6400146484375 1398 84.900001525878906
    endloop
  endfacet
  facet normal -0 -1 0
    outer loop
      vertex 310 1398 125.35713958740234
      vertex 310 1398 116.78571319580078
      vertex 313.20001220703125 1398 116.44285583496094
    endloop
  endfacet
  facet normal -0 -1 -0
    outer loop
      vertex 310 1398 125.35713958740234
      vertex 313.20001220703125 1398 116.44285583496094
      vertex 313.20001220703125 1398 124.32857513427734
    endloop
  endfacet
  facet normal -0 -1 -0
    outer loop
      vertex 313.20001220703125 1398 124.32857513427734
      vertex 313.20001220703125 1398 132.21427917480469
      vertex 310 1398 133.92857360839844
    endloop
  endfacet
  facet normal 0 -1 0
    outer loop
      vertex 313.20001220703125 1398 124.32857513427734
      vertex 310 1398 133.92857360839844
      vertex 310 1398 125.35713958740234
    endloop
  endfacet
  facet normal -0 -1 0
    outer loop
      vertex 310 1398 142.5
      vertex 310 1398 133.92857360839844
      vertex 313.20001220703125 1398 132.21427917480469
    endloop
  endfacet
  facet normal -0 -1 -0
    outer loop
      vertex 310 1398 142.5
      vertex 313.20001220703125 1398 132.21427917480469
      vertex 313.20001220703125 1398 140.10000610351562
    endloop
  endfacet
  facet normal -0 -1 0
    outer loop
      vertex 318 1398 142.5
      vertex 310 1398 142.5
      vertex 313.20001220703125 1398 140.10000610351562
    endloop
  endfacet
  facet normal 0 -1 0
    outer loop
      vertex 318 1398 142.5
      vertex 313.20001220703125 1398 140.10000610351562
      vertex 320.55999755859375 1398 140.10000610351562
    endloop
  endfacet
  facet normal 0 -1 -0
    outer loop
      vertex 320.55999755859375 1398 140.10000610351562
      vertex 327.92001342773438 1398 140.10000610351562
      vertex 326 1398 142.5
    endloop
  endfacet
  facet normal -0 -1 -0
    outer loop
      vertex 320.55999755859375 1398 140.10000610351562
      vertex 326 1398 142.5
      vertex 318 1398 142.5
    endloop
  endfacet
  facet normal 0 -1 -0
    outer loop
      vertex 335.27999877929688 1398 140.10000610351562
      vertex 342.6400146484375 1398 140.10000610351562
      vertex 342 1398 142.5
    endloop
  endfacet
  facet normal -0 -1 -0
    outer loop
      vertex 335.27999877929688 1398 140.10000610351562
      vertex 342 1398 142.5
      vertex 334 1398 142.5
    endloop
  endfacet
  facet normal 0 -1 -0
    outer loop
      vertex 327.92001342773438 1398 140.10000610351562
      vertex 335.27999877929688 1398 140.10000610351562
      vertex 334 1398 142.5
    endloop
  endfacet
  facet normal -0 -1 -0
    outer loop
      vertex 327.92001342773438 1398 140.10000610351562
      vertex 334 1398 142.5
      vertex 326 1398 142.5
    endloop
  endfacet
  facet normal 0 -1 -0
    outer loop
      vertex 342.6400146484375 1398 140.10000610351562
      vertex 350 1398 140.10000610351562
      vertex 350 1398 142.5
    endloop
  endfacet
  facet normal -0 -1 -0
    outer loop
      vertex 342.6400146484375 1398 140.10000610351562
      vertex 350 1398 142.5
      vertex 342 1398 142.5
    endloop
  endfacet
  facet normal -0 -1 0
    outer loop
      vertex 357.3599853515625 1398 84.900001525878906
      vertex 350 1398 84.900001525878906
      vertex 350 1398 82.5
    endloop
  endfacet
  facet normal 0 -1 0
    outer loop
      vertex 357.3599853515625 1398 84.900001525878906
      vertex 350 1398 82.5
      vertex 358 1398 82.5
    endloop
  endfacet
  facet normal 0 -1 -0
    outer loop
      vertex 358 1398 82.5
      vertex 366 1398 82.5
      vertex 364.72000122070312 1398 84.900001525878906
    endloop
  endfacet
  facet normal -0 -1 -0
    outer loop
      vertex 358 1398 82.5
      vertex 364.72000122070312 1398 84.900001525878906
      vertex 357.3599853515625 1398 84.900001525878906
    endloop
  endfacet
  facet normal 0 -1 -0
    outer loop
      vertex 366 1398 82.5
      vertex 374 1398 82.5
      vertex 372.07998657226562 1398 84.900001525878906
    endloop
  endfacet
  facet normal -0 -1 -0
    outer loop
      vertex 366 1398 82.5
      vertex 372.07998657226562 1398 84.900001525878906
      vertex 364.72000122070312 1398 84.900001525878906
    endloop
  endfacet
  facet normal -0 -1 0
    outer loop
      vertex 379.44000244140625 1398 84.900001525878906
      vertex 372.07998657226562 1398 84.900001525878906
      vertex 374 1398 82.5
    endloop
  endfacet
  facet normal 0 -1 0
    outer loop
      vertex 379.44000244140625 1398 84.900001525878906
      vertex 374 1398 82.5
      vertex 382 1398 82.5
    endloop
  endfacet
  facet normal 0 -1 -0
    outer loop
      vertex 382 1398 82.5
      vertex 390 1398 82.5
      vertex 386.79998779296875 1398 84.900001525878906
    endloop
  endfacet
  facet normal -0 -1 -0
    outer loop
      vertex 382 1398 82.5
      vertex 386.79998779296875 1398 84.900001525878906
      vertex 379.44000244140625 1398 84.900001525878906
    endloop
  endfacet
  facet normal 0 -1 0
    outer loop
      vertex 390 1398 82.5
      vertex 390 1398 91.071426391601562
      vertex 386.79998779296875 1398 92.785713195800781
    endloop
  endfacet
  facet normal 0 -1 0
    outer loop
      vertex 390 1398 82.5
      vertex 386.79998779296875 1398 92.785713195800781
      vertex 386.79998779296875 1398 84.900001525878906
    endloop
  endfacet
  facet normal -0 -1 0
    outer loop
      vertex 386.79998779296875 1398 100.67142486572266
      vertex 386.79998779296875 1398 92.785713195800781
      vertex 390 1398 91.071426391601562
    endloop
  endfacet
  facet normal -0 -1 -0
    outer loop
      vertex 386.79998779296875 1398 100.67142486572266
      vertex 390 1398 91.071426391601562
      vertex 390 1398 99.642860412597656
    endloop
  endfacet
  facet normal -0 -1 0
    outer loop
      vertex 386.79998779296875 1398 108.55714416503906
      vertex 386.79998779296875 1398 100.67142486572266
      vertex 390 1398 99.642860412597656
    endloop
  endfacet
  facet normal -0 -1 -0
    outer loop
      vertex 386.79998779296875 1398 108.55714416503906
      vertex 390 1398 99.642860412597656
      vertex 390 1398 108.21428680419922
    endloop
  endfacet
  facet normal 0 -1 0
    outer loop
      vertex 390 1398 108.21428680419922
      vertex 390 1398 116.78571319580078
      vertex 386.79998779296875 1398 116.44285583496094
    endloop
  endfacet
  facet normal 0 -1 0
    outer loop
      vertex 390 1398 108.21428680419922
      vertex 386.79998779296875 1398 116.44285583496094
      vertex 386.79998779296875 1398 108.55714416503906
    endloop
  endfacet
  facet normal -0 -1 0
    outer loop
      vertex 357.3599853515625 1398 140.10000610351562
      vertex 364.72000122070312 1398 140.10000610351562
      vertex 366 1398 142.5
    endloop
  endfacet
  facet normal 0 -1 -0
    outer loop
      vertex 357.3599853515625 1398 140.10000610351562
      vertex 366 1398 142.5
      vertex 358 1398 142.5
    endloop
  endfacet
  facet normal 0 -1 -0
    outer loop
      vertex 372.07998657226562 1398 140.10000610351562
      vertex 379.44000244140625 1398 140.10000610351562
      vertex 382 1398 142.5
    endloop
  endfacet
  facet normal 0 -1 -0
    outer loop
      vertex 372.07998657226562 1398 140.10000610351562
      vertex 382 1398 142.5
      vertex 374 1398 142.5
    endloop
  endfacet
  facet normal -0 -1 0
    outer loop
      vertex 364.72000122070312 1398 140.10000610351562
      vertex 372.07998657226562 1398 140.10000610351562
      vertex 374 1398 142.5
    endloop
  endfacet
  facet normal 0 -1 -0
    outer loop
      vertex 364.72000122070312 1398 140.10000610351562
      vertex 374 1398 142.5
      vertex 366 1398 142.5
    endloop
  endfacet
  facet normal -0 -1 0
    outer loop
      vertex 358 1398 142.5
      vertex 350 1398 142.5
      vertex 350 1398 140.10000610351562
    endloop
  endfacet
  facet normal -0 -1 0
    outer loop
      vertex 358 1398 142.5
      vertex 350 1398 140.10000610351562
      vertex 357.3599853515625 1398 140.10000610351562
    endloop
  endfacet
  facet normal -0 -1 -0
    outer loop
      vertex 386.79998779296875 1398 124.32857513427734
      vertex 386.79998779296875 1398 116.44285583496094
      vertex 390 1398 116.78571319580078
    endloop
  endfacet
  facet normal -0 -1 0
    outer loop
      vertex 386.79998779296875 1398 124.32857513427734
      vertex 390 1398 116.78571319580078
      vertex 390 1398 125.35713958740234
    endloop
  endfacet
  facet normal -0 -1 -0
    outer loop
      vertex 386.79998779296875 1398 132.21427917480469
      vertex 386.79998779296875 1398 124.32857513427734
      vertex 390 1398 125.35713958740234
    endloop
  endfacet
  facet normal -0 -1 0
    outer loop
      vertex 386.79998779296875 1398 132.21427917480469
      vertex 390 1398 125.35713958740234
      vertex 390 1398 133.92857360839844
    endloop
  endfacet
  facet normal 0 -1 -0
    outer loop
      vertex 379.44000244140625 1398 140.10000610351562
      vertex 386.79998779296875 1398 140.10000610351562
      vertex 390 1398 142.5
    endloop
  endfacet
  facet normal 0 -1 -0
    outer loop
      vertex 379.44000244140625 1398 140.10000610351562
      vertex 390 1398 142.5
      vertex 382 1398 142.5
    endloop
  endfacet
  facet normal 0 -1 0
    outer loop
      vertex 390 1398 133.92857360839844
      vertex 390 1398 142.5
      vertex 386.79998779296875 1398 140.10000610351562
    endloop
  endfacet
  facet normal 0 -1 -0
    outer loop
      vertex 390 1398 133.92857360839844
      vertex 386.79998779296875 1398 140.10000610351562
      vertex 386.79998779296875 1398 132.21427917480469
    endloop
  endfacet
endsolid OBJECT
