solid OBJECT
  facet normal -9.4783074692151407e-06 0.98228933431482035 0.18737039147503787
    outer loop
      vertex 200 1397.993896484375 160.51699829101562
      vertex 210 1398.5958251953125 157.36189270019531
      vertex 200 1400 150
    endloop
  endfacet
  facet normal 0 0.98229170392244958 0.18735796861924706
    outer loop
      vertex 210 1400 150
      vertex 200 1400 150
      vertex 210 1398.5958251953125 157.36189270019531
    endloop
  endfacet
  facet normal -1.0970988105864764e-05 0.98229020503414077 0.18736582658965012
    outer loop
      vertex 210 1396.7235107421875 167.17774963378906
      vertex 210 1398.5958251953125 157.36189270019531
      vertex 200 1397.993896484375 160.51699829101562
    endloop
  endfacet
  facet normal -7.061079847384466e-06 0.98228933433445609 0.18737039147878337
    outer loop
      vertex 210 1394.8511962890625 176.99360656738281
      vertex 200 1395.9879150390625 171.03398132324219
      vertex 200 1393.9818115234375 181.55097961425781
    endloop
  endfacet
  facet normal -4.2416029303608839e-06 0.98229020508442011 0.18736582659924061
    outer loop
      vertex 200 1395.9879150390625 171.03398132324219
      vertex 210 1394.8511962890625 176.99360656738281
      vertex 210 1396.7235107421875 167.17774963378906
    endloop
  endfacet
  facet normal -6.7090551337323164e-06 0.98229138269820804 0.18735965262518803
    outer loop
      vertex 210 1396.7235107421875 167.17774963378906
      vertex 200 1397.993896484375 160.51699829101562
      vertex 200 1395.9879150390625 171.03398132324219
    endloop
  endfacet
  facet normal -9.2171674214647381e-06 0.98229020505153064 0.18736582659296713
    outer loop
      vertex 210 1392.9788818359375 186.80946350097656
      vertex 210 1394.8511962890625 176.99360656738281
      vertex 200 1393.9818115234375 181.55097961425781
    endloop
  endfacet
  facet normal -0 0.98229170392244958 0.18735796861924706
    outer loop
      vertex 210 1400 150
      vertex 210 1398.5958251953125 157.36189270019531
      vertex 220 1398.5958251953125 157.36189270019531
    endloop
  endfacet
  facet normal 0 0.98229170392244969 0.18735796861924706
    outer loop
      vertex 210 1400 150
      vertex 220 1398.5958251953125 157.36189270019531
      vertex 220 1400 150
    endloop
  endfacet
  facet normal -0 0.98229170392244958 0.18735796861924706
    outer loop
      vertex 230 1400 150
      vertex 230 1398.5958251953125 157.36189270019531
      vertex 240 1398.5958251953125 157.36189270019531
    endloop
  endfacet
  facet normal 0 0.98229170392244969 0.18735796861924706
    outer loop
      vertex 230 1400 150
      vertex 240 1398.5958251953125 157.36189270019531
      vertex 240 1400 150
    endloop
  endfacet
  facet normal -0 0.98229170392244958 0.18735796861924706
    outer loop
      vertex 220 1400 150
      vertex 220 1398.5958251953125 157.36189270019531
      vertex 230 1398.5958251953125 157.36189270019531
    endloop
  endfacet
  facet normal 0 0.98229170392244969 0.18735796861924706
    outer loop
      vertex 220 1400 150
      vertex 230 1398.5958251953125 157.36189270019531
      vertex 230 1400 150
    endloop
  endfacet
  facet normal 0 0.98229170392244958 0.18735796861924706
    outer loop
      vertex 250 1398.5958251953125 157.36189270019531
      vertex 250 1400 150
      vertex 240 1400 150
    endloop
  endfacet
  facet normal -0 0.98229170392244969 0.18735796861924706
    outer loop
      vertex 250 1398.5958251953125 157.36189270019531
      vertex 240 1400 150
      vertex 240 1398.5958251953125 157.36189270019531
    endloop
  endfacet
  facet normal -4.9297567534408179e-06 0.98228933434700783 0.1873703914811776
    outer loop
      vertex 210 1391.1065673828125 196.62533569335938
      vertex 200 1391.975830078125 192.06796264648438
      vertex 200 1389.9697265625 202.5849609375
    endloop
  endfacet
  facet normal -2.6409416872490079e-06 0.98229025869559017 0.18736554556474841
    outer loop
      vertex 200 1391.975830078125 192.06796264648438
      vertex 210 1391.1065673828125 196.62533569335938
      vertex 210 1392.9788818359375 186.80946350097656
    endloop
  endfacet
  facet normal -5.8524867317213025e-06 0.9822913827034927 0.187359652626196
    outer loop
      vertex 210 1392.9788818359375 186.80946350097656
      vertex 200 1393.9818115234375 181.55097961425781
      vertex 200 1391.975830078125 192.06796264648438
    endloop
  endfacet
  facet normal -7.7492442995105764e-06 0.98229020506376263 0.18736582659530032
    outer loop
      vertex 210 1389.2342529296875 206.44119262695312
      vertex 210 1391.1065673828125 196.62533569335938
      vertex 200 1389.9697265625 202.5849609375
    endloop
  endfacet
  facet normal -2.5125291314157102e-06 0.98228933435584342 0.187370391482863
    outer loop
      vertex 210 1387.3619384765625 216.25704956054688
      vertex 200 1387.9637451171875 213.10194396972656
      vertex 200 1385.9576416015625 223.61894226074219
    endloop
  endfacet
  facet normal -1.0198591236091531e-06 0.98229020509274556 0.18736582660082862
    outer loop
      vertex 200 1387.9637451171875 213.10194396972656
      vertex 210 1387.3619384765625 216.25704956054688
      vertex 210 1389.2342529296875 206.44119262695312
    endloop
  endfacet
  facet normal -5.2818064715156146e-06 0.98229138270661354 0.18735965262679127
    outer loop
      vertex 210 1389.2342529296875 206.44119262695312
      vertex 200 1389.9697265625 202.5849609375
      vertex 200 1387.9637451171875 213.10194396972656
    endloop
  endfacet
  facet normal 0 0.98228870620577657 0.18737368454663414
    outer loop
      vertex 210 1385.9576416015625 223.61894226074219
      vertex 210 1387.3619384765625 216.25704956054688
      vertex 200 1385.9576416015625 223.61894226074219
    endloop
  endfacet
  facet normal 0 0.98228870620577657 0.18737368454663414
    outer loop
      vertex 220 1387.3619384765625 216.25704956054688
      vertex 210 1385.9576416015625 223.61894226074219
      vertex 220 1385.9576416015625 223.61894226074219
    endloop
  endfacet
  facet normal 0 0.98228870620577657 0.18737368454663414
    outer loop
      vertex 210 1387.3619384765625 216.25704956054688
      vertex 210 1385.9576416015625 223.61894226074219
      vertex 220 1387.3619384765625 216.25704956054688
    endloop
  endfacet
  facet normal 0 0.98228870620577657 0.18737368454663414
    outer loop
      vertex 230 1387.3619384765625 216.25704956054688
      vertex 220 1387.3619384765625 216.25704956054688
      vertex 220 1385.9576416015625 223.61894226074219
    endloop
  endfacet
  facet normal 0 0.98228870620577657 0.18737368454663414
    outer loop
      vertex 240 1387.3619384765625 216.25704956054688
      vertex 230 1387.3619384765625 216.25704956054688
      vertex 230 1385.9576416015625 223.61894226074219
    endloop
  endfacet
  facet normal 0 0.98228870620577657 0.18737368454663414
    outer loop
      vertex 230 1387.3619384765625 216.25704956054688
      vertex 220 1385.9576416015625 223.61894226074219
      vertex 230 1385.9576416015625 223.61894226074219
    endloop
  endfacet
  facet normal -0 0.98228870620577657 0.18737368454663414
    outer loop
      vertex 240 1385.9576416015625 223.61894226074219
      vertex 250 1385.9576416015625 223.61894226074219
      vertex 250 1387.3619384765625 216.25704956054688
    endloop
  endfacet
  facet normal 0 0.98228870620577657 0.18737368454663414
    outer loop
      vertex 240 1385.9576416015625 223.61894226074219
      vertex 240 1387.3619384765625 216.25704956054688
      vertex 230 1385.9576416015625 223.61894226074219
    endloop
  endfacet
  facet normal 0 0.98228870620577657 0.18737368454663414
    outer loop
      vertex 250 1387.3619384765625 216.25704956054688
      vertex 240 1387.3619384765625 216.25704956054688
      vertex 240 1385.9576416015625 223.61894226074219
    endloop
  endfacet
  facet normal -0 0.98229170392244958 0.18735796861924706
    outer loop
      vertex 250 1400 150
      vertex 250 1398.5958251953125 157.36189270019531
      vertex 260 1398.5958251953125 157.36189270019531
    endloop
  endfacet
  facet normal 0 0.98229170392244969 0.18735796861924706
    outer loop
      vertex 250 1400 150
      vertex 260 1398.5958251953125 157.36189270019531
      vertex 260 1400 150
    endloop
  endfacet
  facet normal -0 0.98229170392244958 0.18735796861924706
    outer loop
      vertex 260 1400 150
      vertex 260 1398.5958251953125 157.36189270019531
      vertex 270 1398.5958251953125 157.36189270019531
    endloop
  endfacet
  facet normal 0 0.98229170392244969 0.18735796861924706
    outer loop
      vertex 260 1400 150
      vertex 270 1398.5958251953125 157.36189270019531
      vertex 270 1400 150
    endloop
  endfacet
  facet normal 0 0.98229170392244958 0.18735796861924706
    outer loop
      vertex 290 1398.5958251953125 157.36189270019531
      vertex 290 1400 150
      vertex 280 1400 150
    endloop
  endfacet
  facet normal -0 0.98229170392244969 0.18735796861924706
    outer loop
      vertex 290 1398.5958251953125 157.36189270019531
      vertex 280 1400 150
      vertex 280 1398.5958251953125 157.36189270019531
    endloop
  endfacet
  facet normal 0 0.98229170392244958 0.18735796861924706
    outer loop
      vertex 280 1398.5958251953125 157.36189270019531
      vertex 280 1400 150
      vertex 270 1400 150
    endloop
  endfacet
  facet normal -0 0.98229170392244969 0.18735796861924706
    outer loop
      vertex 280 1398.5958251953125 157.36189270019531
      vertex 270 1400 150
      vertex 270 1398.5958251953125 157.36189270019531
    endloop
  endfacet
  facet normal 0 0.98229170392244958 0.18735796861924706
    outer loop
      vertex 300 1400 150
      vertex 290 1400 150
      vertex 290 1398.5958251953125 157.36189270019531
    endloop
  endfacet
  facet normal 9.4783074692151407e-06 0.98228933431482035 0.18737039147503787
    outer loop
      vertex 290 1398.5958251953125 157.36189270019531
      vertex 300 1397.993896484375 160.51699829101562
      vertex 300 1400 150
    endloop
  endfacet
  facet normal 6.7090551337323164e-06 0.98229138269820804 0.18735965262518803
    outer loop
      vertex 290 1396.7235107421875 167.17774963378906
      vertex 300 1395.9879150390625 171.03398132324219
      vertex 300 1397.993896484375 160.51699829101562
    endloop
  endfacet
  facet normal 1.097098810584782e-05 0.98229020503414077 0.18736582658965012
    outer loop
      vertex 290 1396.7235107421875 167.17774963378906
      vertex 300 1397.993896484375 160.51699829101562
      vertex 290 1398.5958251953125 157.36189270019531
    endloop
  endfacet
  facet normal 7.061079847384466e-06 0.98228933433445609 0.18737039147878337
    outer loop
      vertex 290 1394.8511962890625 176.99360656738281
      vertex 300 1393.9818115234375 181.55097961425781
      vertex 300 1395.9879150390625 171.03398132324219
    endloop
  endfacet
  facet normal 4.2416029303608839e-06 0.98229020508442011 0.18736582659924061
    outer loop
      vertex 290 1394.8511962890625 176.99360656738281
      vertex 300 1395.9879150390625 171.03398132324219
      vertex 290 1396.7235107421875 167.17774963378906
    endloop
  endfacet
  facet normal 9.2171674214613804e-06 0.98229020505153064 0.18736582659296713
    outer loop
      vertex 290 1392.9788818359375 186.80946350097656
      vertex 300 1393.9818115234375 181.55097961425781
      vertex 290 1394.8511962890625 176.99360656738281
    endloop
  endfacet
  facet normal 0 0.98228870620577657 0.18737368454663414
    outer loop
      vertex 260 1385.9576416015625 223.61894226074219
      vertex 270 1387.3619384765625 216.25704956054688
      vertex 260 1387.3619384765625 216.25704956054688
    endloop
  endfacet
  facet normal 0 0.98228870620577657 0.18737368454663414
    outer loop
      vertex 290 1387.3619384765625 216.25704956054688
      vertex 280 1387.3619384765625 216.25704956054688
      vertex 280 1385.9576416015625 223.61894226074219
    endloop
  endfacet
  facet normal 0 0.98228870620577657 0.18737368454663414
    outer loop
      vertex 270 1385.9576416015625 223.61894226074219
      vertex 280 1387.3619384765625 216.25704956054688
      vertex 270 1387.3619384765625 216.25704956054688
    endloop
  endfacet
  facet normal 0 0.98228870620577657 0.18737368454663414
    outer loop
      vertex 250 1387.3619384765625 216.25704956054688
      vertex 250 1385.9576416015625 223.61894226074219
      vertex 260 1387.3619384765625 216.25704956054688
    endloop
  endfacet
  facet normal -0 0.98228870620577657 0.18737368454663414
    outer loop
      vertex 250 1385.9576416015625 223.61894226074219
      vertex 260 1385.9576416015625 223.61894226074219
      vertex 260 1387.3619384765625 216.25704956054688
    endloop
  endfacet
  facet normal 0 0.98228870620577657 0.18737368454663414
    outer loop
      vertex 270 1385.9576416015625 223.61894226074219
      vertex 270 1387.3619384765625 216.25704956054688
      vertex 260 1385.9576416015625 223.61894226074219
    endloop
  endfacet
  facet normal -0 0.98228870620577657 0.18737368454663414
    outer loop
      vertex 270 1385.9576416015625 223.61894226074219
      vertex 280 1385.9576416015625 223.61894226074219
      vertex 280 1387.3619384765625 216.25704956054688
    endloop
  endfacet
  facet normal 9.5736089785423064e-06 0.98228933431392873 0.18737039147486781
    outer loop
      vertex 290 1389.2342529296875 206.44119262695312
      vertex 300 1389.9697265625 202.5849609375
      vertex 300 1391.975830078125 192.06796264648438
    endloop
  endfacet
  facet normal 2.7736798082787126e-06 0.98229020508947773 0.18736582660020532
    outer loop
      vertex 290 1389.2342529296875 206.44119262695312
      vertex 300 1391.975830078125 192.06796264648438
      vertex 290 1391.1065673828125 196.62533569335938
    endloop
  endfacet
  facet normal 2.6409416872483155e-06 0.98229025869559017 0.18736554556474841
    outer loop
      vertex 300 1391.975830078125 192.06796264648438
      vertex 290 1392.9788818359375 186.80946350097656
      vertex 290 1391.1065673828125 196.62533569335938
    endloop
  endfacet
  facet normal 7.7492442995105764e-06 0.98229020506376263 0.18736582659530032
    outer loop
      vertex 300 1389.9697265625 202.5849609375
      vertex 290 1389.2342529296875 206.44119262695312
      vertex 290 1387.3619384765625 216.25704956054688
    endloop
  endfacet
  facet normal -9.9896446126608611e-07 0.98229138271982497 0.18735965262931117
    outer loop
      vertex 300 1389.9697265625 202.5849609375
      vertex 290 1387.3619384765625 216.25704956054688
      vertex 300 1387.9637451171875 213.10194396972656
    endloop
  endfacet
  facet normal -0 0.98228870620577657 0.18737368454663414
    outer loop
      vertex 280 1385.9576416015625 223.61894226074219
      vertex 290 1385.9576416015625 223.61894226074219
      vertex 290 1387.3619384765625 216.25704956054688
    endloop
  endfacet
  facet normal 0 0.98228870620577657 0.18737368454663414
    outer loop
      vertex 300 1385.9576416015625 223.61894226074219
      vertex 290 1387.3619384765625 216.25704956054688
      vertex 290 1385.9576416015625 223.61894226074219
    endloop
  endfacet
  facet normal 2.5125291314157102e-06 0.98228933435584342 0.187370391482863
    outer loop
      vertex 290 1387.3619384765625 216.25704956054688
      vertex 300 1385.9576416015625 223.61894226074219
      vertex 300 1387.9637451171875 213.10194396972656
    endloop
  endfacet
  facet normal 5.8524867317213025e-06 0.9822913827034927 0.187359652626196
    outer loop
      vertex 300 1391.975830078125 192.06796264648438
      vertex 300 1393.9818115234375 181.55097961425781
      vertex 290 1392.9788818359375 186.80946350097656
    endloop
  endfacet
  facet normal -1 0 0
    outer loop
      vertex 200 1387.9637451171875 213.10194396972656
      vertex 200 1383.05224609375 212.16511535644531
      vertex 200 1381.0462646484375 222.68211364746094
    endloop
  endfacet
  facet normal -1 -0 -0
    outer loop
      vertex 200 1387.9637451171875 213.10194396972656
      vertex 200 1381.0462646484375 222.68211364746094
      vertex 200 1385.9576416015625 223.61894226074219
    endloop
  endfacet
  facet normal -1 0 0
    outer loop
      vertex 200 1391.975830078125 192.06796264648438
      vertex 200 1387.0643310546875 191.13113403320312
      vertex 200 1385.058349609375 201.64813232421875
    endloop
  endfacet
  facet normal -1 -0 -0
    outer loop
      vertex 200 1391.975830078125 192.06796264648438
      vertex 200 1385.058349609375 201.64813232421875
      vertex 200 1389.9697265625 202.5849609375
    endloop
  endfacet
  facet normal -1 0 0
    outer loop
      vertex 200 1389.9697265625 202.5849609375
      vertex 200 1385.058349609375 201.64813232421875
      vertex 200 1383.05224609375 212.16511535644531
    endloop
  endfacet
  facet normal -1 -0 -0
    outer loop
      vertex 200 1389.9697265625 202.5849609375
      vertex 200 1383.05224609375 212.16511535644531
      vertex 200 1387.9637451171875 213.10194396972656
    endloop
  endfacet
  facet normal -1 0 0
    outer loop
      vertex 200 1395.9879150390625 171.03398132324219
      vertex 200 1391.076416015625 170.09715270996094
      vertex 200 1389.0704345703125 180.61415100097656
    endloop
  endfacet
  facet normal -1 -0 -0
    outer loop
      vertex 200 1395.9879150390625 171.03398132324219
      vertex 200 1389.0704345703125 180.61415100097656
      vertex 200 1393.9818115234375 181.55097961425781
    endloop
  endfacet
  facet normal -1 0 0
    outer loop
      vertex 200 1400 150
      vertex 200 1395.0885009765625 149.06317138671875
      vertex 200 1393.08251953125 159.58016967773438
    endloop
  endfacet
  facet normal -1 -0 -0
    outer loop
      vertex 200 1400 150
      vertex 200 1393.08251953125 159.58016967773438
      vertex 200 1397.993896484375 160.51699829101562
    endloop
  endfacet
  facet normal -1 0 0
    outer loop
      vertex 200 1397.993896484375 160.51699829101562
      vertex 200 1393.08251953125 159.58016967773438
      vertex 200 1391.076416015625 170.09715270996094
    endloop
  endfacet
  facet normal -1 -0 -0
    outer loop
      vertex 200 1397.993896484375 160.51699829101562
      vertex 200 1391.076416015625 170.09715270996094
      vertex 200 1395.9879150390625 171.03398132324219
    endloop
  endfacet
  facet normal -1 0 0
    outer loop
      vertex 200 1393.9818115234375 181.55097961425781
      vertex 200 1389.0704345703125 180.61415100097656
      vertex 200 1387.0643310546875 191.13113403320312
    endloop
  endfacet
  facet normal -1 -0 -0
    outer loop
      vertex 200 1393.9818115234375 181.55097961425781
      vertex 200 1387.0643310546875 191.13113403320312
      vertex 200 1391.975830078125 192.06796264648438
    endloop
  endfacet
  facet normal -0 0.18736395954012031 -0.9822905612218048
    outer loop
      vertex 220 1387.3619384765625 216.25704956054688
      vertex 220 1382.450439453125 215.32022094726562
      vertex 210 1382.450439453125 215.32022094726562
    endloop
  endfacet
  facet normal 0 0.18736395954012031 -0.9822905612218048
    outer loop
      vertex 220 1387.3619384765625 216.25704956054688
      vertex 210 1382.450439453125 215.32022094726562
      vertex 210 1387.3619384765625 216.25704956054688
    endloop
  endfacet
  facet normal -0 0.18736395954012031 -0.9822905612218048
    outer loop
      vertex 240 1387.3619384765625 216.25704956054688
      vertex 240 1382.450439453125 215.32022094726562
      vertex 230 1382.450439453125 215.32022094726562
    endloop
  endfacet
  facet normal 0 0.18736395954012031 -0.9822905612218048
    outer loop
      vertex 240 1387.3619384765625 216.25704956054688
      vertex 230 1382.450439453125 215.32022094726562
      vertex 230 1387.3619384765625 216.25704956054688
    endloop
  endfacet
  facet normal -0 0.18736395954012031 -0.9822905612218048
    outer loop
      vertex 230 1387.3619384765625 216.25704956054688
      vertex 230 1382.450439453125 215.32022094726562
      vertex 220 1382.450439453125 215.32022094726562
    endloop
  endfacet
  facet normal 0 0.18736395954012031 -0.9822905612218048
    outer loop
      vertex 230 1387.3619384765625 216.25704956054688
      vertex 220 1382.450439453125 215.32022094726562
      vertex 220 1387.3619384765625 216.25704956054688
    endloop
  endfacet
  facet normal -0 0.18736395954012031 -0.9822905612218048
    outer loop
      vertex 260 1387.3619384765625 216.25704956054688
      vertex 260 1382.450439453125 215.32022094726562
      vertex 250 1382.450439453125 215.32022094726562
    endloop
  endfacet
  facet normal 0 0.18736395954012031 -0.9822905612218048
    outer loop
      vertex 260 1387.3619384765625 216.25704956054688
      vertex 250 1382.450439453125 215.32022094726562
      vertex 250 1387.3619384765625 216.25704956054688
    endloop
  endfacet
  facet normal -0 0.18736395954012031 -0.9822905612218048
    outer loop
      vertex 280 1387.3619384765625 216.25704956054688
      vertex 280 1382.450439453125 215.32022094726562
      vertex 270 1382.450439453125 215.32022094726562
    endloop
  endfacet
  facet normal 0 0.18736395954012031 -0.9822905612218048
    outer loop
      vertex 280 1387.3619384765625 216.25704956054688
      vertex 270 1382.450439453125 215.32022094726562
      vertex 270 1387.3619384765625 216.25704956054688
    endloop
  endfacet
  facet normal -0 0.18736395954012031 -0.9822905612218048
    outer loop
      vertex 290 1387.3619384765625 216.25704956054688
      vertex 290 1382.450439453125 215.32022094726562
      vertex 280 1382.450439453125 215.32022094726562
    endloop
  endfacet
  facet normal 0 0.18736395954012031 -0.9822905612218048
    outer loop
      vertex 290 1387.3619384765625 216.25704956054688
      vertex 280 1382.450439453125 215.32022094726562
      vertex 280 1387.3619384765625 216.25704956054688
    endloop
  endfacet
  facet normal -0 0.18736395954012031 -0.9822905612218048
    outer loop
      vertex 270 1387.3619384765625 216.25704956054688
      vertex 270 1382.450439453125 215.32022094726562
      vertex 260 1382.450439453125 215.32022094726562
    endloop
  endfacet
  facet normal 0 0.18736395954012031 -0.9822905612218048
    outer loop
      vertex 270 1387.3619384765625 216.25704956054688
      vertex 260 1382.450439453125 215.32022094726562
      vertex 260 1387.3619384765625 216.25704956054688
    endloop
  endfacet
  facet normal -0 0.18736395954012031 -0.9822905612218048
    outer loop
      vertex 250 1387.3619384765625 216.25704956054688
      vertex 250 1382.450439453125 215.32022094726562
      vertex 240 1382.450439453125 215.32022094726562
    endloop
  endfacet
  facet normal 0 0.18736395954012031 -0.9822905612218048
    outer loop
      vertex 250 1387.3619384765625 216.25704956054688
      vertex 240 1382.450439453125 215.32022094726562
      vertex 240 1387.3619384765625 216.25704956054688
    endloop
  endfacet
  facet normal -0 -0.18736845291049514 0.98228970413718963
    outer loop
      vertex 290 1385.9576416015625 223.61894226074219
      vertex 290 1381.0462646484375 222.68211364746094
      vertex 300 1381.0462646484375 222.68211364746094
    endloop
  endfacet
  facet normal 0 -0.18736845291049514 0.98228970413718963
    outer loop
      vertex 290 1385.9576416015625 223.61894226074219
      vertex 300 1381.0462646484375 222.68211364746094
      vertex 300 1385.9576416015625 223.61894226074219
    endloop
  endfacet
  facet normal -0 -0.18736845291049514 0.98228970413718963
    outer loop
      vertex 270 1385.9576416015625 223.61894226074219
      vertex 270 1381.0462646484375 222.68211364746094
      vertex 280 1381.0462646484375 222.68211364746094
    endloop
  endfacet
  facet normal 0 -0.18736845291049514 0.98228970413718963
    outer loop
      vertex 270 1385.9576416015625 223.61894226074219
      vertex 280 1381.0462646484375 222.68211364746094
      vertex 280 1385.9576416015625 223.61894226074219
    endloop
  endfacet
  facet normal -0 -0.18736845291049514 0.98228970413718963
    outer loop
      vertex 260 1385.9576416015625 223.61894226074219
      vertex 260 1381.0462646484375 222.68211364746094
      vertex 270 1381.0462646484375 222.68211364746094
    endloop
  endfacet
  facet normal 0 -0.18736845291049514 0.98228970413718963
    outer loop
      vertex 260 1385.9576416015625 223.61894226074219
      vertex 270 1381.0462646484375 222.68211364746094
      vertex 270 1385.9576416015625 223.61894226074219
    endloop
  endfacet
  facet normal -0 -0.18736845291049514 0.98228970413718963
    outer loop
      vertex 280 1385.9576416015625 223.61894226074219
      vertex 280 1381.0462646484375 222.68211364746094
      vertex 290 1381.0462646484375 222.68211364746094
    endloop
  endfacet
  facet normal 0 -0.18736845291049514 0.98228970413718963
    outer loop
      vertex 280 1385.9576416015625 223.61894226074219
      vertex 290 1381.0462646484375 222.68211364746094
      vertex 290 1385.9576416015625 223.61894226074219
    endloop
  endfacet
  facet normal -0 -0.18736845291049514 0.98228970413718963
    outer loop
      vertex 240 1385.9576416015625 223.61894226074219
      vertex 240 1381.0462646484375 222.68211364746094
      vertex 250 1381.0462646484375 222.68211364746094
    endloop
  endfacet
  facet normal 0 -0.18736845291049514 0.98228970413718963
    outer loop
      vertex 240 1385.9576416015625 223.61894226074219
      vertex 250 1381.0462646484375 222.68211364746094
      vertex 250 1385.9576416015625 223.61894226074219
    endloop
  endfacet
  facet normal -0 -0.18736845291049514 0.98228970413718963
    outer loop
      vertex 230 1385.9576416015625 223.61894226074219
      vertex 230 1381.0462646484375 222.68211364746094
      vertex 240 1381.0462646484375 222.68211364746094
    endloop
  endfacet
  facet normal 0 -0.18736845291049514 0.98228970413718963
    outer loop
      vertex 230 1385.9576416015625 223.61894226074219
      vertex 240 1381.0462646484375 222.68211364746094
      vertex 240 1385.9576416015625 223.61894226074219
    endloop
  endfacet
  facet normal -0 -0.18736845291049514 0.98228970413718963
    outer loop
      vertex 210 1385.9576416015625 223.61894226074219
      vertex 210 1381.0462646484375 222.68211364746094
      vertex 220 1381.0462646484375 222.68211364746094
    endloop
  endfacet
  facet normal 0 -0.18736845291049514 0.98228970413718963
    outer loop
      vertex 210 1385.9576416015625 223.61894226074219
      vertex 220 1381.0462646484375 222.68211364746094
      vertex 220 1385.9576416015625 223.61894226074219
    endloop
  endfacet
  facet normal -0 -0.18736845291049514 0.98228970413718963
    outer loop
      vertex 200 1385.9576416015625 223.61894226074219
      vertex 200 1381.0462646484375 222.68211364746094
      vertex 210 1381.0462646484375 222.68211364746094
    endloop
  endfacet
  facet normal 0 -0.18736845291049514 0.98228970413718963
    outer loop
      vertex 200 1385.9576416015625 223.61894226074219
      vertex 210 1381.0462646484375 222.68211364746094
      vertex 210 1385.9576416015625 223.61894226074219
    endloop
  endfacet
  facet normal -0 -0.18736845291049514 0.98228970413718963
    outer loop
      vertex 220 1385.9576416015625 223.61894226074219
      vertex 220 1381.0462646484375 222.68211364746094
      vertex 230 1381.0462646484375 222.68211364746094
    endloop
  endfacet
  facet normal 0 -0.18736845291049514 0.98228970413718963
    outer loop
      vertex 220 1385.9576416015625 223.61894226074219
      vertex 230 1381.0462646484375 222.68211364746094
      vertex 230 1385.9576416015625 223.61894226074219
    endloop
  endfacet
  facet normal -0 -0.18736845291049514 0.98228970413718963
    outer loop
      vertex 250 1385.9576416015625 223.61894226074219
      vertex 250 1381.0462646484375 222.68211364746094
      vertex 260 1381.0462646484375 222.68211364746094
    endloop
  endfacet
  facet normal 0 -0.18736845291049514 0.98228970413718963
    outer loop
      vertex 250 1385.9576416015625 223.61894226074219
      vertex 260 1381.0462646484375 222.68211364746094
      vertex 260 1385.9576416015625 223.61894226074219
    endloop
  endfacet
  facet normal 1 -0 0
    outer loop
      vertex 300 1397.993896484375 160.51699829101562
      vertex 300 1393.08251953125 159.58016967773438
      vertex 300 1395.0885009765625 149.06317138671875
    endloop
  endfacet
  facet normal 1 0 0
    outer loop
      vertex 300 1397.993896484375 160.51699829101562
      vertex 300 1395.0885009765625 149.06317138671875
      vertex 300 1400 150
    endloop
  endfacet
  facet normal 1 -0 0
    outer loop
      vertex 300 1393.9818115234375 181.55097961425781
      vertex 300 1389.0704345703125 180.61415100097656
      vertex 300 1391.076416015625 170.09715270996094
    endloop
  endfacet
  facet normal 1 0 0
    outer loop
      vertex 300 1393.9818115234375 181.55097961425781
      vertex 300 1391.076416015625 170.09715270996094
      vertex 300 1395.9879150390625 171.03398132324219
    endloop
  endfacet
  facet normal 1 -0 0
    outer loop
      vertex 300 1395.9879150390625 171.03398132324219
      vertex 300 1391.076416015625 170.09715270996094
      vertex 300 1393.08251953125 159.58016967773438
    endloop
  endfacet
  facet normal 1 0 0
    outer loop
      vertex 300 1395.9879150390625 171.03398132324219
      vertex 300 1393.08251953125 159.58016967773438
      vertex 300 1397.993896484375 160.51699829101562
    endloop
  endfacet
  facet normal 1 -0 0
    outer loop
      vertex 300 1389.9697265625 202.5849609375
      vertex 300 1385.058349609375 201.64813232421875
      vertex 300 1387.0643310546875 191.13113403320312
    endloop
  endfacet
  facet normal 1 0 0
    outer loop
      vertex 300 1389.9697265625 202.5849609375
      vertex 300 1387.0643310546875 191.13113403320312
      vertex 300 1391.975830078125 192.06796264648438
    endloop
  endfacet
  facet normal 1 -0 0
    outer loop
      vertex 300 1385.9576416015625 223.61894226074219
      vertex 300 1381.0462646484375 222.68211364746094
      vertex 300 1383.05224609375 212.16511535644531
    endloop
  endfacet
  facet normal 1 0 0
    outer loop
      vertex 300 1385.9576416015625 223.61894226074219
      vertex 300 1383.05224609375 212.16511535644531
      vertex 300 1387.9637451171875 213.10194396972656
    endloop
  endfacet
  facet normal 1 -0 0
    outer loop
      vertex 300 1387.9637451171875 213.10194396972656
      vertex 300 1383.05224609375 212.16511535644531
      vertex 300 1385.058349609375 201.64813232421875
    endloop
  endfacet
  facet normal 1 0 0
    outer loop
      vertex 300 1387.9637451171875 213.10194396972656
      vertex 300 1385.058349609375 201.64813232421875
      vertex 300 1389.9697265625 202.5849609375
    endloop
  endfacet
  facet normal 1 -0 0
    outer loop
      vertex 300 1391.975830078125 192.06796264648438
      vertex 300 1387.0643310546875 191.13113403320312
      vertex 300 1389.0704345703125 180.61415100097656
    endloop
  endfacet
  facet normal 1 0 0
    outer loop
      vertex 300 1391.975830078125 192.06796264648438
      vertex 300 1389.0704345703125 180.61415100097656
      vertex 300 1393.9818115234375 181.55097961425781
    endloop
  endfacet
  facet normal -0 0.18736395954012031 -0.9822905612218048
    outer loop
      vertex 210 1400 150
      vertex 210 1395.0885009765625 149.06317138671875
      vertex 200 1395.0885009765625 149.06317138671875
    endloop
  endfacet
  facet normal 0 0.18736395954012031 -0.9822905612218048
    outer loop
      vertex 210 1400 150
      vertex 200 1395.0885009765625 149.06317138671875
      vertex 200 1400 150
    endloop
  endfacet
  facet normal -0 0.18736395954012031 -0.9822905612218048
    outer loop
      vertex 230 1400 150
      vertex 230 1395.0885009765625 149.06317138671875
      vertex 220 1395.0885009765625 149.06317138671875
    endloop
  endfacet
  facet normal 0 0.18736395954012031 -0.9822905612218048
    outer loop
      vertex 230 1400 150
      vertex 220 1395.0885009765625 149.06317138671875
      vertex 220 1400 150
    endloop
  endfacet
  facet normal -0 0.18736395954012031 -0.9822905612218048
    outer loop
      vertex 240 1400 150
      vertex 240 1395.0885009765625 149.06317138671875
      vertex 230 1395.0885009765625 149.06317138671875
    endloop
  endfacet
  facet normal 0 0.18736395954012031 -0.9822905612218048
    outer loop
      vertex 240 1400 150
      vertex 230 1395.0885009765625 149.06317138671875
      vertex 230 1400 150
    endloop
  endfacet
  facet normal -0 0.18736395954012031 -0.9822905612218048
    outer loop
      vertex 220 1400 150
      vertex 220 1395.0885009765625 149.06317138671875
      vertex 210 1395.0885009765625 149.06317138671875
    endloop
  endfacet
  facet normal 0 0.18736395954012031 -0.9822905612218048
    outer loop
      vertex 220 1400 150
      vertex 210 1395.0885009765625 149.06317138671875
      vertex 210 1400 150
    endloop
  endfacet
  facet normal -0 0.18736395954012031 -0.9822905612218048
    outer loop
      vertex 260 1400 150
      vertex 260 1395.0885009765625 149.06317138671875
      vertex 250 1395.0885009765625 149.06317138671875
    endloop
  endfacet
  facet normal 0 0.18736395954012031 -0.9822905612218048
    outer loop
      vertex 260 1400 150
      vertex 250 1395.0885009765625 149.06317138671875
      vertex 250 1400 150
    endloop
  endfacet
  facet normal -0 0.18736395954012031 -0.9822905612218048
    outer loop
      vertex 270 1400 150
      vertex 270 1395.0885009765625 149.06317138671875
      vertex 260 1395.0885009765625 149.06317138671875
    endloop
  endfacet
  facet normal 0 0.18736395954012031 -0.9822905612218048
    outer loop
      vertex 270 1400 150
      vertex 260 1395.0885009765625 149.06317138671875
      vertex 260 1400 150
    endloop
  endfacet
  facet normal -0 0.18736395954012031 -0.9822905612218048
    outer loop
      vertex 290 1400 150
      vertex 290 1395.0885009765625 149.06317138671875
      vertex 280 1395.0885009765625 149.06317138671875
    endloop
  endfacet
  facet normal 0 0.18736395954012031 -0.9822905612218048
    outer loop
      vertex 290 1400 150
      vertex 280 1395.0885009765625 149.06317138671875
      vertex 280 1400 150
    endloop
  endfacet
  facet normal -0 0.18736395954012031 -0.9822905612218048
    outer loop
      vertex 300 1400 150
      vertex 300 1395.0885009765625 149.06317138671875
      vertex 290 1395.0885009765625 149.06317138671875
    endloop
  endfacet
  facet normal 0 0.18736395954012031 -0.9822905612218048
    outer loop
      vertex 300 1400 150
      vertex 290 1395.0885009765625 149.06317138671875
      vertex 290 1400 150
    endloop
  endfacet
  facet normal -0 0.18736395954012031 -0.9822905612218048
    outer loop
      vertex 280 1400 150
      vertex 280 1395.0885009765625 149.06317138671875
      vertex 270 1395.0885009765625 149.06317138671875
    endloop
  endfacet
  facet normal 0 0.18736395954012031 -0.9822905612218048
    outer loop
      vertex 280 1400 150
      vertex 270 1395.0885009765625 149.06317138671875
      vertex 270 1400 150
    endloop
  endfacet
  facet normal -0 0.18736395954012031 -0.9822905612218048
    outer loop
      vertex 250 1400 150
      vertex 250 1395.0885009765625 149.06317138671875
      vertex 240 1395.0885009765625 149.06317138671875
    endloop
  endfacet
  facet normal 0 0.18736395954012031 -0.9822905612218048
    outer loop
      vertex 250 1400 150
      vertex 240 1395.0885009765625 149.06317138671875
      vertex 240 1400 150
    endloop
  endfacet
  facet normal 1 0 -0
    outer loop
      vertex 210 1396.7235107421875 167.17774963378906
      vertex 210 1391.81201171875 166.24092102050781
      vertex 210 1393.684326171875 156.42506408691406
    endloop
  endfacet
  facet normal 1 0 0
    outer loop
      vertex 210 1396.7235107421875 167.17774963378906
      vertex 210 1393.684326171875 156.42506408691406
      vertex 210 1398.5958251953125 157.36189270019531
    endloop
  endfacet
  facet normal 1 0 -0
    outer loop
      vertex 210 1394.8511962890625 176.99360656738281
      vertex 210 1389.939697265625 176.05677795410156
      vertex 210 1391.81201171875 166.24092102050781
    endloop
  endfacet
  facet normal 1 0 0
    outer loop
      vertex 210 1394.8511962890625 176.99360656738281
      vertex 210 1391.81201171875 166.24092102050781
      vertex 210 1396.7235107421875 167.17774963378906
    endloop
  endfacet
  facet normal 1 0 -0
    outer loop
      vertex 210 1391.1065673828125 196.62533569335938
      vertex 210 1386.195068359375 195.68850708007812
      vertex 210 1388.0673828125 185.87265014648438
    endloop
  endfacet
  facet normal 1 0 0
    outer loop
      vertex 210 1391.1065673828125 196.62533569335938
      vertex 210 1388.0673828125 185.87265014648438
      vertex 210 1392.9788818359375 186.80946350097656
    endloop
  endfacet
  facet normal 1 0 -0
    outer loop
      vertex 210 1387.3619384765625 216.25704956054688
      vertex 210 1382.450439453125 215.32022094726562
      vertex 210 1384.32275390625 205.50436401367188
    endloop
  endfacet
  facet normal 1 0 0
    outer loop
      vertex 210 1387.3619384765625 216.25704956054688
      vertex 210 1384.32275390625 205.50436401367188
      vertex 210 1389.2342529296875 206.44119262695312
    endloop
  endfacet
  facet normal 1 0 -0
    outer loop
      vertex 210 1389.2342529296875 206.44119262695312
      vertex 210 1384.32275390625 205.50436401367188
      vertex 210 1386.195068359375 195.68850708007812
    endloop
  endfacet
  facet normal 1 0 0
    outer loop
      vertex 210 1389.2342529296875 206.44119262695312
      vertex 210 1386.195068359375 195.68850708007812
      vertex 210 1391.1065673828125 196.62533569335938
    endloop
  endfacet
  facet normal 1 0 -0
    outer loop
      vertex 210 1392.9788818359375 186.80946350097656
      vertex 210 1388.0673828125 185.87265014648438
      vertex 210 1389.939697265625 176.05677795410156
    endloop
  endfacet
  facet normal 1 0 0
    outer loop
      vertex 210 1392.9788818359375 186.80946350097656
      vertex 210 1389.939697265625 176.05677795410156
      vertex 210 1394.8511962890625 176.99360656738281
    endloop
  endfacet
  facet normal -0 -0.18736395954012031 0.9822905612218048
    outer loop
      vertex 280 1398.5958251953125 157.36189270019531
      vertex 280 1393.684326171875 156.42506408691406
      vertex 290 1393.684326171875 156.42506408691406
    endloop
  endfacet
  facet normal 0 -0.18736395954012031 0.9822905612218048
    outer loop
      vertex 280 1398.5958251953125 157.36189270019531
      vertex 290 1393.684326171875 156.42506408691406
      vertex 290 1398.5958251953125 157.36189270019531
    endloop
  endfacet
  facet normal -0 -0.18736395954012031 0.9822905612218048
    outer loop
      vertex 260 1398.5958251953125 157.36189270019531
      vertex 260 1393.684326171875 156.42506408691406
      vertex 270 1393.684326171875 156.42506408691406
    endloop
  endfacet
  facet normal 0 -0.18736395954012031 0.9822905612218048
    outer loop
      vertex 260 1398.5958251953125 157.36189270019531
      vertex 270 1393.684326171875 156.42506408691406
      vertex 270 1398.5958251953125 157.36189270019531
    endloop
  endfacet
  facet normal -0 -0.18736395954012031 0.9822905612218048
    outer loop
      vertex 270 1398.5958251953125 157.36189270019531
      vertex 270 1393.684326171875 156.42506408691406
      vertex 280 1393.684326171875 156.42506408691406
    endloop
  endfacet
  facet normal 0 -0.18736395954012031 0.9822905612218048
    outer loop
      vertex 270 1398.5958251953125 157.36189270019531
      vertex 280 1393.684326171875 156.42506408691406
      vertex 280 1398.5958251953125 157.36189270019531
    endloop
  endfacet
  facet normal -0 -0.18736395954012031 0.9822905612218048
    outer loop
      vertex 240 1398.5958251953125 157.36189270019531
      vertex 240 1393.684326171875 156.42506408691406
      vertex 250 1393.684326171875 156.42506408691406
    endloop
  endfacet
  facet normal 0 -0.18736395954012031 0.9822905612218048
    outer loop
      vertex 240 1398.5958251953125 157.36189270019531
      vertex 250 1393.684326171875 156.42506408691406
      vertex 250 1398.5958251953125 157.36189270019531
    endloop
  endfacet
  facet normal -0 -0.18736395954012031 0.9822905612218048
    outer loop
      vertex 220 1398.5958251953125 157.36189270019531
      vertex 220 1393.684326171875 156.42506408691406
      vertex 230 1393.684326171875 156.42506408691406
    endloop
  endfacet
  facet normal 0 -0.18736395954012031 0.9822905612218048
    outer loop
      vertex 220 1398.5958251953125 157.36189270019531
      vertex 230 1393.684326171875 156.42506408691406
      vertex 230 1398.5958251953125 157.36189270019531
    endloop
  endfacet
  facet normal -0 -0.18736395954012031 0.9822905612218048
    outer loop
      vertex 210 1398.5958251953125 157.36189270019531
      vertex 210 1393.684326171875 156.42506408691406
      vertex 220 1393.684326171875 156.42506408691406
    endloop
  endfacet
  facet normal 0 -0.18736395954012031 0.9822905612218048
    outer loop
      vertex 210 1398.5958251953125 157.36189270019531
      vertex 220 1393.684326171875 156.42506408691406
      vertex 220 1398.5958251953125 157.36189270019531
    endloop
  endfacet
  facet normal -0 -0.18736395954012031 0.9822905612218048
    outer loop
      vertex 230 1398.5958251953125 157.36189270019531
      vertex 230 1393.684326171875 156.42506408691406
      vertex 240 1393.684326171875 156.42506408691406
    endloop
  endfacet
  facet normal 0 -0.18736395954012031 0.9822905612218048
    outer loop
      vertex 230 1398.5958251953125 157.36189270019531
      vertex 240 1393.684326171875 156.42506408691406
      vertex 240 1398.5958251953125 157.36189270019531
    endloop
  endfacet
  facet normal -0 -0.18736395954012031 0.9822905612218048
    outer loop
      vertex 250 1398.5958251953125 157.36189270019531
      vertex 250 1393.684326171875 156.42506408691406
      vertex 260 1393.684326171875 156.42506408691406
    endloop
  endfacet
  facet normal 0 -0.18736395954012031 0.9822905612218048
    outer loop
      vertex 250 1398.5958251953125 157.36189270019531
      vertex 260 1393.684326171875 156.42506408691406
      vertex 260 1398.5958251953125 157.36189270019531
    endloop
  endfacet
  facet normal -1 0 0
    outer loop
      vertex 290 1389.2342529296875 206.44119262695312
      vertex 290 1384.32275390625 205.50436401367188
      vertex 290 1382.450439453125 215.32022094726562
    endloop
  endfacet
  facet normal -1 -0 -0
    outer loop
      vertex 290 1389.2342529296875 206.44119262695312
      vertex 290 1382.450439453125 215.32022094726562
      vertex 290 1387.3619384765625 216.25704956054688
    endloop
  endfacet
  facet normal -1 0 0
    outer loop
      vertex 290 1391.1065673828125 196.62533569335938
      vertex 290 1386.195068359375 195.68850708007812
      vertex 290 1384.32275390625 205.50436401367188
    endloop
  endfacet
  facet normal -1 -0 -0
    outer loop
      vertex 290 1391.1065673828125 196.62533569335938
      vertex 290 1384.32275390625 205.50436401367188
      vertex 290 1389.2342529296875 206.44119262695312
    endloop
  endfacet
  facet normal -1 0 0
    outer loop
      vertex 290 1394.8511962890625 176.99360656738281
      vertex 290 1389.939697265625 176.05677795410156
      vertex 290 1388.0673828125 185.87265014648438
    endloop
  endfacet
  facet normal -1 -0 -0
    outer loop
      vertex 290 1394.8511962890625 176.99360656738281
      vertex 290 1388.0673828125 185.87265014648438
      vertex 290 1392.9788818359375 186.80946350097656
    endloop
  endfacet
  facet normal -1 0 0
    outer loop
      vertex 290 1398.5958251953125 157.36189270019531
      vertex 290 1393.684326171875 156.42506408691406
      vertex 290 1391.81201171875 166.24092102050781
    endloop
  endfacet
  facet normal -1 -0 -0
    outer loop
      vertex 290 1398.5958251953125 157.36189270019531
      vertex 290 1391.81201171875 166.24092102050781
      vertex 290 1396.7235107421875 167.17774963378906
    endloop
  endfacet
  facet normal -1 0 0
    outer loop
      vertex 290 1396.7235107421875 167.17774963378906
      vertex 290 1391.81201171875 166.24092102050781
      vertex 290 1389.939697265625 176.05677795410156
    endloop
  endfacet
  facet normal -1 -0 -0
    outer loop
      vertex 290 1396.7235107421875 167.17774963378906
      vertex 290 1389.939697265625 176.05677795410156
      vertex 290 1394.8511962890625 176.99360656738281
    endloop
  endfacet
  facet normal -1 0 0
    outer loop
      vertex 290 1392.9788818359375 186.80946350097656
      vertex 290 1388.0673828125 185.87265014648438
      vertex 290 1386.195068359375 195.68850708007812
    endloop
  endfacet
  facet normal -1 -0 -0
    outer loop
      vertex 290 1392.9788818359375 186.80946350097656
      vertex 290 1386.195068359375 195.68850708007812
      vertex 290 1391.1065673828125 196.62533569335938
    endloop
  endfacet
  facet normal 1.0847311249741531e-06 -0.98229143274858077 -0.18735939033729723
    outer loop
      vertex 200 1393.08251953125 159.58016967773438
      vertex 200 1395.0885009765625 149.06317138671875
      vertex 210 1393.684326171875 156.42506408691406
    endloop
  endfacet
  facet normal 0 -0.98229170392244969 -0.18735796861924706
    outer loop
      vertex 210 1395.0885009765625 149.06317138671875
      vertex 210 1393.684326171875 156.42506408691406
      vertex 200 1395.0885009765625 149.06317138671875
    endloop
  endfacet
  facet normal -1.019859123622785e-06 -0.98229020509274556 -0.18736582660082862
    outer loop
      vertex 210 1391.81201171875 166.24092102050781
      vertex 200 1393.08251953125 159.58016967773438
      vertex 210 1393.684326171875 156.42506408691406
    endloop
  endfacet
  facet normal 2.6628112779286126e-07 -0.98229143274912389 -0.18735939033740084
    outer loop
      vertex 210 1389.939697265625 176.05677795410156
      vertex 200 1389.0704345703125 180.61415100097656
      vertex 200 1391.076416015625 170.09715270996094
    endloop
  endfacet
  facet normal 4.2416029303621002e-06 -0.98229020508442 -0.18736582659924056
    outer loop
      vertex 200 1391.076416015625 170.09715270996094
      vertex 210 1391.81201171875 166.24092102050781
      vertex 210 1389.939697265625 176.05677795410156
    endloop
  endfacet
  facet normal 2.3123957195776433e-06 -0.98228928432170581 -0.18737065378923093
    outer loop
      vertex 210 1391.81201171875 166.24092102050781
      vertex 200 1391.076416015625 170.09715270996094
      vertex 200 1393.08251953125 159.58016967773438
    endloop
  endfacet
  facet normal -2.6409416872483155e-06 -0.98229025869559017 -0.18736554556474841
    outer loop
      vertex 210 1388.0673828125 185.87265014648438
      vertex 200 1389.0704345703125 180.61415100097656
      vertex 210 1389.939697265625 176.05677795410156
    endloop
  endfacet
  facet normal 0 -0.98229170392244958 -0.18735796861924706
    outer loop
      vertex 210 1395.0885009765625 149.06317138671875
      vertex 220 1395.0885009765625 149.06317138671875
      vertex 220 1393.684326171875 156.42506408691406
    endloop
  endfacet
  facet normal -0 -0.98229170392244969 -0.18735796861924706
    outer loop
      vertex 210 1395.0885009765625 149.06317138671875
      vertex 220 1393.684326171875 156.42506408691406
      vertex 210 1393.684326171875 156.42506408691406
    endloop
  endfacet
  facet normal 0 -0.98229170392244958 -0.18735796861924706
    outer loop
      vertex 230 1395.0885009765625 149.06317138671875
      vertex 240 1395.0885009765625 149.06317138671875
      vertex 240 1393.684326171875 156.42506408691406
    endloop
  endfacet
  facet normal -0 -0.98229170392244969 -0.18735796861924706
    outer loop
      vertex 230 1395.0885009765625 149.06317138671875
      vertex 240 1393.684326171875 156.42506408691406
      vertex 230 1393.684326171875 156.42506408691406
    endloop
  endfacet
  facet normal 0 -0.98229170392244958 -0.18735796861924706
    outer loop
      vertex 220 1395.0885009765625 149.06317138671875
      vertex 230 1395.0885009765625 149.06317138671875
      vertex 230 1393.684326171875 156.42506408691406
    endloop
  endfacet
  facet normal -0 -0.98229170392244969 -0.18735796861924706
    outer loop
      vertex 220 1395.0885009765625 149.06317138671875
      vertex 230 1393.684326171875 156.42506408691406
      vertex 220 1393.684326171875 156.42506408691406
    endloop
  endfacet
  facet normal -0 -0.98229170392244958 -0.18735796861924706
    outer loop
      vertex 250 1393.684326171875 156.42506408691406
      vertex 240 1393.684326171875 156.42506408691406
      vertex 240 1395.0885009765625 149.06317138671875
    endloop
  endfacet
  facet normal 0 -0.98229170392244969 -0.18735796861924706
    outer loop
      vertex 250 1393.684326171875 156.42506408691406
      vertex 240 1395.0885009765625 149.06317138671875
      vertex 250 1395.0885009765625 149.06317138671875
    endloop
  endfacet
  facet normal -2.6628112779286126e-07 -0.98229143274912389 -0.18735939033740084
    outer loop
      vertex 210 1386.195068359375 195.68850708007812
      vertex 200 1385.058349609375 201.64813232421875
      vertex 200 1387.0643310546875 191.13113403320312
    endloop
  endfacet
  facet normal 2.7736798082787126e-06 -0.98229020508947773 -0.18736582660020532
    outer loop
      vertex 200 1387.0643310546875 191.13113403320312
      vertex 210 1388.0673828125 185.87265014648438
      vertex 210 1386.195068359375 195.68850708007812
    endloop
  endfacet
  facet normal 1.4295246412997825e-07 -0.98228928432432205 -0.18737065378972997
    outer loop
      vertex 210 1388.0673828125 185.87265014648438
      vertex 200 1387.0643310546875 191.13113403320312
      vertex 200 1389.0704345703125 180.61415100097656
    endloop
  endfacet
  facet normal -4.2416029303621002e-06 -0.98229020508442 -0.18736582659924056
    outer loop
      vertex 210 1384.32275390625 205.50436401367188
      vertex 200 1385.058349609375 201.64813232421875
      vertex 210 1386.195068359375 195.68850708007812
    endloop
  endfacet
  facet normal -1.0847311249741531e-06 -0.98229143274858077 -0.18735939033729723
    outer loop
      vertex 210 1382.450439453125 215.32022094726562
      vertex 200 1381.0462646484375 222.68211364746094
      vertex 200 1383.05224609375 212.16511535644531
    endloop
  endfacet
  facet normal 1.019859123622785e-06 -0.98229020509274556 -0.18736582660082862
    outer loop
      vertex 200 1383.05224609375 212.16511535644531
      vertex 210 1384.32275390625 205.50436401367188
      vertex 210 1382.450439453125 215.32022094726562
    endloop
  endfacet
  facet normal -2.312395719570862e-06 -0.98228928432170581 -0.18737065378923093
    outer loop
      vertex 210 1384.32275390625 205.50436401367188
      vertex 200 1383.05224609375 212.16511535644531
      vertex 200 1385.058349609375 201.64813232421875
    endloop
  endfacet
  facet normal -0 -0.98229170392244958 -0.18735796861924706
    outer loop
      vertex 210 1381.0462646484375 222.68211364746094
      vertex 200 1381.0462646484375 222.68211364746094
      vertex 210 1382.450439453125 215.32022094726562
    endloop
  endfacet
  facet normal -0 -0.98229170392244958 -0.18735796861924706
    outer loop
      vertex 220 1382.450439453125 215.32022094726562
      vertex 220 1381.0462646484375 222.68211364746094
      vertex 210 1381.0462646484375 222.68211364746094
    endloop
  endfacet
  facet normal 0 -0.98229170392244958 -0.18735796861924706
    outer loop
      vertex 210 1382.450439453125 215.32022094726562
      vertex 220 1382.450439453125 215.32022094726562
      vertex 210 1381.0462646484375 222.68211364746094
    endloop
  endfacet
  facet normal 0 -0.98229170392244969 -0.18735796861924706
    outer loop
      vertex 230 1382.450439453125 215.32022094726562
      vertex 220 1381.0462646484375 222.68211364746094
      vertex 220 1382.450439453125 215.32022094726562
    endloop
  endfacet
  facet normal 0 -0.98229170392244969 -0.18735796861924706
    outer loop
      vertex 240 1382.450439453125 215.32022094726562
      vertex 230 1381.0462646484375 222.68211364746094
      vertex 230 1382.450439453125 215.32022094726562
    endloop
  endfacet
  facet normal -0 -0.98229170392244958 -0.18735796861924706
    outer loop
      vertex 230 1382.450439453125 215.32022094726562
      vertex 230 1381.0462646484375 222.68211364746094
      vertex 220 1381.0462646484375 222.68211364746094
    endloop
  endfacet
  facet normal -0 -0.98229170392244969 -0.18735796861924706
    outer loop
      vertex 240 1381.0462646484375 222.68211364746094
      vertex 250 1382.450439453125 215.32022094726562
      vertex 250 1381.0462646484375 222.68211364746094
    endloop
  endfacet
  facet normal -0 -0.98229170392244958 -0.18735796861924706
    outer loop
      vertex 240 1381.0462646484375 222.68211364746094
      vertex 230 1381.0462646484375 222.68211364746094
      vertex 240 1382.450439453125 215.32022094726562
    endloop
  endfacet
  facet normal 0 -0.98229170392244969 -0.18735796861924706
    outer loop
      vertex 250 1382.450439453125 215.32022094726562
      vertex 240 1381.0462646484375 222.68211364746094
      vertex 240 1382.450439453125 215.32022094726562
    endloop
  endfacet
  facet normal 0 -0.98229170392244958 -0.18735796861924706
    outer loop
      vertex 250 1395.0885009765625 149.06317138671875
      vertex 260 1395.0885009765625 149.06317138671875
      vertex 260 1393.684326171875 156.42506408691406
    endloop
  endfacet
  facet normal -0 -0.98229170392244969 -0.18735796861924706
    outer loop
      vertex 250 1395.0885009765625 149.06317138671875
      vertex 260 1393.684326171875 156.42506408691406
      vertex 250 1393.684326171875 156.42506408691406
    endloop
  endfacet
  facet normal 0 -0.98229170392244958 -0.18735796861924706
    outer loop
      vertex 260 1395.0885009765625 149.06317138671875
      vertex 270 1395.0885009765625 149.06317138671875
      vertex 270 1393.684326171875 156.42506408691406
    endloop
  endfacet
  facet normal -0 -0.98229170392244969 -0.18735796861924706
    outer loop
      vertex 260 1395.0885009765625 149.06317138671875
      vertex 270 1393.684326171875 156.42506408691406
      vertex 260 1393.684326171875 156.42506408691406
    endloop
  endfacet
  facet normal -0 -0.98229170392244958 -0.18735796861924706
    outer loop
      vertex 290 1393.684326171875 156.42506408691406
      vertex 280 1393.684326171875 156.42506408691406
      vertex 280 1395.0885009765625 149.06317138671875
    endloop
  endfacet
  facet normal 0 -0.98229170392244969 -0.18735796861924706
    outer loop
      vertex 290 1393.684326171875 156.42506408691406
      vertex 280 1395.0885009765625 149.06317138671875
      vertex 290 1395.0885009765625 149.06317138671875
    endloop
  endfacet
  facet normal -0 -0.98229170392244958 -0.18735796861924706
    outer loop
      vertex 280 1393.684326171875 156.42506408691406
      vertex 270 1393.684326171875 156.42506408691406
      vertex 270 1395.0885009765625 149.06317138671875
    endloop
  endfacet
  facet normal 0 -0.98229170392244969 -0.18735796861924706
    outer loop
      vertex 280 1393.684326171875 156.42506408691406
      vertex 270 1395.0885009765625 149.06317138671875
      vertex 280 1395.0885009765625 149.06317138671875
    endloop
  endfacet
  facet normal 0 -0.98229170392244969 -0.18735796861924706
    outer loop
      vertex 300 1395.0885009765625 149.06317138671875
      vertex 290 1393.684326171875 156.42506408691406
      vertex 290 1395.0885009765625 149.06317138671875
    endloop
  endfacet
  facet normal -1.0847311249741531e-06 -0.98229143274858077 -0.18735939033729723
    outer loop
      vertex 290 1393.684326171875 156.42506408691406
      vertex 300 1395.0885009765625 149.06317138671875
      vertex 300 1393.08251953125 159.58016967773438
    endloop
  endfacet
  facet normal 1.0198591236091531e-06 -0.98229020509274556 -0.18736582660082862
    outer loop
      vertex 290 1391.81201171875 166.24092102050781
      vertex 290 1393.684326171875 156.42506408691406
      vertex 300 1393.08251953125 159.58016967773438
    endloop
  endfacet
  facet normal -2.312395719570862e-06 -0.98228928432170581 -0.18737065378923093
    outer loop
      vertex 290 1391.81201171875 166.24092102050781
      vertex 300 1393.08251953125 159.58016967773438
      vertex 300 1391.076416015625 170.09715270996094
    endloop
  endfacet
  facet normal -4.2416029303621002e-06 -0.98229020508442 -0.18736582659924056
    outer loop
      vertex 290 1389.939697265625 176.05677795410156
      vertex 290 1391.81201171875 166.24092102050781
      vertex 300 1391.076416015625 170.09715270996094
    endloop
  endfacet
  facet normal -2.6628112779286126e-07 -0.98229143274912389 -0.18735939033740084
    outer loop
      vertex 290 1389.939697265625 176.05677795410156
      vertex 300 1391.076416015625 170.09715270996094
      vertex 300 1389.0704345703125 180.61415100097656
    endloop
  endfacet
  facet normal 2.6409416872490079e-06 -0.98229025869559017 -0.18736554556474841
    outer loop
      vertex 290 1388.0673828125 185.87265014648438
      vertex 290 1389.939697265625 176.05677795410156
      vertex 300 1389.0704345703125 180.61415100097656
    endloop
  endfacet
  facet normal 0 -0.98229170392244969 -0.18735796861924706
    outer loop
      vertex 270 1382.450439453125 215.32022094726562
      vertex 260 1381.0462646484375 222.68211364746094
      vertex 260 1382.450439453125 215.32022094726562
    endloop
  endfacet
  facet normal 0 -0.98229170392244969 -0.18735796861924706
    outer loop
      vertex 290 1382.450439453125 215.32022094726562
      vertex 280 1381.0462646484375 222.68211364746094
      vertex 280 1382.450439453125 215.32022094726562
    endloop
  endfacet
  facet normal 0 -0.98229170392244969 -0.18735796861924706
    outer loop
      vertex 280 1382.450439453125 215.32022094726562
      vertex 270 1381.0462646484375 222.68211364746094
      vertex 270 1382.450439453125 215.32022094726562
    endloop
  endfacet
  facet normal 0 -0.98229170392244958 -0.18735796861924706
    outer loop
      vertex 250 1382.450439453125 215.32022094726562
      vertex 260 1382.450439453125 215.32022094726562
      vertex 250 1381.0462646484375 222.68211364746094
    endloop
  endfacet
  facet normal -0 -0.98229170392244969 -0.18735796861924706
    outer loop
      vertex 250 1381.0462646484375 222.68211364746094
      vertex 260 1382.450439453125 215.32022094726562
      vertex 260 1381.0462646484375 222.68211364746094
    endloop
  endfacet
  facet normal -0 -0.98229170392244958 -0.18735796861924706
    outer loop
      vertex 270 1381.0462646484375 222.68211364746094
      vertex 260 1381.0462646484375 222.68211364746094
      vertex 270 1382.450439453125 215.32022094726562
    endloop
  endfacet
  facet normal -0 -0.98229170392244969 -0.18735796861924706
    outer loop
      vertex 270 1381.0462646484375 222.68211364746094
      vertex 280 1382.450439453125 215.32022094726562
      vertex 280 1381.0462646484375 222.68211364746094
    endloop
  endfacet
  facet normal -2.7736798082787126e-06 -0.98229020508947773 -0.18736582660020532
    outer loop
      vertex 290 1384.32275390625 205.50436401367188
      vertex 290 1386.195068359375 195.68850708007812
      vertex 300 1387.0643310546875 191.13113403320312
    endloop
  endfacet
  facet normal 6.8138811051231481e-06 -0.98229143272635533 -0.18735939033305801
    outer loop
      vertex 290 1384.32275390625 205.50436401367188
      vertex 300 1387.0643310546875 191.13113403320312
      vertex 300 1385.058349609375 201.64813232421875
    endloop
  endfacet
  facet normal -2.7736798082787126e-06 -0.98229020508947773 -0.18736582660020532
    outer loop
      vertex 300 1387.0643310546875 191.13113403320312
      vertex 290 1386.195068359375 195.68850708007812
      vertex 290 1388.0673828125 185.87265014648438
    endloop
  endfacet
  facet normal -2.598300647861652e-06 -0.98228928432101614 -0.18737065378909937
    outer loop
      vertex 300 1385.058349609375 201.64813232421875
      vertex 300 1383.05224609375 212.16511535644531
      vertex 290 1382.450439453125 215.32022094726562
    endloop
  endfacet
  facet normal 4.2416029303607721e-06 -0.98229020508442 -0.18736582659924056
    outer loop
      vertex 300 1385.058349609375 201.64813232421875
      vertex 290 1382.450439453125 215.32022094726562
      vertex 290 1384.32275390625 205.50436401367188
    endloop
  endfacet
  facet normal -0 -0.98229170392244969 -0.18735796861924706
    outer loop
      vertex 280 1381.0462646484375 222.68211364746094
      vertex 290 1382.450439453125 215.32022094726562
      vertex 290 1381.0462646484375 222.68211364746094
    endloop
  endfacet
  facet normal -0 -0.98229170392244958 -0.18735796861924706
    outer loop
      vertex 300 1381.0462646484375 222.68211364746094
      vertex 290 1381.0462646484375 222.68211364746094
      vertex 290 1382.450439453125 215.32022094726562
    endloop
  endfacet
  facet normal 1.0847311249741531e-06 -0.98229143274858077 -0.18735939033729723
    outer loop
      vertex 290 1382.450439453125 215.32022094726562
      vertex 300 1383.05224609375 212.16511535644531
      vertex 300 1381.0462646484375 222.68211364746094
    endloop
  endfacet
  facet normal -1.4295246412997825e-07 -0.98228928432432205 -0.18737065378972997
    outer loop
      vertex 300 1387.0643310546875 191.13113403320312
      vertex 290 1388.0673828125 185.87265014648438
      vertex 300 1389.0704345703125 180.61415100097656
    endloop
  endfacet
  facet normal -3.3508800758962926e-07 0.83581696890989299 0.54900819163484849
    outer loop
      vertex 200 1385.9576416015625 223.61894226074219
      vertex 200 1380.390625 232.09423828125
      vertex 210 1381.5040283203125 230.39918518066406
    endloop
  endfacet
  facet normal 3.5902241372106984e-07 0.83581742246827839 0.54900750113122743
    outer loop
      vertex 200 1374.8236083984375 240.56954956054688
      vertex 210 1376.4141845703125 238.14802551269531
      vertex 200 1380.390625 232.09423828125
    endloop
  endfacet
  facet normal 3.6650206174527202e-07 0.83581740829460227 0.54900752270944331
    outer loop
      vertex 210 1371.3243408203125 245.89688110351562
      vertex 210 1376.4141845703125 238.14802551269531
      vertex 200 1374.8236083984375 240.56954956054688
    endloop
  endfacet
  facet normal -5.5865205087291337e-06 0.83581144485671577 0.5490166014022887
    outer loop
      vertex 210 1366.2344970703125 253.64572143554688
      vertex 200 1369.256591796875 249.04484558105469
      vertex 200 1363.689453125 257.5201416015625
    endloop
  endfacet
  facet normal -1.0471501883467183e-07 0.83581691221501608 0.54900827794792428
    outer loop
      vertex 200 1369.256591796875 249.04484558105469
      vertex 210 1366.2344970703125 253.64572143554688
      vertex 210 1371.3243408203125 245.89688110351562
    endloop
  endfacet
  facet normal -1.4360914611858781e-07 0.83581696890993129 0.54900819163487369
    outer loop
      vertex 210 1371.3243408203125 245.89688110351562
      vertex 200 1374.8236083984375 240.56954956054688
      vertex 200 1369.256591796875 249.04484558105469
    endloop
  endfacet
  facet normal -5.1013847062899836e-06 0.83581087028311196 0.54901747612490714
    outer loop
      vertex 210 1361.14453125 261.39456176757812
      vertex 210 1366.2344970703125 253.64572143554688
      vertex 200 1363.689453125 257.5201416015625
    endloop
  endfacet
  facet normal 0 0.83581719568935009 0.54900784638290079
    outer loop
      vertex 210 1385.9576416015625 223.61894226074219
      vertex 200 1385.9576416015625 223.61894226074219
      vertex 210 1381.5040283203125 230.39918518066406
    endloop
  endfacet
  facet normal 0 0.83581719568935009 0.54900784638290079
    outer loop
      vertex 220 1381.5040283203125 230.39918518066406
      vertex 220 1385.9576416015625 223.61894226074219
      vertex 210 1385.9576416015625 223.61894226074219
    endloop
  endfacet
  facet normal -0 0.83581719568935009 0.54900784638290079
    outer loop
      vertex 220 1381.5040283203125 230.39918518066406
      vertex 210 1385.9576416015625 223.61894226074219
      vertex 210 1381.5040283203125 230.39918518066406
    endloop
  endfacet
  facet normal -0 0.83581719568935009 0.54900784638290079
    outer loop
      vertex 220 1385.9576416015625 223.61894226074219
      vertex 220 1381.5040283203125 230.39918518066406
      vertex 230 1381.5040283203125 230.39918518066406
    endloop
  endfacet
  facet normal 0 0.83581719568935009 0.54900784638290079
    outer loop
      vertex 220 1385.9576416015625 223.61894226074219
      vertex 230 1381.5040283203125 230.39918518066406
      vertex 230 1385.9576416015625 223.61894226074219
    endloop
  endfacet
  facet normal 0 0.83581719568935009 0.54900784638290079
    outer loop
      vertex 240 1385.9576416015625 223.61894226074219
      vertex 230 1385.9576416015625 223.61894226074219
      vertex 240 1381.5040283203125 230.39918518066406
    endloop
  endfacet
  facet normal -0 0.83581719568935009 0.54900784638290079
    outer loop
      vertex 230 1385.9576416015625 223.61894226074219
      vertex 230 1381.5040283203125 230.39918518066406
      vertex 240 1381.5040283203125 230.39918518066406
    endloop
  endfacet
  facet normal -3.1414505650400171e-07 0.83581691221497934 0.54900827794790008
    outer loop
      vertex 200 1380.390625 232.09423828125
      vertex 210 1376.4141845703125 238.14802551269531
      vertex 210 1381.5040283203125 230.39918518066406
    endloop
  endfacet
  facet normal -3.8295724130247105e-07 0.83581742246827095 0.54900750113122254
    outer loop
      vertex 210 1356.0546875 269.1434326171875
      vertex 200 1358.1224365234375 265.99545288085938
      vertex 200 1352.555419921875 274.47076416015625
    endloop
  endfacet
  facet normal 2.094300376693402e-07 0.83581691221500221 0.54900827794791518
    outer loop
      vertex 200 1352.555419921875 274.47076416015625
      vertex 210 1350.96484375 276.89227294921875
      vertex 210 1356.0546875 269.1434326171875
    endloop
  endfacet
  facet normal -5.2357365367189587e-08 0.83581790437224757 0.54900676747266186
    outer loop
      vertex 210 1356.0546875 269.1434326171875
      vertex 210 1361.14453125 261.39456176757812
      vertex 200 1358.1224365234375 265.99545288085938
    endloop
  endfacet
  facet normal 0 0.83581651534983648 0.54900888213985832
    outer loop
      vertex 200 1346.9884033203125 282.946044921875
      vertex 210 1350.96484375 276.89227294921875
      vertex 200 1352.555419921875 274.47076416015625
    endloop
  endfacet
  facet normal -3.350875861244988e-07 0.83581742246828528 0.54900750113123187
    outer loop
      vertex 210 1345.875 284.64111328125
      vertex 200 1346.9884033203125 282.946044921875
      vertex 200 1341.42138671875 291.42135620117188
    endloop
  endfacet
  facet normal 0 0.83581719568935009 0.54900784638290079
    outer loop
      vertex 220 1341.42138671875 291.42135620117188
      vertex 220 1345.875 284.64111328125
      vertex 210 1345.875 284.64111328125
    endloop
  endfacet
  facet normal -0 0.83581719568935009 0.54900784638290079
    outer loop
      vertex 220 1341.42138671875 291.42135620117188
      vertex 210 1345.875 284.64111328125
      vertex 210 1341.42138671875 291.42135620117188
    endloop
  endfacet
  facet normal -0 0.83581719568935009 0.54900784638290079
    outer loop
      vertex 200 1341.42138671875 291.42135620117188
      vertex 210 1341.42138671875 291.42135620117188
      vertex 210 1345.875 284.64111328125
    endloop
  endfacet
  facet normal -5.2357509416736844e-07 0.83581691221490606 0.54900827794785201
    outer loop
      vertex 210 1345.875 284.64111328125
      vertex 210 1350.96484375 276.89227294921875
      vertex 200 1346.9884033203125 282.946044921875
    endloop
  endfacet
  facet normal -0 0.83581719568935009 0.54900784638290079
    outer loop
      vertex 230 1345.875 284.64111328125
      vertex 230 1341.42138671875 291.42135620117188
      vertex 240 1341.42138671875 291.42135620117188
    endloop
  endfacet
  facet normal 0 0.83581719568935009 0.54900784638290079
    outer loop
      vertex 230 1345.875 284.64111328125
      vertex 240 1341.42138671875 291.42135620117188
      vertex 240 1345.875 284.64111328125
    endloop
  endfacet
  facet normal -0 0.83581719568935009 0.54900784638290079
    outer loop
      vertex 220 1345.875 284.64111328125
      vertex 220 1341.42138671875 291.42135620117188
      vertex 230 1341.42138671875 291.42135620117188
    endloop
  endfacet
  facet normal 0 0.83581719568935009 0.54900784638290079
    outer loop
      vertex 220 1345.875 284.64111328125
      vertex 230 1341.42138671875 291.42135620117188
      vertex 230 1345.875 284.64111328125
    endloop
  endfacet
  facet normal 0 0.83581719568935009 0.54900784638290079
    outer loop
      vertex 250 1345.875 284.64111328125
      vertex 240 1345.875 284.64111328125
      vertex 240 1341.42138671875 291.42135620117188
    endloop
  endfacet
  facet normal -0 0.83581719568935009 0.54900784638290079
    outer loop
      vertex 250 1345.875 284.64111328125
      vertex 240 1341.42138671875 291.42135620117188
      vertex 250 1341.42138671875 291.42135620117188
    endloop
  endfacet
  facet normal -0 0.83581719568935009 0.54900784638290079
    outer loop
      vertex 250 1345.875 284.64111328125
      vertex 250 1341.42138671875 291.42135620117188
      vertex 260 1341.42138671875 291.42135620117188
    endloop
  endfacet
  facet normal 0 0.83581719568935009 0.54900784638290079
    outer loop
      vertex 250 1345.875 284.64111328125
      vertex 260 1341.42138671875 291.42135620117188
      vertex 260 1345.875 284.64111328125
    endloop
  endfacet
  facet normal 4.3082689647725221e-07 0.83581742246825463 0.54900750113121177
    outer loop
      vertex 210 1361.14453125 261.39456176757812
      vertex 200 1363.689453125 257.5201416015625
      vertex 200 1358.1224365234375 265.99545288085938
    endloop
  endfacet
  facet normal 0 0.83581719568935009 0.54900784638290079
    outer loop
      vertex 250 1381.5040283203125 230.39918518066406
      vertex 250 1385.9576416015625 223.61894226074219
      vertex 240 1385.9576416015625 223.61894226074219
    endloop
  endfacet
  facet normal -0 0.83581719568935009 0.54900784638290079
    outer loop
      vertex 250 1381.5040283203125 230.39918518066406
      vertex 240 1385.9576416015625 223.61894226074219
      vertex 240 1381.5040283203125 230.39918518066406
    endloop
  endfacet
  facet normal -0 0.83581719568935009 0.54900784638290079
    outer loop
      vertex 250 1385.9576416015625 223.61894226074219
      vertex 250 1381.5040283203125 230.39918518066406
      vertex 260 1381.5040283203125 230.39918518066406
    endloop
  endfacet
  facet normal 0 0.83581719568935009 0.54900784638290079
    outer loop
      vertex 250 1385.9576416015625 223.61894226074219
      vertex 260 1381.5040283203125 230.39918518066406
      vertex 260 1385.9576416015625 223.61894226074219
    endloop
  endfacet
  facet normal 0 0.83581719568935009 0.54900784638290079
    outer loop
      vertex 270 1381.5040283203125 230.39918518066406
      vertex 280 1385.9576416015625 223.61894226074219
      vertex 270 1385.9576416015625 223.61894226074219
    endloop
  endfacet
  facet normal -0 0.83581719568935009 0.54900784638290079
    outer loop
      vertex 260 1385.9576416015625 223.61894226074219
      vertex 260 1381.5040283203125 230.39918518066406
      vertex 270 1381.5040283203125 230.39918518066406
    endloop
  endfacet
  facet normal 0 0.83581719568935009 0.54900784638290079
    outer loop
      vertex 260 1385.9576416015625 223.61894226074219
      vertex 270 1381.5040283203125 230.39918518066406
      vertex 270 1385.9576416015625 223.61894226074219
    endloop
  endfacet
  facet normal -0 0.83581719568935009 0.54900784638290079
    outer loop
      vertex 280 1385.9576416015625 223.61894226074219
      vertex 270 1381.5040283203125 230.39918518066406
      vertex 280 1381.5040283203125 230.39918518066406
    endloop
  endfacet
  facet normal 0 0.83581719568935009 0.54900784638290079
    outer loop
      vertex 280 1381.5040283203125 230.39918518066406
      vertex 290 1385.9576416015625 223.61894226074219
      vertex 280 1385.9576416015625 223.61894226074219
    endloop
  endfacet
  facet normal 0 0.83581719568935009 0.54900784638290079
    outer loop
      vertex 300 1385.9576416015625 223.61894226074219
      vertex 290 1385.9576416015625 223.61894226074219
      vertex 290 1381.5040283203125 230.39918518066406
    endloop
  endfacet
  facet normal 3.3508800758962926e-07 0.83581696890989299 0.54900819163484849
    outer loop
      vertex 290 1381.5040283203125 230.39918518066406
      vertex 300 1380.390625 232.09423828125
      vertex 300 1385.9576416015625 223.61894226074219
    endloop
  endfacet
  facet normal -3.5902241372106984e-07 0.83581742246827839 0.54900750113122743
    outer loop
      vertex 290 1376.4141845703125 238.14802551269531
      vertex 300 1374.8236083984375 240.56954956054688
      vertex 300 1380.390625 232.09423828125
    endloop
  endfacet
  facet normal 3.1414505650400171e-07 0.83581691221497934 0.54900827794790008
    outer loop
      vertex 290 1376.4141845703125 238.14802551269531
      vertex 300 1380.390625 232.09423828125
      vertex 290 1381.5040283203125 230.39918518066406
    endloop
  endfacet
  facet normal 1.4360914609538925e-07 0.83581696890993129 0.54900819163487369
    outer loop
      vertex 290 1371.3243408203125 245.89688110351562
      vertex 300 1369.256591796875 249.04484558105469
      vertex 300 1374.8236083984375 240.56954956054688
    endloop
  endfacet
  facet normal -3.6650206174527202e-07 0.83581740829460227 0.54900752270944331
    outer loop
      vertex 290 1371.3243408203125 245.89688110351562
      vertex 300 1374.8236083984375 240.56954956054688
      vertex 290 1376.4141845703125 238.14802551269531
    endloop
  endfacet
  facet normal 5.5865205087062256e-06 0.83581144485671588 0.54901660140228881
    outer loop
      vertex 290 1366.2344970703125 253.64572143554688
      vertex 300 1363.689453125 257.5201416015625
      vertex 300 1369.256591796875 249.04484558105469
    endloop
  endfacet
  facet normal 1.0471501883467183e-07 0.83581691221501608 0.54900827794792428
    outer loop
      vertex 290 1366.2344970703125 253.64572143554688
      vertex 300 1369.256591796875 249.04484558105469
      vertex 290 1371.3243408203125 245.89688110351562
    endloop
  endfacet
  facet normal -0 0.83581719568935009 0.54900784638290079
    outer loop
      vertex 290 1381.5040283203125 230.39918518066406
      vertex 290 1385.9576416015625 223.61894226074219
      vertex 280 1381.5040283203125 230.39918518066406
    endloop
  endfacet
  facet normal -0 0.83581719568935009 0.54900784638290079
    outer loop
      vertex 260 1345.875 284.64111328125
      vertex 260 1341.42138671875 291.42135620117188
      vertex 270 1341.42138671875 291.42135620117188
    endloop
  endfacet
  facet normal 0 0.83581719568935009 0.54900784638290079
    outer loop
      vertex 260 1345.875 284.64111328125
      vertex 270 1341.42138671875 291.42135620117188
      vertex 270 1345.875 284.64111328125
    endloop
  endfacet
  facet normal 5.1013847062899836e-06 0.83581087028311196 0.54901747612490714
    outer loop
      vertex 300 1363.689453125 257.5201416015625
      vertex 290 1366.2344970703125 253.64572143554688
      vertex 290 1361.14453125 261.39456176757812
    endloop
  endfacet
  facet normal 0 0.83581719568935009 0.54900784638290079
    outer loop
      vertex 280 1341.42138671875 291.42135620117188
      vertex 280 1345.875 284.64111328125
      vertex 270 1345.875 284.64111328125
    endloop
  endfacet
  facet normal -0 0.83581719568935009 0.54900784638290079
    outer loop
      vertex 280 1341.42138671875 291.42135620117188
      vertex 270 1345.875 284.64111328125
      vertex 270 1341.42138671875 291.42135620117188
    endloop
  endfacet
  facet normal -0 0.83581719568935009 0.54900784638290079
    outer loop
      vertex 280 1345.875 284.64111328125
      vertex 280 1341.42138671875 291.42135620117188
      vertex 290 1341.42138671875 291.42135620117188
    endloop
  endfacet
  facet normal 0 0.83581719568935009 0.54900784638290079
    outer loop
      vertex 280 1345.875 284.64111328125
      vertex 290 1341.42138671875 291.42135620117188
      vertex 290 1345.875 284.64111328125
    endloop
  endfacet
  facet normal 5.2357365367189587e-08 0.83581790437224757 0.54900676747266186
    outer loop
      vertex 290 1356.0546875 269.1434326171875
      vertex 300 1358.1224365234375 265.99545288085938
      vertex 290 1361.14453125 261.39456176757812
    endloop
  endfacet
  facet normal -4.3082689647725221e-07 0.83581742246825463 0.54900750113121177
    outer loop
      vertex 300 1363.689453125 257.5201416015625
      vertex 290 1361.14453125 261.39456176757812
      vertex 300 1358.1224365234375 265.99545288085938
    endloop
  endfacet
  facet normal 7.330051318267411e-07 0.83581691221479604 0.54900827794777973
    outer loop
      vertex 300 1358.1224365234375 265.99545288085938
      vertex 290 1356.0546875 269.1434326171875
      vertex 290 1350.96484375 276.89227294921875
    endloop
  endfacet
  facet normal -4.7869655162806916e-07 0.83581742246823654 0.54900750113119989
    outer loop
      vertex 300 1358.1224365234375 265.99545288085938
      vertex 290 1350.96484375 276.89227294921875
      vertex 300 1352.555419921875 274.47076416015625
    endloop
  endfacet
  facet normal 6.7017685808073121e-07 0.83581651534964874 0.54900888213973498
    outer loop
      vertex 290 1345.875 284.64111328125
      vertex 300 1346.9884033203125 282.946044921875
      vertex 300 1352.555419921875 274.47076416015625
    endloop
  endfacet
  facet normal -2.094300376735666e-07 0.83581691221500221 0.54900827794791518
    outer loop
      vertex 290 1345.875 284.64111328125
      vertex 300 1352.555419921875 274.47076416015625
      vertex 290 1350.96484375 276.89227294921875
    endloop
  endfacet
  facet normal -0 0.83581719568935009 0.54900784638290079
    outer loop
      vertex 290 1341.42138671875 291.42135620117188
      vertex 300 1341.42138671875 291.42135620117188
      vertex 290 1345.875 284.64111328125
    endloop
  endfacet
  facet normal 3.350875861244988e-07 0.83581742246828528 0.54900750113123187
    outer loop
      vertex 300 1346.9884033203125 282.946044921875
      vertex 290 1345.875 284.64111328125
      vertex 300 1341.42138671875 291.42135620117188
    endloop
  endfacet
  facet normal -1 0 -0
    outer loop
      vertex 200 1346.9884033203125 282.946044921875
      vertex 200 1342.809326171875 280.20101928710938
      vertex 200 1337.2423095703125 288.67630004882812
    endloop
  endfacet
  facet normal -1 -0 -0
    outer loop
      vertex 200 1346.9884033203125 282.946044921875
      vertex 200 1337.2423095703125 288.67630004882812
      vertex 200 1341.42138671875 291.42135620117188
    endloop
  endfacet
  facet normal -1 0 -0
    outer loop
      vertex 200 1358.1224365234375 265.99545288085938
      vertex 200 1353.943359375 263.25039672851562
      vertex 200 1348.3763427734375 271.7257080078125
    endloop
  endfacet
  facet normal -1 -0 -0
    outer loop
      vertex 200 1358.1224365234375 265.99545288085938
      vertex 200 1348.3763427734375 271.7257080078125
      vertex 200 1352.555419921875 274.47076416015625
    endloop
  endfacet
  facet normal -1 0 -0
    outer loop
      vertex 200 1352.555419921875 274.47076416015625
      vertex 200 1348.3763427734375 271.7257080078125
      vertex 200 1342.809326171875 280.20101928710938
    endloop
  endfacet
  facet normal -1 -0 -0
    outer loop
      vertex 200 1352.555419921875 274.47076416015625
      vertex 200 1342.809326171875 280.20101928710938
      vertex 200 1346.9884033203125 282.946044921875
    endloop
  endfacet
  facet normal -1 0 -0
    outer loop
      vertex 200 1369.256591796875 249.04484558105469
      vertex 200 1365.0775146484375 246.2998046875
      vertex 200 1359.5103759765625 254.77510070800781
    endloop
  endfacet
  facet normal -1 -0 -0
    outer loop
      vertex 200 1369.256591796875 249.04484558105469
      vertex 200 1359.5103759765625 254.77510070800781
      vertex 200 1363.689453125 257.5201416015625
    endloop
  endfacet
  facet normal -1 0 -0
    outer loop
      vertex 200 1380.390625 232.09423828125
      vertex 200 1376.2115478515625 229.34919738769531
      vertex 200 1370.64453125 237.82449340820312
    endloop
  endfacet
  facet normal -1 -0 -0
    outer loop
      vertex 200 1380.390625 232.09423828125
      vertex 200 1370.64453125 237.82449340820312
      vertex 200 1374.8236083984375 240.56954956054688
    endloop
  endfacet
  facet normal -1 0 -0
    outer loop
      vertex 200 1385.9576416015625 223.61894226074219
      vertex 200 1381.778564453125 220.8739013671875
      vertex 200 1376.2115478515625 229.34919738769531
    endloop
  endfacet
  facet normal -1 -0 -0
    outer loop
      vertex 200 1385.9576416015625 223.61894226074219
      vertex 200 1376.2115478515625 229.34919738769531
      vertex 200 1380.390625 232.09423828125
    endloop
  endfacet
  facet normal -1 0 -0
    outer loop
      vertex 200 1374.8236083984375 240.56954956054688
      vertex 200 1370.64453125 237.82449340820312
      vertex 200 1365.0775146484375 246.2998046875
    endloop
  endfacet
  facet normal -1 -0 -0
    outer loop
      vertex 200 1374.8236083984375 240.56954956054688
      vertex 200 1365.0775146484375 246.2998046875
      vertex 200 1369.256591796875 249.04484558105469
    endloop
  endfacet
  facet normal -1 0 -0
    outer loop
      vertex 200 1363.689453125 257.5201416015625
      vertex 200 1359.5103759765625 254.77510070800781
      vertex 200 1353.943359375 263.25039672851562
    endloop
  endfacet
  facet normal -1 -0 -0
    outer loop
      vertex 200 1363.689453125 257.5201416015625
      vertex 200 1353.943359375 263.25039672851562
      vertex 200 1358.1224365234375 265.99545288085938
    endloop
  endfacet
  facet normal -0 0.54901102083318354 -0.83581511053803392
    outer loop
      vertex 220 1345.875 284.64111328125
      vertex 220 1341.6959228515625 281.89605712890625
      vertex 210 1341.6959228515625 281.89605712890625
    endloop
  endfacet
  facet normal 0 0.54901102083318354 -0.83581511053803392
    outer loop
      vertex 220 1345.875 284.64111328125
      vertex 210 1341.6959228515625 281.89605712890625
      vertex 210 1345.875 284.64111328125
    endloop
  endfacet
  facet normal -0 0.54901102083318354 -0.83581511053803392
    outer loop
      vertex 240 1345.875 284.64111328125
      vertex 240 1341.6959228515625 281.89605712890625
      vertex 230 1341.6959228515625 281.89605712890625
    endloop
  endfacet
  facet normal 0 0.54901102083318354 -0.83581511053803392
    outer loop
      vertex 240 1345.875 284.64111328125
      vertex 230 1341.6959228515625 281.89605712890625
      vertex 230 1345.875 284.64111328125
    endloop
  endfacet
  facet normal -0 0.54901102083318354 -0.83581511053803392
    outer loop
      vertex 230 1345.875 284.64111328125
      vertex 230 1341.6959228515625 281.89605712890625
      vertex 220 1341.6959228515625 281.89605712890625
    endloop
  endfacet
  facet normal 0 0.54901102083318354 -0.83581511053803392
    outer loop
      vertex 230 1345.875 284.64111328125
      vertex 220 1341.6959228515625 281.89605712890625
      vertex 220 1345.875 284.64111328125
    endloop
  endfacet
  facet normal -0 0.54901102083318354 -0.83581511053803392
    outer loop
      vertex 260 1345.875 284.64111328125
      vertex 260 1341.6959228515625 281.89605712890625
      vertex 250 1341.6959228515625 281.89605712890625
    endloop
  endfacet
  facet normal 0 0.54901102083318354 -0.83581511053803392
    outer loop
      vertex 260 1345.875 284.64111328125
      vertex 250 1341.6959228515625 281.89605712890625
      vertex 250 1345.875 284.64111328125
    endloop
  endfacet
  facet normal -0 0.54901102083318354 -0.83581511053803392
    outer loop
      vertex 280 1345.875 284.64111328125
      vertex 280 1341.6959228515625 281.89605712890625
      vertex 270 1341.6959228515625 281.89605712890625
    endloop
  endfacet
  facet normal 0 0.54901102083318354 -0.83581511053803392
    outer loop
      vertex 280 1345.875 284.64111328125
      vertex 270 1341.6959228515625 281.89605712890625
      vertex 270 1345.875 284.64111328125
    endloop
  endfacet
  facet normal -0 0.54901102083318354 -0.83581511053803392
    outer loop
      vertex 290 1345.875 284.64111328125
      vertex 290 1341.6959228515625 281.89605712890625
      vertex 280 1341.6959228515625 281.89605712890625
    endloop
  endfacet
  facet normal 0 0.54901102083318354 -0.83581511053803392
    outer loop
      vertex 290 1345.875 284.64111328125
      vertex 280 1341.6959228515625 281.89605712890625
      vertex 280 1345.875 284.64111328125
    endloop
  endfacet
  facet normal -0 0.54901102083318354 -0.83581511053803392
    outer loop
      vertex 270 1345.875 284.64111328125
      vertex 270 1341.6959228515625 281.89605712890625
      vertex 260 1341.6959228515625 281.89605712890625
    endloop
  endfacet
  facet normal 0 0.54901102083318354 -0.83581511053803392
    outer loop
      vertex 270 1345.875 284.64111328125
      vertex 260 1341.6959228515625 281.89605712890625
      vertex 260 1345.875 284.64111328125
    endloop
  endfacet
  facet normal -0 0.54901102083318354 -0.83581511053803392
    outer loop
      vertex 250 1345.875 284.64111328125
      vertex 250 1341.6959228515625 281.89605712890625
      vertex 240 1341.6959228515625 281.89605712890625
    endloop
  endfacet
  facet normal 0 0.54901102083318354 -0.83581511053803392
    outer loop
      vertex 250 1345.875 284.64111328125
      vertex 240 1341.6959228515625 281.89605712890625
      vertex 240 1345.875 284.64111328125
    endloop
  endfacet
  facet normal -0 -0.54901102083318354 0.83581511053803392
    outer loop
      vertex 290 1341.42138671875 291.42135620117188
      vertex 290 1337.2423095703125 288.67630004882812
      vertex 300 1337.2423095703125 288.67630004882812
    endloop
  endfacet
  facet normal 0 -0.54901102083318354 0.83581511053803392
    outer loop
      vertex 290 1341.42138671875 291.42135620117188
      vertex 300 1337.2423095703125 288.67630004882812
      vertex 300 1341.42138671875 291.42135620117188
    endloop
  endfacet
  facet normal -0 -0.54901102083318354 0.83581511053803392
    outer loop
      vertex 270 1341.42138671875 291.42135620117188
      vertex 270 1337.2423095703125 288.67630004882812
      vertex 280 1337.2423095703125 288.67630004882812
    endloop
  endfacet
  facet normal 0 -0.54901102083318354 0.83581511053803392
    outer loop
      vertex 270 1341.42138671875 291.42135620117188
      vertex 280 1337.2423095703125 288.67630004882812
      vertex 280 1341.42138671875 291.42135620117188
    endloop
  endfacet
  facet normal -0 -0.54901102083318354 0.83581511053803392
    outer loop
      vertex 260 1341.42138671875 291.42135620117188
      vertex 260 1337.2423095703125 288.67630004882812
      vertex 270 1337.2423095703125 288.67630004882812
    endloop
  endfacet
  facet normal 0 -0.54901102083318354 0.83581511053803392
    outer loop
      vertex 260 1341.42138671875 291.42135620117188
      vertex 270 1337.2423095703125 288.67630004882812
      vertex 270 1341.42138671875 291.42135620117188
    endloop
  endfacet
  facet normal -0 -0.54901102083318354 0.83581511053803392
    outer loop
      vertex 280 1341.42138671875 291.42135620117188
      vertex 280 1337.2423095703125 288.67630004882812
      vertex 290 1337.2423095703125 288.67630004882812
    endloop
  endfacet
  facet normal 0 -0.54901102083318354 0.83581511053803392
    outer loop
      vertex 280 1341.42138671875 291.42135620117188
      vertex 290 1337.2423095703125 288.67630004882812
      vertex 290 1341.42138671875 291.42135620117188
    endloop
  endfacet
  facet normal -0 -0.54901102083318354 0.83581511053803392
    outer loop
      vertex 240 1341.42138671875 291.42135620117188
      vertex 240 1337.2423095703125 288.67630004882812
      vertex 250 1337.2423095703125 288.67630004882812
    endloop
  endfacet
  facet normal 0 -0.54901102083318354 0.83581511053803392
    outer loop
      vertex 240 1341.42138671875 291.42135620117188
      vertex 250 1337.2423095703125 288.67630004882812
      vertex 250 1341.42138671875 291.42135620117188
    endloop
  endfacet
  facet normal -0 -0.54901102083318354 0.83581511053803392
    outer loop
      vertex 230 1341.42138671875 291.42135620117188
      vertex 230 1337.2423095703125 288.67630004882812
      vertex 240 1337.2423095703125 288.67630004882812
    endloop
  endfacet
  facet normal 0 -0.54901102083318354 0.83581511053803392
    outer loop
      vertex 230 1341.42138671875 291.42135620117188
      vertex 240 1337.2423095703125 288.67630004882812
      vertex 240 1341.42138671875 291.42135620117188
    endloop
  endfacet
  facet normal -0 -0.54901102083318354 0.83581511053803392
    outer loop
      vertex 210 1341.42138671875 291.42135620117188
      vertex 210 1337.2423095703125 288.67630004882812
      vertex 220 1337.2423095703125 288.67630004882812
    endloop
  endfacet
  facet normal 0 -0.54901102083318354 0.83581511053803392
    outer loop
      vertex 210 1341.42138671875 291.42135620117188
      vertex 220 1337.2423095703125 288.67630004882812
      vertex 220 1341.42138671875 291.42135620117188
    endloop
  endfacet
  facet normal -0 -0.54901102083318354 0.83581511053803392
    outer loop
      vertex 200 1341.42138671875 291.42135620117188
      vertex 200 1337.2423095703125 288.67630004882812
      vertex 210 1337.2423095703125 288.67630004882812
    endloop
  endfacet
  facet normal 0 -0.54901102083318354 0.83581511053803392
    outer loop
      vertex 200 1341.42138671875 291.42135620117188
      vertex 210 1337.2423095703125 288.67630004882812
      vertex 210 1341.42138671875 291.42135620117188
    endloop
  endfacet
  facet normal -0 -0.54901102083318354 0.83581511053803392
    outer loop
      vertex 220 1341.42138671875 291.42135620117188
      vertex 220 1337.2423095703125 288.67630004882812
      vertex 230 1337.2423095703125 288.67630004882812
    endloop
  endfacet
  facet normal 0 -0.54901102083318354 0.83581511053803392
    outer loop
      vertex 220 1341.42138671875 291.42135620117188
      vertex 230 1337.2423095703125 288.67630004882812
      vertex 230 1341.42138671875 291.42135620117188
    endloop
  endfacet
  facet normal -0 -0.54901102083318354 0.83581511053803392
    outer loop
      vertex 250 1341.42138671875 291.42135620117188
      vertex 250 1337.2423095703125 288.67630004882812
      vertex 260 1337.2423095703125 288.67630004882812
    endloop
  endfacet
  facet normal 0 -0.54901102083318354 0.83581511053803392
    outer loop
      vertex 250 1341.42138671875 291.42135620117188
      vertex 260 1337.2423095703125 288.67630004882812
      vertex 260 1341.42138671875 291.42135620117188
    endloop
  endfacet
  facet normal 1 0 0
    outer loop
      vertex 300 1380.390625 232.09423828125
      vertex 300 1376.2115478515625 229.34919738769531
      vertex 300 1381.778564453125 220.8739013671875
    endloop
  endfacet
  facet normal 1 0 0
    outer loop
      vertex 300 1380.390625 232.09423828125
      vertex 300 1381.778564453125 220.8739013671875
      vertex 300 1385.9576416015625 223.61894226074219
    endloop
  endfacet
  facet normal 1 0 0
    outer loop
      vertex 300 1369.256591796875 249.04484558105469
      vertex 300 1365.0775146484375 246.2998046875
      vertex 300 1370.64453125 237.82449340820312
    endloop
  endfacet
  facet normal 1 0 0
    outer loop
      vertex 300 1369.256591796875 249.04484558105469
      vertex 300 1370.64453125 237.82449340820312
      vertex 300 1374.8236083984375 240.56954956054688
    endloop
  endfacet
  facet normal 1 0 0
    outer loop
      vertex 300 1374.8236083984375 240.56954956054688
      vertex 300 1370.64453125 237.82449340820312
      vertex 300 1376.2115478515625 229.34919738769531
    endloop
  endfacet
  facet normal 1 0 0
    outer loop
      vertex 300 1374.8236083984375 240.56954956054688
      vertex 300 1376.2115478515625 229.34919738769531
      vertex 300 1380.390625 232.09423828125
    endloop
  endfacet
  facet normal 1 0 0
    outer loop
      vertex 300 1358.1224365234375 265.99545288085938
      vertex 300 1353.943359375 263.25039672851562
      vertex 300 1359.5103759765625 254.77510070800781
    endloop
  endfacet
  facet normal 1 0 0
    outer loop
      vertex 300 1358.1224365234375 265.99545288085938
      vertex 300 1359.5103759765625 254.77510070800781
      vertex 300 1363.689453125 257.5201416015625
    endloop
  endfacet
  facet normal 1 0 0
    outer loop
      vertex 300 1346.9884033203125 282.946044921875
      vertex 300 1342.809326171875 280.20101928710938
      vertex 300 1348.3763427734375 271.7257080078125
    endloop
  endfacet
  facet normal 1 0 0
    outer loop
      vertex 300 1346.9884033203125 282.946044921875
      vertex 300 1348.3763427734375 271.7257080078125
      vertex 300 1352.555419921875 274.47076416015625
    endloop
  endfacet
  facet normal 1 0 0
    outer loop
      vertex 300 1341.42138671875 291.42135620117188
      vertex 300 1337.2423095703125 288.67630004882812
      vertex 300 1342.809326171875 280.20101928710938
    endloop
  endfacet
  facet normal 1 0 0
    outer loop
      vertex 300 1341.42138671875 291.42135620117188
      vertex 300 1342.809326171875 280.20101928710938
      vertex 300 1346.9884033203125 282.946044921875
    endloop
  endfacet
  facet normal 1 0 0
    outer loop
      vertex 300 1352.555419921875 274.47076416015625
      vertex 300 1348.3763427734375 271.7257080078125
      vertex 300 1353.943359375 263.25039672851562
    endloop
  endfacet
  facet normal 1 0 0
    outer loop
      vertex 300 1352.555419921875 274.47076416015625
      vertex 300 1353.943359375 263.25039672851562
      vertex 300 1358.1224365234375 265.99545288085938
    endloop
  endfacet
  facet normal 1 0 0
    outer loop
      vertex 300 1363.689453125 257.5201416015625
      vertex 300 1359.5103759765625 254.77510070800781
      vertex 300 1365.0775146484375 246.2998046875
    endloop
  endfacet
  facet normal 1 0 0
    outer loop
      vertex 300 1363.689453125 257.5201416015625
      vertex 300 1365.0775146484375 246.2998046875
      vertex 300 1369.256591796875 249.04484558105469
    endloop
  endfacet
  facet normal -0 0.54900888891061295 -0.83581651090244347
    outer loop
      vertex 210 1385.9576416015625 223.61894226074219
      vertex 210 1381.778564453125 220.8739013671875
      vertex 200 1381.778564453125 220.8739013671875
    endloop
  endfacet
  facet normal 0 0.54900888891061306 -0.83581651090244358
    outer loop
      vertex 210 1385.9576416015625 223.61894226074219
      vertex 200 1381.778564453125 220.8739013671875
      vertex 200 1385.9576416015625 223.61894226074219
    endloop
  endfacet
  facet normal -0 0.54900888891061295 -0.83581651090244347
    outer loop
      vertex 230 1385.9576416015625 223.61894226074219
      vertex 230 1381.778564453125 220.8739013671875
      vertex 220 1381.778564453125 220.8739013671875
    endloop
  endfacet
  facet normal 0 0.54900888891061306 -0.83581651090244358
    outer loop
      vertex 230 1385.9576416015625 223.61894226074219
      vertex 220 1381.778564453125 220.8739013671875
      vertex 220 1385.9576416015625 223.61894226074219
    endloop
  endfacet
  facet normal -0 0.54900888891061295 -0.83581651090244347
    outer loop
      vertex 240 1385.9576416015625 223.61894226074219
      vertex 240 1381.778564453125 220.8739013671875
      vertex 230 1381.778564453125 220.8739013671875
    endloop
  endfacet
  facet normal 0 0.54900888891061306 -0.83581651090244358
    outer loop
      vertex 240 1385.9576416015625 223.61894226074219
      vertex 230 1381.778564453125 220.8739013671875
      vertex 230 1385.9576416015625 223.61894226074219
    endloop
  endfacet
  facet normal -0 0.54900888891061295 -0.83581651090244347
    outer loop
      vertex 220 1385.9576416015625 223.61894226074219
      vertex 220 1381.778564453125 220.8739013671875
      vertex 210 1381.778564453125 220.8739013671875
    endloop
  endfacet
  facet normal 0 0.54900888891061306 -0.83581651090244358
    outer loop
      vertex 220 1385.9576416015625 223.61894226074219
      vertex 210 1381.778564453125 220.8739013671875
      vertex 210 1385.9576416015625 223.61894226074219
    endloop
  endfacet
  facet normal -0 0.54900888891061295 -0.83581651090244347
    outer loop
      vertex 260 1385.9576416015625 223.61894226074219
      vertex 260 1381.778564453125 220.8739013671875
      vertex 250 1381.778564453125 220.8739013671875
    endloop
  endfacet
  facet normal 0 0.54900888891061306 -0.83581651090244358
    outer loop
      vertex 260 1385.9576416015625 223.61894226074219
      vertex 250 1381.778564453125 220.8739013671875
      vertex 250 1385.9576416015625 223.61894226074219
    endloop
  endfacet
  facet normal -0 0.54900888891061295 -0.83581651090244347
    outer loop
      vertex 270 1385.9576416015625 223.61894226074219
      vertex 270 1381.778564453125 220.8739013671875
      vertex 260 1381.778564453125 220.8739013671875
    endloop
  endfacet
  facet normal 0 0.54900888891061306 -0.83581651090244358
    outer loop
      vertex 270 1385.9576416015625 223.61894226074219
      vertex 260 1381.778564453125 220.8739013671875
      vertex 260 1385.9576416015625 223.61894226074219
    endloop
  endfacet
  facet normal -0 0.54900888891061295 -0.83581651090244347
    outer loop
      vertex 290 1385.9576416015625 223.61894226074219
      vertex 290 1381.778564453125 220.8739013671875
      vertex 280 1381.778564453125 220.8739013671875
    endloop
  endfacet
  facet normal 0 0.54900888891061306 -0.83581651090244358
    outer loop
      vertex 290 1385.9576416015625 223.61894226074219
      vertex 280 1381.778564453125 220.8739013671875
      vertex 280 1385.9576416015625 223.61894226074219
    endloop
  endfacet
  facet normal -0 0.54900888891061295 -0.83581651090244347
    outer loop
      vertex 300 1385.9576416015625 223.61894226074219
      vertex 300 1381.778564453125 220.8739013671875
      vertex 290 1381.778564453125 220.8739013671875
    endloop
  endfacet
  facet normal 0 0.54900888891061306 -0.83581651090244358
    outer loop
      vertex 300 1385.9576416015625 223.61894226074219
      vertex 290 1381.778564453125 220.8739013671875
      vertex 290 1385.9576416015625 223.61894226074219
    endloop
  endfacet
  facet normal -0 0.54900888891061295 -0.83581651090244347
    outer loop
      vertex 280 1385.9576416015625 223.61894226074219
      vertex 280 1381.778564453125 220.8739013671875
      vertex 270 1381.778564453125 220.8739013671875
    endloop
  endfacet
  facet normal 0 0.54900888891061306 -0.83581651090244358
    outer loop
      vertex 280 1385.9576416015625 223.61894226074219
      vertex 270 1381.778564453125 220.8739013671875
      vertex 270 1385.9576416015625 223.61894226074219
    endloop
  endfacet
  facet normal -0 0.54900888891061295 -0.83581651090244347
    outer loop
      vertex 250 1385.9576416015625 223.61894226074219
      vertex 250 1381.778564453125 220.8739013671875
      vertex 240 1381.778564453125 220.8739013671875
    endloop
  endfacet
  facet normal 0 0.54900888891061306 -0.83581651090244358
    outer loop
      vertex 250 1385.9576416015625 223.61894226074219
      vertex 240 1381.778564453125 220.8739013671875
      vertex 240 1385.9576416015625 223.61894226074219
    endloop
  endfacet
  facet normal 1 0 0
    outer loop
      vertex 210 1376.4141845703125 238.14802551269531
      vertex 210 1372.235107421875 235.40298461914062
      vertex 210 1377.324951171875 227.65412902832031
    endloop
  endfacet
  facet normal 1 0 0
    outer loop
      vertex 210 1376.4141845703125 238.14802551269531
      vertex 210 1377.324951171875 227.65412902832031
      vertex 210 1381.5040283203125 230.39918518066406
    endloop
  endfacet
  facet normal 1 0 0
    outer loop
      vertex 210 1366.2344970703125 253.64572143554688
      vertex 210 1362.055419921875 250.90068054199219
      vertex 210 1367.145263671875 243.15182495117188
    endloop
  endfacet
  facet normal 1 0 0
    outer loop
      vertex 210 1366.2344970703125 253.64572143554688
      vertex 210 1367.145263671875 243.15182495117188
      vertex 210 1371.3243408203125 245.89688110351562
    endloop
  endfacet
  facet normal 1 0 0
    outer loop
      vertex 210 1371.3243408203125 245.89688110351562
      vertex 210 1367.145263671875 243.15182495117188
      vertex 210 1372.235107421875 235.40298461914062
    endloop
  endfacet
  facet normal 1 0 0
    outer loop
      vertex 210 1371.3243408203125 245.89688110351562
      vertex 210 1372.235107421875 235.40298461914062
      vertex 210 1376.4141845703125 238.14802551269531
    endloop
  endfacet
  facet normal 1 0 0
    outer loop
      vertex 210 1356.0546875 269.1434326171875
      vertex 210 1351.8756103515625 266.39837646484375
      vertex 210 1356.9654541015625 258.6495361328125
    endloop
  endfacet
  facet normal 1 0 0
    outer loop
      vertex 210 1356.0546875 269.1434326171875
      vertex 210 1356.9654541015625 258.6495361328125
      vertex 210 1361.14453125 261.39456176757812
    endloop
  endfacet
  facet normal 1 0 0
    outer loop
      vertex 210 1345.875 284.64111328125
      vertex 210 1341.6959228515625 281.89605712890625
      vertex 210 1346.7857666015625 274.147216796875
    endloop
  endfacet
  facet normal 1 0 0
    outer loop
      vertex 210 1345.875 284.64111328125
      vertex 210 1346.7857666015625 274.147216796875
      vertex 210 1350.96484375 276.89227294921875
    endloop
  endfacet
  facet normal 1 0 0
    outer loop
      vertex 210 1350.96484375 276.89227294921875
      vertex 210 1346.7857666015625 274.147216796875
      vertex 210 1351.8756103515625 266.39837646484375
    endloop
  endfacet
  facet normal 1 0 0
    outer loop
      vertex 210 1350.96484375 276.89227294921875
      vertex 210 1351.8756103515625 266.39837646484375
      vertex 210 1356.0546875 269.1434326171875
    endloop
  endfacet
  facet normal 1 0 0
    outer loop
      vertex 210 1361.14453125 261.39456176757812
      vertex 210 1356.9654541015625 258.6495361328125
      vertex 210 1362.055419921875 250.90068054199219
    endloop
  endfacet
  facet normal 1 0 0
    outer loop
      vertex 210 1361.14453125 261.39456176757812
      vertex 210 1362.055419921875 250.90068054199219
      vertex 210 1366.2344970703125 253.64572143554688
    endloop
  endfacet
  facet normal 0 -0.54899981809420983 0.83582246902827662
    outer loop
      vertex 276.66665649414062 1379.4144287109375 229.02665710449219
      vertex 290 1381.5040283203125 230.39918518066406
      vertex 280 1381.5040283203125 230.39918518066406
    endloop
  endfacet
  facet normal 0 -0.54899981809420983 0.83582246902827662
    outer loop
      vertex 260 1381.5040283203125 230.39918518066406
      vertex 276.66665649414062 1379.4144287109375 229.02665710449219
      vertex 270 1381.5040283203125 230.39918518066406
    endloop
  endfacet
  facet normal 0 -0.54899981809420983 0.83582246902827662
    outer loop
      vertex 280 1381.5040283203125 230.39918518066406
      vertex 270 1381.5040283203125 230.39918518066406
      vertex 276.66665649414062 1379.4144287109375 229.02665710449219
    endloop
  endfacet
  facet normal -0 -0.54899981809420983 0.83582246902827662
    outer loop
      vertex 250 1379.4144287109375 229.02665710449219
      vertex 276.66665649414062 1379.4144287109375 229.02665710449219
      vertex 260 1381.5040283203125 230.39918518066406
    endloop
  endfacet
  facet normal 2.5131710905590878e-06 -0.5490110208314497 0.83581511053539437
    outer loop
      vertex 276.66665649414062 1379.4144287109375 229.02665710449219
      vertex 290 1377.324951171875 227.65412902832031
      vertex 290 1381.5040283203125 230.39918518066406
    endloop
  endfacet
  facet normal -0 -0.54899981809420983 0.83582246902827662
    outer loop
      vertex 240 1381.5040283203125 230.39918518066406
      vertex 236.66667175292969 1379.4144287109375 229.02665710449219
      vertex 250 1379.4144287109375 229.02665710449219
    endloop
  endfacet
  facet normal 0 -0.54899981809420983 0.83582246902827662
    outer loop
      vertex 240 1381.5040283203125 230.39918518066406
      vertex 250 1379.4144287109375 229.02665710449219
      vertex 250 1381.5040283203125 230.39918518066406
    endloop
  endfacet
  facet normal 0 -0.54899981809420983 0.83582246902827662
    outer loop
      vertex 240 1381.5040283203125 230.39918518066406
      vertex 230 1381.5040283203125 230.39918518066406
      vertex 236.66667175292969 1379.4144287109375 229.02665710449219
    endloop
  endfacet
  facet normal 0 -0.54899981809420995 0.83582246902827673
    outer loop
      vertex 223.33332824707031 1379.4144287109375 229.02665710449219
      vertex 220 1381.5040283203125 230.39918518066406
      vertex 210 1381.5040283203125 230.39918518066406
    endloop
  endfacet
  facet normal 0 -0.54899981809420983 0.83582246902827662
    outer loop
      vertex 220 1381.5040283203125 230.39918518066406
      vertex 223.33332824707031 1379.4144287109375 229.02665710449219
      vertex 230 1381.5040283203125 230.39918518066406
    endloop
  endfacet
  facet normal 0 -0.54899981809420983 0.83582246902827662
    outer loop
      vertex 250 1379.4144287109375 229.02665710449219
      vertex 260 1381.5040283203125 230.39918518066406
      vertex 250 1381.5040283203125 230.39918518066406
    endloop
  endfacet
  facet normal 0 -0.54902222393072919 0.83580775159731335
    outer loop
      vertex 250 1379.4144287109375 229.02665710449219
      vertex 260 1377.324951171875 227.65412902832031
      vertex 270 1377.324951171875 227.65412902832031
    endloop
  endfacet
  facet normal 0 -0.5490222239307293 0.83580775159731335
    outer loop
      vertex 250 1379.4144287109375 229.02665710449219
      vertex 270 1377.324951171875 227.65412902832031
      vertex 276.66665649414062 1379.4144287109375 229.02665710449219
    endloop
  endfacet
  facet normal 0 -0.54902222393072919 0.83580775159731335
    outer loop
      vertex 280 1377.324951171875 227.65412902832031
      vertex 276.66665649414062 1379.4144287109375 229.02665710449219
      vertex 270 1377.324951171875 227.65412902832031
    endloop
  endfacet
  facet normal 0 -0.54902222393072919 0.83580775159731335
    outer loop
      vertex 260 1377.324951171875 227.65412902832031
      vertex 250 1379.4144287109375 229.02665710449219
      vertex 250 1377.324951171875 227.65412902832031
    endloop
  endfacet
  facet normal 0 -0.5490222239307293 0.83580775159731335
    outer loop
      vertex 250 1377.324951171875 227.65412902832031
      vertex 250 1379.4144287109375 229.02665710449219
      vertex 236.66667175292969 1379.4144287109375 229.02665710449219
    endloop
  endfacet
  facet normal 0 -0.54902222393072919 0.83580775159731335
    outer loop
      vertex 250 1377.324951171875 227.65412902832031
      vertex 236.66667175292969 1379.4144287109375 229.02665710449219
      vertex 240 1377.324951171875 227.65412902832031
    endloop
  endfacet
  facet normal 0 -0.54902222393072919 0.83580775159731335
    outer loop
      vertex 230 1377.324951171875 227.65412902832031
      vertex 236.66667175292969 1379.4144287109375 229.02665710449219
      vertex 223.33332824707031 1379.4144287109375 229.02665710449219
    endloop
  endfacet
  facet normal 0 -0.54902222393072919 0.83580775159731335
    outer loop
      vertex 240 1377.324951171875 227.65412902832031
      vertex 236.66667175292969 1379.4144287109375 229.02665710449219
      vertex 230 1377.324951171875 227.65412902832031
    endloop
  endfacet
  facet normal -0 -0.54899981809420983 0.83582246902827662
    outer loop
      vertex 230 1381.5040283203125 230.39918518066406
      vertex 223.33332824707031 1379.4144287109375 229.02665710449219
      vertex 236.66667175292969 1379.4144287109375 229.02665710449219
    endloop
  endfacet
  facet normal 0 -0.54902222393072919 0.83580775159731335
    outer loop
      vertex 223.33332824707031 1379.4144287109375 229.02665710449219
      vertex 220 1377.324951171875 227.65412902832031
      vertex 230 1377.324951171875 227.65412902832031
    endloop
  endfacet
  facet normal 0 -0.54902222393072919 0.83580775159731335
    outer loop
      vertex 223.33332824707031 1379.4144287109375 229.02665710449219
      vertex 210 1377.324951171875 227.65412902832031
      vertex 220 1377.324951171875 227.65412902832031
    endloop
  endfacet
  facet normal -2.5131739666562512e-06 -0.5490110208314497 0.83581511053539437
    outer loop
      vertex 210 1381.5040283203125 230.39918518066406
      vertex 210 1377.324951171875 227.65412902832031
      vertex 223.33332824707031 1379.4144287109375 229.02665710449219
    endloop
  endfacet
  facet normal 0 -0.54902222393072919 0.83580775159731335
    outer loop
      vertex 290 1377.324951171875 227.65412902832031
      vertex 276.66665649414062 1379.4144287109375 229.02665710449219
      vertex 280 1377.324951171875 227.65412902832031
    endloop
  endfacet
  facet normal -1 0 -0
    outer loop
      vertex 290 1350.96484375 276.89227294921875
      vertex 290 1346.7857666015625 274.147216796875
      vertex 290 1341.6959228515625 281.89605712890625
    endloop
  endfacet
  facet normal -1 -0 -0
    outer loop
      vertex 290 1350.96484375 276.89227294921875
      vertex 290 1341.6959228515625 281.89605712890625
      vertex 290 1345.875 284.64111328125
    endloop
  endfacet
  facet normal -1 0 -0
    outer loop
      vertex 290 1361.14453125 261.39456176757812
      vertex 290 1356.9654541015625 258.6495361328125
      vertex 290 1351.8756103515625 266.39837646484375
    endloop
  endfacet
  facet normal -1 -0 -0
    outer loop
      vertex 290 1361.14453125 261.39456176757812
      vertex 290 1351.8756103515625 266.39837646484375
      vertex 290 1356.0546875 269.1434326171875
    endloop
  endfacet
  facet normal -1 0 -0
    outer loop
      vertex 290 1356.0546875 269.1434326171875
      vertex 290 1351.8756103515625 266.39837646484375
      vertex 290 1346.7857666015625 274.147216796875
    endloop
  endfacet
  facet normal -1 -0 -0
    outer loop
      vertex 290 1356.0546875 269.1434326171875
      vertex 290 1346.7857666015625 274.147216796875
      vertex 290 1350.96484375 276.89227294921875
    endloop
  endfacet
  facet normal -1 0 0
    outer loop
      vertex 290 1371.3243408203125 245.89688110351562
      vertex 290 1367.145263671875 243.15182495117188
      vertex 290 1362.055419921875 250.90068054199219
    endloop
  endfacet
  facet normal -1 -0 -0
    outer loop
      vertex 290 1371.3243408203125 245.89688110351562
      vertex 290 1362.055419921875 250.90068054199219
      vertex 290 1366.2344970703125 253.64572143554688
    endloop
  endfacet
  facet normal -1 0 0
    outer loop
      vertex 290 1381.5040283203125 230.39918518066406
      vertex 290 1377.324951171875 227.65412902832031
      vertex 290 1372.235107421875 235.40298461914062
    endloop
  endfacet
  facet normal -1 -0 -0
    outer loop
      vertex 290 1381.5040283203125 230.39918518066406
      vertex 290 1372.235107421875 235.40298461914062
      vertex 290 1376.4141845703125 238.14802551269531
    endloop
  endfacet
  facet normal -1 0 0
    outer loop
      vertex 290 1376.4141845703125 238.14802551269531
      vertex 290 1372.235107421875 235.40298461914062
      vertex 290 1367.145263671875 243.15182495117188
    endloop
  endfacet
  facet normal -1 -0 -0
    outer loop
      vertex 290 1376.4141845703125 238.14802551269531
      vertex 290 1367.145263671875 243.15182495117188
      vertex 290 1371.3243408203125 245.89688110351562
    endloop
  endfacet
  facet normal -1 0 -0
    outer loop
      vertex 290 1366.2344970703125 253.64572143554688
      vertex 290 1362.055419921875 250.90068054199219
      vertex 290 1356.9654541015625 258.6495361328125
    endloop
  endfacet
  facet normal -1 -0 -0
    outer loop
      vertex 290 1366.2344970703125 253.64572143554688
      vertex 290 1356.9654541015625 258.6495361328125
      vertex 290 1361.14453125 261.39456176757812
    endloop
  endfacet
  facet normal -5.0263201138440858e-07 -0.83581696890983437 -0.54900819163480996
    outer loop
      vertex 200 1381.778564453125 220.8739013671875
      vertex 210 1377.324951171875 227.65412902832031
      vertex 200 1376.2115478515625 229.34919738769531
    endloop
  endfacet
  facet normal 2.3934857684974176e-07 -0.83581696890991608 -0.5490081916348637
    outer loop
      vertex 200 1370.64453125 237.82449340820312
      vertex 200 1376.2115478515625 229.34919738769531
      vertex 210 1372.235107421875 235.40298461914062
    endloop
  endfacet
  facet normal 2.0943003767625087e-07 -0.83581691221500221 -0.54900827794791518
    outer loop
      vertex 210 1367.145263671875 243.15182495117188
      vertex 200 1370.64453125 237.82449340820312
      vertex 210 1372.235107421875 235.40298461914062
    endloop
  endfacet
  facet normal 5.5865205087062256e-06 -0.83581144485671588 -0.54901660140228881
    outer loop
      vertex 210 1362.055419921875 250.90068054199219
      vertex 200 1359.5103759765625 254.77510070800781
      vertex 200 1365.0775146484375 246.2998046875
    endloop
  endfacet
  facet normal -3.9268078044135887e-07 -0.83581740829459383 -0.54900752270943776
    outer loop
      vertex 200 1365.0775146484375 246.2998046875
      vertex 210 1367.145263671875 243.15182495117188
      vertex 210 1362.055419921875 250.90068054199219
    endloop
  endfacet
  facet normal -3.8295724130247105e-07 -0.83581742246827095 -0.54900750113122254
    outer loop
      vertex 210 1367.145263671875 243.15182495117188
      vertex 200 1365.0775146484375 246.2998046875
      vertex 200 1370.64453125 237.82449340820312
    endloop
  endfacet
  facet normal 5.5202542509839882e-06 -0.83581136637392706 -0.54901672088350428
    outer loop
      vertex 210 1356.9654541015625 258.6495361328125
      vertex 200 1359.5103759765625 254.77510070800781
      vertex 210 1362.055419921875 250.90068054199219
    endloop
  endfacet
  facet normal 0 -0.83581662874002272 -0.54900870951348579
    outer loop
      vertex 210 1381.778564453125 220.8739013671875
      vertex 210 1377.324951171875 227.65412902832031
      vertex 200 1381.778564453125 220.8739013671875
    endloop
  endfacet
  facet normal -0 -0.83581662874002272 -0.54900870951348579
    outer loop
      vertex 220 1377.324951171875 227.65412902832031
      vertex 210 1377.324951171875 227.65412902832031
      vertex 210 1381.778564453125 220.8739013671875
    endloop
  endfacet
  facet normal 0 -0.83581662874002272 -0.54900870951348579
    outer loop
      vertex 220 1377.324951171875 227.65412902832031
      vertex 210 1381.778564453125 220.8739013671875
      vertex 220 1381.778564453125 220.8739013671875
    endloop
  endfacet
  facet normal 0 -0.83581662874002272 -0.54900870951348579
    outer loop
      vertex 220 1381.778564453125 220.8739013671875
      vertex 230 1381.778564453125 220.8739013671875
      vertex 230 1377.324951171875 227.65412902832031
    endloop
  endfacet
  facet normal 0 -0.83581662874002272 -0.54900870951348579
    outer loop
      vertex 220 1381.778564453125 220.8739013671875
      vertex 230 1377.324951171875 227.65412902832031
      vertex 220 1377.324951171875 227.65412902832031
    endloop
  endfacet
  facet normal 0 -0.83581662874002272 -0.54900870951348579
    outer loop
      vertex 240 1381.778564453125 220.8739013671875
      vertex 240 1377.324951171875 227.65412902832031
      vertex 230 1381.778564453125 220.8739013671875
    endloop
  endfacet
  facet normal 0 -0.83581662874002272 -0.54900870951348579
    outer loop
      vertex 230 1381.778564453125 220.8739013671875
      vertex 240 1377.324951171875 227.65412902832031
      vertex 230 1377.324951171875 227.65412902832031
    endloop
  endfacet
  facet normal -3.4032334303679609e-07 -0.83581740829461004 -0.54900752270944841
    outer loop
      vertex 200 1376.2115478515625 229.34919738769531
      vertex 210 1377.324951171875 227.65412902832031
      vertex 210 1372.235107421875 235.40298461914062
    endloop
  endfacet
  facet normal 3.8295724131827579e-07 -0.83581742246827095 -0.54900750113122254
    outer loop
      vertex 210 1351.8756103515625 266.39837646484375
      vertex 200 1348.3763427734375 271.7257080078125
      vertex 200 1353.943359375 263.25039672851562
    endloop
  endfacet
  facet normal -2.0943003767625087e-07 -0.83581691221500221 -0.54900827794791518
    outer loop
      vertex 200 1348.3763427734375 271.7257080078125
      vertex 210 1351.8756103515625 266.39837646484375
      vertex 210 1346.7857666015625 274.147216796875
    endloop
  endfacet
  facet normal 7.3300513184250978e-07 -0.83581691221479604 -0.54900827794777973
    outer loop
      vertex 210 1351.8756103515625 266.39837646484375
      vertex 200 1353.943359375 263.25039672851562
      vertex 210 1356.9654541015625 258.6495361328125
    endloop
  endfacet
  facet normal -4.7869655162806916e-07 -0.83581742246823654 -0.54900750113119989
    outer loop
      vertex 200 1342.809326171875 280.20101928710938
      vertex 200 1348.3763427734375 271.7257080078125
      vertex 210 1346.7857666015625 274.147216796875
    endloop
  endfacet
  facet normal -1.0052652871208145e-06 -0.83581651534941404 -0.54900888213958077
    outer loop
      vertex 210 1341.6959228515625 281.89605712890625
      vertex 200 1337.2423095703125 288.67630004882812
      vertex 200 1342.809326171875 280.20101928710938
    endloop
  endfacet
  facet normal -0 -0.83581719568935009 -0.54900784638290079
    outer loop
      vertex 220 1337.2423095703125 288.67630004882812
      vertex 210 1337.2423095703125 288.67630004882812
      vertex 210 1341.6959228515625 281.89605712890625
    endloop
  endfacet
  facet normal 0 -0.83581719568935009 -0.54900784638290079
    outer loop
      vertex 220 1337.2423095703125 288.67630004882812
      vertex 210 1341.6959228515625 281.89605712890625
      vertex 220 1341.6959228515625 281.89605712890625
    endloop
  endfacet
  facet normal -0 -0.83581719568935009 -0.54900784638290079
    outer loop
      vertex 200 1337.2423095703125 288.67630004882812
      vertex 210 1341.6959228515625 281.89605712890625
      vertex 210 1337.2423095703125 288.67630004882812
    endloop
  endfacet
  facet normal -1.1518652071722438e-06 -0.83581691221446608 -0.54900827794756302
    outer loop
      vertex 210 1341.6959228515625 281.89605712890625
      vertex 200 1342.809326171875 280.20101928710938
      vertex 210 1346.7857666015625 274.147216796875
    endloop
  endfacet
  facet normal 0 -0.83581719568935009 -0.54900784638290079
    outer loop
      vertex 230 1341.6959228515625 281.89605712890625
      vertex 240 1341.6959228515625 281.89605712890625
      vertex 240 1337.2423095703125 288.67630004882812
    endloop
  endfacet
  facet normal -0 -0.83581719568935009 -0.54900784638290079
    outer loop
      vertex 230 1341.6959228515625 281.89605712890625
      vertex 240 1337.2423095703125 288.67630004882812
      vertex 230 1337.2423095703125 288.67630004882812
    endloop
  endfacet
  facet normal 0 -0.83581719568935009 -0.54900784638290079
    outer loop
      vertex 220 1341.6959228515625 281.89605712890625
      vertex 230 1341.6959228515625 281.89605712890625
      vertex 230 1337.2423095703125 288.67630004882812
    endloop
  endfacet
  facet normal -0 -0.83581719568935009 -0.54900784638290079
    outer loop
      vertex 220 1341.6959228515625 281.89605712890625
      vertex 230 1337.2423095703125 288.67630004882812
      vertex 220 1337.2423095703125 288.67630004882812
    endloop
  endfacet
  facet normal -0 -0.83581719568935009 -0.54900784638290079
    outer loop
      vertex 250 1341.6959228515625 281.89605712890625
      vertex 250 1337.2423095703125 288.67630004882812
      vertex 240 1337.2423095703125 288.67630004882812
    endloop
  endfacet
  facet normal 0 -0.83581719568935009 -0.54900784638290079
    outer loop
      vertex 250 1341.6959228515625 281.89605712890625
      vertex 240 1337.2423095703125 288.67630004882812
      vertex 240 1341.6959228515625 281.89605712890625
    endloop
  endfacet
  facet normal 0 -0.83581719568935009 -0.54900784638290079
    outer loop
      vertex 250 1341.6959228515625 281.89605712890625
      vertex 260 1341.6959228515625 281.89605712890625
      vertex 260 1337.2423095703125 288.67630004882812
    endloop
  endfacet
  facet normal -0 -0.83581719568935009 -0.54900784638290079
    outer loop
      vertex 250 1341.6959228515625 281.89605712890625
      vertex 260 1337.2423095703125 288.67630004882812
      vertex 250 1337.2423095703125 288.67630004882812
    endloop
  endfacet
  facet normal 7.8985030360392399e-07 -0.83581696890967927 -0.54900819163470815
    outer loop
      vertex 210 1356.9654541015625 258.6495361328125
      vertex 200 1353.943359375 263.25039672851562
      vertex 200 1359.5103759765625 254.77510070800781
    endloop
  endfacet
  facet normal -0 -0.83581662874002272 -0.54900870951348579
    outer loop
      vertex 250 1377.324951171875 227.65412902832031
      vertex 240 1377.324951171875 227.65412902832031
      vertex 240 1381.778564453125 220.8739013671875
    endloop
  endfacet
  facet normal 0 -0.83581662874002272 -0.54900870951348579
    outer loop
      vertex 250 1377.324951171875 227.65412902832031
      vertex 240 1381.778564453125 220.8739013671875
      vertex 250 1381.778564453125 220.8739013671875
    endloop
  endfacet
  facet normal 0 -0.83581662874002272 -0.54900870951348579
    outer loop
      vertex 250 1381.778564453125 220.8739013671875
      vertex 260 1381.778564453125 220.8739013671875
      vertex 260 1377.324951171875 227.65412902832031
    endloop
  endfacet
  facet normal 0 -0.83581662874002272 -0.54900870951348579
    outer loop
      vertex 250 1381.778564453125 220.8739013671875
      vertex 260 1377.324951171875 227.65412902832031
      vertex 250 1377.324951171875 227.65412902832031
    endloop
  endfacet
  facet normal 0 -0.83581662874002272 -0.54900870951348579
    outer loop
      vertex 270 1377.324951171875 227.65412902832031
      vertex 270 1381.778564453125 220.8739013671875
      vertex 280 1381.778564453125 220.8739013671875
    endloop
  endfacet
  facet normal 0 -0.83581662874002272 -0.54900870951348579
    outer loop
      vertex 260 1381.778564453125 220.8739013671875
      vertex 270 1381.778564453125 220.8739013671875
      vertex 270 1377.324951171875 227.65412902832031
    endloop
  endfacet
  facet normal 0 -0.83581662874002272 -0.54900870951348579
    outer loop
      vertex 260 1381.778564453125 220.8739013671875
      vertex 270 1377.324951171875 227.65412902832031
      vertex 260 1377.324951171875 227.65412902832031
    endloop
  endfacet
  facet normal -0 -0.83581662874002272 -0.54900870951348579
    outer loop
      vertex 280 1381.778564453125 220.8739013671875
      vertex 280 1377.324951171875 227.65412902832031
      vertex 270 1377.324951171875 227.65412902832031
    endloop
  endfacet
  facet normal 0 -0.83581662874002272 -0.54900870951348579
    outer loop
      vertex 280 1377.324951171875 227.65412902832031
      vertex 280 1381.778564453125 220.8739013671875
      vertex 290 1377.324951171875 227.65412902832031
    endloop
  endfacet
  facet normal 0 -0.83581662874002272 -0.54900870951348579
    outer loop
      vertex 300 1381.778564453125 220.8739013671875
      vertex 290 1377.324951171875 227.65412902832031
      vertex 290 1381.778564453125 220.8739013671875
    endloop
  endfacet
  facet normal 0 -0.83581662874002272 -0.54900870951348579
    outer loop
      vertex 280 1381.778564453125 220.8739013671875
      vertex 290 1381.778564453125 220.8739013671875
      vertex 290 1377.324951171875 227.65412902832031
    endloop
  endfacet
  facet normal 5.0263201138440858e-07 -0.83581696890983437 -0.54900819163480996
    outer loop
      vertex 290 1377.324951171875 227.65412902832031
      vertex 300 1381.778564453125 220.8739013671875
      vertex 300 1376.2115478515625 229.34919738769531
    endloop
  endfacet
  facet normal 3.4032334303679609e-07 -0.83581740829461004 -0.54900752270944841
    outer loop
      vertex 290 1372.235107421875 235.40298461914062
      vertex 290 1377.324951171875 227.65412902832031
      vertex 300 1376.2115478515625 229.34919738769531
    endloop
  endfacet
  facet normal -2.3934857684974176e-07 -0.83581696890991608 -0.5490081916348637
    outer loop
      vertex 290 1372.235107421875 235.40298461914062
      vertex 300 1376.2115478515625 229.34919738769531
      vertex 300 1370.64453125 237.82449340820312
    endloop
  endfacet
  facet normal -2.094300376693402e-07 -0.83581691221500221 -0.54900827794791518
    outer loop
      vertex 290 1367.145263671875 243.15182495117188
      vertex 290 1372.235107421875 235.40298461914062
      vertex 300 1370.64453125 237.82449340820312
    endloop
  endfacet
  facet normal 3.8295724131827579e-07 -0.83581742246827095 -0.54900750113122254
    outer loop
      vertex 290 1367.145263671875 243.15182495117188
      vertex 300 1370.64453125 237.82449340820312
      vertex 300 1365.0775146484375 246.2998046875
    endloop
  endfacet
  facet normal 3.9268078044135887e-07 -0.83581740829459383 -0.54900752270943776
    outer loop
      vertex 290 1362.055419921875 250.90068054199219
      vertex 290 1367.145263671875 243.15182495117188
      vertex 300 1365.0775146484375 246.2998046875
    endloop
  endfacet
  facet normal -5.5865205087291337e-06 -0.83581144485671577 -0.5490166014022887
    outer loop
      vertex 290 1362.055419921875 250.90068054199219
      vertex 300 1365.0775146484375 246.2998046875
      vertex 300 1359.5103759765625 254.77510070800781
    endloop
  endfacet
  facet normal 0 -0.83581719568935009 -0.54900784638290079
    outer loop
      vertex 260 1341.6959228515625 281.89605712890625
      vertex 270 1341.6959228515625 281.89605712890625
      vertex 270 1337.2423095703125 288.67630004882812
    endloop
  endfacet
  facet normal -0 -0.83581719568935009 -0.54900784638290079
    outer loop
      vertex 260 1341.6959228515625 281.89605712890625
      vertex 270 1337.2423095703125 288.67630004882812
      vertex 260 1337.2423095703125 288.67630004882812
    endloop
  endfacet
  facet normal -5.5202542509839882e-06 -0.83581136637392706 -0.54901672088350428
    outer loop
      vertex 300 1359.5103759765625 254.77510070800781
      vertex 290 1356.9654541015625 258.6495361328125
      vertex 290 1362.055419921875 250.90068054199219
    endloop
  endfacet
  facet normal -0 -0.83581719568935009 -0.54900784638290079
    outer loop
      vertex 280 1337.2423095703125 288.67630004882812
      vertex 270 1337.2423095703125 288.67630004882812
      vertex 270 1341.6959228515625 281.89605712890625
    endloop
  endfacet
  facet normal 0 -0.83581719568935009 -0.54900784638290079
    outer loop
      vertex 280 1337.2423095703125 288.67630004882812
      vertex 270 1341.6959228515625 281.89605712890625
      vertex 280 1341.6959228515625 281.89605712890625
    endloop
  endfacet
  facet normal 0 -0.83581719568935009 -0.54900784638290079
    outer loop
      vertex 280 1341.6959228515625 281.89605712890625
      vertex 290 1341.6959228515625 281.89605712890625
      vertex 290 1337.2423095703125 288.67630004882812
    endloop
  endfacet
  facet normal -0 -0.83581719568935009 -0.54900784638290079
    outer loop
      vertex 280 1341.6959228515625 281.89605712890625
      vertex 290 1337.2423095703125 288.67630004882812
      vertex 280 1337.2423095703125 288.67630004882812
    endloop
  endfacet
  facet normal -8.3772015068477497e-07 -0.83581691221472731 -0.54900827794773466
    outer loop
      vertex 290 1351.8756103515625 266.39837646484375
      vertex 290 1356.9654541015625 258.6495361328125
      vertex 300 1359.5103759765625 254.77510070800781
    endloop
  endfacet
  facet normal -6.9411087285774918e-07 -0.83581696890973867 -0.54900819163474712
    outer loop
      vertex 290 1351.8756103515625 266.39837646484375
      vertex 300 1359.5103759765625 254.77510070800781
      vertex 300 1353.943359375 263.25039672851562
    endloop
  endfacet
  facet normal 4.7869655162806916e-07 -0.83581742246823654 -0.54900750113119989
    outer loop
      vertex 300 1353.943359375 263.25039672851562
      vertex 300 1348.3763427734375 271.7257080078125
      vertex 290 1346.7857666015625 274.147216796875
    endloop
  endfacet
  facet normal -7.330051318267411e-07 -0.83581691221479604 -0.54900827794777973
    outer loop
      vertex 300 1353.943359375 263.25039672851562
      vertex 290 1346.7857666015625 274.147216796875
      vertex 290 1351.8756103515625 266.39837646484375
    endloop
  endfacet
  facet normal 2.094300376735666e-07 -0.83581691221500221 -0.54900827794791518
    outer loop
      vertex 290 1341.6959228515625 281.89605712890625
      vertex 290 1346.7857666015625 274.147216796875
      vertex 300 1348.3763427734375 271.7257080078125
    endloop
  endfacet
  facet normal 1.3403503445575429e-06 -0.83581742246758139 -0.54900750113076957
    outer loop
      vertex 290 1341.6959228515625 281.89605712890625
      vertex 300 1348.3763427734375 271.7257080078125
      vertex 300 1342.809326171875 280.20101928710938
    endloop
  endfacet
  facet normal -0 -0.83581719568935009 -0.54900784638290079
    outer loop
      vertex 290 1337.2423095703125 288.67630004882812
      vertex 290 1341.6959228515625 281.89605712890625
      vertex 300 1337.2423095703125 288.67630004882812
    endloop
  endfacet
  facet normal 1.0052652871208145e-06 -0.83581651534941404 -0.54900888213958077
    outer loop
      vertex 300 1342.809326171875 280.20101928710938
      vertex 300 1337.2423095703125 288.67630004882812
      vertex 290 1341.6959228515625 281.89605712890625
    endloop
  endfacet
  facet normal -9.4783074692151407e-06 0.98228933431482035 0.18737039147503787
    outer loop
      vertex 300 1397.993896484375 160.51699829101562
      vertex 310 1398.5958251953125 157.36189270019531
      vertex 300 1400 150
    endloop
  endfacet
  facet normal 0 0.98229170392244958 0.18735796861924706
    outer loop
      vertex 310 1400 150
      vertex 300 1400 150
      vertex 310 1398.5958251953125 157.36189270019531
    endloop
  endfacet
  facet normal -1.2989826065643261e-05 0.98229138263744153 0.18735965261359758
    outer loop
      vertex 310 1398.5958251953125 157.36189270019531
      vertex 300 1397.993896484375 160.51699829101562
      vertex 300 1395.9879150390625 171.03398132324219
    endloop
  endfacet
  facet normal -4.2416029303607721e-06 0.98229020508442 0.18736582659924056
    outer loop
      vertex 310 1398.5958251953125 157.36189270019531
      vertex 300 1395.9879150390625 171.03398132324219
      vertex 310 1396.7235107421875 167.17774963378906
    endloop
  endfacet
  facet normal -9.2171674214682329e-06 0.98229020505153064 0.18736582659296713
    outer loop
      vertex 300 1393.9818115234375 181.55097961425781
      vertex 310 1394.8511962890625 176.99360656738281
      vertex 310 1396.7235107421875 167.17774963378906
    endloop
  endfacet
  facet normal -2.4172276220732306e-06 0.98228933435607424 0.18737039148290699
    outer loop
      vertex 300 1393.9818115234375 181.55097961425781
      vertex 310 1396.7235107421875 167.17774963378906
      vertex 300 1395.9879150390625 171.03398132324219
    endloop
  endfacet
  facet normal -9.2171674214647381e-06 0.98229020505153064 0.18736582659296713
    outer loop
      vertex 310 1392.9788818359375 186.80946350097656
      vertex 310 1394.8511962890625 176.99360656738281
      vertex 300 1393.9818115234375 181.55097961425781
    endloop
  endfacet
  facet normal -0 0.98229170392244958 0.18735796861924706
    outer loop
      vertex 310 1400 150
      vertex 310 1398.5958251953125 157.36189270019531
      vertex 320 1398.5958251953125 157.36189270019531
    endloop
  endfacet
  facet normal 0 0.98229170392244969 0.18735796861924706
    outer loop
      vertex 310 1400 150
      vertex 320 1398.5958251953125 157.36189270019531
      vertex 320 1400 150
    endloop
  endfacet
  facet normal -0 0.98229170392244958 0.18735796861924706
    outer loop
      vertex 330 1400 150
      vertex 330 1398.5958251953125 157.36189270019531
      vertex 340 1398.5958251953125 157.36189270019531
    endloop
  endfacet
  facet normal 0 0.98229170392244969 0.18735796861924706
    outer loop
      vertex 330 1400 150
      vertex 340 1398.5958251953125 157.36189270019531
      vertex 340 1400 150
    endloop
  endfacet
  facet normal -0 0.98229170392244958 0.18735796861924706
    outer loop
      vertex 320 1400 150
      vertex 320 1398.5958251953125 157.36189270019531
      vertex 330 1398.5958251953125 157.36189270019531
    endloop
  endfacet
  facet normal 0 0.98229170392244969 0.18735796861924706
    outer loop
      vertex 320 1400 150
      vertex 330 1398.5958251953125 157.36189270019531
      vertex 330 1400 150
    endloop
  endfacet
  facet normal -0 0.98229170392244958 0.18735796861924706
    outer loop
      vertex 340 1400 150
      vertex 340 1398.5958251953125 157.36189270019531
      vertex 350 1398.5958251953125 157.36189270019531
    endloop
  endfacet
  facet normal 0 0.98229170392244969 0.18735796861924706
    outer loop
      vertex 340 1400 150
      vertex 350 1398.5958251953125 157.36189270019531
      vertex 350 1400 150
    endloop
  endfacet
  facet normal -7.7492442995105764e-06 0.98229020506376263 0.18736582659530032
    outer loop
      vertex 300 1389.9697265625 202.5849609375
      vertex 310 1389.2342529296875 206.44119262695312
      vertex 310 1391.1065673828125 196.62533569335938
    endloop
  endfacet
  facet normal -4.9297567534408179e-06 0.98228933434700783 0.1873703914811776
    outer loop
      vertex 300 1389.9697265625 202.5849609375
      vertex 310 1391.1065673828125 196.62533569335938
      vertex 300 1391.975830078125 192.06796264648438
    endloop
  endfacet
  facet normal -2.6409416872490079e-06 0.98229025869559017 0.18736554556474841
    outer loop
      vertex 300 1391.975830078125 192.06796264648438
      vertex 310 1391.1065673828125 196.62533569335938
      vertex 310 1392.9788818359375 186.80946350097656
    endloop
  endfacet
  facet normal -5.8524867317213025e-06 0.9822913827034927 0.187359652626196
    outer loop
      vertex 310 1392.9788818359375 186.80946350097656
      vertex 300 1393.9818115234375 181.55097961425781
      vertex 300 1391.975830078125 192.06796264648438
    endloop
  endfacet
  facet normal -0 0.98228870620577657 0.18737368454663414
    outer loop
      vertex 300 1385.9576416015625 223.61894226074219
      vertex 310 1385.9576416015625 223.61894226074219
      vertex 310 1387.3619384765625 216.25704956054688
    endloop
  endfacet
  facet normal -2.5125291314157102e-06 0.98228933435584342 0.187370391482863
    outer loop
      vertex 300 1385.9576416015625 223.61894226074219
      vertex 310 1387.3619384765625 216.25704956054688
      vertex 300 1387.9637451171875 213.10194396972656
    endloop
  endfacet
  facet normal -5.2818064715156146e-06 0.98229138270661354 0.18735965262679127
    outer loop
      vertex 310 1389.2342529296875 206.44119262695312
      vertex 300 1389.9697265625 202.5849609375
      vertex 300 1387.9637451171875 213.10194396972656
    endloop
  endfacet
  facet normal -1.019859123622785e-06 0.98229020509274556 0.18736582660082862
    outer loop
      vertex 310 1389.2342529296875 206.44119262695312
      vertex 300 1387.9637451171875 213.10194396972656
      vertex 310 1387.3619384765625 216.25704956054688
    endloop
  endfacet
  facet normal -0 0.98228870620577657 0.18737368454663414
    outer loop
      vertex 320 1387.3619384765625 216.25704956054688
      vertex 320 1385.9576416015625 223.61894226074219
      vertex 330 1385.9576416015625 223.61894226074219
    endloop
  endfacet
  facet normal 0 0.98228870620577657 0.18737368454663414
    outer loop
      vertex 320 1387.3619384765625 216.25704956054688
      vertex 330 1385.9576416015625 223.61894226074219
      vertex 330 1387.3619384765625 216.25704956054688
    endloop
  endfacet
  facet normal -0 0.98228870620577657 0.18737368454663414
    outer loop
      vertex 340 1385.9576416015625 223.61894226074219
      vertex 350 1385.9576416015625 223.61894226074219
      vertex 350 1387.3619384765625 216.25704956054688
    endloop
  endfacet
  facet normal 0 0.98228870620577657 0.18737368454663414
    outer loop
      vertex 340 1385.9576416015625 223.61894226074219
      vertex 350 1387.3619384765625 216.25704956054688
      vertex 340 1387.3619384765625 216.25704956054688
    endloop
  endfacet
  facet normal -0 0.98228870620577657 0.18737368454663414
    outer loop
      vertex 330 1387.3619384765625 216.25704956054688
      vertex 330 1385.9576416015625 223.61894226074219
      vertex 340 1385.9576416015625 223.61894226074219
    endloop
  endfacet
  facet normal 0 0.98228870620577657 0.18737368454663414
    outer loop
      vertex 330 1387.3619384765625 216.25704956054688
      vertex 340 1385.9576416015625 223.61894226074219
      vertex 340 1387.3619384765625 216.25704956054688
    endloop
  endfacet
  facet normal 0 0.98228870620577657 0.18737368454663414
    outer loop
      vertex 320 1387.3619384765625 216.25704956054688
      vertex 310 1387.3619384765625 216.25704956054688
      vertex 310 1385.9576416015625 223.61894226074219
    endloop
  endfacet
  facet normal 0 0.98228870620577657 0.18737368454663414
    outer loop
      vertex 320 1387.3619384765625 216.25704956054688
      vertex 310 1385.9576416015625 223.61894226074219
      vertex 320 1385.9576416015625 223.61894226074219
    endloop
  endfacet
  facet normal -0 0.98229170392244958 0.18735796861924706
    outer loop
      vertex 360 1400 150
      vertex 360 1398.5958251953125 157.36189270019531
      vertex 370 1398.5958251953125 157.36189270019531
    endloop
  endfacet
  facet normal 0 0.98229170392244969 0.18735796861924706
    outer loop
      vertex 360 1400 150
      vertex 370 1398.5958251953125 157.36189270019531
      vertex 370 1400 150
    endloop
  endfacet
  facet normal -0 0.98229170392244958 0.18735796861924706
    outer loop
      vertex 370 1400 150
      vertex 370 1398.5958251953125 157.36189270019531
      vertex 380 1398.5958251953125 157.36189270019531
    endloop
  endfacet
  facet normal 0 0.98229170392244969 0.18735796861924706
    outer loop
      vertex 370 1400 150
      vertex 380 1398.5958251953125 157.36189270019531
      vertex 380 1400 150
    endloop
  endfacet
  facet normal 0 0.98229170392244958 0.18735796861924706
    outer loop
      vertex 360 1398.5958251953125 157.36189270019531
      vertex 360 1400 150
      vertex 350 1400 150
    endloop
  endfacet
  facet normal -0 0.98229170392244969 0.18735796861924706
    outer loop
      vertex 360 1398.5958251953125 157.36189270019531
      vertex 350 1400 150
      vertex 350 1398.5958251953125 157.36189270019531
    endloop
  endfacet
  facet normal -0 0.98229170392244958 0.18735796861924706
    outer loop
      vertex 380 1400 150
      vertex 380 1398.5958251953125 157.36189270019531
      vertex 390 1398.5958251953125 157.36189270019531
    endloop
  endfacet
  facet normal 0 0.98229170392244969 0.18735796861924706
    outer loop
      vertex 380 1400 150
      vertex 390 1398.5958251953125 157.36189270019531
      vertex 390 1400 150
    endloop
  endfacet
  facet normal 9.4783074692151407e-06 0.98228933431482035 0.18737039147503787
    outer loop
      vertex 390 1398.5958251953125 157.36189270019531
      vertex 400 1397.993896484375 160.51699829101562
      vertex 400 1400 150
    endloop
  endfacet
  facet normal 0 0.98229170392244969 0.18735796861924706
    outer loop
      vertex 390 1398.5958251953125 157.36189270019531
      vertex 400 1400 150
      vertex 390 1400 150
    endloop
  endfacet
  facet normal 6.7090551337323164e-06 0.98229138269820804 0.18735965262518803
    outer loop
      vertex 390 1396.7235107421875 167.17774963378906
      vertex 400 1395.9879150390625 171.03398132324219
      vertex 400 1397.993896484375 160.51699829101562
    endloop
  endfacet
  facet normal 1.097098810584782e-05 0.98229020503414077 0.18736582658965012
    outer loop
      vertex 390 1396.7235107421875 167.17774963378906
      vertex 400 1397.993896484375 160.51699829101562
      vertex 390 1398.5958251953125 157.36189270019531
    endloop
  endfacet
  facet normal 7.061079847384466e-06 0.98228933433445609 0.18737039147878337
    outer loop
      vertex 390 1394.8511962890625 176.99360656738281
      vertex 400 1393.9818115234375 181.55097961425781
      vertex 400 1395.9879150390625 171.03398132324219
    endloop
  endfacet
  facet normal 4.2416029303608839e-06 0.98229020508442011 0.18736582659924061
    outer loop
      vertex 390 1394.8511962890625 176.99360656738281
      vertex 400 1395.9879150390625 171.03398132324219
      vertex 390 1396.7235107421875 167.17774963378906
    endloop
  endfacet
  facet normal 9.2171674214613804e-06 0.98229020505153064 0.18736582659296713
    outer loop
      vertex 390 1392.9788818359375 186.80946350097656
      vertex 400 1393.9818115234375 181.55097961425781
      vertex 390 1394.8511962890625 176.99360656738281
    endloop
  endfacet
  facet normal -0 0.98228870620577657 0.18737368454663414
    outer loop
      vertex 360 1387.3619384765625 216.25704956054688
      vertex 360 1385.9576416015625 223.61894226074219
      vertex 370 1385.9576416015625 223.61894226074219
    endloop
  endfacet
  facet normal 0 0.98228870620577657 0.18737368454663414
    outer loop
      vertex 360 1387.3619384765625 216.25704956054688
      vertex 370 1385.9576416015625 223.61894226074219
      vertex 370 1387.3619384765625 216.25704956054688
    endloop
  endfacet
  facet normal -0 0.98228870620577657 0.18737368454663414
    outer loop
      vertex 380 1385.9576416015625 223.61894226074219
      vertex 390 1385.9576416015625 223.61894226074219
      vertex 390 1387.3619384765625 216.25704956054688
    endloop
  endfacet
  facet normal 0 0.98228870620577657 0.18737368454663414
    outer loop
      vertex 380 1385.9576416015625 223.61894226074219
      vertex 390 1387.3619384765625 216.25704956054688
      vertex 380 1387.3619384765625 216.25704956054688
    endloop
  endfacet
  facet normal -0 0.98228870620577657 0.18737368454663414
    outer loop
      vertex 350 1387.3619384765625 216.25704956054688
      vertex 350 1385.9576416015625 223.61894226074219
      vertex 360 1385.9576416015625 223.61894226074219
    endloop
  endfacet
  facet normal 0 0.98228870620577657 0.18737368454663414
    outer loop
      vertex 350 1387.3619384765625 216.25704956054688
      vertex 360 1385.9576416015625 223.61894226074219
      vertex 360 1387.3619384765625 216.25704956054688
    endloop
  endfacet
  facet normal -0 0.98228870620577657 0.18737368454663414
    outer loop
      vertex 370 1387.3619384765625 216.25704956054688
      vertex 370 1385.9576416015625 223.61894226074219
      vertex 380 1385.9576416015625 223.61894226074219
    endloop
  endfacet
  facet normal 0 0.98228870620577657 0.18737368454663414
    outer loop
      vertex 370 1387.3619384765625 216.25704956054688
      vertex 380 1385.9576416015625 223.61894226074219
      vertex 380 1387.3619384765625 216.25704956054688
    endloop
  endfacet
  facet normal 9.5736089785423064e-06 0.98228933431392873 0.18737039147486781
    outer loop
      vertex 390 1389.2342529296875 206.44119262695312
      vertex 400 1389.9697265625 202.5849609375
      vertex 400 1391.975830078125 192.06796264648438
    endloop
  endfacet
  facet normal 2.7736798082787126e-06 0.98229020508947773 0.18736582660020532
    outer loop
      vertex 390 1389.2342529296875 206.44119262695312
      vertex 400 1391.975830078125 192.06796264648438
      vertex 390 1391.1065673828125 196.62533569335938
    endloop
  endfacet
  facet normal 2.6409416872483155e-06 0.98229025869559017 0.18736554556474841
    outer loop
      vertex 400 1391.975830078125 192.06796264648438
      vertex 390 1392.9788818359375 186.80946350097656
      vertex 390 1391.1065673828125 196.62533569335938
    endloop
  endfacet
  facet normal 7.7492442995105764e-06 0.98229020506376263 0.18736582659530032
    outer loop
      vertex 400 1389.9697265625 202.5849609375
      vertex 390 1389.2342529296875 206.44119262695312
      vertex 390 1387.3619384765625 216.25704956054688
    endloop
  endfacet
  facet normal -9.9896446126608611e-07 0.98229138271982497 0.18735965262931117
    outer loop
      vertex 400 1389.9697265625 202.5849609375
      vertex 390 1387.3619384765625 216.25704956054688
      vertex 400 1387.9637451171875 213.10194396972656
    endloop
  endfacet
  facet normal -0 0.98228933435894383 0.18737039148345438
    outer loop
      vertex 390 1385.9576416015625 223.61894226074219
      vertex 400 1385.9576416015625 223.61894226074219
      vertex 400 1387.9637451171875 213.10194396972656
    endloop
  endfacet
  facet normal 3.5893280110809202e-06 0.98228870619944897 0.18737368454542713
    outer loop
      vertex 390 1385.9576416015625 223.61894226074219
      vertex 400 1387.9637451171875 213.10194396972656
      vertex 390 1387.3619384765625 216.25704956054688
    endloop
  endfacet
  facet normal 5.8524867317213025e-06 0.9822913827034927 0.187359652626196
    outer loop
      vertex 400 1391.975830078125 192.06796264648438
      vertex 400 1393.9818115234375 181.55097961425781
      vertex 390 1392.9788818359375 186.80946350097656
    endloop
  endfacet
  facet normal -1 0 0
    outer loop
      vertex 300 1387.9637451171875 213.10194396972656
      vertex 300 1383.05224609375 212.16511535644531
      vertex 300 1381.0462646484375 222.68211364746094
    endloop
  endfacet
  facet normal -1 -0 -0
    outer loop
      vertex 300 1387.9637451171875 213.10194396972656
      vertex 300 1381.0462646484375 222.68211364746094
      vertex 300 1385.9576416015625 223.61894226074219
    endloop
  endfacet
  facet normal -1 0 0
    outer loop
      vertex 300 1391.975830078125 192.06796264648438
      vertex 300 1387.0643310546875 191.13113403320312
      vertex 300 1385.058349609375 201.64813232421875
    endloop
  endfacet
  facet normal -1 -0 -0
    outer loop
      vertex 300 1391.975830078125 192.06796264648438
      vertex 300 1385.058349609375 201.64813232421875
      vertex 300 1389.9697265625 202.5849609375
    endloop
  endfacet
  facet normal -1 0 0
    outer loop
      vertex 300 1389.9697265625 202.5849609375
      vertex 300 1385.058349609375 201.64813232421875
      vertex 300 1383.05224609375 212.16511535644531
    endloop
  endfacet
  facet normal -1 -0 -0
    outer loop
      vertex 300 1389.9697265625 202.5849609375
      vertex 300 1383.05224609375 212.16511535644531
      vertex 300 1387.9637451171875 213.10194396972656
    endloop
  endfacet
  facet normal -1 0 0
    outer loop
      vertex 300 1395.9879150390625 171.03398132324219
      vertex 300 1391.076416015625 170.09715270996094
      vertex 300 1389.0704345703125 180.61415100097656
    endloop
  endfacet
  facet normal -1 -0 -0
    outer loop
      vertex 300 1395.9879150390625 171.03398132324219
      vertex 300 1389.0704345703125 180.61415100097656
      vertex 300 1393.9818115234375 181.55097961425781
    endloop
  endfacet
  facet normal -1 0 0
    outer loop
      vertex 300 1400 150
      vertex 300 1395.0885009765625 149.06317138671875
      vertex 300 1393.08251953125 159.58016967773438
    endloop
  endfacet
  facet normal -1 -0 -0
    outer loop
      vertex 300 1400 150
      vertex 300 1393.08251953125 159.58016967773438
      vertex 300 1397.993896484375 160.51699829101562
    endloop
  endfacet
  facet normal -1 0 0
    outer loop
      vertex 300 1397.993896484375 160.51699829101562
      vertex 300 1393.08251953125 159.58016967773438
      vertex 300 1391.076416015625 170.09715270996094
    endloop
  endfacet
  facet normal -1 -0 -0
    outer loop
      vertex 300 1397.993896484375 160.51699829101562
      vertex 300 1391.076416015625 170.09715270996094
      vertex 300 1395.9879150390625 171.03398132324219
    endloop
  endfacet
  facet normal -1 0 0
    outer loop
      vertex 300 1393.9818115234375 181.55097961425781
      vertex 300 1389.0704345703125 180.61415100097656
      vertex 300 1387.0643310546875 191.13113403320312
    endloop
  endfacet
  facet normal -1 -0 -0
    outer loop
      vertex 300 1393.9818115234375 181.55097961425781
      vertex 300 1387.0643310546875 191.13113403320312
      vertex 300 1391.975830078125 192.06796264648438
    endloop
  endfacet
  facet normal -0 0.18736395954012031 -0.9822905612218048
    outer loop
      vertex 320 1387.3619384765625 216.25704956054688
      vertex 320 1382.450439453125 215.32022094726562
      vertex 310 1382.450439453125 215.32022094726562
    endloop
  endfacet
  facet normal 0 0.18736395954012031 -0.9822905612218048
    outer loop
      vertex 320 1387.3619384765625 216.25704956054688
      vertex 310 1382.450439453125 215.32022094726562
      vertex 310 1387.3619384765625 216.25704956054688
    endloop
  endfacet
  facet normal -0 0.18736395954012031 -0.9822905612218048
    outer loop
      vertex 340 1387.3619384765625 216.25704956054688
      vertex 340 1382.450439453125 215.32022094726562
      vertex 330 1382.450439453125 215.32022094726562
    endloop
  endfacet
  facet normal 0 0.18736395954012031 -0.9822905612218048
    outer loop
      vertex 340 1387.3619384765625 216.25704956054688
      vertex 330 1382.450439453125 215.32022094726562
      vertex 330 1387.3619384765625 216.25704956054688
    endloop
  endfacet
  facet normal -0 0.18736395954012031 -0.9822905612218048
    outer loop
      vertex 330 1387.3619384765625 216.25704956054688
      vertex 330 1382.450439453125 215.32022094726562
      vertex 320 1382.450439453125 215.32022094726562
    endloop
  endfacet
  facet normal 0 0.18736395954012031 -0.9822905612218048
    outer loop
      vertex 330 1387.3619384765625 216.25704956054688
      vertex 320 1382.450439453125 215.32022094726562
      vertex 320 1387.3619384765625 216.25704956054688
    endloop
  endfacet
  facet normal -0 0.18736395954012031 -0.9822905612218048
    outer loop
      vertex 360 1387.3619384765625 216.25704956054688
      vertex 360 1382.450439453125 215.32022094726562
      vertex 350 1382.450439453125 215.32022094726562
    endloop
  endfacet
  facet normal 0 0.18736395954012031 -0.9822905612218048
    outer loop
      vertex 360 1387.3619384765625 216.25704956054688
      vertex 350 1382.450439453125 215.32022094726562
      vertex 350 1387.3619384765625 216.25704956054688
    endloop
  endfacet
  facet normal -0 0.18736395954012031 -0.9822905612218048
    outer loop
      vertex 380 1387.3619384765625 216.25704956054688
      vertex 380 1382.450439453125 215.32022094726562
      vertex 370 1382.450439453125 215.32022094726562
    endloop
  endfacet
  facet normal 0 0.18736395954012031 -0.9822905612218048
    outer loop
      vertex 380 1387.3619384765625 216.25704956054688
      vertex 370 1382.450439453125 215.32022094726562
      vertex 370 1387.3619384765625 216.25704956054688
    endloop
  endfacet
  facet normal -0 0.18736395954012031 -0.9822905612218048
    outer loop
      vertex 390 1387.3619384765625 216.25704956054688
      vertex 390 1382.450439453125 215.32022094726562
      vertex 380 1382.450439453125 215.32022094726562
    endloop
  endfacet
  facet normal 0 0.18736395954012031 -0.9822905612218048
    outer loop
      vertex 390 1387.3619384765625 216.25704956054688
      vertex 380 1382.450439453125 215.32022094726562
      vertex 380 1387.3619384765625 216.25704956054688
    endloop
  endfacet
  facet normal -0 0.18736395954012031 -0.9822905612218048
    outer loop
      vertex 370 1387.3619384765625 216.25704956054688
      vertex 370 1382.450439453125 215.32022094726562
      vertex 360 1382.450439453125 215.32022094726562
    endloop
  endfacet
  facet normal 0 0.18736395954012031 -0.9822905612218048
    outer loop
      vertex 370 1387.3619384765625 216.25704956054688
      vertex 360 1382.450439453125 215.32022094726562
      vertex 360 1387.3619384765625 216.25704956054688
    endloop
  endfacet
  facet normal -0 0.18736395954012031 -0.9822905612218048
    outer loop
      vertex 350 1387.3619384765625 216.25704956054688
      vertex 350 1382.450439453125 215.32022094726562
      vertex 340 1382.450439453125 215.32022094726562
    endloop
  endfacet
  facet normal 0 0.18736395954012031 -0.9822905612218048
    outer loop
      vertex 350 1387.3619384765625 216.25704956054688
      vertex 340 1382.450439453125 215.32022094726562
      vertex 340 1387.3619384765625 216.25704956054688
    endloop
  endfacet
  facet normal -0 -0.18736845291049514 0.98228970413718963
    outer loop
      vertex 390 1385.9576416015625 223.61894226074219
      vertex 390 1381.0462646484375 222.68211364746094
      vertex 400 1381.0462646484375 222.68211364746094
    endloop
  endfacet
  facet normal 0 -0.18736845291049514 0.98228970413718963
    outer loop
      vertex 390 1385.9576416015625 223.61894226074219
      vertex 400 1381.0462646484375 222.68211364746094
      vertex 400 1385.9576416015625 223.61894226074219
    endloop
  endfacet
  facet normal -0 -0.18736845291049514 0.98228970413718963
    outer loop
      vertex 370 1385.9576416015625 223.61894226074219
      vertex 370 1381.0462646484375 222.68211364746094
      vertex 380 1381.0462646484375 222.68211364746094
    endloop
  endfacet
  facet normal 0 -0.18736845291049514 0.98228970413718963
    outer loop
      vertex 370 1385.9576416015625 223.61894226074219
      vertex 380 1381.0462646484375 222.68211364746094
      vertex 380 1385.9576416015625 223.61894226074219
    endloop
  endfacet
  facet normal -0 -0.18736845291049514 0.98228970413718963
    outer loop
      vertex 360 1385.9576416015625 223.61894226074219
      vertex 360 1381.0462646484375 222.68211364746094
      vertex 370 1381.0462646484375 222.68211364746094
    endloop
  endfacet
  facet normal 0 -0.18736845291049514 0.98228970413718963
    outer loop
      vertex 360 1385.9576416015625 223.61894226074219
      vertex 370 1381.0462646484375 222.68211364746094
      vertex 370 1385.9576416015625 223.61894226074219
    endloop
  endfacet
  facet normal -0 -0.18736845291049514 0.98228970413718963
    outer loop
      vertex 380 1385.9576416015625 223.61894226074219
      vertex 380 1381.0462646484375 222.68211364746094
      vertex 390 1381.0462646484375 222.68211364746094
    endloop
  endfacet
  facet normal 0 -0.18736845291049514 0.98228970413718963
    outer loop
      vertex 380 1385.9576416015625 223.61894226074219
      vertex 390 1381.0462646484375 222.68211364746094
      vertex 390 1385.9576416015625 223.61894226074219
    endloop
  endfacet
  facet normal -0 -0.18736845291049514 0.98228970413718963
    outer loop
      vertex 340 1385.9576416015625 223.61894226074219
      vertex 340 1381.0462646484375 222.68211364746094
      vertex 350 1381.0462646484375 222.68211364746094
    endloop
  endfacet
  facet normal 0 -0.18736845291049514 0.98228970413718963
    outer loop
      vertex 340 1385.9576416015625 223.61894226074219
      vertex 350 1381.0462646484375 222.68211364746094
      vertex 350 1385.9576416015625 223.61894226074219
    endloop
  endfacet
  facet normal -0 -0.18736845291049514 0.98228970413718963
    outer loop
      vertex 330 1385.9576416015625 223.61894226074219
      vertex 330 1381.0462646484375 222.68211364746094
      vertex 340 1381.0462646484375 222.68211364746094
    endloop
  endfacet
  facet normal 0 -0.18736845291049514 0.98228970413718963
    outer loop
      vertex 330 1385.9576416015625 223.61894226074219
      vertex 340 1381.0462646484375 222.68211364746094
      vertex 340 1385.9576416015625 223.61894226074219
    endloop
  endfacet
  facet normal -0 -0.18736845291049514 0.98228970413718963
    outer loop
      vertex 310 1385.9576416015625 223.61894226074219
      vertex 310 1381.0462646484375 222.68211364746094
      vertex 320 1381.0462646484375 222.68211364746094
    endloop
  endfacet
  facet normal 0 -0.18736845291049514 0.98228970413718963
    outer loop
      vertex 310 1385.9576416015625 223.61894226074219
      vertex 320 1381.0462646484375 222.68211364746094
      vertex 320 1385.9576416015625 223.61894226074219
    endloop
  endfacet
  facet normal -0 -0.18736845291049514 0.98228970413718963
    outer loop
      vertex 300 1385.9576416015625 223.61894226074219
      vertex 300 1381.0462646484375 222.68211364746094
      vertex 310 1381.0462646484375 222.68211364746094
    endloop
  endfacet
  facet normal 0 -0.18736845291049514 0.98228970413718963
    outer loop
      vertex 300 1385.9576416015625 223.61894226074219
      vertex 310 1381.0462646484375 222.68211364746094
      vertex 310 1385.9576416015625 223.61894226074219
    endloop
  endfacet
  facet normal -0 -0.18736845291049514 0.98228970413718963
    outer loop
      vertex 320 1385.9576416015625 223.61894226074219
      vertex 320 1381.0462646484375 222.68211364746094
      vertex 330 1381.0462646484375 222.68211364746094
    endloop
  endfacet
  facet normal 0 -0.18736845291049514 0.98228970413718963
    outer loop
      vertex 320 1385.9576416015625 223.61894226074219
      vertex 330 1381.0462646484375 222.68211364746094
      vertex 330 1385.9576416015625 223.61894226074219
    endloop
  endfacet
  facet normal -0 -0.18736845291049514 0.98228970413718963
    outer loop
      vertex 350 1385.9576416015625 223.61894226074219
      vertex 350 1381.0462646484375 222.68211364746094
      vertex 360 1381.0462646484375 222.68211364746094
    endloop
  endfacet
  facet normal 0 -0.18736845291049514 0.98228970413718963
    outer loop
      vertex 350 1385.9576416015625 223.61894226074219
      vertex 360 1381.0462646484375 222.68211364746094
      vertex 360 1385.9576416015625 223.61894226074219
    endloop
  endfacet
  facet normal 1 -0 0
    outer loop
      vertex 400 1397.993896484375 160.51699829101562
      vertex 400 1393.08251953125 159.58016967773438
      vertex 400 1395.0885009765625 149.06317138671875
    endloop
  endfacet
  facet normal 1 0 0
    outer loop
      vertex 400 1397.993896484375 160.51699829101562
      vertex 400 1395.0885009765625 149.06317138671875
      vertex 400 1400 150
    endloop
  endfacet
  facet normal 1 -0 0
    outer loop
      vertex 400 1393.9818115234375 181.55097961425781
      vertex 400 1389.0704345703125 180.61415100097656
      vertex 400 1391.076416015625 170.09715270996094
    endloop
  endfacet
  facet normal 1 0 0
    outer loop
      vertex 400 1393.9818115234375 181.55097961425781
      vertex 400 1391.076416015625 170.09715270996094
      vertex 400 1395.9879150390625 171.03398132324219
    endloop
  endfacet
  facet normal 1 -0 0
    outer loop
      vertex 400 1395.9879150390625 171.03398132324219
      vertex 400 1391.076416015625 170.09715270996094
      vertex 400 1393.08251953125 159.58016967773438
    endloop
  endfacet
  facet normal 1 0 0
    outer loop
      vertex 400 1395.9879150390625 171.03398132324219
      vertex 400 1393.08251953125 159.58016967773438
      vertex 400 1397.993896484375 160.51699829101562
    endloop
  endfacet
  facet normal 1 -0 0
    outer loop
      vertex 400 1389.9697265625 202.5849609375
      vertex 400 1385.058349609375 201.64813232421875
      vertex 400 1387.0643310546875 191.13113403320312
    endloop
  endfacet
  facet normal 1 0 0
    outer loop
      vertex 400 1389.9697265625 202.5849609375
      vertex 400 1387.0643310546875 191.13113403320312
      vertex 400 1391.975830078125 192.06796264648438
    endloop
  endfacet
  facet normal 1 -0 0
    outer loop
      vertex 400 1385.9576416015625 223.61894226074219
      vertex 400 1381.0462646484375 222.68211364746094
      vertex 400 1383.05224609375 212.16511535644531
    endloop
  endfacet
  facet normal 1 0 0
    outer loop
      vertex 400 1385.9576416015625 223.61894226074219
      vertex 400 1383.05224609375 212.16511535644531
      vertex 400 1387.9637451171875 213.10194396972656
    endloop
  endfacet
  facet normal 1 -0 0
    outer loop
      vertex 400 1387.9637451171875 213.10194396972656
      vertex 400 1383.05224609375 212.16511535644531
      vertex 400 1385.058349609375 201.64813232421875
    endloop
  endfacet
  facet normal 1 0 0
    outer loop
      vertex 400 1387.9637451171875 213.10194396972656
      vertex 400 1385.058349609375 201.64813232421875
      vertex 400 1389.9697265625 202.5849609375
    endloop
  endfacet
  facet normal 1 -0 0
    outer loop
      vertex 400 1391.975830078125 192.06796264648438
      vertex 400 1387.0643310546875 191.13113403320312
      vertex 400 1389.0704345703125 180.61415100097656
    endloop
  endfacet
  facet normal 1 0 0
    outer loop
      vertex 400 1391.975830078125 192.06796264648438
      vertex 400 1389.0704345703125 180.61415100097656
      vertex 400 1393.9818115234375 181.55097961425781
    endloop
  endfacet
  facet normal -0 0.18736395954012031 -0.9822905612218048
    outer loop
      vertex 310 1400 150
      vertex 310 1395.0885009765625 149.06317138671875
      vertex 300 1395.0885009765625 149.06317138671875
    endloop
  endfacet
  facet normal 0 0.18736395954012031 -0.9822905612218048
    outer loop
      vertex 310 1400 150
      vertex 300 1395.0885009765625 149.06317138671875
      vertex 300 1400 150
    endloop
  endfacet
  facet normal -0 0.18736395954012031 -0.9822905612218048
    outer loop
      vertex 330 1400 150
      vertex 330 1395.0885009765625 149.06317138671875
      vertex 320 1395.0885009765625 149.06317138671875
    endloop
  endfacet
  facet normal 0 0.18736395954012031 -0.9822905612218048
    outer loop
      vertex 330 1400 150
      vertex 320 1395.0885009765625 149.06317138671875
      vertex 320 1400 150
    endloop
  endfacet
  facet normal -0 0.18736395954012031 -0.9822905612218048
    outer loop
      vertex 340 1400 150
      vertex 340 1395.0885009765625 149.06317138671875
      vertex 330 1395.0885009765625 149.06317138671875
    endloop
  endfacet
  facet normal 0 0.18736395954012031 -0.9822905612218048
    outer loop
      vertex 340 1400 150
      vertex 330 1395.0885009765625 149.06317138671875
      vertex 330 1400 150
    endloop
  endfacet
  facet normal -0 0.18736395954012031 -0.9822905612218048
    outer loop
      vertex 320 1400 150
      vertex 320 1395.0885009765625 149.06317138671875
      vertex 310 1395.0885009765625 149.06317138671875
    endloop
  endfacet
  facet normal 0 0.18736395954012031 -0.9822905612218048
    outer loop
      vertex 320 1400 150
      vertex 310 1395.0885009765625 149.06317138671875
      vertex 310 1400 150
    endloop
  endfacet
  facet normal -0 0.18736395954012031 -0.9822905612218048
    outer loop
      vertex 360 1400 150
      vertex 360 1395.0885009765625 149.06317138671875
      vertex 350 1395.0885009765625 149.06317138671875
    endloop
  endfacet
  facet normal 0 0.18736395954012031 -0.9822905612218048
    outer loop
      vertex 360 1400 150
      vertex 350 1395.0885009765625 149.06317138671875
      vertex 350 1400 150
    endloop
  endfacet
  facet normal -0 0.18736395954012031 -0.9822905612218048
    outer loop
      vertex 370 1400 150
      vertex 370 1395.0885009765625 149.06317138671875
      vertex 360 1395.0885009765625 149.06317138671875
    endloop
  endfacet
  facet normal 0 0.18736395954012031 -0.9822905612218048
    outer loop
      vertex 370 1400 150
      vertex 360 1395.0885009765625 149.06317138671875
      vertex 360 1400 150
    endloop
  endfacet
  facet normal -0 0.18736395954012031 -0.9822905612218048
    outer loop
      vertex 390 1400 150
      vertex 390 1395.0885009765625 149.06317138671875
      vertex 380 1395.0885009765625 149.06317138671875
    endloop
  endfacet
  facet normal 0 0.18736395954012031 -0.9822905612218048
    outer loop
      vertex 390 1400 150
      vertex 380 1395.0885009765625 149.06317138671875
      vertex 380 1400 150
    endloop
  endfacet
  facet normal -0 0.18736395954012031 -0.9822905612218048
    outer loop
      vertex 400 1400 150
      vertex 400 1395.0885009765625 149.06317138671875
      vertex 390 1395.0885009765625 149.06317138671875
    endloop
  endfacet
  facet normal 0 0.18736395954012031 -0.9822905612218048
    outer loop
      vertex 400 1400 150
      vertex 390 1395.0885009765625 149.06317138671875
      vertex 390 1400 150
    endloop
  endfacet
  facet normal -0 0.18736395954012031 -0.9822905612218048
    outer loop
      vertex 380 1400 150
      vertex 380 1395.0885009765625 149.06317138671875
      vertex 370 1395.0885009765625 149.06317138671875
    endloop
  endfacet
  facet normal 0 0.18736395954012031 -0.9822905612218048
    outer loop
      vertex 380 1400 150
      vertex 370 1395.0885009765625 149.06317138671875
      vertex 370 1400 150
    endloop
  endfacet
  facet normal -0 0.18736395954012031 -0.9822905612218048
    outer loop
      vertex 350 1400 150
      vertex 350 1395.0885009765625 149.06317138671875
      vertex 340 1395.0885009765625 149.06317138671875
    endloop
  endfacet
  facet normal 0 0.18736395954012031 -0.9822905612218048
    outer loop
      vertex 350 1400 150
      vertex 340 1395.0885009765625 149.06317138671875
      vertex 340 1400 150
    endloop
  endfacet
  facet normal 1 0 -0
    outer loop
      vertex 310 1396.7235107421875 167.17774963378906
      vertex 310 1391.81201171875 166.24092102050781
      vertex 310 1393.684326171875 156.42506408691406
    endloop
  endfacet
  facet normal 1 0 0
    outer loop
      vertex 310 1396.7235107421875 167.17774963378906
      vertex 310 1393.684326171875 156.42506408691406
      vertex 310 1398.5958251953125 157.36189270019531
    endloop
  endfacet
  facet normal 1 0 -0
    outer loop
      vertex 310 1394.8511962890625 176.99360656738281
      vertex 310 1389.939697265625 176.05677795410156
      vertex 310 1391.81201171875 166.24092102050781
    endloop
  endfacet
  facet normal 1 0 0
    outer loop
      vertex 310 1394.8511962890625 176.99360656738281
      vertex 310 1391.81201171875 166.24092102050781
      vertex 310 1396.7235107421875 167.17774963378906
    endloop
  endfacet
  facet normal 1 0 -0
    outer loop
      vertex 310 1391.1065673828125 196.62533569335938
      vertex 310 1386.195068359375 195.68850708007812
      vertex 310 1388.0673828125 185.87265014648438
    endloop
  endfacet
  facet normal 1 0 0
    outer loop
      vertex 310 1391.1065673828125 196.62533569335938
      vertex 310 1388.0673828125 185.87265014648438
      vertex 310 1392.9788818359375 186.80946350097656
    endloop
  endfacet
  facet normal 1 0 -0
    outer loop
      vertex 310 1387.3619384765625 216.25704956054688
      vertex 310 1382.450439453125 215.32022094726562
      vertex 310 1384.32275390625 205.50436401367188
    endloop
  endfacet
  facet normal 1 0 0
    outer loop
      vertex 310 1387.3619384765625 216.25704956054688
      vertex 310 1384.32275390625 205.50436401367188
      vertex 310 1389.2342529296875 206.44119262695312
    endloop
  endfacet
  facet normal 1 0 -0
    outer loop
      vertex 310 1389.2342529296875 206.44119262695312
      vertex 310 1384.32275390625 205.50436401367188
      vertex 310 1386.195068359375 195.68850708007812
    endloop
  endfacet
  facet normal 1 0 0
    outer loop
      vertex 310 1389.2342529296875 206.44119262695312
      vertex 310 1386.195068359375 195.68850708007812
      vertex 310 1391.1065673828125 196.62533569335938
    endloop
  endfacet
  facet normal 1 0 -0
    outer loop
      vertex 310 1392.9788818359375 186.80946350097656
      vertex 310 1388.0673828125 185.87265014648438
      vertex 310 1389.939697265625 176.05677795410156
    endloop
  endfacet
  facet normal 1 0 0
    outer loop
      vertex 310 1392.9788818359375 186.80946350097656
      vertex 310 1389.939697265625 176.05677795410156
      vertex 310 1394.8511962890625 176.99360656738281
    endloop
  endfacet
  facet normal -0 -0.18736395954012031 0.9822905612218048
    outer loop
      vertex 380 1398.5958251953125 157.36189270019531
      vertex 380 1393.684326171875 156.42506408691406
      vertex 390 1393.684326171875 156.42506408691406
    endloop
  endfacet
  facet normal 0 -0.18736395954012031 0.9822905612218048
    outer loop
      vertex 380 1398.5958251953125 157.36189270019531
      vertex 390 1393.684326171875 156.42506408691406
      vertex 390 1398.5958251953125 157.36189270019531
    endloop
  endfacet
  facet normal -0 -0.18736395954012031 0.9822905612218048
    outer loop
      vertex 360 1398.5958251953125 157.36189270019531
      vertex 360 1393.684326171875 156.42506408691406
      vertex 370 1393.684326171875 156.42506408691406
    endloop
  endfacet
  facet normal 0 -0.18736395954012031 0.9822905612218048
    outer loop
      vertex 360 1398.5958251953125 157.36189270019531
      vertex 370 1393.684326171875 156.42506408691406
      vertex 370 1398.5958251953125 157.36189270019531
    endloop
  endfacet
  facet normal -0 -0.18736395954012031 0.9822905612218048
    outer loop
      vertex 370 1398.5958251953125 157.36189270019531
      vertex 370 1393.684326171875 156.42506408691406
      vertex 380 1393.684326171875 156.42506408691406
    endloop
  endfacet
  facet normal 0 -0.18736395954012031 0.9822905612218048
    outer loop
      vertex 370 1398.5958251953125 157.36189270019531
      vertex 380 1393.684326171875 156.42506408691406
      vertex 380 1398.5958251953125 157.36189270019531
    endloop
  endfacet
  facet normal -0 -0.18736395954012031 0.9822905612218048
    outer loop
      vertex 340 1398.5958251953125 157.36189270019531
      vertex 340 1393.684326171875 156.42506408691406
      vertex 350 1393.684326171875 156.42506408691406
    endloop
  endfacet
  facet normal 0 -0.18736395954012031 0.9822905612218048
    outer loop
      vertex 340 1398.5958251953125 157.36189270019531
      vertex 350 1393.684326171875 156.42506408691406
      vertex 350 1398.5958251953125 157.36189270019531
    endloop
  endfacet
  facet normal -0 -0.18736395954012031 0.9822905612218048
    outer loop
      vertex 320 1398.5958251953125 157.36189270019531
      vertex 320 1393.684326171875 156.42506408691406
      vertex 330 1393.684326171875 156.42506408691406
    endloop
  endfacet
  facet normal 0 -0.18736395954012031 0.9822905612218048
    outer loop
      vertex 320 1398.5958251953125 157.36189270019531
      vertex 330 1393.684326171875 156.42506408691406
      vertex 330 1398.5958251953125 157.36189270019531
    endloop
  endfacet
  facet normal -0 -0.18736395954012031 0.9822905612218048
    outer loop
      vertex 310 1398.5958251953125 157.36189270019531
      vertex 310 1393.684326171875 156.42506408691406
      vertex 320 1393.684326171875 156.42506408691406
    endloop
  endfacet
  facet normal 0 -0.18736395954012031 0.9822905612218048
    outer loop
      vertex 310 1398.5958251953125 157.36189270019531
      vertex 320 1393.684326171875 156.42506408691406
      vertex 320 1398.5958251953125 157.36189270019531
    endloop
  endfacet
  facet normal -0 -0.18736395954012031 0.9822905612218048
    outer loop
      vertex 330 1398.5958251953125 157.36189270019531
      vertex 330 1393.684326171875 156.42506408691406
      vertex 340 1393.684326171875 156.42506408691406
    endloop
  endfacet
  facet normal 0 -0.18736395954012031 0.9822905612218048
    outer loop
      vertex 330 1398.5958251953125 157.36189270019531
      vertex 340 1393.684326171875 156.42506408691406
      vertex 340 1398.5958251953125 157.36189270019531
    endloop
  endfacet
  facet normal -0 -0.18736395954012031 0.9822905612218048
    outer loop
      vertex 350 1398.5958251953125 157.36189270019531
      vertex 350 1393.684326171875 156.42506408691406
      vertex 360 1393.684326171875 156.42506408691406
    endloop
  endfacet
  facet normal 0 -0.18736395954012031 0.9822905612218048
    outer loop
      vertex 350 1398.5958251953125 157.36189270019531
      vertex 360 1393.684326171875 156.42506408691406
      vertex 360 1398.5958251953125 157.36189270019531
    endloop
  endfacet
  facet normal -1 0 0
    outer loop
      vertex 390 1389.2342529296875 206.44119262695312
      vertex 390 1384.32275390625 205.50436401367188
      vertex 390 1382.450439453125 215.32022094726562
    endloop
  endfacet
  facet normal -1 -0 -0
    outer loop
      vertex 390 1389.2342529296875 206.44119262695312
      vertex 390 1382.450439453125 215.32022094726562
      vertex 390 1387.3619384765625 216.25704956054688
    endloop
  endfacet
  facet normal -1 0 0
    outer loop
      vertex 390 1391.1065673828125 196.62533569335938
      vertex 390 1386.195068359375 195.68850708007812
      vertex 390 1384.32275390625 205.50436401367188
    endloop
  endfacet
  facet normal -1 -0 -0
    outer loop
      vertex 390 1391.1065673828125 196.62533569335938
      vertex 390 1384.32275390625 205.50436401367188
      vertex 390 1389.2342529296875 206.44119262695312
    endloop
  endfacet
  facet normal -1 0 0
    outer loop
      vertex 390 1394.8511962890625 176.99360656738281
      vertex 390 1389.939697265625 176.05677795410156
      vertex 390 1388.0673828125 185.87265014648438
    endloop
  endfacet
  facet normal -1 -0 -0
    outer loop
      vertex 390 1394.8511962890625 176.99360656738281
      vertex 390 1388.0673828125 185.87265014648438
      vertex 390 1392.9788818359375 186.80946350097656
    endloop
  endfacet
  facet normal -1 0 0
    outer loop
      vertex 390 1398.5958251953125 157.36189270019531
      vertex 390 1393.684326171875 156.42506408691406
      vertex 390 1391.81201171875 166.24092102050781
    endloop
  endfacet
  facet normal -1 -0 -0
    outer loop
      vertex 390 1398.5958251953125 157.36189270019531
      vertex 390 1391.81201171875 166.24092102050781
      vertex 390 1396.7235107421875 167.17774963378906
    endloop
  endfacet
  facet normal -1 0 0
    outer loop
      vertex 390 1396.7235107421875 167.17774963378906
      vertex 390 1391.81201171875 166.24092102050781
      vertex 390 1389.939697265625 176.05677795410156
    endloop
  endfacet
  facet normal -1 -0 -0
    outer loop
      vertex 390 1396.7235107421875 167.17774963378906
      vertex 390 1389.939697265625 176.05677795410156
      vertex 390 1394.8511962890625 176.99360656738281
    endloop
  endfacet
  facet normal -1 0 0
    outer loop
      vertex 390 1392.9788818359375 186.80946350097656
      vertex 390 1388.0673828125 185.87265014648438
      vertex 390 1386.195068359375 195.68850708007812
    endloop
  endfacet
  facet normal -1 -0 -0
    outer loop
      vertex 390 1392.9788818359375 186.80946350097656
      vertex 390 1386.195068359375 195.68850708007812
      vertex 390 1391.1065673828125 196.62533569335938
    endloop
  endfacet
  facet normal 1.0847311249741531e-06 -0.98229143274858077 -0.18735939033729723
    outer loop
      vertex 300 1393.08251953125 159.58016967773438
      vertex 300 1395.0885009765625 149.06317138671875
      vertex 310 1393.684326171875 156.42506408691406
    endloop
  endfacet
  facet normal 0 -0.98229170392244969 -0.18735796861924706
    outer loop
      vertex 310 1395.0885009765625 149.06317138671875
      vertex 310 1393.684326171875 156.42506408691406
      vertex 300 1395.0885009765625 149.06317138671875
    endloop
  endfacet
  facet normal 4.2416029303607721e-06 -0.98229020508442 -0.18736582659924056
    outer loop
      vertex 310 1393.684326171875 156.42506408691406
      vertex 310 1391.81201171875 166.24092102050781
      vertex 300 1391.076416015625 170.09715270996094
    endloop
  endfacet
  facet normal -2.5983006478332976e-06 -0.98228928432101614 -0.18737065378909934
    outer loop
      vertex 310 1393.684326171875 156.42506408691406
      vertex 300 1391.076416015625 170.09715270996094
      vertex 300 1393.08251953125 159.58016967773438
    endloop
  endfacet
  facet normal 6.8138811051152774e-06 -0.98229143272635533 -0.18735939033305801
    outer loop
      vertex 300 1389.0704345703125 180.61415100097656
      vertex 300 1391.076416015625 170.09715270996094
      vertex 310 1391.81201171875 166.24092102050781
    endloop
  endfacet
  facet normal -2.7736798082787126e-06 -0.98229020508947773 -0.18736582660020532
    outer loop
      vertex 300 1389.0704345703125 180.61415100097656
      vertex 310 1391.81201171875 166.24092102050781
      vertex 310 1389.939697265625 176.05677795410156
    endloop
  endfacet
  facet normal -2.6409416872483155e-06 -0.98229025869559017 -0.18736554556474841
    outer loop
      vertex 310 1388.0673828125 185.87265014648438
      vertex 300 1389.0704345703125 180.61415100097656
      vertex 310 1389.939697265625 176.05677795410156
    endloop
  endfacet
  facet normal 0 -0.98229170392244958 -0.18735796861924706
    outer loop
      vertex 310 1395.0885009765625 149.06317138671875
      vertex 320 1395.0885009765625 149.06317138671875
      vertex 320 1393.684326171875 156.42506408691406
    endloop
  endfacet
  facet normal -0 -0.98229170392244969 -0.18735796861924706
    outer loop
      vertex 310 1395.0885009765625 149.06317138671875
      vertex 320 1393.684326171875 156.42506408691406
      vertex 310 1393.684326171875 156.42506408691406
    endloop
  endfacet
  facet normal 0 -0.98229170392244958 -0.18735796861924706
    outer loop
      vertex 330 1395.0885009765625 149.06317138671875
      vertex 340 1395.0885009765625 149.06317138671875
      vertex 340 1393.684326171875 156.42506408691406
    endloop
  endfacet
  facet normal -0 -0.98229170392244969 -0.18735796861924706
    outer loop
      vertex 330 1395.0885009765625 149.06317138671875
      vertex 340 1393.684326171875 156.42506408691406
      vertex 330 1393.684326171875 156.42506408691406
    endloop
  endfacet
  facet normal 0 -0.98229170392244958 -0.18735796861924706
    outer loop
      vertex 320 1395.0885009765625 149.06317138671875
      vertex 330 1395.0885009765625 149.06317138671875
      vertex 330 1393.684326171875 156.42506408691406
    endloop
  endfacet
  facet normal -0 -0.98229170392244969 -0.18735796861924706
    outer loop
      vertex 320 1395.0885009765625 149.06317138671875
      vertex 330 1393.684326171875 156.42506408691406
      vertex 320 1393.684326171875 156.42506408691406
    endloop
  endfacet
  facet normal 0 -0.98229170392244958 -0.18735796861924706
    outer loop
      vertex 340 1395.0885009765625 149.06317138671875
      vertex 350 1395.0885009765625 149.06317138671875
      vertex 350 1393.684326171875 156.42506408691406
    endloop
  endfacet
  facet normal -0 -0.98229170392244969 -0.18735796861924706
    outer loop
      vertex 340 1395.0885009765625 149.06317138671875
      vertex 350 1393.684326171875 156.42506408691406
      vertex 340 1393.684326171875 156.42506408691406
    endloop
  endfacet
  facet normal -2.6628112779286126e-07 -0.98229143274912389 -0.18735939033740084
    outer loop
      vertex 300 1385.058349609375 201.64813232421875
      vertex 300 1387.0643310546875 191.13113403320312
      vertex 310 1386.195068359375 195.68850708007812
    endloop
  endfacet
  facet normal -4.2416029303608839e-06 -0.98229020508442011 -0.18736582659924061
    outer loop
      vertex 300 1385.058349609375 201.64813232421875
      vertex 310 1386.195068359375 195.68850708007812
      vertex 310 1384.32275390625 205.50436401367188
    endloop
  endfacet
  facet normal 2.7736798082787126e-06 -0.98229020508947773 -0.18736582660020532
    outer loop
      vertex 300 1387.0643310546875 191.13113403320312
      vertex 310 1388.0673828125 185.87265014648438
      vertex 310 1386.195068359375 195.68850708007812
    endloop
  endfacet
  facet normal 1.4295246412997825e-07 -0.98228928432432205 -0.18737065378972997
    outer loop
      vertex 310 1388.0673828125 185.87265014648438
      vertex 300 1387.0643310546875 191.13113403320312
      vertex 300 1389.0704345703125 180.61415100097656
    endloop
  endfacet
  facet normal -1.0847311249741531e-06 -0.98229143274858077 -0.18735939033729723
    outer loop
      vertex 300 1381.0462646484375 222.68211364746094
      vertex 300 1383.05224609375 212.16511535644531
      vertex 310 1382.450439453125 215.32022094726562
    endloop
  endfacet
  facet normal -0 -0.98229170392244969 -0.18735796861924706
    outer loop
      vertex 300 1381.0462646484375 222.68211364746094
      vertex 310 1382.450439453125 215.32022094726562
      vertex 310 1381.0462646484375 222.68211364746094
    endloop
  endfacet
  facet normal 1.0198591236091531e-06 -0.98229020509274556 -0.18736582660082862
    outer loop
      vertex 310 1384.32275390625 205.50436401367188
      vertex 310 1382.450439453125 215.32022094726562
      vertex 300 1383.05224609375 212.16511535644531
    endloop
  endfacet
  facet normal -2.312395719570862e-06 -0.98228928432170581 -0.18737065378923093
    outer loop
      vertex 310 1384.32275390625 205.50436401367188
      vertex 300 1383.05224609375 212.16511535644531
      vertex 300 1385.058349609375 201.64813232421875
    endloop
  endfacet
  facet normal 0 -0.98229170392244958 -0.18735796861924706
    outer loop
      vertex 320 1382.450439453125 215.32022094726562
      vertex 330 1382.450439453125 215.32022094726562
      vertex 330 1381.0462646484375 222.68211364746094
    endloop
  endfacet
  facet normal -0 -0.98229170392244969 -0.18735796861924706
    outer loop
      vertex 320 1382.450439453125 215.32022094726562
      vertex 330 1381.0462646484375 222.68211364746094
      vertex 320 1381.0462646484375 222.68211364746094
    endloop
  endfacet
  facet normal 0 -0.98229170392244958 -0.18735796861924706
    outer loop
      vertex 340 1381.0462646484375 222.68211364746094
      vertex 340 1382.450439453125 215.32022094726562
      vertex 350 1382.450439453125 215.32022094726562
    endloop
  endfacet
  facet normal -0 -0.98229170392244969 -0.18735796861924706
    outer loop
      vertex 340 1381.0462646484375 222.68211364746094
      vertex 350 1382.450439453125 215.32022094726562
      vertex 350 1381.0462646484375 222.68211364746094
    endloop
  endfacet
  facet normal 0 -0.98229170392244958 -0.18735796861924706
    outer loop
      vertex 330 1382.450439453125 215.32022094726562
      vertex 340 1382.450439453125 215.32022094726562
      vertex 340 1381.0462646484375 222.68211364746094
    endloop
  endfacet
  facet normal -0 -0.98229170392244969 -0.18735796861924706
    outer loop
      vertex 330 1382.450439453125 215.32022094726562
      vertex 340 1381.0462646484375 222.68211364746094
      vertex 330 1381.0462646484375 222.68211364746094
    endloop
  endfacet
  facet normal -0 -0.98229170392244958 -0.18735796861924706
    outer loop
      vertex 320 1382.450439453125 215.32022094726562
      vertex 320 1381.0462646484375 222.68211364746094
      vertex 310 1381.0462646484375 222.68211364746094
    endloop
  endfacet
  facet normal 0 -0.98229170392244969 -0.18735796861924706
    outer loop
      vertex 320 1382.450439453125 215.32022094726562
      vertex 310 1381.0462646484375 222.68211364746094
      vertex 310 1382.450439453125 215.32022094726562
    endloop
  endfacet
  facet normal 0 -0.98229170392244958 -0.18735796861924706
    outer loop
      vertex 360 1395.0885009765625 149.06317138671875
      vertex 370 1395.0885009765625 149.06317138671875
      vertex 370 1393.684326171875 156.42506408691406
    endloop
  endfacet
  facet normal -0 -0.98229170392244969 -0.18735796861924706
    outer loop
      vertex 360 1395.0885009765625 149.06317138671875
      vertex 370 1393.684326171875 156.42506408691406
      vertex 360 1393.684326171875 156.42506408691406
    endloop
  endfacet
  facet normal 0 -0.98229170392244958 -0.18735796861924706
    outer loop
      vertex 370 1395.0885009765625 149.06317138671875
      vertex 380 1395.0885009765625 149.06317138671875
      vertex 380 1393.684326171875 156.42506408691406
    endloop
  endfacet
  facet normal -0 -0.98229170392244969 -0.18735796861924706
    outer loop
      vertex 370 1395.0885009765625 149.06317138671875
      vertex 380 1393.684326171875 156.42506408691406
      vertex 370 1393.684326171875 156.42506408691406
    endloop
  endfacet
  facet normal -0 -0.98229170392244958 -0.18735796861924706
    outer loop
      vertex 360 1393.684326171875 156.42506408691406
      vertex 350 1393.684326171875 156.42506408691406
      vertex 350 1395.0885009765625 149.06317138671875
    endloop
  endfacet
  facet normal 0 -0.98229170392244969 -0.18735796861924706
    outer loop
      vertex 360 1393.684326171875 156.42506408691406
      vertex 350 1395.0885009765625 149.06317138671875
      vertex 360 1395.0885009765625 149.06317138671875
    endloop
  endfacet
  facet normal 0 -0.98229170392244958 -0.18735796861924706
    outer loop
      vertex 380 1395.0885009765625 149.06317138671875
      vertex 390 1395.0885009765625 149.06317138671875
      vertex 390 1393.684326171875 156.42506408691406
    endloop
  endfacet
  facet normal -0 -0.98229170392244969 -0.18735796861924706
    outer loop
      vertex 380 1395.0885009765625 149.06317138671875
      vertex 390 1393.684326171875 156.42506408691406
      vertex 380 1393.684326171875 156.42506408691406
    endloop
  endfacet
  facet normal 0 -0.98229170392244958 -0.18735796861924706
    outer loop
      vertex 390 1393.684326171875 156.42506408691406
      vertex 390 1395.0885009765625 149.06317138671875
      vertex 400 1395.0885009765625 149.06317138671875
    endloop
  endfacet
  facet normal -1.0847311249741531e-06 -0.98229143274858077 -0.18735939033729723
    outer loop
      vertex 390 1393.684326171875 156.42506408691406
      vertex 400 1395.0885009765625 149.06317138671875
      vertex 400 1393.08251953125 159.58016967773438
    endloop
  endfacet
  facet normal 1.0198591236091531e-06 -0.98229020509274556 -0.18736582660082862
    outer loop
      vertex 390 1391.81201171875 166.24092102050781
      vertex 390 1393.684326171875 156.42506408691406
      vertex 400 1393.08251953125 159.58016967773438
    endloop
  endfacet
  facet normal -2.312395719570862e-06 -0.98228928432170581 -0.18737065378923093
    outer loop
      vertex 390 1391.81201171875 166.24092102050781
      vertex 400 1393.08251953125 159.58016967773438
      vertex 400 1391.076416015625 170.09715270996094
    endloop
  endfacet
  facet normal -4.2416029303621002e-06 -0.98229020508442 -0.18736582659924056
    outer loop
      vertex 390 1389.939697265625 176.05677795410156
      vertex 390 1391.81201171875 166.24092102050781
      vertex 400 1391.076416015625 170.09715270996094
    endloop
  endfacet
  facet normal -2.6628112779286126e-07 -0.98229143274912389 -0.18735939033740084
    outer loop
      vertex 390 1389.939697265625 176.05677795410156
      vertex 400 1391.076416015625 170.09715270996094
      vertex 400 1389.0704345703125 180.61415100097656
    endloop
  endfacet
  facet normal 2.6409416872490079e-06 -0.98229025869559017 -0.18736554556474841
    outer loop
      vertex 390 1388.0673828125 185.87265014648438
      vertex 390 1389.939697265625 176.05677795410156
      vertex 400 1389.0704345703125 180.61415100097656
    endloop
  endfacet
  facet normal 0 -0.98229170392244958 -0.18735796861924706
    outer loop
      vertex 360 1382.450439453125 215.32022094726562
      vertex 370 1382.450439453125 215.32022094726562
      vertex 370 1381.0462646484375 222.68211364746094
    endloop
  endfacet
  facet normal -0 -0.98229170392244969 -0.18735796861924706
    outer loop
      vertex 360 1382.450439453125 215.32022094726562
      vertex 370 1381.0462646484375 222.68211364746094
      vertex 360 1381.0462646484375 222.68211364746094
    endloop
  endfacet
  facet normal 0 -0.98229170392244958 -0.18735796861924706
    outer loop
      vertex 380 1381.0462646484375 222.68211364746094
      vertex 380 1382.450439453125 215.32022094726562
      vertex 390 1382.450439453125 215.32022094726562
    endloop
  endfacet
  facet normal -0 -0.98229170392244969 -0.18735796861924706
    outer loop
      vertex 380 1381.0462646484375 222.68211364746094
      vertex 390 1382.450439453125 215.32022094726562
      vertex 390 1381.0462646484375 222.68211364746094
    endloop
  endfacet
  facet normal 0 -0.98229170392244958 -0.18735796861924706
    outer loop
      vertex 350 1382.450439453125 215.32022094726562
      vertex 360 1382.450439453125 215.32022094726562
      vertex 360 1381.0462646484375 222.68211364746094
    endloop
  endfacet
  facet normal -0 -0.98229170392244969 -0.18735796861924706
    outer loop
      vertex 350 1382.450439453125 215.32022094726562
      vertex 360 1381.0462646484375 222.68211364746094
      vertex 350 1381.0462646484375 222.68211364746094
    endloop
  endfacet
  facet normal 0 -0.98229170392244958 -0.18735796861924706
    outer loop
      vertex 370 1382.450439453125 215.32022094726562
      vertex 380 1382.450439453125 215.32022094726562
      vertex 380 1381.0462646484375 222.68211364746094
    endloop
  endfacet
  facet normal -0 -0.98229170392244969 -0.18735796861924706
    outer loop
      vertex 370 1382.450439453125 215.32022094726562
      vertex 380 1381.0462646484375 222.68211364746094
      vertex 370 1381.0462646484375 222.68211364746094
    endloop
  endfacet
  facet normal -2.7736798082787126e-06 -0.98229020508947773 -0.18736582660020532
    outer loop
      vertex 390 1384.32275390625 205.50436401367188
      vertex 390 1386.195068359375 195.68850708007812
      vertex 400 1387.0643310546875 191.13113403320312
    endloop
  endfacet
  facet normal 6.8138811051231481e-06 -0.98229143272635533 -0.18735939033305801
    outer loop
      vertex 390 1384.32275390625 205.50436401367188
      vertex 400 1387.0643310546875 191.13113403320312
      vertex 400 1385.058349609375 201.64813232421875
    endloop
  endfacet
  facet normal -2.7736798082787126e-06 -0.98229020508947773 -0.18736582660020532
    outer loop
      vertex 400 1387.0643310546875 191.13113403320312
      vertex 390 1386.195068359375 195.68850708007812
      vertex 390 1388.0673828125 185.87265014648438
    endloop
  endfacet
  facet normal -2.598300647861652e-06 -0.98228928432101614 -0.18737065378909937
    outer loop
      vertex 400 1385.058349609375 201.64813232421875
      vertex 400 1383.05224609375 212.16511535644531
      vertex 390 1382.450439453125 215.32022094726562
    endloop
  endfacet
  facet normal 4.2416029303607721e-06 -0.98229020508442 -0.18736582659924056
    outer loop
      vertex 400 1385.058349609375 201.64813232421875
      vertex 390 1382.450439453125 215.32022094726562
      vertex 390 1384.32275390625 205.50436401367188
    endloop
  endfacet
  facet normal 1.549617605347819e-06 -0.98229170392127019 -0.1873579686190221
    outer loop
      vertex 390 1381.0462646484375 222.68211364746094
      vertex 390 1382.450439453125 215.32022094726562
      vertex 400 1383.05224609375 212.16511535644531
    endloop
  endfacet
  facet normal -0 -0.98229143274915864 -0.18735939033740745
    outer loop
      vertex 390 1381.0462646484375 222.68211364746094
      vertex 400 1383.05224609375 212.16511535644531
      vertex 400 1381.0462646484375 222.68211364746094
    endloop
  endfacet
  facet normal -1.4295246412997825e-07 -0.98228928432432205 -0.18737065378972997
    outer loop
      vertex 400 1387.0643310546875 191.13113403320312
      vertex 390 1388.0673828125 185.87265014648438
      vertex 400 1389.0704345703125 180.61415100097656
    endloop
  endfacet
  facet normal -3.3508800758962926e-07 0.83581696890989299 0.54900819163484849
    outer loop
      vertex 310 1381.5040283203125 230.39918518066406
      vertex 300 1385.9576416015625 223.61894226074219
      vertex 300 1380.390625 232.09423828125
    endloop
  endfacet
  facet normal 0 0.83581719568935009 0.54900784638290079
    outer loop
      vertex 300 1385.9576416015625 223.61894226074219
      vertex 310 1381.5040283203125 230.39918518066406
      vertex 310 1385.9576416015625 223.61894226074219
    endloop
  endfacet
  facet normal -5.0263137919998921e-07 0.83581742246822666 0.54900750113119345
    outer loop
      vertex 310 1381.5040283203125 230.39918518066406
      vertex 300 1380.390625 232.09423828125
      vertex 300 1374.8236083984375 240.56954956054688
    endloop
  endfacet
  facet normal 6.2829011300791034e-07 0.83581691221485555 0.54900827794781881
    outer loop
      vertex 310 1381.5040283203125 230.39918518066406
      vertex 300 1374.8236083984375 240.56954956054688
      vertex 310 1376.4141845703125 238.14802551269531
    endloop
  endfacet
  facet normal -4.4503821784819064e-07 0.83581740829457563 0.54900752270942577
    outer loop
      vertex 300 1369.256591796875 249.04484558105469
      vertex 310 1371.3243408203125 245.89688110351562
      vertex 310 1376.4141845703125 238.14802551269531
    endloop
  endfacet
  facet normal 5.9837144216081907e-07 0.83581696890979029 0.5490081916347811
    outer loop
      vertex 300 1369.256591796875 249.04484558105469
      vertex 310 1376.4141845703125 238.14802551269531
      vertex 300 1374.8236083984375 240.56954956054688
    endloop
  endfacet
  facet normal 3.6459913267665182e-06 0.835811444864203 0.54901660140720676
    outer loop
      vertex 310 1371.3243408203125 245.89688110351562
      vertex 300 1369.256591796875 249.04484558105469
      vertex 300 1363.689453125 257.5201416015625
    endloop
  endfacet
  facet normal -1.0202843166156215e-05 0.8358169121715171 0.54900827791935192
    outer loop
      vertex 310 1371.3243408203125 245.89688110351562
      vertex 300 1363.689453125 257.5201416015625
      vertex 310 1366.2344970703125 253.64572143554688
    endloop
  endfacet
  facet normal 0 0.83581719568935009 0.54900784638290079
    outer loop
      vertex 320 1381.5040283203125 230.39918518066406
      vertex 320 1385.9576416015625 223.61894226074219
      vertex 310 1385.9576416015625 223.61894226074219
    endloop
  endfacet
  facet normal -0 0.83581719568935009 0.54900784638290079
    outer loop
      vertex 320 1381.5040283203125 230.39918518066406
      vertex 310 1385.9576416015625 223.61894226074219
      vertex 310 1381.5040283203125 230.39918518066406
    endloop
  endfacet
  facet normal -0 0.83581719568935009 0.54900784638290079
    outer loop
      vertex 320 1385.9576416015625 223.61894226074219
      vertex 320 1381.5040283203125 230.39918518066406
      vertex 330 1381.5040283203125 230.39918518066406
    endloop
  endfacet
  facet normal 0 0.83581719568935009 0.54900784638290079
    outer loop
      vertex 320 1385.9576416015625 223.61894226074219
      vertex 330 1381.5040283203125 230.39918518066406
      vertex 330 1385.9576416015625 223.61894226074219
    endloop
  endfacet
  facet normal 0 0.83581719568935009 0.54900784638290079
    outer loop
      vertex 350 1385.9576416015625 223.61894226074219
      vertex 340 1385.9576416015625 223.61894226074219
      vertex 340 1381.5040283203125 230.39918518066406
    endloop
  endfacet
  facet normal -0 0.83581719568935009 0.54900784638290079
    outer loop
      vertex 350 1385.9576416015625 223.61894226074219
      vertex 340 1381.5040283203125 230.39918518066406
      vertex 350 1381.5040283203125 230.39918518066406
    endloop
  endfacet
  facet normal -0 0.83581719568935009 0.54900784638290079
    outer loop
      vertex 330 1385.9576416015625 223.61894226074219
      vertex 330 1381.5040283203125 230.39918518066406
      vertex 340 1381.5040283203125 230.39918518066406
    endloop
  endfacet
  facet normal 0 0.83581719568935009 0.54900784638290079
    outer loop
      vertex 330 1385.9576416015625 223.61894226074219
      vertex 340 1381.5040283203125 230.39918518066406
      vertex 340 1385.9576416015625 223.61894226074219
    endloop
  endfacet
  facet normal 0 0.83581719568935009 0.54900784638290079
    outer loop
      vertex 360 1381.5040283203125 230.39918518066406
      vertex 360 1385.9576416015625 223.61894226074219
      vertex 350 1385.9576416015625 223.61894226074219
    endloop
  endfacet
  facet normal -0 0.83581719568935009 0.54900784638290079
    outer loop
      vertex 360 1381.5040283203125 230.39918518066406
      vertex 350 1385.9576416015625 223.61894226074219
      vertex 350 1381.5040283203125 230.39918518066406
    endloop
  endfacet
  facet normal -5.2357365367189587e-08 0.83581790437224757 0.54900676747266186
    outer loop
      vertex 300 1358.1224365234375 265.99545288085938
      vertex 310 1356.0546875 269.1434326171875
      vertex 310 1361.14453125 261.39456176757812
    endloop
  endfacet
  facet normal 4.3082689647725221e-07 0.83581742246825463 0.54900750113121177
    outer loop
      vertex 300 1358.1224365234375 265.99545288085938
      vertex 310 1361.14453125 261.39456176757812
      vertex 300 1363.689453125 257.5201416015625
    endloop
  endfacet
  facet normal -5.1013847063178222e-06 0.83581087028311196 0.54901747612490714
    outer loop
      vertex 300 1363.689453125 257.5201416015625
      vertex 310 1361.14453125 261.39456176757812
      vertex 310 1366.2344970703125 253.64572143554688
    endloop
  endfacet
  facet normal -5.2357509416736844e-07 0.83581691221490606 0.54900827794785201
    outer loop
      vertex 300 1346.9884033203125 282.946044921875
      vertex 310 1345.875 284.64111328125
      vertex 310 1350.96484375 276.89227294921875
    endloop
  endfacet
  facet normal 0 0.83581651534983648 0.54900888213985832
    outer loop
      vertex 300 1346.9884033203125 282.946044921875
      vertex 310 1350.96484375 276.89227294921875
      vertex 300 1352.555419921875 274.47076416015625
    endloop
  endfacet
  facet normal -3.8295724130247105e-07 0.83581742246827095 0.54900750113122254
    outer loop
      vertex 310 1356.0546875 269.1434326171875
      vertex 300 1358.1224365234375 265.99545288085938
      vertex 300 1352.555419921875 274.47076416015625
    endloop
  endfacet
  facet normal 2.0943003767625087e-07 0.83581691221500221 0.54900827794791518
    outer loop
      vertex 310 1356.0546875 269.1434326171875
      vertex 300 1352.555419921875 274.47076416015625
      vertex 310 1350.96484375 276.89227294921875
    endloop
  endfacet
  facet normal -3.3508758615929672e-07 0.83581742246828528 0.54900750113123187
    outer loop
      vertex 300 1341.42138671875 291.42135620117188
      vertex 310 1345.875 284.64111328125
      vertex 300 1346.9884033203125 282.946044921875
    endloop
  endfacet
  facet normal -0 0.83581719568935009 0.54900784638290079
    outer loop
      vertex 320 1345.875 284.64111328125
      vertex 320 1341.42138671875 291.42135620117188
      vertex 330 1341.42138671875 291.42135620117188
    endloop
  endfacet
  facet normal 0 0.83581719568935009 0.54900784638290079
    outer loop
      vertex 320 1345.875 284.64111328125
      vertex 330 1341.42138671875 291.42135620117188
      vertex 330 1345.875 284.64111328125
    endloop
  endfacet
  facet normal -0 0.83581719568935009 0.54900784638290079
    outer loop
      vertex 310 1345.875 284.64111328125
      vertex 310 1341.42138671875 291.42135620117188
      vertex 320 1341.42138671875 291.42135620117188
    endloop
  endfacet
  facet normal 0 0.83581719568935009 0.54900784638290079
    outer loop
      vertex 310 1345.875 284.64111328125
      vertex 320 1341.42138671875 291.42135620117188
      vertex 320 1345.875 284.64111328125
    endloop
  endfacet
  facet normal 0 0.83581719568935009 0.54900784638290079
    outer loop
      vertex 340 1341.42138671875 291.42135620117188
      vertex 340 1345.875 284.64111328125
      vertex 330 1345.875 284.64111328125
    endloop
  endfacet
  facet normal -0 0.83581719568935009 0.54900784638290079
    outer loop
      vertex 340 1341.42138671875 291.42135620117188
      vertex 330 1345.875 284.64111328125
      vertex 330 1341.42138671875 291.42135620117188
    endloop
  endfacet
  facet normal -0 0.83581719568935009 0.54900784638290079
    outer loop
      vertex 340 1345.875 284.64111328125
      vertex 340 1341.42138671875 291.42135620117188
      vertex 350 1341.42138671875 291.42135620117188
    endloop
  endfacet
  facet normal 0 0.83581719568935009 0.54900784638290079
    outer loop
      vertex 340 1345.875 284.64111328125
      vertex 350 1341.42138671875 291.42135620117188
      vertex 350 1345.875 284.64111328125
    endloop
  endfacet
  facet normal -0 0.83581719568935009 0.54900784638290079
    outer loop
      vertex 300 1341.42138671875 291.42135620117188
      vertex 310 1341.42138671875 291.42135620117188
      vertex 310 1345.875 284.64111328125
    endloop
  endfacet
  facet normal -0 0.83581719568935009 0.54900784638290079
    outer loop
      vertex 360 1385.9576416015625 223.61894226074219
      vertex 360 1381.5040283203125 230.39918518066406
      vertex 370 1381.5040283203125 230.39918518066406
    endloop
  endfacet
  facet normal 0 0.83581719568935009 0.54900784638290079
    outer loop
      vertex 360 1385.9576416015625 223.61894226074219
      vertex 370 1381.5040283203125 230.39918518066406
      vertex 370 1385.9576416015625 223.61894226074219
    endloop
  endfacet
  facet normal -0 0.83581719568935009 0.54900784638290079
    outer loop
      vertex 380 1385.9576416015625 223.61894226074219
      vertex 380 1381.5040283203125 230.39918518066406
      vertex 390 1381.5040283203125 230.39918518066406
    endloop
  endfacet
  facet normal 0 0.83581719568935009 0.54900784638290079
    outer loop
      vertex 380 1385.9576416015625 223.61894226074219
      vertex 390 1381.5040283203125 230.39918518066406
      vertex 390 1385.9576416015625 223.61894226074219
    endloop
  endfacet
  facet normal -0 0.83581719568935009 0.54900784638290079
    outer loop
      vertex 370 1385.9576416015625 223.61894226074219
      vertex 370 1381.5040283203125 230.39918518066406
      vertex 380 1381.5040283203125 230.39918518066406
    endloop
  endfacet
  facet normal 0 0.83581719568935009 0.54900784638290079
    outer loop
      vertex 370 1385.9576416015625 223.61894226074219
      vertex 380 1381.5040283203125 230.39918518066406
      vertex 380 1385.9576416015625 223.61894226074219
    endloop
  endfacet
  facet normal 3.3508800758962926e-07 0.83581696890989299 0.54900819163484849
    outer loop
      vertex 390 1381.5040283203125 230.39918518066406
      vertex 400 1380.390625 232.09423828125
      vertex 400 1385.9576416015625 223.61894226074219
    endloop
  endfacet
  facet normal 0 0.83581719568935009 0.54900784638290079
    outer loop
      vertex 390 1381.5040283203125 230.39918518066406
      vertex 400 1385.9576416015625 223.61894226074219
      vertex 390 1385.9576416015625 223.61894226074219
    endloop
  endfacet
  facet normal -3.5902241372106984e-07 0.83581742246827839 0.54900750113122743
    outer loop
      vertex 390 1376.4141845703125 238.14802551269531
      vertex 400 1374.8236083984375 240.56954956054688
      vertex 400 1380.390625 232.09423828125
    endloop
  endfacet
  facet normal 3.1414505650400171e-07 0.83581691221497934 0.54900827794790008
    outer loop
      vertex 390 1376.4141845703125 238.14802551269531
      vertex 400 1380.390625 232.09423828125
      vertex 390 1381.5040283203125 230.39918518066406
    endloop
  endfacet
  facet normal 1.4360914609538925e-07 0.83581696890993129 0.54900819163487369
    outer loop
      vertex 390 1371.3243408203125 245.89688110351562
      vertex 400 1369.256591796875 249.04484558105469
      vertex 400 1374.8236083984375 240.56954956054688
    endloop
  endfacet
  facet normal -3.6650206174527202e-07 0.83581740829460227 0.54900752270944331
    outer loop
      vertex 390 1371.3243408203125 245.89688110351562
      vertex 400 1374.8236083984375 240.56954956054688
      vertex 390 1376.4141845703125 238.14802551269531
    endloop
  endfacet
  facet normal 5.5865205087062256e-06 0.83581144485671588 0.54901660140228881
    outer loop
      vertex 390 1366.2344970703125 253.64572143554688
      vertex 400 1363.689453125 257.5201416015625
      vertex 400 1369.256591796875 249.04484558105469
    endloop
  endfacet
  facet normal 1.0471501883467183e-07 0.83581691221501608 0.54900827794792428
    outer loop
      vertex 390 1366.2344970703125 253.64572143554688
      vertex 400 1369.256591796875 249.04484558105469
      vertex 390 1371.3243408203125 245.89688110351562
    endloop
  endfacet
  facet normal 5.1013847063178222e-06 0.83581087028311196 0.54901747612490714
    outer loop
      vertex 390 1361.14453125 261.39456176757812
      vertex 400 1363.689453125 257.5201416015625
      vertex 390 1366.2344970703125 253.64572143554688
    endloop
  endfacet
  facet normal -0 0.83581719568935009 0.54900784638290079
    outer loop
      vertex 350 1345.875 284.64111328125
      vertex 350 1341.42138671875 291.42135620117188
      vertex 360 1341.42138671875 291.42135620117188
    endloop
  endfacet
  facet normal 0 0.83581719568935009 0.54900784638290079
    outer loop
      vertex 350 1345.875 284.64111328125
      vertex 360 1341.42138671875 291.42135620117188
      vertex 360 1345.875 284.64111328125
    endloop
  endfacet
  facet normal -0 0.83581719568935009 0.54900784638290079
    outer loop
      vertex 370 1345.875 284.64111328125
      vertex 370 1341.42138671875 291.42135620117188
      vertex 380 1341.42138671875 291.42135620117188
    endloop
  endfacet
  facet normal 0 0.83581719568935009 0.54900784638290079
    outer loop
      vertex 370 1345.875 284.64111328125
      vertex 380 1341.42138671875 291.42135620117188
      vertex 380 1345.875 284.64111328125
    endloop
  endfacet
  facet normal -0 0.83581719568935009 0.54900784638290079
    outer loop
      vertex 360 1345.875 284.64111328125
      vertex 360 1341.42138671875 291.42135620117188
      vertex 370 1341.42138671875 291.42135620117188
    endloop
  endfacet
  facet normal 0 0.83581719568935009 0.54900784638290079
    outer loop
      vertex 360 1345.875 284.64111328125
      vertex 370 1341.42138671875 291.42135620117188
      vertex 370 1345.875 284.64111328125
    endloop
  endfacet
  facet normal -0 0.83581719568935009 0.54900784638290079
    outer loop
      vertex 380 1345.875 284.64111328125
      vertex 380 1341.42138671875 291.42135620117188
      vertex 390 1341.42138671875 291.42135620117188
    endloop
  endfacet
  facet normal 0 0.83581719568935009 0.54900784638290079
    outer loop
      vertex 380 1345.875 284.64111328125
      vertex 390 1341.42138671875 291.42135620117188
      vertex 390 1345.875 284.64111328125
    endloop
  endfacet
  facet normal 5.2357365367189587e-08 0.83581790437224757 0.54900676747266186
    outer loop
      vertex 400 1358.1224365234375 265.99545288085938
      vertex 390 1361.14453125 261.39456176757812
      vertex 390 1356.0546875 269.1434326171875
    endloop
  endfacet
  facet normal 7.330051318267411e-07 0.83581691221479604 0.54900827794777973
    outer loop
      vertex 400 1358.1224365234375 265.99545288085938
      vertex 390 1356.0546875 269.1434326171875
      vertex 390 1350.96484375 276.89227294921875
    endloop
  endfacet
  facet normal -4.7869655162806916e-07 0.83581742246823654 0.54900750113119989
    outer loop
      vertex 400 1358.1224365234375 265.99545288085938
      vertex 390 1350.96484375 276.89227294921875
      vertex 400 1352.555419921875 274.47076416015625
    endloop
  endfacet
  facet normal -4.3082689647725221e-07 0.83581742246825463 0.54900750113121177
    outer loop
      vertex 400 1358.1224365234375 265.99545288085938
      vertex 400 1363.689453125 257.5201416015625
      vertex 390 1361.14453125 261.39456176757812
    endloop
  endfacet
  facet normal 6.7017685808073121e-07 0.83581651534964874 0.54900888213973498
    outer loop
      vertex 390 1345.875 284.64111328125
      vertex 400 1346.9884033203125 282.946044921875
      vertex 400 1352.555419921875 274.47076416015625
    endloop
  endfacet
  facet normal -2.094300376735666e-07 0.83581691221500221 0.54900827794791518
    outer loop
      vertex 390 1345.875 284.64111328125
      vertex 400 1352.555419921875 274.47076416015625
      vertex 390 1350.96484375 276.89227294921875
    endloop
  endfacet
  facet normal -0 0.83581742246833224 0.54900750113126273
    outer loop
      vertex 390 1341.42138671875 291.42135620117188
      vertex 400 1341.42138671875 291.42135620117188
      vertex 400 1346.9884033203125 282.946044921875
    endloop
  endfacet
  facet normal 4.188597461098875e-07 0.8358171956892767 0.5490078463828526
    outer loop
      vertex 390 1341.42138671875 291.42135620117188
      vertex 400 1346.9884033203125 282.946044921875
      vertex 390 1345.875 284.64111328125
    endloop
  endfacet
  facet normal -1 0 -0
    outer loop
      vertex 300 1346.9884033203125 282.946044921875
      vertex 300 1342.809326171875 280.20101928710938
      vertex 300 1337.2423095703125 288.67630004882812
    endloop
  endfacet
  facet normal -1 -0 -0
    outer loop
      vertex 300 1346.9884033203125 282.946044921875
      vertex 300 1337.2423095703125 288.67630004882812
      vertex 300 1341.42138671875 291.42135620117188
    endloop
  endfacet
  facet normal -1 0 -0
    outer loop
      vertex 300 1358.1224365234375 265.99545288085938
      vertex 300 1353.943359375 263.25039672851562
      vertex 300 1348.3763427734375 271.7257080078125
    endloop
  endfacet
  facet normal -1 -0 -0
    outer loop
      vertex 300 1358.1224365234375 265.99545288085938
      vertex 300 1348.3763427734375 271.7257080078125
      vertex 300 1352.555419921875 274.47076416015625
    endloop
  endfacet
  facet normal -1 0 -0
    outer loop
      vertex 300 1352.555419921875 274.47076416015625
      vertex 300 1348.3763427734375 271.7257080078125
      vertex 300 1342.809326171875 280.20101928710938
    endloop
  endfacet
  facet normal -1 -0 -0
    outer loop
      vertex 300 1352.555419921875 274.47076416015625
      vertex 300 1342.809326171875 280.20101928710938
      vertex 300 1346.9884033203125 282.946044921875
    endloop
  endfacet
  facet normal -1 0 -0
    outer loop
      vertex 300 1369.256591796875 249.04484558105469
      vertex 300 1365.0775146484375 246.2998046875
      vertex 300 1359.5103759765625 254.77510070800781
    endloop
  endfacet
  facet normal -1 -0 -0
    outer loop
      vertex 300 1369.256591796875 249.04484558105469
      vertex 300 1359.5103759765625 254.77510070800781
      vertex 300 1363.689453125 257.5201416015625
    endloop
  endfacet
  facet normal -1 0 -0
    outer loop
      vertex 300 1380.390625 232.09423828125
      vertex 300 1376.2115478515625 229.34919738769531
      vertex 300 1370.64453125 237.82449340820312
    endloop
  endfacet
  facet normal -1 -0 -0
    outer loop
      vertex 300 1380.390625 232.09423828125
      vertex 300 1370.64453125 237.82449340820312
      vertex 300 1374.8236083984375 240.56954956054688
    endloop
  endfacet
  facet normal -1 0 -0
    outer loop
      vertex 300 1385.9576416015625 223.61894226074219
      vertex 300 1381.778564453125 220.8739013671875
      vertex 300 1376.2115478515625 229.34919738769531
    endloop
  endfacet
  facet normal -1 -0 -0
    outer loop
      vertex 300 1385.9576416015625 223.61894226074219
      vertex 300 1376.2115478515625 229.34919738769531
      vertex 300 1380.390625 232.09423828125
    endloop
  endfacet
  facet normal -1 0 -0
    outer loop
      vertex 300 1374.8236083984375 240.56954956054688
      vertex 300 1370.64453125 237.82449340820312
      vertex 300 1365.0775146484375 246.2998046875
    endloop
  endfacet
  facet normal -1 -0 -0
    outer loop
      vertex 300 1374.8236083984375 240.56954956054688
      vertex 300 1365.0775146484375 246.2998046875
      vertex 300 1369.256591796875 249.04484558105469
    endloop
  endfacet
  facet normal -1 0 -0
    outer loop
      vertex 300 1363.689453125 257.5201416015625
      vertex 300 1359.5103759765625 254.77510070800781
      vertex 300 1353.943359375 263.25039672851562
    endloop
  endfacet
  facet normal -1 -0 -0
    outer loop
      vertex 300 1363.689453125 257.5201416015625
      vertex 300 1353.943359375 263.25039672851562
      vertex 300 1358.1224365234375 265.99545288085938
    endloop
  endfacet
  facet normal -0 0.54901102083318354 -0.83581511053803392
    outer loop
      vertex 320 1345.875 284.64111328125
      vertex 320 1341.6959228515625 281.89605712890625
      vertex 310 1341.6959228515625 281.89605712890625
    endloop
  endfacet
  facet normal 0 0.54901102083318354 -0.83581511053803392
    outer loop
      vertex 320 1345.875 284.64111328125
      vertex 310 1341.6959228515625 281.89605712890625
      vertex 310 1345.875 284.64111328125
    endloop
  endfacet
  facet normal -0 0.54901102083318354 -0.83581511053803392
    outer loop
      vertex 340 1345.875 284.64111328125
      vertex 340 1341.6959228515625 281.89605712890625
      vertex 330 1341.6959228515625 281.89605712890625
    endloop
  endfacet
  facet normal 0 0.54901102083318354 -0.83581511053803392
    outer loop
      vertex 340 1345.875 284.64111328125
      vertex 330 1341.6959228515625 281.89605712890625
      vertex 330 1345.875 284.64111328125
    endloop
  endfacet
  facet normal -0 0.54901102083318354 -0.83581511053803392
    outer loop
      vertex 330 1345.875 284.64111328125
      vertex 330 1341.6959228515625 281.89605712890625
      vertex 320 1341.6959228515625 281.89605712890625
    endloop
  endfacet
  facet normal 0 0.54901102083318354 -0.83581511053803392
    outer loop
      vertex 330 1345.875 284.64111328125
      vertex 320 1341.6959228515625 281.89605712890625
      vertex 320 1345.875 284.64111328125
    endloop
  endfacet
  facet normal -0 0.54901102083318354 -0.83581511053803392
    outer loop
      vertex 360 1345.875 284.64111328125
      vertex 360 1341.6959228515625 281.89605712890625
      vertex 350 1341.6959228515625 281.89605712890625
    endloop
  endfacet
  facet normal 0 0.54901102083318354 -0.83581511053803392
    outer loop
      vertex 360 1345.875 284.64111328125
      vertex 350 1341.6959228515625 281.89605712890625
      vertex 350 1345.875 284.64111328125
    endloop
  endfacet
  facet normal -0 0.54901102083318354 -0.83581511053803392
    outer loop
      vertex 380 1345.875 284.64111328125
      vertex 380 1341.6959228515625 281.89605712890625
      vertex 370 1341.6959228515625 281.89605712890625
    endloop
  endfacet
  facet normal 0 0.54901102083318354 -0.83581511053803392
    outer loop
      vertex 380 1345.875 284.64111328125
      vertex 370 1341.6959228515625 281.89605712890625
      vertex 370 1345.875 284.64111328125
    endloop
  endfacet
  facet normal -0 0.54901102083318354 -0.83581511053803392
    outer loop
      vertex 390 1345.875 284.64111328125
      vertex 390 1341.6959228515625 281.89605712890625
      vertex 380 1341.6959228515625 281.89605712890625
    endloop
  endfacet
  facet normal 0 0.54901102083318354 -0.83581511053803392
    outer loop
      vertex 390 1345.875 284.64111328125
      vertex 380 1341.6959228515625 281.89605712890625
      vertex 380 1345.875 284.64111328125
    endloop
  endfacet
  facet normal -0 0.54901102083318354 -0.83581511053803392
    outer loop
      vertex 370 1345.875 284.64111328125
      vertex 370 1341.6959228515625 281.89605712890625
      vertex 360 1341.6959228515625 281.89605712890625
    endloop
  endfacet
  facet normal 0 0.54901102083318354 -0.83581511053803392
    outer loop
      vertex 370 1345.875 284.64111328125
      vertex 360 1341.6959228515625 281.89605712890625
      vertex 360 1345.875 284.64111328125
    endloop
  endfacet
  facet normal -0 0.54901102083318354 -0.83581511053803392
    outer loop
      vertex 350 1345.875 284.64111328125
      vertex 350 1341.6959228515625 281.89605712890625
      vertex 340 1341.6959228515625 281.89605712890625
    endloop
  endfacet
  facet normal 0 0.54901102083318354 -0.83581511053803392
    outer loop
      vertex 350 1345.875 284.64111328125
      vertex 340 1341.6959228515625 281.89605712890625
      vertex 340 1345.875 284.64111328125
    endloop
  endfacet
  facet normal -0 -0.54901102083318354 0.83581511053803392
    outer loop
      vertex 390 1341.42138671875 291.42135620117188
      vertex 390 1337.2423095703125 288.67630004882812
      vertex 400 1337.2423095703125 288.67630004882812
    endloop
  endfacet
  facet normal 0 -0.54901102083318354 0.83581511053803392
    outer loop
      vertex 390 1341.42138671875 291.42135620117188
      vertex 400 1337.2423095703125 288.67630004882812
      vertex 400 1341.42138671875 291.42135620117188
    endloop
  endfacet
  facet normal -0 -0.54901102083318354 0.83581511053803392
    outer loop
      vertex 370 1341.42138671875 291.42135620117188
      vertex 370 1337.2423095703125 288.67630004882812
      vertex 380 1337.2423095703125 288.67630004882812
    endloop
  endfacet
  facet normal 0 -0.54901102083318354 0.83581511053803392
    outer loop
      vertex 370 1341.42138671875 291.42135620117188
      vertex 380 1337.2423095703125 288.67630004882812
      vertex 380 1341.42138671875 291.42135620117188
    endloop
  endfacet
  facet normal -0 -0.54901102083318354 0.83581511053803392
    outer loop
      vertex 360 1341.42138671875 291.42135620117188
      vertex 360 1337.2423095703125 288.67630004882812
      vertex 370 1337.2423095703125 288.67630004882812
    endloop
  endfacet
  facet normal 0 -0.54901102083318354 0.83581511053803392
    outer loop
      vertex 360 1341.42138671875 291.42135620117188
      vertex 370 1337.2423095703125 288.67630004882812
      vertex 370 1341.42138671875 291.42135620117188
    endloop
  endfacet
  facet normal -0 -0.54901102083318354 0.83581511053803392
    outer loop
      vertex 380 1341.42138671875 291.42135620117188
      vertex 380 1337.2423095703125 288.67630004882812
      vertex 390 1337.2423095703125 288.67630004882812
    endloop
  endfacet
  facet normal 0 -0.54901102083318354 0.83581511053803392
    outer loop
      vertex 380 1341.42138671875 291.42135620117188
      vertex 390 1337.2423095703125 288.67630004882812
      vertex 390 1341.42138671875 291.42135620117188
    endloop
  endfacet
  facet normal -0 -0.54901102083318354 0.83581511053803392
    outer loop
      vertex 340 1341.42138671875 291.42135620117188
      vertex 340 1337.2423095703125 288.67630004882812
      vertex 350 1337.2423095703125 288.67630004882812
    endloop
  endfacet
  facet normal 0 -0.54901102083318354 0.83581511053803392
    outer loop
      vertex 340 1341.42138671875 291.42135620117188
      vertex 350 1337.2423095703125 288.67630004882812
      vertex 350 1341.42138671875 291.42135620117188
    endloop
  endfacet
  facet normal -0 -0.54901102083318354 0.83581511053803392
    outer loop
      vertex 330 1341.42138671875 291.42135620117188
      vertex 330 1337.2423095703125 288.67630004882812
      vertex 340 1337.2423095703125 288.67630004882812
    endloop
  endfacet
  facet normal 0 -0.54901102083318354 0.83581511053803392
    outer loop
      vertex 330 1341.42138671875 291.42135620117188
      vertex 340 1337.2423095703125 288.67630004882812
      vertex 340 1341.42138671875 291.42135620117188
    endloop
  endfacet
  facet normal -0 -0.54901102083318354 0.83581511053803392
    outer loop
      vertex 310 1341.42138671875 291.42135620117188
      vertex 310 1337.2423095703125 288.67630004882812
      vertex 320 1337.2423095703125 288.67630004882812
    endloop
  endfacet
  facet normal 0 -0.54901102083318354 0.83581511053803392
    outer loop
      vertex 310 1341.42138671875 291.42135620117188
      vertex 320 1337.2423095703125 288.67630004882812
      vertex 320 1341.42138671875 291.42135620117188
    endloop
  endfacet
  facet normal -0 -0.54901102083318354 0.83581511053803392
    outer loop
      vertex 300 1341.42138671875 291.42135620117188
      vertex 300 1337.2423095703125 288.67630004882812
      vertex 310 1337.2423095703125 288.67630004882812
    endloop
  endfacet
  facet normal 0 -0.54901102083318354 0.83581511053803392
    outer loop
      vertex 300 1341.42138671875 291.42135620117188
      vertex 310 1337.2423095703125 288.67630004882812
      vertex 310 1341.42138671875 291.42135620117188
    endloop
  endfacet
  facet normal -0 -0.54901102083318354 0.83581511053803392
    outer loop
      vertex 320 1341.42138671875 291.42135620117188
      vertex 320 1337.2423095703125 288.67630004882812
      vertex 330 1337.2423095703125 288.67630004882812
    endloop
  endfacet
  facet normal 0 -0.54901102083318354 0.83581511053803392
    outer loop
      vertex 320 1341.42138671875 291.42135620117188
      vertex 330 1337.2423095703125 288.67630004882812
      vertex 330 1341.42138671875 291.42135620117188
    endloop
  endfacet
  facet normal -0 -0.54901102083318354 0.83581511053803392
    outer loop
      vertex 350 1341.42138671875 291.42135620117188
      vertex 350 1337.2423095703125 288.67630004882812
      vertex 360 1337.2423095703125 288.67630004882812
    endloop
  endfacet
  facet normal 0 -0.54901102083318354 0.83581511053803392
    outer loop
      vertex 350 1341.42138671875 291.42135620117188
      vertex 360 1337.2423095703125 288.67630004882812
      vertex 360 1341.42138671875 291.42135620117188
    endloop
  endfacet
  facet normal 1 0 0
    outer loop
      vertex 400 1380.390625 232.09423828125
      vertex 400 1376.2115478515625 229.34919738769531
      vertex 400 1381.778564453125 220.8739013671875
    endloop
  endfacet
  facet normal 1 0 0
    outer loop
      vertex 400 1380.390625 232.09423828125
      vertex 400 1381.778564453125 220.8739013671875
      vertex 400 1385.9576416015625 223.61894226074219
    endloop
  endfacet
  facet normal 1 0 0
    outer loop
      vertex 400 1369.256591796875 249.04484558105469
      vertex 400 1365.0775146484375 246.2998046875
      vertex 400 1370.64453125 237.82449340820312
    endloop
  endfacet
  facet normal 1 0 0
    outer loop
      vertex 400 1369.256591796875 249.04484558105469
      vertex 400 1370.64453125 237.82449340820312
      vertex 400 1374.8236083984375 240.56954956054688
    endloop
  endfacet
  facet normal 1 0 0
    outer loop
      vertex 400 1374.8236083984375 240.56954956054688
      vertex 400 1370.64453125 237.82449340820312
      vertex 400 1376.2115478515625 229.34919738769531
    endloop
  endfacet
  facet normal 1 0 0
    outer loop
      vertex 400 1374.8236083984375 240.56954956054688
      vertex 400 1376.2115478515625 229.34919738769531
      vertex 400 1380.390625 232.09423828125
    endloop
  endfacet
  facet normal 1 0 0
    outer loop
      vertex 400 1358.1224365234375 265.99545288085938
      vertex 400 1353.943359375 263.25039672851562
      vertex 400 1359.5103759765625 254.77510070800781
    endloop
  endfacet
  facet normal 1 0 0
    outer loop
      vertex 400 1358.1224365234375 265.99545288085938
      vertex 400 1359.5103759765625 254.77510070800781
      vertex 400 1363.689453125 257.5201416015625
    endloop
  endfacet
  facet normal 1 0 0
    outer loop
      vertex 400 1346.9884033203125 282.946044921875
      vertex 400 1342.809326171875 280.20101928710938
      vertex 400 1348.3763427734375 271.7257080078125
    endloop
  endfacet
  facet normal 1 0 0
    outer loop
      vertex 400 1346.9884033203125 282.946044921875
      vertex 400 1348.3763427734375 271.7257080078125
      vertex 400 1352.555419921875 274.47076416015625
    endloop
  endfacet
  facet normal 1 0 0
    outer loop
      vertex 400 1341.42138671875 291.42135620117188
      vertex 400 1337.2423095703125 288.67630004882812
      vertex 400 1342.809326171875 280.20101928710938
    endloop
  endfacet
  facet normal 1 0 0
    outer loop
      vertex 400 1341.42138671875 291.42135620117188
      vertex 400 1342.809326171875 280.20101928710938
      vertex 400 1346.9884033203125 282.946044921875
    endloop
  endfacet
  facet normal 1 0 0
    outer loop
      vertex 400 1352.555419921875 274.47076416015625
      vertex 400 1348.3763427734375 271.7257080078125
      vertex 400 1353.943359375 263.25039672851562
    endloop
  endfacet
  facet normal 1 0 0
    outer loop
      vertex 400 1352.555419921875 274.47076416015625
      vertex 400 1353.943359375 263.25039672851562
      vertex 400 1358.1224365234375 265.99545288085938
    endloop
  endfacet
  facet normal 1 0 0
    outer loop
      vertex 400 1363.689453125 257.5201416015625
      vertex 400 1359.5103759765625 254.77510070800781
      vertex 400 1365.0775146484375 246.2998046875
    endloop
  endfacet
  facet normal 1 0 0
    outer loop
      vertex 400 1363.689453125 257.5201416015625
      vertex 400 1365.0775146484375 246.2998046875
      vertex 400 1369.256591796875 249.04484558105469
    endloop
  endfacet
  facet normal -0 0.54900888891061295 -0.83581651090244347
    outer loop
      vertex 310 1385.9576416015625 223.61894226074219
      vertex 310 1381.778564453125 220.8739013671875
      vertex 300 1381.778564453125 220.8739013671875
    endloop
  endfacet
  facet normal 0 0.54900888891061306 -0.83581651090244358
    outer loop
      vertex 310 1385.9576416015625 223.61894226074219
      vertex 300 1381.778564453125 220.8739013671875
      vertex 300 1385.9576416015625 223.61894226074219
    endloop
  endfacet
  facet normal -0 0.54900888891061295 -0.83581651090244347
    outer loop
      vertex 330 1385.9576416015625 223.61894226074219
      vertex 330 1381.778564453125 220.8739013671875
      vertex 320 1381.778564453125 220.8739013671875
    endloop
  endfacet
  facet normal 0 0.54900888891061306 -0.83581651090244358
    outer loop
      vertex 330 1385.9576416015625 223.61894226074219
      vertex 320 1381.778564453125 220.8739013671875
      vertex 320 1385.9576416015625 223.61894226074219
    endloop
  endfacet
  facet normal -0 0.54900888891061295 -0.83581651090244347
    outer loop
      vertex 340 1385.9576416015625 223.61894226074219
      vertex 340 1381.778564453125 220.8739013671875
      vertex 330 1381.778564453125 220.8739013671875
    endloop
  endfacet
  facet normal 0 0.54900888891061306 -0.83581651090244358
    outer loop
      vertex 340 1385.9576416015625 223.61894226074219
      vertex 330 1381.778564453125 220.8739013671875
      vertex 330 1385.9576416015625 223.61894226074219
    endloop
  endfacet
  facet normal -0 0.54900888891061295 -0.83581651090244347
    outer loop
      vertex 320 1385.9576416015625 223.61894226074219
      vertex 320 1381.778564453125 220.8739013671875
      vertex 310 1381.778564453125 220.8739013671875
    endloop
  endfacet
  facet normal 0 0.54900888891061306 -0.83581651090244358
    outer loop
      vertex 320 1385.9576416015625 223.61894226074219
      vertex 310 1381.778564453125 220.8739013671875
      vertex 310 1385.9576416015625 223.61894226074219
    endloop
  endfacet
  facet normal -0 0.54900888891061295 -0.83581651090244347
    outer loop
      vertex 360 1385.9576416015625 223.61894226074219
      vertex 360 1381.778564453125 220.8739013671875
      vertex 350 1381.778564453125 220.8739013671875
    endloop
  endfacet
  facet normal 0 0.54900888891061306 -0.83581651090244358
    outer loop
      vertex 360 1385.9576416015625 223.61894226074219
      vertex 350 1381.778564453125 220.8739013671875
      vertex 350 1385.9576416015625 223.61894226074219
    endloop
  endfacet
  facet normal -0 0.54900888891061295 -0.83581651090244347
    outer loop
      vertex 370 1385.9576416015625 223.61894226074219
      vertex 370 1381.778564453125 220.8739013671875
      vertex 360 1381.778564453125 220.8739013671875
    endloop
  endfacet
  facet normal 0 0.54900888891061306 -0.83581651090244358
    outer loop
      vertex 370 1385.9576416015625 223.61894226074219
      vertex 360 1381.778564453125 220.8739013671875
      vertex 360 1385.9576416015625 223.61894226074219
    endloop
  endfacet
  facet normal -0 0.54900888891061295 -0.83581651090244347
    outer loop
      vertex 390 1385.9576416015625 223.61894226074219
      vertex 390 1381.778564453125 220.8739013671875
      vertex 380 1381.778564453125 220.8739013671875
    endloop
  endfacet
  facet normal 0 0.54900888891061306 -0.83581651090244358
    outer loop
      vertex 390 1385.9576416015625 223.61894226074219
      vertex 380 1381.778564453125 220.8739013671875
      vertex 380 1385.9576416015625 223.61894226074219
    endloop
  endfacet
  facet normal -0 0.54900888891061295 -0.83581651090244347
    outer loop
      vertex 400 1385.9576416015625 223.61894226074219
      vertex 400 1381.778564453125 220.8739013671875
      vertex 390 1381.778564453125 220.8739013671875
    endloop
  endfacet
  facet normal 0 0.54900888891061306 -0.83581651090244358
    outer loop
      vertex 400 1385.9576416015625 223.61894226074219
      vertex 390 1381.778564453125 220.8739013671875
      vertex 390 1385.9576416015625 223.61894226074219
    endloop
  endfacet
  facet normal -0 0.54900888891061295 -0.83581651090244347
    outer loop
      vertex 380 1385.9576416015625 223.61894226074219
      vertex 380 1381.778564453125 220.8739013671875
      vertex 370 1381.778564453125 220.8739013671875
    endloop
  endfacet
  facet normal 0 0.54900888891061306 -0.83581651090244358
    outer loop
      vertex 380 1385.9576416015625 223.61894226074219
      vertex 370 1381.778564453125 220.8739013671875
      vertex 370 1385.9576416015625 223.61894226074219
    endloop
  endfacet
  facet normal -0 0.54900888891061295 -0.83581651090244347
    outer loop
      vertex 350 1385.9576416015625 223.61894226074219
      vertex 350 1381.778564453125 220.8739013671875
      vertex 340 1381.778564453125 220.8739013671875
    endloop
  endfacet
  facet normal 0 0.54900888891061306 -0.83581651090244358
    outer loop
      vertex 350 1385.9576416015625 223.61894226074219
      vertex 340 1381.778564453125 220.8739013671875
      vertex 340 1385.9576416015625 223.61894226074219
    endloop
  endfacet
  facet normal 1 0 0
    outer loop
      vertex 310 1376.4141845703125 238.14802551269531
      vertex 310 1372.235107421875 235.40298461914062
      vertex 310 1377.324951171875 227.65412902832031
    endloop
  endfacet
  facet normal 1 0 0
    outer loop
      vertex 310 1376.4141845703125 238.14802551269531
      vertex 310 1377.324951171875 227.65412902832031
      vertex 310 1381.5040283203125 230.39918518066406
    endloop
  endfacet
  facet normal 1 0 0
    outer loop
      vertex 310 1366.2344970703125 253.64572143554688
      vertex 310 1362.055419921875 250.90068054199219
      vertex 310 1367.145263671875 243.15182495117188
    endloop
  endfacet
  facet normal 1 0 0
    outer loop
      vertex 310 1366.2344970703125 253.64572143554688
      vertex 310 1367.145263671875 243.15182495117188
      vertex 310 1371.3243408203125 245.89688110351562
    endloop
  endfacet
  facet normal 1 0 0
    outer loop
      vertex 310 1371.3243408203125 245.89688110351562
      vertex 310 1367.145263671875 243.15182495117188
      vertex 310 1372.235107421875 235.40298461914062
    endloop
  endfacet
  facet normal 1 0 0
    outer loop
      vertex 310 1371.3243408203125 245.89688110351562
      vertex 310 1372.235107421875 235.40298461914062
      vertex 310 1376.4141845703125 238.14802551269531
    endloop
  endfacet
  facet normal 1 0 0
    outer loop
      vertex 310 1356.0546875 269.1434326171875
      vertex 310 1351.8756103515625 266.39837646484375
      vertex 310 1356.9654541015625 258.6495361328125
    endloop
  endfacet
  facet normal 1 0 0
    outer loop
      vertex 310 1356.0546875 269.1434326171875
      vertex 310 1356.9654541015625 258.6495361328125
      vertex 310 1361.14453125 261.39456176757812
    endloop
  endfacet
  facet normal 1 0 0
    outer loop
      vertex 310 1345.875 284.64111328125
      vertex 310 1341.6959228515625 281.89605712890625
      vertex 310 1346.7857666015625 274.147216796875
    endloop
  endfacet
  facet normal 1 0 0
    outer loop
      vertex 310 1345.875 284.64111328125
      vertex 310 1346.7857666015625 274.147216796875
      vertex 310 1350.96484375 276.89227294921875
    endloop
  endfacet
  facet normal 1 0 0
    outer loop
      vertex 310 1350.96484375 276.89227294921875
      vertex 310 1346.7857666015625 274.147216796875
      vertex 310 1351.8756103515625 266.39837646484375
    endloop
  endfacet
  facet normal 1 0 0
    outer loop
      vertex 310 1350.96484375 276.89227294921875
      vertex 310 1351.8756103515625 266.39837646484375
      vertex 310 1356.0546875 269.1434326171875
    endloop
  endfacet
  facet normal 1 0 0
    outer loop
      vertex 310 1361.14453125 261.39456176757812
      vertex 310 1356.9654541015625 258.6495361328125
      vertex 310 1362.055419921875 250.90068054199219
    endloop
  endfacet
  facet normal 1 0 0
    outer loop
      vertex 310 1361.14453125 261.39456176757812
      vertex 310 1362.055419921875 250.90068054199219
      vertex 310 1366.2344970703125 253.64572143554688
    endloop
  endfacet
  facet normal -0 -0.54901102083318354 0.83581511053803392
    outer loop
      vertex 380 1381.5040283203125 230.39918518066406
      vertex 380 1377.324951171875 227.65412902832031
      vertex 390 1377.324951171875 227.65412902832031
    endloop
  endfacet
  facet normal 0 -0.54901102083318354 0.83581511053803392
    outer loop
      vertex 380 1381.5040283203125 230.39918518066406
      vertex 390 1377.324951171875 227.65412902832031
      vertex 390 1381.5040283203125 230.39918518066406
    endloop
  endfacet
  facet normal -0 -0.54901102083318354 0.83581511053803392
    outer loop
      vertex 360 1381.5040283203125 230.39918518066406
      vertex 360 1377.324951171875 227.65412902832031
      vertex 370 1377.324951171875 227.65412902832031
    endloop
  endfacet
  facet normal 0 -0.54901102083318354 0.83581511053803392
    outer loop
      vertex 360 1381.5040283203125 230.39918518066406
      vertex 370 1377.324951171875 227.65412902832031
      vertex 370 1381.5040283203125 230.39918518066406
    endloop
  endfacet
  facet normal -0 -0.54901102083318354 0.83581511053803392
    outer loop
      vertex 370 1381.5040283203125 230.39918518066406
      vertex 370 1377.324951171875 227.65412902832031
      vertex 380 1377.324951171875 227.65412902832031
    endloop
  endfacet
  facet normal 0 -0.54901102083318354 0.83581511053803392
    outer loop
      vertex 370 1381.5040283203125 230.39918518066406
      vertex 380 1377.324951171875 227.65412902832031
      vertex 380 1381.5040283203125 230.39918518066406
    endloop
  endfacet
  facet normal -0 -0.54901102083318354 0.83581511053803392
    outer loop
      vertex 340 1381.5040283203125 230.39918518066406
      vertex 340 1377.324951171875 227.65412902832031
      vertex 350 1377.324951171875 227.65412902832031
    endloop
  endfacet
  facet normal 0 -0.54901102083318354 0.83581511053803392
    outer loop
      vertex 340 1381.5040283203125 230.39918518066406
      vertex 350 1377.324951171875 227.65412902832031
      vertex 350 1381.5040283203125 230.39918518066406
    endloop
  endfacet
  facet normal -0 -0.54901102083318354 0.83581511053803392
    outer loop
      vertex 320 1381.5040283203125 230.39918518066406
      vertex 320 1377.324951171875 227.65412902832031
      vertex 330 1377.324951171875 227.65412902832031
    endloop
  endfacet
  facet normal 0 -0.54901102083318354 0.83581511053803392
    outer loop
      vertex 320 1381.5040283203125 230.39918518066406
      vertex 330 1377.324951171875 227.65412902832031
      vertex 330 1381.5040283203125 230.39918518066406
    endloop
  endfacet
  facet normal -0 -0.54901102083318354 0.83581511053803392
    outer loop
      vertex 310 1381.5040283203125 230.39918518066406
      vertex 310 1377.324951171875 227.65412902832031
      vertex 320 1377.324951171875 227.65412902832031
    endloop
  endfacet
  facet normal 0 -0.54901102083318354 0.83581511053803392
    outer loop
      vertex 310 1381.5040283203125 230.39918518066406
      vertex 320 1377.324951171875 227.65412902832031
      vertex 320 1381.5040283203125 230.39918518066406
    endloop
  endfacet
  facet normal -0 -0.54901102083318354 0.83581511053803392
    outer loop
      vertex 330 1381.5040283203125 230.39918518066406
      vertex 330 1377.324951171875 227.65412902832031
      vertex 340 1377.324951171875 227.65412902832031
    endloop
  endfacet
  facet normal 0 -0.54901102083318354 0.83581511053803392
    outer loop
      vertex 330 1381.5040283203125 230.39918518066406
      vertex 340 1377.324951171875 227.65412902832031
      vertex 340 1381.5040283203125 230.39918518066406
    endloop
  endfacet
  facet normal -0 -0.54901102083318354 0.83581511053803392
    outer loop
      vertex 350 1381.5040283203125 230.39918518066406
      vertex 350 1377.324951171875 227.65412902832031
      vertex 360 1377.324951171875 227.65412902832031
    endloop
  endfacet
  facet normal 0 -0.54901102083318354 0.83581511053803392
    outer loop
      vertex 350 1381.5040283203125 230.39918518066406
      vertex 360 1377.324951171875 227.65412902832031
      vertex 360 1381.5040283203125 230.39918518066406
    endloop
  endfacet
  facet normal -1 0 -0
    outer loop
      vertex 390 1350.96484375 276.89227294921875
      vertex 390 1346.7857666015625 274.147216796875
      vertex 390 1341.6959228515625 281.89605712890625
    endloop
  endfacet
  facet normal -1 -0 -0
    outer loop
      vertex 390 1350.96484375 276.89227294921875
      vertex 390 1341.6959228515625 281.89605712890625
      vertex 390 1345.875 284.64111328125
    endloop
  endfacet
  facet normal -1 0 -0
    outer loop
      vertex 390 1361.14453125 261.39456176757812
      vertex 390 1356.9654541015625 258.6495361328125
      vertex 390 1351.8756103515625 266.39837646484375
    endloop
  endfacet
  facet normal -1 -0 -0
    outer loop
      vertex 390 1361.14453125 261.39456176757812
      vertex 390 1351.8756103515625 266.39837646484375
      vertex 390 1356.0546875 269.1434326171875
    endloop
  endfacet
  facet normal -1 0 -0
    outer loop
      vertex 390 1356.0546875 269.1434326171875
      vertex 390 1351.8756103515625 266.39837646484375
      vertex 390 1346.7857666015625 274.147216796875
    endloop
  endfacet
  facet normal -1 -0 -0
    outer loop
      vertex 390 1356.0546875 269.1434326171875
      vertex 390 1346.7857666015625 274.147216796875
      vertex 390 1350.96484375 276.89227294921875
    endloop
  endfacet
  facet normal -1 0 0
    outer loop
      vertex 390 1371.3243408203125 245.89688110351562
      vertex 390 1367.145263671875 243.15182495117188
      vertex 390 1362.055419921875 250.90068054199219
    endloop
  endfacet
  facet normal -1 -0 -0
    outer loop
      vertex 390 1371.3243408203125 245.89688110351562
      vertex 390 1362.055419921875 250.90068054199219
      vertex 390 1366.2344970703125 253.64572143554688
    endloop
  endfacet
  facet normal -1 0 0
    outer loop
      vertex 390 1381.5040283203125 230.39918518066406
      vertex 390 1377.324951171875 227.65412902832031
      vertex 390 1372.235107421875 235.40298461914062
    endloop
  endfacet
  facet normal -1 -0 -0
    outer loop
      vertex 390 1381.5040283203125 230.39918518066406
      vertex 390 1372.235107421875 235.40298461914062
      vertex 390 1376.4141845703125 238.14802551269531
    endloop
  endfacet
  facet normal -1 0 0
    outer loop
      vertex 390 1376.4141845703125 238.14802551269531
      vertex 390 1372.235107421875 235.40298461914062
      vertex 390 1367.145263671875 243.15182495117188
    endloop
  endfacet
  facet normal -1 -0 -0
    outer loop
      vertex 390 1376.4141845703125 238.14802551269531
      vertex 390 1367.145263671875 243.15182495117188
      vertex 390 1371.3243408203125 245.89688110351562
    endloop
  endfacet
  facet normal -1 0 -0
    outer loop
      vertex 390 1366.2344970703125 253.64572143554688
      vertex 390 1362.055419921875 250.90068054199219
      vertex 390 1356.9654541015625 258.6495361328125
    endloop
  endfacet
  facet normal -1 -0 -0
    outer loop
      vertex 390 1366.2344970703125 253.64572143554688
      vertex 390 1356.9654541015625 258.6495361328125
      vertex 390 1361.14453125 261.39456176757812
    endloop
  endfacet
  facet normal -5.0263201138440858e-07 -0.83581696890983437 -0.54900819163480996
    outer loop
      vertex 310 1377.324951171875 227.65412902832031
      vertex 300 1376.2115478515625 229.34919738769531
      vertex 300 1381.778564453125 220.8739013671875
    endloop
  endfacet
  facet normal 0 -0.83581662874002272 -0.54900870951348579
    outer loop
      vertex 300 1381.778564453125 220.8739013671875
      vertex 310 1381.778564453125 220.8739013671875
      vertex 310 1377.324951171875 227.65412902832031
    endloop
  endfacet
  facet normal 4.7121693653464885e-07 -0.83581740829456563 -0.54900752270941922
    outer loop
      vertex 310 1377.324951171875 227.65412902832031
      vertex 310 1372.235107421875 235.40298461914062
      vertex 300 1370.64453125 237.82449340820312
    endloop
  endfacet
  facet normal -5.0263201137493112e-07 -0.83581696890983437 -0.54900819163480996
    outer loop
      vertex 310 1377.324951171875 227.65412902832031
      vertex 300 1370.64453125 237.82449340820312
      vertex 300 1376.2115478515625 229.34919738769531
    endloop
  endfacet
  facet normal 4.7869655162806916e-07 -0.83581742246823654 -0.54900750113119989
    outer loop
      vertex 300 1365.0775146484375 246.2998046875
      vertex 300 1370.64453125 237.82449340820312
      vertex 310 1372.235107421875 235.40298461914062
    endloop
  endfacet
  facet normal -7.330051318267411e-07 -0.83581691221479604 -0.54900827794777973
    outer loop
      vertex 300 1365.0775146484375 246.2998046875
      vertex 310 1372.235107421875 235.40298461914062
      vertex 310 1367.145263671875 243.15182495117188
    endloop
  endfacet
  facet normal -3.9268078044135887e-07 -0.83581740829459383 -0.54900752270943776
    outer loop
      vertex 310 1362.055419921875 250.90068054199219
      vertex 300 1365.0775146484375 246.2998046875
      vertex 310 1367.145263671875 243.15182495117188
    endloop
  endfacet
  facet normal -0 -0.83581662874002272 -0.54900870951348579
    outer loop
      vertex 320 1377.324951171875 227.65412902832031
      vertex 310 1377.324951171875 227.65412902832031
      vertex 310 1381.778564453125 220.8739013671875
    endloop
  endfacet
  facet normal 0 -0.83581662874002272 -0.54900870951348579
    outer loop
      vertex 320 1377.324951171875 227.65412902832031
      vertex 310 1381.778564453125 220.8739013671875
      vertex 320 1381.778564453125 220.8739013671875
    endloop
  endfacet
  facet normal 0 -0.83581662874002272 -0.54900870951348579
    outer loop
      vertex 320 1381.778564453125 220.8739013671875
      vertex 330 1381.778564453125 220.8739013671875
      vertex 330 1377.324951171875 227.65412902832031
    endloop
  endfacet
  facet normal 0 -0.83581662874002272 -0.54900870951348579
    outer loop
      vertex 320 1381.778564453125 220.8739013671875
      vertex 330 1377.324951171875 227.65412902832031
      vertex 320 1377.324951171875 227.65412902832031
    endloop
  endfacet
  facet normal -0 -0.83581662874002272 -0.54900870951348579
    outer loop
      vertex 350 1381.778564453125 220.8739013671875
      vertex 350 1377.324951171875 227.65412902832031
      vertex 340 1377.324951171875 227.65412902832031
    endloop
  endfacet
  facet normal 0 -0.83581662874002272 -0.54900870951348579
    outer loop
      vertex 350 1381.778564453125 220.8739013671875
      vertex 340 1377.324951171875 227.65412902832031
      vertex 340 1381.778564453125 220.8739013671875
    endloop
  endfacet
  facet normal 0 -0.83581662874002272 -0.54900870951348579
    outer loop
      vertex 330 1381.778564453125 220.8739013671875
      vertex 340 1381.778564453125 220.8739013671875
      vertex 340 1377.324951171875 227.65412902832031
    endloop
  endfacet
  facet normal 0 -0.83581662874002272 -0.54900870951348579
    outer loop
      vertex 330 1381.778564453125 220.8739013671875
      vertex 340 1377.324951171875 227.65412902832031
      vertex 330 1377.324951171875 227.65412902832031
    endloop
  endfacet
  facet normal -0 -0.83581662874002272 -0.54900870951348579
    outer loop
      vertex 360 1377.324951171875 227.65412902832031
      vertex 350 1377.324951171875 227.65412902832031
      vertex 350 1381.778564453125 220.8739013671875
    endloop
  endfacet
  facet normal 0 -0.83581662874002272 -0.54900870951348579
    outer loop
      vertex 360 1377.324951171875 227.65412902832031
      vertex 350 1381.778564453125 220.8739013671875
      vertex 360 1381.778564453125 220.8739013671875
    endloop
  endfacet
  facet normal 7.8985030360392399e-07 -0.83581696890967927 -0.54900819163470815
    outer loop
      vertex 300 1353.943359375 263.25039672851562
      vertex 300 1359.5103759765625 254.77510070800781
      vertex 310 1356.9654541015625 258.6495361328125
    endloop
  endfacet
  facet normal 7.3300513184250978e-07 -0.83581691221479604 -0.54900827794777973
    outer loop
      vertex 300 1353.943359375 263.25039672851562
      vertex 310 1356.9654541015625 258.6495361328125
      vertex 310 1351.8756103515625 266.39837646484375
    endloop
  endfacet
  facet normal 5.5202542509839882e-06 -0.83581136637392706 -0.54901672088350428
    outer loop
      vertex 300 1359.5103759765625 254.77510070800781
      vertex 310 1362.055419921875 250.90068054199219
      vertex 310 1356.9654541015625 258.6495361328125
    endloop
  endfacet
  facet normal 5.5865205087062256e-06 -0.83581144485671588 -0.54901660140228881
    outer loop
      vertex 310 1362.055419921875 250.90068054199219
      vertex 300 1359.5103759765625 254.77510070800781
      vertex 300 1365.0775146484375 246.2998046875
    endloop
  endfacet
  facet normal -4.7869655162806916e-07 -0.83581742246823654 -0.54900750113119989
    outer loop
      vertex 300 1342.809326171875 280.20101928710938
      vertex 300 1348.3763427734375 271.7257080078125
      vertex 310 1346.7857666015625 274.147216796875
    endloop
  endfacet
  facet normal -1.1518652071806324e-06 -0.83581691221446608 -0.54900827794756302
    outer loop
      vertex 300 1342.809326171875 280.20101928710938
      vertex 310 1346.7857666015625 274.147216796875
      vertex 310 1341.6959228515625 281.89605712890625
    endloop
  endfacet
  facet normal -2.094300376693402e-07 -0.83581691221500221 -0.54900827794791518
    outer loop
      vertex 310 1351.8756103515625 266.39837646484375
      vertex 310 1346.7857666015625 274.147216796875
      vertex 300 1348.3763427734375 271.7257080078125
    endloop
  endfacet
  facet normal 3.8295724131827579e-07 -0.83581742246827095 -0.54900750113122254
    outer loop
      vertex 310 1351.8756103515625 266.39837646484375
      vertex 300 1348.3763427734375 271.7257080078125
      vertex 300 1353.943359375 263.25039672851562
    endloop
  endfacet
  facet normal -1.0052652871208145e-06 -0.83581651534941404 -0.54900888213958077
    outer loop
      vertex 300 1337.2423095703125 288.67630004882812
      vertex 300 1342.809326171875 280.20101928710938
      vertex 310 1341.6959228515625 281.89605712890625
    endloop
  endfacet
  facet normal 0 -0.83581719568935009 -0.54900784638290079
    outer loop
      vertex 320 1341.6959228515625 281.89605712890625
      vertex 330 1341.6959228515625 281.89605712890625
      vertex 330 1337.2423095703125 288.67630004882812
    endloop
  endfacet
  facet normal -0 -0.83581719568935009 -0.54900784638290079
    outer loop
      vertex 320 1341.6959228515625 281.89605712890625
      vertex 330 1337.2423095703125 288.67630004882812
      vertex 320 1337.2423095703125 288.67630004882812
    endloop
  endfacet
  facet normal 0 -0.83581719568935009 -0.54900784638290079
    outer loop
      vertex 310 1341.6959228515625 281.89605712890625
      vertex 320 1341.6959228515625 281.89605712890625
      vertex 320 1337.2423095703125 288.67630004882812
    endloop
  endfacet
  facet normal -0 -0.83581719568935009 -0.54900784638290079
    outer loop
      vertex 310 1341.6959228515625 281.89605712890625
      vertex 320 1337.2423095703125 288.67630004882812
      vertex 310 1337.2423095703125 288.67630004882812
    endloop
  endfacet
  facet normal -0 -0.83581719568935009 -0.54900784638290079
    outer loop
      vertex 340 1337.2423095703125 288.67630004882812
      vertex 330 1337.2423095703125 288.67630004882812
      vertex 330 1341.6959228515625 281.89605712890625
    endloop
  endfacet
  facet normal 0 -0.83581719568935009 -0.54900784638290079
    outer loop
      vertex 340 1337.2423095703125 288.67630004882812
      vertex 330 1341.6959228515625 281.89605712890625
      vertex 340 1341.6959228515625 281.89605712890625
    endloop
  endfacet
  facet normal 0 -0.83581719568935009 -0.54900784638290079
    outer loop
      vertex 340 1341.6959228515625 281.89605712890625
      vertex 350 1341.6959228515625 281.89605712890625
      vertex 350 1337.2423095703125 288.67630004882812
    endloop
  endfacet
  facet normal -0 -0.83581719568935009 -0.54900784638290079
    outer loop
      vertex 340 1341.6959228515625 281.89605712890625
      vertex 350 1337.2423095703125 288.67630004882812
      vertex 340 1337.2423095703125 288.67630004882812
    endloop
  endfacet
  facet normal -0 -0.83581719568935009 -0.54900784638290079
    outer loop
      vertex 300 1337.2423095703125 288.67630004882812
      vertex 310 1341.6959228515625 281.89605712890625
      vertex 310 1337.2423095703125 288.67630004882812
    endloop
  endfacet
  facet normal 0 -0.83581662874002272 -0.54900870951348579
    outer loop
      vertex 360 1381.778564453125 220.8739013671875
      vertex 370 1381.778564453125 220.8739013671875
      vertex 370 1377.324951171875 227.65412902832031
    endloop
  endfacet
  facet normal 0 -0.83581662874002272 -0.54900870951348579
    outer loop
      vertex 360 1381.778564453125 220.8739013671875
      vertex 370 1377.324951171875 227.65412902832031
      vertex 360 1377.324951171875 227.65412902832031
    endloop
  endfacet
  facet normal 0 -0.83581662874002272 -0.54900870951348579
    outer loop
      vertex 380 1381.778564453125 220.8739013671875
      vertex 390 1381.778564453125 220.8739013671875
      vertex 390 1377.324951171875 227.65412902832031
    endloop
  endfacet
  facet normal 0 -0.83581662874002272 -0.54900870951348579
    outer loop
      vertex 380 1381.778564453125 220.8739013671875
      vertex 390 1377.324951171875 227.65412902832031
      vertex 380 1377.324951171875 227.65412902832031
    endloop
  endfacet
  facet normal 0 -0.83581662874002272 -0.54900870951348579
    outer loop
      vertex 370 1381.778564453125 220.8739013671875
      vertex 380 1381.778564453125 220.8739013671875
      vertex 380 1377.324951171875 227.65412902832031
    endloop
  endfacet
  facet normal 0 -0.83581662874002272 -0.54900870951348579
    outer loop
      vertex 370 1381.778564453125 220.8739013671875
      vertex 380 1377.324951171875 227.65412902832031
      vertex 370 1377.324951171875 227.65412902832031
    endloop
  endfacet
  facet normal 0 -0.83581662874002272 -0.54900870951348579
    outer loop
      vertex 390 1377.324951171875 227.65412902832031
      vertex 390 1381.778564453125 220.8739013671875
      vertex 400 1381.778564453125 220.8739013671875
    endloop
  endfacet
  facet normal 5.0263201138440858e-07 -0.83581696890983437 -0.54900819163480996
    outer loop
      vertex 390 1377.324951171875 227.65412902832031
      vertex 400 1381.778564453125 220.8739013671875
      vertex 400 1376.2115478515625 229.34919738769531
    endloop
  endfacet
  facet normal 3.4032334303679609e-07 -0.83581740829461004 -0.54900752270944841
    outer loop
      vertex 390 1372.235107421875 235.40298461914062
      vertex 390 1377.324951171875 227.65412902832031
      vertex 400 1376.2115478515625 229.34919738769531
    endloop
  endfacet
  facet normal -2.3934857684974176e-07 -0.83581696890991608 -0.5490081916348637
    outer loop
      vertex 390 1372.235107421875 235.40298461914062
      vertex 400 1376.2115478515625 229.34919738769531
      vertex 400 1370.64453125 237.82449340820312
    endloop
  endfacet
  facet normal -2.094300376693402e-07 -0.83581691221500221 -0.54900827794791518
    outer loop
      vertex 390 1367.145263671875 243.15182495117188
      vertex 390 1372.235107421875 235.40298461914062
      vertex 400 1370.64453125 237.82449340820312
    endloop
  endfacet
  facet normal 3.8295724131827579e-07 -0.83581742246827095 -0.54900750113122254
    outer loop
      vertex 390 1367.145263671875 243.15182495117188
      vertex 400 1370.64453125 237.82449340820312
      vertex 400 1365.0775146484375 246.2998046875
    endloop
  endfacet
  facet normal 3.9268078044135887e-07 -0.83581740829459383 -0.54900752270943776
    outer loop
      vertex 400 1365.0775146484375 246.2998046875
      vertex 390 1362.055419921875 250.90068054199219
      vertex 390 1367.145263671875 243.15182495117188
    endloop
  endfacet
  facet normal -5.5865205087291337e-06 -0.83581144485671577 -0.5490166014022887
    outer loop
      vertex 390 1362.055419921875 250.90068054199219
      vertex 400 1365.0775146484375 246.2998046875
      vertex 400 1359.5103759765625 254.77510070800781
    endloop
  endfacet
  facet normal -5.5202542509839882e-06 -0.83581136637392706 -0.54901672088350428
    outer loop
      vertex 390 1356.9654541015625 258.6495361328125
      vertex 390 1362.055419921875 250.90068054199219
      vertex 400 1359.5103759765625 254.77510070800781
    endloop
  endfacet
  facet normal 0 -0.83581719568935009 -0.54900784638290079
    outer loop
      vertex 350 1341.6959228515625 281.89605712890625
      vertex 360 1341.6959228515625 281.89605712890625
      vertex 360 1337.2423095703125 288.67630004882812
    endloop
  endfacet
  facet normal -0 -0.83581719568935009 -0.54900784638290079
    outer loop
      vertex 350 1341.6959228515625 281.89605712890625
      vertex 360 1337.2423095703125 288.67630004882812
      vertex 350 1337.2423095703125 288.67630004882812
    endloop
  endfacet
  facet normal 0 -0.83581719568935009 -0.54900784638290079
    outer loop
      vertex 370 1341.6959228515625 281.89605712890625
      vertex 380 1341.6959228515625 281.89605712890625
      vertex 380 1337.2423095703125 288.67630004882812
    endloop
  endfacet
  facet normal -0 -0.83581719568935009 -0.54900784638290079
    outer loop
      vertex 370 1341.6959228515625 281.89605712890625
      vertex 380 1337.2423095703125 288.67630004882812
      vertex 370 1337.2423095703125 288.67630004882812
    endloop
  endfacet
  facet normal 0 -0.83581719568935009 -0.54900784638290079
    outer loop
      vertex 360 1341.6959228515625 281.89605712890625
      vertex 370 1341.6959228515625 281.89605712890625
      vertex 370 1337.2423095703125 288.67630004882812
    endloop
  endfacet
  facet normal -0 -0.83581719568935009 -0.54900784638290079
    outer loop
      vertex 360 1341.6959228515625 281.89605712890625
      vertex 370 1337.2423095703125 288.67630004882812
      vertex 360 1337.2423095703125 288.67630004882812
    endloop
  endfacet
  facet normal 0 -0.83581719568935009 -0.54900784638290079
    outer loop
      vertex 380 1341.6959228515625 281.89605712890625
      vertex 390 1341.6959228515625 281.89605712890625
      vertex 390 1337.2423095703125 288.67630004882812
    endloop
  endfacet
  facet normal -0 -0.83581719568935009 -0.54900784638290079
    outer loop
      vertex 380 1341.6959228515625 281.89605712890625
      vertex 390 1337.2423095703125 288.67630004882812
      vertex 380 1337.2423095703125 288.67630004882812
    endloop
  endfacet
  facet normal -8.3772015068477497e-07 -0.83581691221472731 -0.54900827794773466
    outer loop
      vertex 390 1351.8756103515625 266.39837646484375
      vertex 390 1356.9654541015625 258.6495361328125
      vertex 400 1359.5103759765625 254.77510070800781
    endloop
  endfacet
  facet normal -6.9411087285774918e-07 -0.83581696890973867 -0.54900819163474712
    outer loop
      vertex 390 1351.8756103515625 266.39837646484375
      vertex 400 1359.5103759765625 254.77510070800781
      vertex 400 1353.943359375 263.25039672851562
    endloop
  endfacet
  facet normal 4.7869655162806916e-07 -0.83581742246823654 -0.54900750113119989
    outer loop
      vertex 400 1353.943359375 263.25039672851562
      vertex 400 1348.3763427734375 271.7257080078125
      vertex 390 1346.7857666015625 274.147216796875
    endloop
  endfacet
  facet normal -7.330051318267411e-07 -0.83581691221479604 -0.54900827794777973
    outer loop
      vertex 400 1353.943359375 263.25039672851562
      vertex 390 1346.7857666015625 274.147216796875
      vertex 390 1351.8756103515625 266.39837646484375
    endloop
  endfacet
  facet normal 2.094300376735666e-07 -0.83581691221500221 -0.54900827794791518
    outer loop
      vertex 390 1341.6959228515625 281.89605712890625
      vertex 390 1346.7857666015625 274.147216796875
      vertex 400 1348.3763427734375 271.7257080078125
    endloop
  endfacet
  facet normal 1.3403503445575429e-06 -0.83581742246758139 -0.54900750113076957
    outer loop
      vertex 390 1341.6959228515625 281.89605712890625
      vertex 400 1348.3763427734375 271.7257080078125
      vertex 400 1342.809326171875 280.20101928710938
    endloop
  endfacet
  facet normal 1.2565792382411209e-06 -0.83581719568869006 -0.54900784638246736
    outer loop
      vertex 390 1337.2423095703125 288.67630004882812
      vertex 390 1341.6959228515625 281.89605712890625
      vertex 400 1342.809326171875 280.20101928710938
    endloop
  endfacet
  facet normal 0 -0.83581651534983648 -0.54900888213985832
    outer loop
      vertex 390 1337.2423095703125 288.67630004882812
      vertex 400 1342.809326171875 280.20101928710938
      vertex 400 1337.2423095703125 288.67630004882812
    endloop
  endfacet
  facet normal 2.4165988330577392e-05 0.98229053532785604 0.18736409373548313
    outer loop
      vertex 210 1396.990966796875 165.77548217773438
      vertex 213.19999694824219 1396.669921875 167.45820617675781
      vertex 213.19999694824219 1398.1463623046875 159.71769714355469
    endloop
  endfacet
  facet normal 3.1511729300854669e-05 0.98228982095464845 0.18736783783748814
    outer loop
      vertex 210 1396.990966796875 165.77548217773438
      vertex 213.19999694824219 1398.1463623046875 159.71769714355469
      vertex 210 1398.5958251953125 157.36189270019531
    endloop
  endfacet
  facet normal -0 0.98228194261410795 0.18740913855587257
    outer loop
      vertex 210 1398.5958251953125 157.36189270019531
      vertex 213.19999694824219 1398.1463623046875 159.71769714355469
      vertex 220.55999755859375 1398.1463623046875 159.71769714355469
    endloop
  endfacet
  facet normal 0 0.98228194261410806 0.18740913855587257
    outer loop
      vertex 210 1398.5958251953125 157.36189270019531
      vertex 220.55999755859375 1398.1463623046875 159.71769714355469
      vertex 218 1398.5958251953125 157.36189270019531
    endloop
  endfacet
  facet normal 4.6545131730056068e-06 0.982290535604042 0.1873640937881634
    outer loop
      vertex 210 1393.78125 182.60267639160156
      vertex 213.19999694824219 1393.717041015625 182.93922424316406
      vertex 213.19999694824219 1395.1934814453125 175.19871520996094
    endloop
  endfacet
  facet normal 1.3632661180910145e-05 0.98228982135107112 0.18736783791310418
    outer loop
      vertex 210 1393.78125 182.60267639160156
      vertex 213.19999694824219 1395.1934814453125 175.19871520996094
      vertex 210 1395.3861083984375 174.1890869140625
    endloop
  endfacet
  facet normal 2.2304164890187443e-05 0.98228988373938109 0.1873675100058636
    outer loop
      vertex 213.19999694824219 1396.669921875 167.45820617675781
      vertex 210 1396.990966796875 165.77548217773438
      vertex 210 1395.3861083984375 174.1890869140625
    endloop
  endfacet
  facet normal 1.4856961989884654e-05 0.98229053550627243 0.18736409376951463
    outer loop
      vertex 213.19999694824219 1396.669921875 167.45820617675781
      vertex 210 1395.3861083984375 174.1890869140625
      vertex 213.19999694824219 1395.1934814453125 175.19871520996094
    endloop
  endfacet
  facet normal -0 0.98228194261410795 0.18740913855587257
    outer loop
      vertex 226 1398.5958251953125 157.36189270019531
      vertex 227.91999816894531 1398.1463623046875 159.71769714355469
      vertex 235.27999877929688 1398.1463623046875 159.71769714355469
    endloop
  endfacet
  facet normal 0 0.98228194261410806 0.18740913855587257
    outer loop
      vertex 226 1398.5958251953125 157.36189270019531
      vertex 235.27999877929688 1398.1463623046875 159.71769714355469
      vertex 234 1398.5958251953125 157.36189270019531
    endloop
  endfacet
  facet normal 0 0.98228194261410806 0.18740913855587257
    outer loop
      vertex 242 1398.5958251953125 157.36189270019531
      vertex 242.63999938964844 1398.1463623046875 159.71769714355469
      vertex 250 1398.1463623046875 159.71769714355469
    endloop
  endfacet
  facet normal 0 0.98228194261410806 0.18740913855587257
    outer loop
      vertex 242 1398.5958251953125 157.36189270019531
      vertex 250 1398.1463623046875 159.71769714355469
      vertex 250 1398.5958251953125 157.36189270019531
    endloop
  endfacet
  facet normal 0 0.98228194261410806 0.18740913855587257
    outer loop
      vertex 234 1398.5958251953125 157.36189270019531
      vertex 235.27999877929688 1398.1463623046875 159.71769714355469
      vertex 242.63999938964844 1398.1463623046875 159.71769714355469
    endloop
  endfacet
  facet normal 0 0.98228194261410806 0.18740913855587257
    outer loop
      vertex 234 1398.5958251953125 157.36189270019531
      vertex 242.63999938964844 1398.1463623046875 159.71769714355469
      vertex 242 1398.5958251953125 157.36189270019531
    endloop
  endfacet
  facet normal 0 0.98228194261410806 0.18740913855587257
    outer loop
      vertex 227.91999816894531 1398.1463623046875 159.71769714355469
      vertex 226 1398.5958251953125 157.36189270019531
      vertex 218 1398.5958251953125 157.36189270019531
    endloop
  endfacet
  facet normal 0 0.98228194261410806 0.18740913855587257
    outer loop
      vertex 227.91999816894531 1398.1463623046875 159.71769714355469
      vertex 218 1398.5958251953125 157.36189270019531
      vertex 220.55999755859375 1398.1463623046875 159.71769714355469
    endloop
  endfacet
  facet normal 0 0.98228194261410806 0.18740913855587257
    outer loop
      vertex 257.3599853515625 1398.1463623046875 159.71769714355469
      vertex 258 1398.5958251953125 157.36189270019531
      vertex 250 1398.5958251953125 157.36189270019531
    endloop
  endfacet
  facet normal 0 0.98228194261410806 0.18740913855587257
    outer loop
      vertex 257.3599853515625 1398.1463623046875 159.71769714355469
      vertex 250 1398.5958251953125 157.36189270019531
      vertex 250 1398.1463623046875 159.71769714355469
    endloop
  endfacet
  facet normal 4.2464069520829833e-06 0.98228982143349386 0.187367837928826
    outer loop
      vertex 213.19999694824219 1393.717041015625 182.93922424316406
      vertex 210 1393.78125 182.60267639160156
      vertex 210 1392.1763916015625 191.01626586914062
    endloop
  endfacet
  facet normal -4.6156678622523347e-06 0.98229046762682981 0.18736445017174316
    outer loop
      vertex 213.19999694824219 1393.717041015625 182.93922424316406
      vertex 210 1392.1763916015625 191.01626586914062
      vertex 213.19999694824219 1392.2406005859375 190.67971801757812
    endloop
  endfacet
  facet normal -4.6545131730056068e-06 0.982290535604042 0.1873640937881634
    outer loop
      vertex 210 1392.1763916015625 191.01626586914062
      vertex 213.19999694824219 1390.76416015625 198.42022705078125
      vertex 213.19999694824219 1392.2406005859375 190.67971801757812
    endloop
  endfacet
  facet normal -1.3632661180927185e-05 0.98228982135107112 0.18736783791310418
    outer loop
      vertex 210 1390.571533203125 199.42985534667969
      vertex 213.19999694824219 1390.76416015625 198.42022705078125
      vertex 210 1392.1763916015625 191.01626586914062
    endloop
  endfacet
  facet normal -2.2304164890187443e-05 0.98228988373938109 0.1873675100058636
    outer loop
      vertex 213.19999694824219 1389.2877197265625 206.16073608398438
      vertex 210 1390.571533203125 199.42985534667969
      vertex 210 1388.9666748046875 207.84346008300781
    endloop
  endfacet
  facet normal -2.4165988330577392e-05 0.98229053532785604 0.18736409373548313
    outer loop
      vertex 213.19999694824219 1389.2877197265625 206.16073608398438
      vertex 210 1388.9666748046875 207.84346008300781
      vertex 213.19999694824219 1387.811279296875 213.9012451171875
    endloop
  endfacet
  facet normal -4.5323172403293396e-06 0.98229244437188623 0.18735408644959681
    outer loop
      vertex 210 1387.3619384765625 216.25704956054688
      vertex 213.19999694824219 1387.811279296875 213.9012451171875
      vertex 210 1388.9666748046875 207.84346008300781
    endloop
  endfacet
  facet normal -1.4856961989884654e-05 0.98229053550627243 0.18736409376951463
    outer loop
      vertex 213.19999694824219 1389.2877197265625 206.16073608398438
      vertex 213.19999694824219 1390.76416015625 198.42022705078125
      vertex 210 1390.571533203125 199.42985534667969
    endloop
  endfacet
  facet normal 0 0.98229131135307923 0.18736002679399882
    outer loop
      vertex 226 1387.3619384765625 216.25704956054688
      vertex 227.91999816894531 1387.811279296875 213.9012451171875
      vertex 220.55999755859375 1387.811279296875 213.9012451171875
    endloop
  endfacet
  facet normal 0 0.98229131135307923 0.18736002679399882
    outer loop
      vertex 242 1387.3619384765625 216.25704956054688
      vertex 242.63999938964844 1387.811279296875 213.9012451171875
      vertex 235.27999877929688 1387.811279296875 213.9012451171875
    endloop
  endfacet
  facet normal 0 0.98229131135307923 0.18736002679399882
    outer loop
      vertex 234 1387.3619384765625 216.25704956054688
      vertex 235.27999877929688 1387.811279296875 213.9012451171875
      vertex 227.91999816894531 1387.811279296875 213.9012451171875
    endloop
  endfacet
  facet normal -0 0.98229131135307923 0.18736002679399882
    outer loop
      vertex 210 1387.3619384765625 216.25704956054688
      vertex 218 1387.3619384765625 216.25704956054688
      vertex 213.19999694824219 1387.811279296875 213.9012451171875
    endloop
  endfacet
  facet normal 0 0.98229131135307923 0.18736002679399882
    outer loop
      vertex 218 1387.3619384765625 216.25704956054688
      vertex 220.55999755859375 1387.811279296875 213.9012451171875
      vertex 213.19999694824219 1387.811279296875 213.9012451171875
    endloop
  endfacet
  facet normal -0 0.98229131135307923 0.18736002679399882
    outer loop
      vertex 226 1387.3619384765625 216.25704956054688
      vertex 220.55999755859375 1387.811279296875 213.9012451171875
      vertex 218 1387.3619384765625 216.25704956054688
    endloop
  endfacet
  facet normal -0 0.98229131135307923 0.18736002679399882
    outer loop
      vertex 234 1387.3619384765625 216.25704956054688
      vertex 227.91999816894531 1387.811279296875 213.9012451171875
      vertex 226 1387.3619384765625 216.25704956054688
    endloop
  endfacet
  facet normal -0 0.98229131135307923 0.18736002679399882
    outer loop
      vertex 234 1387.3619384765625 216.25704956054688
      vertex 242 1387.3619384765625 216.25704956054688
      vertex 235.27999877929688 1387.811279296875 213.9012451171875
    endloop
  endfacet
  facet normal -0 0.98229131135307923 0.18736002679399882
    outer loop
      vertex 242 1387.3619384765625 216.25704956054688
      vertex 250 1387.3619384765625 216.25704956054688
      vertex 242.63999938964844 1387.811279296875 213.9012451171875
    endloop
  endfacet
  facet normal -0 0.98228194261410806 0.18740913855587257
    outer loop
      vertex 258 1398.5958251953125 157.36189270019531
      vertex 257.3599853515625 1398.1463623046875 159.71769714355469
      vertex 264.72000122070312 1398.1463623046875 159.71769714355469
    endloop
  endfacet
  facet normal 0 0.98228194261410806 0.18740913855587257
    outer loop
      vertex 258 1398.5958251953125 157.36189270019531
      vertex 264.72000122070312 1398.1463623046875 159.71769714355469
      vertex 266 1398.5958251953125 157.36189270019531
    endloop
  endfacet
  facet normal -0 0.98228194261410806 0.18740913855587257
    outer loop
      vertex 274 1398.5958251953125 157.36189270019531
      vertex 272.07998657226562 1398.1463623046875 159.71769714355469
      vertex 279.44000244140625 1398.1463623046875 159.71769714355469
    endloop
  endfacet
  facet normal 0 0.98228194261410806 0.18740913855587257
    outer loop
      vertex 274 1398.5958251953125 157.36189270019531
      vertex 279.44000244140625 1398.1463623046875 159.71769714355469
      vertex 282 1398.5958251953125 157.36189270019531
    endloop
  endfacet
  facet normal -0 0.98228194261410806 0.18740913855587257
    outer loop
      vertex 266 1398.5958251953125 157.36189270019531
      vertex 264.72000122070312 1398.1463623046875 159.71769714355469
      vertex 272.07998657226562 1398.1463623046875 159.71769714355469
    endloop
  endfacet
  facet normal 0 0.98228194261410806 0.18740913855587257
    outer loop
      vertex 266 1398.5958251953125 157.36189270019531
      vertex 272.07998657226562 1398.1463623046875 159.71769714355469
      vertex 274 1398.5958251953125 157.36189270019531
    endloop
  endfacet
  facet normal 0 0.98228194261410806 0.18740913855587257
    outer loop
      vertex 286.79998779296875 1398.1463623046875 159.71769714355469
      vertex 290 1398.5958251953125 157.36189270019531
      vertex 282 1398.5958251953125 157.36189270019531
    endloop
  endfacet
  facet normal -0 0.98228194261410806 0.18740913855587257
    outer loop
      vertex 286.79998779296875 1398.1463623046875 159.71769714355469
      vertex 282 1398.5958251953125 157.36189270019531
      vertex 279.44000244140625 1398.1463623046875 159.71769714355469
    endloop
  endfacet
  facet normal -2.2125369578921397e-05 0.9822898212019191 0.18736783788465405
    outer loop
      vertex 286.79998779296875 1396.669921875 167.45820617675781
      vertex 290 1396.990966796875 165.77548217773438
      vertex 290 1398.5958251953125 157.36189270019531
    endloop
  endfacet
  facet normal -3.4368273254953272e-05 0.98229053503455244 0.1873640936795378
    outer loop
      vertex 286.79998779296875 1396.669921875 167.45820617675781
      vertex 290 1398.5958251953125 157.36189270019531
      vertex 286.79998779296875 1398.1463623046875 159.71769714355469
    endloop
  endfacet
  facet normal -2.4165873098606342e-05 0.98229053532785882 0.18736409373548366
    outer loop
      vertex 290 1396.990966796875 165.77548217773438
      vertex 286.79998779296875 1396.669921875 167.45820617675781
      vertex 286.79998779296875 1395.1934814453125 175.19871520996094
    endloop
  endfacet
  facet normal -1.3739808924528094e-05 0.98228988389099425 0.18736751003478311
    outer loop
      vertex 290 1396.990966796875 165.77548217773438
      vertex 286.79998779296875 1395.1934814453125 175.19871520996094
      vertex 290 1395.3861083984375 174.1890869140625
    endloop
  endfacet
  facet normal -4.2463867037139889e-06 0.98228982143349386 0.187367837928826
    outer loop
      vertex 286.79998779296875 1393.717041015625 182.93922424316406
      vertex 290 1393.78125 182.60267639160156
      vertex 290 1395.3861083984375 174.1890869140625
    endloop
  endfacet
  facet normal -1.4856891146643565e-05 0.98229053550627332 0.18736409376951479
    outer loop
      vertex 286.79998779296875 1393.717041015625 182.93922424316406
      vertex 290 1395.3861083984375 174.1890869140625
      vertex 286.79998779296875 1395.1934814453125 175.19871520996094
    endloop
  endfacet
  facet normal 4.2463867037139889e-06 0.98228982143349386 0.187367837928826
    outer loop
      vertex 286.79998779296875 1392.2406005859375 190.67971801757812
      vertex 290 1392.1763916015625 191.01626586914062
      vertex 290 1393.78125 182.60267639160156
    endloop
  endfacet
  facet normal -4.6156458531168276e-06 0.98229046762682992 0.18736445017174322
    outer loop
      vertex 286.79998779296875 1392.2406005859375 190.67971801757812
      vertex 290 1393.78125 182.60267639160156
      vertex 286.79998779296875 1393.717041015625 182.93922424316406
    endloop
  endfacet
  facet normal 0 0.98229131135307912 0.1873600267939988
    outer loop
      vertex 250 1387.3619384765625 216.25704956054688
      vertex 257.3599853515625 1387.811279296875 213.9012451171875
      vertex 250 1387.811279296875 213.9012451171875
    endloop
  endfacet
  facet normal 0 0.98229131135307923 0.18736002679399882
    outer loop
      vertex 258 1387.3619384765625 216.25704956054688
      vertex 264.72000122070312 1387.811279296875 213.9012451171875
      vertex 257.3599853515625 1387.811279296875 213.9012451171875
    endloop
  endfacet
  facet normal 0 0.98229131135307923 0.18736002679399882
    outer loop
      vertex 272.07998657226562 1387.811279296875 213.9012451171875
      vertex 264.72000122070312 1387.811279296875 213.9012451171875
      vertex 266 1387.3619384765625 216.25704956054688
    endloop
  endfacet
  facet normal -0 0.98229131135307923 0.18736002679399882
    outer loop
      vertex 257.3599853515625 1387.811279296875 213.9012451171875
      vertex 250 1387.3619384765625 216.25704956054688
      vertex 258 1387.3619384765625 216.25704956054688
    endloop
  endfacet
  facet normal -0 0.98229131135307923 0.18736002679399882
    outer loop
      vertex 272.07998657226562 1387.811279296875 213.9012451171875
      vertex 266 1387.3619384765625 216.25704956054688
      vertex 274 1387.3619384765625 216.25704956054688
    endloop
  endfacet
  facet normal -0 0.98229131135307923 0.18736002679399882
    outer loop
      vertex 266 1387.3619384765625 216.25704956054688
      vertex 264.72000122070312 1387.811279296875 213.9012451171875
      vertex 258 1387.3619384765625 216.25704956054688
    endloop
  endfacet
  facet normal 0 0.98229131135307923 0.18736002679399882
    outer loop
      vertex 274 1387.3619384765625 216.25704956054688
      vertex 279.44000244140625 1387.811279296875 213.9012451171875
      vertex 272.07998657226562 1387.811279296875 213.9012451171875
    endloop
  endfacet
  facet normal 0 0.98229131135307923 0.18736002679399882
    outer loop
      vertex 242.63999938964844 1387.811279296875 213.9012451171875
      vertex 250 1387.3619384765625 216.25704956054688
      vertex 250 1387.811279296875 213.9012451171875
    endloop
  endfacet
  facet normal 2.2304058536057659e-05 0.98228988373938353 0.18736751000586405
    outer loop
      vertex 286.79998779296875 1389.2877197265625 206.16073608398438
      vertex 290 1388.9666748046875 207.84346008300781
      vertex 290 1390.571533203125 199.42985534667969
    endloop
  endfacet
  facet normal 1.4856891146639569e-05 0.98229053550627343 0.18736409376951482
    outer loop
      vertex 286.79998779296875 1389.2877197265625 206.16073608398438
      vertex 290 1390.571533203125 199.42985534667969
      vertex 286.79998779296875 1390.76416015625 198.42022705078125
    endloop
  endfacet
  facet normal 4.6544909786419292e-06 0.982290535604042 0.1873640937881634
    outer loop
      vertex 290 1392.1763916015625 191.01626586914062
      vertex 286.79998779296875 1392.2406005859375 190.67971801757812
      vertex 286.79998779296875 1390.76416015625 198.42022705078125
    endloop
  endfacet
  facet normal 1.3632596175576418e-05 0.9822898213510719 0.18736783791310435
    outer loop
      vertex 290 1392.1763916015625 191.01626586914062
      vertex 286.79998779296875 1390.76416015625 198.42022705078125
      vertex 290 1390.571533203125 199.42985534667969
    endloop
  endfacet
  facet normal -0 0.98229131135307923 0.18736002679399882
    outer loop
      vertex 274 1387.3619384765625 216.25704956054688
      vertex 282 1387.3619384765625 216.25704956054688
      vertex 279.44000244140625 1387.811279296875 213.9012451171875
    endloop
  endfacet
  facet normal 0 0.98229131135307923 0.18736002679399882
    outer loop
      vertex 286.79998779296875 1387.811279296875 213.9012451171875
      vertex 279.44000244140625 1387.811279296875 213.9012451171875
      vertex 282 1387.3619384765625 216.25704956054688
    endloop
  endfacet
  facet normal 2.4165873098605031e-05 0.98229053532785882 0.18736409373548366
    outer loop
      vertex 290 1388.9666748046875 207.84346008300781
      vertex 286.79998779296875 1389.2877197265625 206.16073608398438
      vertex 286.79998779296875 1387.811279296875 213.9012451171875
    endloop
  endfacet
  facet normal 4.5322956286390521e-06 0.98229244437188623 0.18735408644959681
    outer loop
      vertex 290 1388.9666748046875 207.84346008300781
      vertex 286.79998779296875 1387.811279296875 213.9012451171875
      vertex 290 1387.3619384765625 216.25704956054688
    endloop
  endfacet
  facet normal -0 0.98229131135307923 0.18736002679399882
    outer loop
      vertex 282 1387.3619384765625 216.25704956054688
      vertex 290 1387.3619384765625 216.25704956054688
      vertex 286.79998779296875 1387.811279296875 213.9012451171875
    endloop
  endfacet
  facet normal -1 0 0
    outer loop
      vertex 210 1388.9666748046875 207.84346008300781
      vertex 210 1387.002197265625 207.46871948242188
      vertex 210 1385.3973388671875 215.88232421875
    endloop
  endfacet
  facet normal -1 -0 -0
    outer loop
      vertex 210 1388.9666748046875 207.84346008300781
      vertex 210 1385.3973388671875 215.88232421875
      vertex 210 1387.3619384765625 216.25704956054688
    endloop
  endfacet
  facet normal -1 0 0
    outer loop
      vertex 210 1392.1763916015625 191.01626586914062
      vertex 210 1390.2117919921875 190.64154052734375
      vertex 210 1388.60693359375 199.05513000488281
    endloop
  endfacet
  facet normal -1 -0 -0
    outer loop
      vertex 210 1392.1763916015625 191.01626586914062
      vertex 210 1388.60693359375 199.05513000488281
      vertex 210 1390.571533203125 199.42985534667969
    endloop
  endfacet
  facet normal -1 0 0
    outer loop
      vertex 210 1390.571533203125 199.42985534667969
      vertex 210 1388.60693359375 199.05513000488281
      vertex 210 1387.002197265625 207.46871948242188
    endloop
  endfacet
  facet normal -1 -0 -0
    outer loop
      vertex 210 1390.571533203125 199.42985534667969
      vertex 210 1387.002197265625 207.46871948242188
      vertex 210 1388.9666748046875 207.84346008300781
    endloop
  endfacet
  facet normal -1 0 0
    outer loop
      vertex 210 1395.3861083984375 174.1890869140625
      vertex 210 1393.4215087890625 173.81434631347656
      vertex 210 1391.816650390625 182.22793579101562
    endloop
  endfacet
  facet normal -1 -0 -0
    outer loop
      vertex 210 1395.3861083984375 174.1890869140625
      vertex 210 1391.816650390625 182.22793579101562
      vertex 210 1393.78125 182.60267639160156
    endloop
  endfacet
  facet normal -1 0 0
    outer loop
      vertex 210 1398.5958251953125 157.36189270019531
      vertex 210 1396.6312255859375 156.98716735839844
      vertex 210 1395.0263671875 165.4007568359375
    endloop
  endfacet
  facet normal -1 -0 -0
    outer loop
      vertex 210 1398.5958251953125 157.36189270019531
      vertex 210 1395.0263671875 165.4007568359375
      vertex 210 1396.990966796875 165.77548217773438
    endloop
  endfacet
  facet normal -1 0 0
    outer loop
      vertex 210 1396.990966796875 165.77548217773438
      vertex 210 1395.0263671875 165.4007568359375
      vertex 210 1393.4215087890625 173.81434631347656
    endloop
  endfacet
  facet normal -1 -0 -0
    outer loop
      vertex 210 1396.990966796875 165.77548217773438
      vertex 210 1393.4215087890625 173.81434631347656
      vertex 210 1395.3861083984375 174.1890869140625
    endloop
  endfacet
  facet normal -1 0 0
    outer loop
      vertex 210 1393.78125 182.60267639160156
      vertex 210 1391.816650390625 182.22793579101562
      vertex 210 1390.2117919921875 190.64154052734375
    endloop
  endfacet
  facet normal -1 -0 -0
    outer loop
      vertex 210 1393.78125 182.60267639160156
      vertex 210 1390.2117919921875 190.64154052734375
      vertex 210 1392.1763916015625 191.01626586914062
    endloop
  endfacet
  facet normal -0 0.18736101494022242 -0.98229112287578457
    outer loop
      vertex 218 1398.5958251953125 157.36189270019531
      vertex 218 1396.6312255859375 156.98716735839844
      vertex 210 1396.6312255859375 156.98716735839844
    endloop
  endfacet
  facet normal 0 0.18736101494022242 -0.98229112287578457
    outer loop
      vertex 218 1398.5958251953125 157.36189270019531
      vertex 210 1396.6312255859375 156.98716735839844
      vertex 210 1398.5958251953125 157.36189270019531
    endloop
  endfacet
  facet normal -0 0.18736101494022242 -0.98229112287578457
    outer loop
      vertex 234 1398.5958251953125 157.36189270019531
      vertex 234 1396.6312255859375 156.98716735839844
      vertex 226 1396.6312255859375 156.98716735839844
    endloop
  endfacet
  facet normal 0 0.18736101494022242 -0.98229112287578457
    outer loop
      vertex 234 1398.5958251953125 157.36189270019531
      vertex 226 1396.6312255859375 156.98716735839844
      vertex 226 1398.5958251953125 157.36189270019531
    endloop
  endfacet
  facet normal -0 0.18736101494022242 -0.98229112287578457
    outer loop
      vertex 242 1398.5958251953125 157.36189270019531
      vertex 242 1396.6312255859375 156.98716735839844
      vertex 234 1396.6312255859375 156.98716735839844
    endloop
  endfacet
  facet normal 0 0.18736101494022242 -0.98229112287578457
    outer loop
      vertex 242 1398.5958251953125 157.36189270019531
      vertex 234 1396.6312255859375 156.98716735839844
      vertex 234 1398.5958251953125 157.36189270019531
    endloop
  endfacet
  facet normal -0 0.18736101494022242 -0.98229112287578457
    outer loop
      vertex 226 1398.5958251953125 157.36189270019531
      vertex 226 1396.6312255859375 156.98716735839844
      vertex 218 1396.6312255859375 156.98716735839844
    endloop
  endfacet
  facet normal 0 0.18736101494022242 -0.98229112287578457
    outer loop
      vertex 226 1398.5958251953125 157.36189270019531
      vertex 218 1396.6312255859375 156.98716735839844
      vertex 218 1398.5958251953125 157.36189270019531
    endloop
  endfacet
  facet normal -0 0.18736101494022242 -0.98229112287578457
    outer loop
      vertex 258 1398.5958251953125 157.36189270019531
      vertex 258 1396.6312255859375 156.98716735839844
      vertex 250 1396.6312255859375 156.98716735839844
    endloop
  endfacet
  facet normal 0 0.18736101494022242 -0.98229112287578457
    outer loop
      vertex 258 1398.5958251953125 157.36189270019531
      vertex 250 1396.6312255859375 156.98716735839844
      vertex 250 1398.5958251953125 157.36189270019531
    endloop
  endfacet
  facet normal -0 0.18736101494022242 -0.98229112287578457
    outer loop
      vertex 266 1398.5958251953125 157.36189270019531
      vertex 266 1396.6312255859375 156.98716735839844
      vertex 258 1396.6312255859375 156.98716735839844
    endloop
  endfacet
  facet normal 0 0.18736101494022242 -0.98229112287578457
    outer loop
      vertex 266 1398.5958251953125 157.36189270019531
      vertex 258 1396.6312255859375 156.98716735839844
      vertex 258 1398.5958251953125 157.36189270019531
    endloop
  endfacet
  facet normal -0 0.18736101494022242 -0.98229112287578457
    outer loop
      vertex 282 1398.5958251953125 157.36189270019531
      vertex 282 1396.6312255859375 156.98716735839844
      vertex 274 1396.6312255859375 156.98716735839844
    endloop
  endfacet
  facet normal 0 0.18736101494022242 -0.98229112287578457
    outer loop
      vertex 282 1398.5958251953125 157.36189270019531
      vertex 274 1396.6312255859375 156.98716735839844
      vertex 274 1398.5958251953125 157.36189270019531
    endloop
  endfacet
  facet normal -0 0.18736101494022242 -0.98229112287578457
    outer loop
      vertex 290 1398.5958251953125 157.36189270019531
      vertex 290 1396.6312255859375 156.98716735839844
      vertex 282 1396.6312255859375 156.98716735839844
    endloop
  endfacet
  facet normal 0 0.18736101494022242 -0.98229112287578457
    outer loop
      vertex 290 1398.5958251953125 157.36189270019531
      vertex 282 1396.6312255859375 156.98716735839844
      vertex 282 1398.5958251953125 157.36189270019531
    endloop
  endfacet
  facet normal -0 0.18736101494022242 -0.98229112287578457
    outer loop
      vertex 274 1398.5958251953125 157.36189270019531
      vertex 274 1396.6312255859375 156.98716735839844
      vertex 266 1396.6312255859375 156.98716735839844
    endloop
  endfacet
  facet normal 0 0.18736101494022242 -0.98229112287578457
    outer loop
      vertex 274 1398.5958251953125 157.36189270019531
      vertex 266 1396.6312255859375 156.98716735839844
      vertex 266 1398.5958251953125 157.36189270019531
    endloop
  endfacet
  facet normal -0 0.18736101494022242 -0.98229112287578457
    outer loop
      vertex 250 1398.5958251953125 157.36189270019531
      vertex 250 1396.6312255859375 156.98716735839844
      vertex 242 1396.6312255859375 156.98716735839844
    endloop
  endfacet
  facet normal 0 0.18736101494022242 -0.98229112287578457
    outer loop
      vertex 250 1398.5958251953125 157.36189270019531
      vertex 242 1396.6312255859375 156.98716735839844
      vertex 242 1398.5958251953125 157.36189270019531
    endloop
  endfacet
  facet normal 1 0 -0
    outer loop
      vertex 290 1396.990966796875 165.77548217773438
      vertex 290 1395.0263671875 165.4007568359375
      vertex 290 1396.6312255859375 156.98716735839844
    endloop
  endfacet
  facet normal 1 0 0
    outer loop
      vertex 290 1396.990966796875 165.77548217773438
      vertex 290 1396.6312255859375 156.98716735839844
      vertex 290 1398.5958251953125 157.36189270019531
    endloop
  endfacet
  facet normal 1 0 -0
    outer loop
      vertex 290 1393.78125 182.60267639160156
      vertex 290 1391.816650390625 182.22793579101562
      vertex 290 1393.4215087890625 173.81434631347656
    endloop
  endfacet
  facet normal 1 0 0
    outer loop
      vertex 290 1393.78125 182.60267639160156
      vertex 290 1393.4215087890625 173.81434631347656
      vertex 290 1395.3861083984375 174.1890869140625
    endloop
  endfacet
  facet normal 1 0 -0
    outer loop
      vertex 290 1395.3861083984375 174.1890869140625
      vertex 290 1393.4215087890625 173.81434631347656
      vertex 290 1395.0263671875 165.4007568359375
    endloop
  endfacet
  facet normal 1 -0 0
    outer loop
      vertex 290 1395.3861083984375 174.1890869140625
      vertex 290 1395.0263671875 165.4007568359375
      vertex 290 1396.990966796875 165.77548217773438
    endloop
  endfacet
  facet normal 1 0 -0
    outer loop
      vertex 290 1390.571533203125 199.42985534667969
      vertex 290 1388.60693359375 199.05513000488281
      vertex 290 1390.2117919921875 190.64154052734375
    endloop
  endfacet
  facet normal 1 0 0
    outer loop
      vertex 290 1390.571533203125 199.42985534667969
      vertex 290 1390.2117919921875 190.64154052734375
      vertex 290 1392.1763916015625 191.01626586914062
    endloop
  endfacet
  facet normal 1 0 -0
    outer loop
      vertex 290 1387.3619384765625 216.25704956054688
      vertex 290 1385.3973388671875 215.88232421875
      vertex 290 1387.002197265625 207.46871948242188
    endloop
  endfacet
  facet normal 1 0 0
    outer loop
      vertex 290 1387.3619384765625 216.25704956054688
      vertex 290 1387.002197265625 207.46871948242188
      vertex 290 1388.9666748046875 207.84346008300781
    endloop
  endfacet
  facet normal 1 0 -0
    outer loop
      vertex 290 1388.9666748046875 207.84346008300781
      vertex 290 1387.002197265625 207.46871948242188
      vertex 290 1388.60693359375 199.05513000488281
    endloop
  endfacet
  facet normal 1 -0 0
    outer loop
      vertex 290 1388.9666748046875 207.84346008300781
      vertex 290 1388.60693359375 199.05513000488281
      vertex 290 1390.571533203125 199.42985534667969
    endloop
  endfacet
  facet normal 1 0 -0
    outer loop
      vertex 290 1392.1763916015625 191.01626586914062
      vertex 290 1390.2117919921875 190.64154052734375
      vertex 290 1391.816650390625 182.22793579101562
    endloop
  endfacet
  facet normal 1 0 0
    outer loop
      vertex 290 1392.1763916015625 191.01626586914062
      vertex 290 1391.816650390625 182.22793579101562
      vertex 290 1393.78125 182.60267639160156
    endloop
  endfacet
  facet normal -0 -0.18736101494022242 0.98229112287578457
    outer loop
      vertex 282 1387.3619384765625 216.25704956054688
      vertex 282 1385.3973388671875 215.88232421875
      vertex 290 1385.3973388671875 215.88232421875
    endloop
  endfacet
  facet normal 0 -0.18736101494022242 0.98229112287578457
    outer loop
      vertex 282 1387.3619384765625 216.25704956054688
      vertex 290 1385.3973388671875 215.88232421875
      vertex 290 1387.3619384765625 216.25704956054688
    endloop
  endfacet
  facet normal -0 -0.18736101494022242 0.98229112287578457
    outer loop
      vertex 266 1387.3619384765625 216.25704956054688
      vertex 266 1385.3973388671875 215.88232421875
      vertex 274 1385.3973388671875 215.88232421875
    endloop
  endfacet
  facet normal 0 -0.18736101494022242 0.98229112287578457
    outer loop
      vertex 266 1387.3619384765625 216.25704956054688
      vertex 274 1385.3973388671875 215.88232421875
      vertex 274 1387.3619384765625 216.25704956054688
    endloop
  endfacet
  facet normal -0 -0.18736101494022242 0.98229112287578457
    outer loop
      vertex 258 1387.3619384765625 216.25704956054688
      vertex 258 1385.3973388671875 215.88232421875
      vertex 266 1385.3973388671875 215.88232421875
    endloop
  endfacet
  facet normal 0 -0.18736101494022242 0.98229112287578457
    outer loop
      vertex 258 1387.3619384765625 216.25704956054688
      vertex 266 1385.3973388671875 215.88232421875
      vertex 266 1387.3619384765625 216.25704956054688
    endloop
  endfacet
  facet normal -0 -0.18736101494022242 0.98229112287578457
    outer loop
      vertex 274 1387.3619384765625 216.25704956054688
      vertex 274 1385.3973388671875 215.88232421875
      vertex 282 1385.3973388671875 215.88232421875
    endloop
  endfacet
  facet normal 0 -0.18736101494022242 0.98229112287578457
    outer loop
      vertex 274 1387.3619384765625 216.25704956054688
      vertex 282 1385.3973388671875 215.88232421875
      vertex 282 1387.3619384765625 216.25704956054688
    endloop
  endfacet
  facet normal -0 -0.18736101494022242 0.98229112287578457
    outer loop
      vertex 242 1387.3619384765625 216.25704956054688
      vertex 242 1385.3973388671875 215.88232421875
      vertex 250 1385.3973388671875 215.88232421875
    endloop
  endfacet
  facet normal 0 -0.18736101494022242 0.98229112287578457
    outer loop
      vertex 242 1387.3619384765625 216.25704956054688
      vertex 250 1385.3973388671875 215.88232421875
      vertex 250 1387.3619384765625 216.25704956054688
    endloop
  endfacet
  facet normal -0 -0.18736101494022242 0.98229112287578457
    outer loop
      vertex 234 1387.3619384765625 216.25704956054688
      vertex 234 1385.3973388671875 215.88232421875
      vertex 242 1385.3973388671875 215.88232421875
    endloop
  endfacet
  facet normal 0 -0.18736101494022242 0.98229112287578457
    outer loop
      vertex 234 1387.3619384765625 216.25704956054688
      vertex 242 1385.3973388671875 215.88232421875
      vertex 242 1387.3619384765625 216.25704956054688
    endloop
  endfacet
  facet normal -0 -0.18736101494022242 0.98229112287578457
    outer loop
      vertex 218 1387.3619384765625 216.25704956054688
      vertex 218 1385.3973388671875 215.88232421875
      vertex 226 1385.3973388671875 215.88232421875
    endloop
  endfacet
  facet normal 0 -0.18736101494022242 0.98229112287578457
    outer loop
      vertex 218 1387.3619384765625 216.25704956054688
      vertex 226 1385.3973388671875 215.88232421875
      vertex 226 1387.3619384765625 216.25704956054688
    endloop
  endfacet
  facet normal -0 -0.18736101494022242 0.98229112287578457
    outer loop
      vertex 210 1387.3619384765625 216.25704956054688
      vertex 210 1385.3973388671875 215.88232421875
      vertex 218 1385.3973388671875 215.88232421875
    endloop
  endfacet
  facet normal 0 -0.18736101494022242 0.98229112287578457
    outer loop
      vertex 210 1387.3619384765625 216.25704956054688
      vertex 218 1385.3973388671875 215.88232421875
      vertex 218 1387.3619384765625 216.25704956054688
    endloop
  endfacet
  facet normal -0 -0.18736101494022242 0.98229112287578457
    outer loop
      vertex 226 1387.3619384765625 216.25704956054688
      vertex 226 1385.3973388671875 215.88232421875
      vertex 234 1385.3973388671875 215.88232421875
    endloop
  endfacet
  facet normal 0 -0.18736101494022242 0.98229112287578457
    outer loop
      vertex 226 1387.3619384765625 216.25704956054688
      vertex 234 1385.3973388671875 215.88232421875
      vertex 234 1387.3619384765625 216.25704956054688
    endloop
  endfacet
  facet normal -0 -0.18736101494022242 0.98229112287578457
    outer loop
      vertex 250 1387.3619384765625 216.25704956054688
      vertex 250 1385.3973388671875 215.88232421875
      vertex 258 1385.3973388671875 215.88232421875
    endloop
  endfacet
  facet normal 0 -0.18736101494022242 0.98229112287578457
    outer loop
      vertex 250 1387.3619384765625 216.25704956054688
      vertex 258 1385.3973388671875 215.88232421875
      vertex 258 1387.3619384765625 216.25704956054688
    endloop
  endfacet
  facet normal 1 0 0
    outer loop
      vertex 213.19999694824219 1389.2877197265625 206.16073608398438
      vertex 213.19999694824219 1387.811279296875 213.9012451171875
      vertex 213.19999694824219 1385.8466796875 213.52650451660156
    endloop
  endfacet
  facet normal 1 -0 0
    outer loop
      vertex 213.19999694824219 1389.2877197265625 206.16073608398438
      vertex 213.19999694824219 1385.8466796875 213.52650451660156
      vertex 213.19999694824219 1387.3231201171875 205.7860107421875
    endloop
  endfacet
  facet normal 1 -0 -0
    outer loop
      vertex 213.19999694824219 1392.2406005859375 190.67971801757812
      vertex 213.19999694824219 1390.76416015625 198.42022705078125
      vertex 213.19999694824219 1388.799560546875 198.04550170898438
    endloop
  endfacet
  facet normal 1 -0 0
    outer loop
      vertex 213.19999694824219 1392.2406005859375 190.67971801757812
      vertex 213.19999694824219 1388.799560546875 198.04550170898438
      vertex 213.19999694824219 1390.2760009765625 190.30499267578125
    endloop
  endfacet
  facet normal 1 -0 -0
    outer loop
      vertex 213.19999694824219 1390.76416015625 198.42022705078125
      vertex 213.19999694824219 1389.2877197265625 206.16073608398438
      vertex 213.19999694824219 1387.3231201171875 205.7860107421875
    endloop
  endfacet
  facet normal 1 -0 0
    outer loop
      vertex 213.19999694824219 1390.76416015625 198.42022705078125
      vertex 213.19999694824219 1387.3231201171875 205.7860107421875
      vertex 213.19999694824219 1388.799560546875 198.04550170898438
    endloop
  endfacet
  facet normal 1 0 0
    outer loop
      vertex 213.19999694824219 1395.1934814453125 175.19871520996094
      vertex 213.19999694824219 1393.717041015625 182.93922424316406
      vertex 213.19999694824219 1391.75244140625 182.56448364257812
    endloop
  endfacet
  facet normal 1 -0 0
    outer loop
      vertex 213.19999694824219 1395.1934814453125 175.19871520996094
      vertex 213.19999694824219 1391.75244140625 182.56448364257812
      vertex 213.19999694824219 1393.2288818359375 174.823974609375
    endloop
  endfacet
  facet normal 1 -0 -0
    outer loop
      vertex 213.19999694824219 1398.1463623046875 159.71769714355469
      vertex 213.19999694824219 1396.669921875 167.45820617675781
      vertex 213.19999694824219 1394.705322265625 167.08348083496094
    endloop
  endfacet
  facet normal 1 -0 0
    outer loop
      vertex 213.19999694824219 1398.1463623046875 159.71769714355469
      vertex 213.19999694824219 1394.705322265625 167.08348083496094
      vertex 213.19999694824219 1396.181884765625 159.34297180175781
    endloop
  endfacet
  facet normal 1 0 0
    outer loop
      vertex 213.19999694824219 1396.669921875 167.45820617675781
      vertex 213.19999694824219 1395.1934814453125 175.19871520996094
      vertex 213.19999694824219 1393.2288818359375 174.823974609375
    endloop
  endfacet
  facet normal 1 -0 0
    outer loop
      vertex 213.19999694824219 1396.669921875 167.45820617675781
      vertex 213.19999694824219 1393.2288818359375 174.823974609375
      vertex 213.19999694824219 1394.705322265625 167.08348083496094
    endloop
  endfacet
  facet normal 1 -0 -0
    outer loop
      vertex 213.19999694824219 1393.717041015625 182.93922424316406
      vertex 213.19999694824219 1392.2406005859375 190.67971801757812
      vertex 213.19999694824219 1390.2760009765625 190.30499267578125
    endloop
  endfacet
  facet normal 1 -0 0
    outer loop
      vertex 213.19999694824219 1393.717041015625 182.93922424316406
      vertex 213.19999694824219 1390.2760009765625 190.30499267578125
      vertex 213.19999694824219 1391.75244140625 182.56448364257812
    endloop
  endfacet
  facet normal 0 0.18736837643049642 -0.98228971872548865
    outer loop
      vertex 279.44000244140625 1387.811279296875 213.9012451171875
      vertex 286.79998779296875 1387.811279296875 213.9012451171875
      vertex 286.79998779296875 1385.8466796875 213.52650451660156
    endloop
  endfacet
  facet normal 0 0.18736837643049642 -0.98228971872548865
    outer loop
      vertex 279.44000244140625 1387.811279296875 213.9012451171875
      vertex 286.79998779296875 1385.8466796875 213.52650451660156
      vertex 279.44000244140625 1385.8466796875 213.52650451660156
    endloop
  endfacet
  facet normal 0 0.18736837643049642 -0.98228971872548865
    outer loop
      vertex 264.72000122070312 1387.811279296875 213.9012451171875
      vertex 272.07998657226562 1387.811279296875 213.9012451171875
      vertex 272.07998657226562 1385.8466796875 213.52650451660156
    endloop
  endfacet
  facet normal 0 0.18736837643049642 -0.98228971872548865
    outer loop
      vertex 264.72000122070312 1387.811279296875 213.9012451171875
      vertex 272.07998657226562 1385.8466796875 213.52650451660156
      vertex 264.72000122070312 1385.8466796875 213.52650451660156
    endloop
  endfacet
  facet normal 0 0.18736837643049642 -0.98228971872548865
    outer loop
      vertex 257.3599853515625 1387.811279296875 213.9012451171875
      vertex 264.72000122070312 1387.811279296875 213.9012451171875
      vertex 264.72000122070312 1385.8466796875 213.52650451660156
    endloop
  endfacet
  facet normal 0 0.18736837643049642 -0.98228971872548865
    outer loop
      vertex 257.3599853515625 1387.811279296875 213.9012451171875
      vertex 264.72000122070312 1385.8466796875 213.52650451660156
      vertex 257.3599853515625 1385.8466796875 213.52650451660156
    endloop
  endfacet
  facet normal 0 0.18736837643049642 -0.98228971872548865
    outer loop
      vertex 272.07998657226562 1387.811279296875 213.9012451171875
      vertex 279.44000244140625 1387.811279296875 213.9012451171875
      vertex 279.44000244140625 1385.8466796875 213.52650451660156
    endloop
  endfacet
  facet normal 0 0.18736837643049642 -0.98228971872548865
    outer loop
      vertex 272.07998657226562 1387.811279296875 213.9012451171875
      vertex 279.44000244140625 1385.8466796875 213.52650451660156
      vertex 272.07998657226562 1385.8466796875 213.52650451660156
    endloop
  endfacet
  facet normal 0 0.18736837643049642 -0.98228971872548865
    outer loop
      vertex 242.63999938964844 1387.811279296875 213.9012451171875
      vertex 250 1387.811279296875 213.9012451171875
      vertex 250 1385.8466796875 213.52650451660156
    endloop
  endfacet
  facet normal -6.8160041411350408e-18 0.18736837643049645 -0.98228971872548887
    outer loop
      vertex 242.63999938964844 1387.811279296875 213.9012451171875
      vertex 250 1385.8466796875 213.52650451660156
      vertex 242.63999938964844 1385.8466796875 213.52650451660156
    endloop
  endfacet
  facet normal 0 0.18736837643049642 -0.98228971872548865
    outer loop
      vertex 235.27999877929688 1387.811279296875 213.9012451171875
      vertex 242.63999938964844 1387.811279296875 213.9012451171875
      vertex 242.63999938964844 1385.8466796875 213.52650451660156
    endloop
  endfacet
  facet normal -6.8160041411350408e-18 0.18736837643049645 -0.98228971872548887
    outer loop
      vertex 235.27999877929688 1387.811279296875 213.9012451171875
      vertex 242.63999938964844 1385.8466796875 213.52650451660156
      vertex 235.27999877929688 1385.8466796875 213.52650451660156
    endloop
  endfacet
  facet normal 0 0.18736837643049642 -0.98228971872548865
    outer loop
      vertex 220.55999755859375 1387.811279296875 213.9012451171875
      vertex 227.91999816894531 1387.811279296875 213.9012451171875
      vertex 227.91999816894531 1385.8466796875 213.52650451660156
    endloop
  endfacet
  facet normal -6.8160041411350408e-18 0.18736837643049645 -0.98228971872548887
    outer loop
      vertex 220.55999755859375 1387.811279296875 213.9012451171875
      vertex 227.91999816894531 1385.8466796875 213.52650451660156
      vertex 220.55999755859375 1385.8466796875 213.52650451660156
    endloop
  endfacet
  facet normal 0 0.18736837643049642 -0.98228971872548865
    outer loop
      vertex 213.19999694824219 1387.811279296875 213.9012451171875
      vertex 220.55999755859375 1387.811279296875 213.9012451171875
      vertex 220.55999755859375 1385.8466796875 213.52650451660156
    endloop
  endfacet
  facet normal -6.8160041411350408e-18 0.18736837643049645 -0.98228971872548887
    outer loop
      vertex 213.19999694824219 1387.811279296875 213.9012451171875
      vertex 220.55999755859375 1385.8466796875 213.52650451660156
      vertex 213.19999694824219 1385.8466796875 213.52650451660156
    endloop
  endfacet
  facet normal 0 0.18736837643049642 -0.98228971872548865
    outer loop
      vertex 227.91999816894531 1387.811279296875 213.9012451171875
      vertex 235.27999877929688 1387.811279296875 213.9012451171875
      vertex 235.27999877929688 1385.8466796875 213.52650451660156
    endloop
  endfacet
  facet normal -6.8160041411350408e-18 0.18736837643049645 -0.98228971872548887
    outer loop
      vertex 227.91999816894531 1387.811279296875 213.9012451171875
      vertex 235.27999877929688 1385.8466796875 213.52650451660156
      vertex 227.91999816894531 1385.8466796875 213.52650451660156
    endloop
  endfacet
  facet normal 0 0.18736837643049642 -0.98228971872548865
    outer loop
      vertex 250 1387.811279296875 213.9012451171875
      vertex 257.3599853515625 1387.811279296875 213.9012451171875
      vertex 257.3599853515625 1385.8466796875 213.52650451660156
    endloop
  endfacet
  facet normal 0 0.18736837643049642 -0.98228971872548865
    outer loop
      vertex 250 1387.811279296875 213.9012451171875
      vertex 257.3599853515625 1385.8466796875 213.52650451660156
      vertex 250 1385.8466796875 213.52650451660156
    endloop
  endfacet
  facet normal -1 0 0
    outer loop
      vertex 286.79998779296875 1396.669921875 167.45820617675781
      vertex 286.79998779296875 1398.1463623046875 159.71769714355469
      vertex 286.79998779296875 1396.181884765625 159.34297180175781
    endloop
  endfacet
  facet normal -1 0 -0
    outer loop
      vertex 286.79998779296875 1396.669921875 167.45820617675781
      vertex 286.79998779296875 1396.181884765625 159.34297180175781
      vertex 286.79998779296875 1394.705322265625 167.08348083496094
    endloop
  endfacet
  facet normal -1 0 0
    outer loop
      vertex 286.79998779296875 1393.717041015625 182.93922424316406
      vertex 286.79998779296875 1395.1934814453125 175.19871520996094
      vertex 286.79998779296875 1393.2288818359375 174.823974609375
    endloop
  endfacet
  facet normal -1 0 -0
    outer loop
      vertex 286.79998779296875 1393.717041015625 182.93922424316406
      vertex 286.79998779296875 1393.2288818359375 174.823974609375
      vertex 286.79998779296875 1391.75244140625 182.56448364257812
    endloop
  endfacet
  facet normal -1 0 0
    outer loop
      vertex 286.79998779296875 1395.1934814453125 175.19871520996094
      vertex 286.79998779296875 1396.669921875 167.45820617675781
      vertex 286.79998779296875 1394.705322265625 167.08348083496094
    endloop
  endfacet
  facet normal -1 0 -0
    outer loop
      vertex 286.79998779296875 1395.1934814453125 175.19871520996094
      vertex 286.79998779296875 1394.705322265625 167.08348083496094
      vertex 286.79998779296875 1393.2288818359375 174.823974609375
    endloop
  endfacet
  facet normal -1 0 0
    outer loop
      vertex 286.79998779296875 1390.76416015625 198.42022705078125
      vertex 286.79998779296875 1392.2406005859375 190.67971801757812
      vertex 286.79998779296875 1390.2760009765625 190.30499267578125
    endloop
  endfacet
  facet normal -1 0 -0
    outer loop
      vertex 286.79998779296875 1390.76416015625 198.42022705078125
      vertex 286.79998779296875 1390.2760009765625 190.30499267578125
      vertex 286.79998779296875 1388.799560546875 198.04550170898438
    endloop
  endfacet
  facet normal -1 0 0
    outer loop
      vertex 286.79998779296875 1387.811279296875 213.9012451171875
      vertex 286.79998779296875 1389.2877197265625 206.16073608398438
      vertex 286.79998779296875 1387.3231201171875 205.7860107421875
    endloop
  endfacet
  facet normal -1 0 -0
    outer loop
      vertex 286.79998779296875 1387.811279296875 213.9012451171875
      vertex 286.79998779296875 1387.3231201171875 205.7860107421875
      vertex 286.79998779296875 1385.8466796875 213.52650451660156
    endloop
  endfacet
  facet normal -1 0 0
    outer loop
      vertex 286.79998779296875 1389.2877197265625 206.16073608398438
      vertex 286.79998779296875 1390.76416015625 198.42022705078125
      vertex 286.79998779296875 1388.799560546875 198.04550170898438
    endloop
  endfacet
  facet normal -1 0 -0
    outer loop
      vertex 286.79998779296875 1389.2877197265625 206.16073608398438
      vertex 286.79998779296875 1388.799560546875 198.04550170898438
      vertex 286.79998779296875 1387.3231201171875 205.7860107421875
    endloop
  endfacet
  facet normal -1 0 0
    outer loop
      vertex 286.79998779296875 1392.2406005859375 190.67971801757812
      vertex 286.79998779296875 1393.717041015625 182.93922424316406
      vertex 286.79998779296875 1391.75244140625 182.56448364257812
    endloop
  endfacet
  facet normal -1 0 -0
    outer loop
      vertex 286.79998779296875 1392.2406005859375 190.67971801757812
      vertex 286.79998779296875 1391.75244140625 182.56448364257812
      vertex 286.79998779296875 1390.2760009765625 190.30499267578125
    endloop
  endfacet
  facet normal 0 -0.18737224859922008 0.98228898011474841
    outer loop
      vertex 220.55999755859375 1398.1463623046875 159.71769714355469
      vertex 213.19999694824219 1398.1463623046875 159.71769714355469
      vertex 213.19999694824219 1396.181884765625 159.34297180175781
    endloop
  endfacet
  facet normal 0 -0.18737224859922008 0.98228898011474841
    outer loop
      vertex 220.55999755859375 1398.1463623046875 159.71769714355469
      vertex 213.19999694824219 1396.181884765625 159.34297180175781
      vertex 220.55999755859375 1396.181884765625 159.34297180175781
    endloop
  endfacet
  facet normal 0 -0.18737224859922008 0.98228898011474841
    outer loop
      vertex 235.27999877929688 1398.1463623046875 159.71769714355469
      vertex 227.91999816894531 1398.1463623046875 159.71769714355469
      vertex 227.91999816894531 1396.181884765625 159.34297180175781
    endloop
  endfacet
  facet normal 0 -0.18737224859922008 0.98228898011474841
    outer loop
      vertex 235.27999877929688 1398.1463623046875 159.71769714355469
      vertex 227.91999816894531 1396.181884765625 159.34297180175781
      vertex 235.27999877929688 1396.181884765625 159.34297180175781
    endloop
  endfacet
  facet normal 0 -0.18737224859922008 0.98228898011474841
    outer loop
      vertex 242.63999938964844 1398.1463623046875 159.71769714355469
      vertex 235.27999877929688 1398.1463623046875 159.71769714355469
      vertex 235.27999877929688 1396.181884765625 159.34297180175781
    endloop
  endfacet
  facet normal 0 -0.18737224859922008 0.98228898011474841
    outer loop
      vertex 242.63999938964844 1398.1463623046875 159.71769714355469
      vertex 235.27999877929688 1396.181884765625 159.34297180175781
      vertex 242.63999938964844 1396.181884765625 159.34297180175781
    endloop
  endfacet
  facet normal 0 -0.18737224859922008 0.98228898011474841
    outer loop
      vertex 227.91999816894531 1398.1463623046875 159.71769714355469
      vertex 220.55999755859375 1398.1463623046875 159.71769714355469
      vertex 220.55999755859375 1396.181884765625 159.34297180175781
    endloop
  endfacet
  facet normal 0 -0.18737224859922008 0.98228898011474841
    outer loop
      vertex 227.91999816894531 1398.1463623046875 159.71769714355469
      vertex 220.55999755859375 1396.181884765625 159.34297180175781
      vertex 227.91999816894531 1396.181884765625 159.34297180175781
    endloop
  endfacet
  facet normal 0 -0.18737224859922005 0.98228898011474819
    outer loop
      vertex 257.3599853515625 1398.1463623046875 159.71769714355469
      vertex 250 1398.1463623046875 159.71769714355469
      vertex 250 1396.181884765625 159.34297180175781
    endloop
  endfacet
  facet normal 0 -0.18737224859922005 0.98228898011474819
    outer loop
      vertex 257.3599853515625 1398.1463623046875 159.71769714355469
      vertex 250 1396.181884765625 159.34297180175781
      vertex 257.3599853515625 1396.181884765625 159.34297180175781
    endloop
  endfacet
  facet normal 0 -0.18737224859922008 0.9822889801147483
    outer loop
      vertex 264.72000122070312 1398.1463623046875 159.71769714355469
      vertex 257.3599853515625 1398.1463623046875 159.71769714355469
      vertex 257.3599853515625 1396.181884765625 159.34297180175781
    endloop
  endfacet
  facet normal 0 -0.18737224859922008 0.9822889801147483
    outer loop
      vertex 264.72000122070312 1398.1463623046875 159.71769714355469
      vertex 257.3599853515625 1396.181884765625 159.34297180175781
      vertex 264.72000122070312 1396.181884765625 159.34297180175781
    endloop
  endfacet
  facet normal 0 -0.18737224859922008 0.9822889801147483
    outer loop
      vertex 279.44000244140625 1398.1463623046875 159.71769714355469
      vertex 272.07998657226562 1398.1463623046875 159.71769714355469
      vertex 272.07998657226562 1396.181884765625 159.34297180175781
    endloop
  endfacet
  facet normal 0 -0.18737224859922008 0.9822889801147483
    outer loop
      vertex 279.44000244140625 1398.1463623046875 159.71769714355469
      vertex 272.07998657226562 1396.181884765625 159.34297180175781
      vertex 279.44000244140625 1396.181884765625 159.34297180175781
    endloop
  endfacet
  facet normal 0 -0.18737224859922005 0.98228898011474819
    outer loop
      vertex 286.79998779296875 1398.1463623046875 159.71769714355469
      vertex 279.44000244140625 1398.1463623046875 159.71769714355469
      vertex 279.44000244140625 1396.181884765625 159.34297180175781
    endloop
  endfacet
  facet normal 0 -0.18737224859922005 0.98228898011474819
    outer loop
      vertex 286.79998779296875 1398.1463623046875 159.71769714355469
      vertex 279.44000244140625 1396.181884765625 159.34297180175781
      vertex 286.79998779296875 1396.181884765625 159.34297180175781
    endloop
  endfacet
  facet normal 0 -0.18737224859922005 0.98228898011474819
    outer loop
      vertex 272.07998657226562 1398.1463623046875 159.71769714355469
      vertex 264.72000122070312 1398.1463623046875 159.71769714355469
      vertex 264.72000122070312 1396.181884765625 159.34297180175781
    endloop
  endfacet
  facet normal 0 -0.18737224859922005 0.98228898011474819
    outer loop
      vertex 272.07998657226562 1398.1463623046875 159.71769714355469
      vertex 264.72000122070312 1396.181884765625 159.34297180175781
      vertex 272.07998657226562 1396.181884765625 159.34297180175781
    endloop
  endfacet
  facet normal 0 -0.18737224859922008 0.98228898011474841
    outer loop
      vertex 250 1398.1463623046875 159.71769714355469
      vertex 242.63999938964844 1398.1463623046875 159.71769714355469
      vertex 242.63999938964844 1396.181884765625 159.34297180175781
    endloop
  endfacet
  facet normal 0 -0.18737224859922008 0.98228898011474841
    outer loop
      vertex 250 1398.1463623046875 159.71769714355469
      vertex 242.63999938964844 1396.181884765625 159.34297180175781
      vertex 250 1396.181884765625 159.34297180175781
    endloop
  endfacet
  facet normal 5.9596893779977199e-06 -0.98228982142490573 -0.18736783792718784
    outer loop
      vertex 210 1395.0263671875 165.4007568359375
      vertex 210 1396.6312255859375 156.98716735839844
      vertex 213.19999694824219 1396.181884765625 159.34297180175781
    endloop
  endfacet
  facet normal -1.6019952846820679e-05 -0.98228768432014424 -0.18737904092061558
    outer loop
      vertex 210 1395.0263671875 165.4007568359375
      vertex 213.19999694824219 1396.181884765625 159.34297180175781
      vertex 213.19999694824219 1394.705322265625 167.08348083496094
    endloop
  endfacet
  facet normal 0 -0.98229131135307923 -0.18736002679399882
    outer loop
      vertex 210 1396.6312255859375 156.98716735839844
      vertex 218 1396.6312255859375 156.98716735839844
      vertex 220.55999755859375 1396.181884765625 159.34297180175781
    endloop
  endfacet
  facet normal 0 -0.98229131135307923 -0.18736002679399882
    outer loop
      vertex 210 1396.6312255859375 156.98716735839844
      vertex 220.55999755859375 1396.181884765625 159.34297180175781
      vertex 213.19999694824219 1396.181884765625 159.34297180175781
    endloop
  endfacet
  facet normal -1.3632661180910145e-05 -0.98228982135107112 -0.18736783791310418
    outer loop
      vertex 210 1391.816650390625 182.22793579101562
      vertex 210 1393.4215087890625 173.81434631347656
      vertex 213.19999694824219 1393.2288818359375 174.823974609375
    endloop
  endfacet
  facet normal -4.6545131730056068e-06 -0.982290535604042 -0.1873640937881634
    outer loop
      vertex 210 1391.816650390625 182.22793579101562
      vertex 213.19999694824219 1393.2288818359375 174.823974609375
      vertex 213.19999694824219 1391.75244140625 182.56448364257812
    endloop
  endfacet
  facet normal -1.4740427757030158e-05 -0.98229046753057725 -0.18736445015338374
    outer loop
      vertex 213.19999694824219 1394.705322265625 167.08348083496094
      vertex 213.19999694824219 1393.2288818359375 174.823974609375
      vertex 210 1393.4215087890625 173.81434631347656
    endloop
  endfacet
  facet normal -2.2125475081016325e-05 -0.98228982120191666 -0.18736783788465358
    outer loop
      vertex 213.19999694824219 1394.705322265625 167.08348083496094
      vertex 210 1393.4215087890625 173.81434631347656
      vertex 210 1395.0263671875 165.4007568359375
    endloop
  endfacet
  facet normal 0 -0.98229131135307923 -0.18736002679399882
    outer loop
      vertex 226 1396.6312255859375 156.98716735839844
      vertex 234 1396.6312255859375 156.98716735839844
      vertex 235.27999877929688 1396.181884765625 159.34297180175781
    endloop
  endfacet
  facet normal 0 -0.98229131135307923 -0.18736002679399882
    outer loop
      vertex 226 1396.6312255859375 156.98716735839844
      vertex 235.27999877929688 1396.181884765625 159.34297180175781
      vertex 227.91999816894531 1396.181884765625 159.34297180175781
    endloop
  endfacet
  facet normal 0 -0.98229131135307923 -0.18736002679399882
    outer loop
      vertex 242 1396.6312255859375 156.98716735839844
      vertex 250 1396.6312255859375 156.98716735839844
      vertex 250 1396.181884765625 159.34297180175781
    endloop
  endfacet
  facet normal 0 -0.98229131135307923 -0.18736002679399882
    outer loop
      vertex 242 1396.6312255859375 156.98716735839844
      vertex 250 1396.181884765625 159.34297180175781
      vertex 242.63999938964844 1396.181884765625 159.34297180175781
    endloop
  endfacet
  facet normal 0 -0.98229131135307923 -0.18736002679399882
    outer loop
      vertex 234 1396.6312255859375 156.98716735839844
      vertex 242 1396.6312255859375 156.98716735839844
      vertex 242.63999938964844 1396.181884765625 159.34297180175781
    endloop
  endfacet
  facet normal -0 -0.98229131135307934 -0.18736002679399885
    outer loop
      vertex 234 1396.6312255859375 156.98716735839844
      vertex 242.63999938964844 1396.181884765625 159.34297180175781
      vertex 235.27999877929688 1396.181884765625 159.34297180175781
    endloop
  endfacet
  facet normal 0 -0.98229131135307923 -0.18736002679399882
    outer loop
      vertex 227.91999816894531 1396.181884765625 159.34297180175781
      vertex 220.55999755859375 1396.181884765625 159.34297180175781
      vertex 218 1396.6312255859375 156.98716735839844
    endloop
  endfacet
  facet normal 0 -0.98229131135307923 -0.18736002679399882
    outer loop
      vertex 227.91999816894531 1396.181884765625 159.34297180175781
      vertex 218 1396.6312255859375 156.98716735839844
      vertex 226 1396.6312255859375 156.98716735839844
    endloop
  endfacet
  facet normal -0 -0.98229131135307923 -0.18736002679399882
    outer loop
      vertex 257.3599853515625 1396.181884765625 159.34297180175781
      vertex 250 1396.181884765625 159.34297180175781
      vertex 250 1396.6312255859375 156.98716735839844
    endloop
  endfacet
  facet normal 0 -0.98229131135307923 -0.18736002679399882
    outer loop
      vertex 257.3599853515625 1396.181884765625 159.34297180175781
      vertex 250 1396.6312255859375 156.98716735839844
      vertex 258 1396.6312255859375 156.98716735839844
    endloop
  endfacet
  facet normal 4.6545131730056068e-06 -0.982290535604042 -0.1873640937881634
    outer loop
      vertex 213.19999694824219 1391.75244140625 182.56448364257812
      vertex 213.19999694824219 1390.2760009765625 190.30499267578125
      vertex 210 1390.2117919921875 190.64154052734375
    endloop
  endfacet
  facet normal -4.2821452266341621e-06 -0.98228988397470773 -0.18736751005075111
    outer loop
      vertex 213.19999694824219 1391.75244140625 182.56448364257812
      vertex 210 1390.2117919921875 190.64154052734375
      vertex 210 1391.816650390625 182.22793579101562
    endloop
  endfacet
  facet normal 4.6545131730056068e-06 -0.982290535604042 -0.1873640937881634
    outer loop
      vertex 210 1390.2117919921875 190.64154052734375
      vertex 213.19999694824219 1390.2760009765625 190.30499267578125
      vertex 213.19999694824219 1388.799560546875 198.04550170898438
    endloop
  endfacet
  facet normal 1.3632661180927185e-05 -0.98228982135107112 -0.18736783791310418
    outer loop
      vertex 210 1388.60693359375 199.05513000488281
      vertex 210 1390.2117919921875 190.64154052734375
      vertex 213.19999694824219 1388.799560546875 198.04550170898438
    endloop
  endfacet
  facet normal -6.9582788980517413e-06 -0.98229244435819507 -0.18735408644698548
    outer loop
      vertex 213.19999694824219 1387.3231201171875 205.7860107421875
      vertex 210 1387.002197265625 207.46871948242188
      vertex 210 1388.60693359375 199.05513000488281
    endloop
  endfacet
  facet normal -1.2606255689042287e-05 -0.98229046755924165 -0.18736445015885125
    outer loop
      vertex 213.19999694824219 1387.3231201171875 205.7860107421875
      vertex 213.19999694824219 1385.8466796875 213.52650451660156
      vertex 210 1387.002197265625 207.46871948242188
    endloop
  endfacet
  facet normal -6.6029657311334234e-06 -0.98228988396230033 -0.18736751004838445
    outer loop
      vertex 210 1385.3973388671875 215.88232421875
      vertex 210 1387.002197265625 207.46871948242188
      vertex 213.19999694824219 1385.8466796875 213.52650451660156
    endloop
  endfacet
  facet normal 1.4856961989884654e-05 -0.98229053550627243 -0.18736409376951463
    outer loop
      vertex 213.19999694824219 1387.3231201171875 205.7860107421875
      vertex 210 1388.60693359375 199.05513000488281
      vertex 213.19999694824219 1388.799560546875 198.04550170898438
    endloop
  endfacet
  facet normal 0 -0.98229153469535835 -0.18735885585111123
    outer loop
      vertex 226 1385.3973388671875 215.88232421875
      vertex 220.55999755859375 1385.8466796875 213.52650451660156
      vertex 227.91999816894531 1385.8466796875 213.52650451660156
    endloop
  endfacet
  facet normal 0 -0.98229153469535835 -0.18735885585111123
    outer loop
      vertex 242 1385.3973388671875 215.88232421875
      vertex 235.27999877929688 1385.8466796875 213.52650451660156
      vertex 242.63999938964844 1385.8466796875 213.52650451660156
    endloop
  endfacet
  facet normal 0 -0.98229153469535835 -0.18735885585111123
    outer loop
      vertex 234 1385.3973388671875 215.88232421875
      vertex 227.91999816894531 1385.8466796875 213.52650451660156
      vertex 235.27999877929688 1385.8466796875 213.52650451660156
    endloop
  endfacet
  facet normal -0 -0.98229153469535846 -0.18735885585111126
    outer loop
      vertex 210 1385.3973388671875 215.88232421875
      vertex 213.19999694824219 1385.8466796875 213.52650451660156
      vertex 218 1385.3973388671875 215.88232421875
    endloop
  endfacet
  facet normal 0 -0.98229153469535835 -0.18735885585111123
    outer loop
      vertex 218 1385.3973388671875 215.88232421875
      vertex 213.19999694824219 1385.8466796875 213.52650451660156
      vertex 220.55999755859375 1385.8466796875 213.52650451660156
    endloop
  endfacet
  facet normal -0 -0.98229153469535846 -0.18735885585111126
    outer loop
      vertex 226 1385.3973388671875 215.88232421875
      vertex 218 1385.3973388671875 215.88232421875
      vertex 220.55999755859375 1385.8466796875 213.52650451660156
    endloop
  endfacet
  facet normal -0 -0.98229153469535846 -0.18735885585111126
    outer loop
      vertex 234 1385.3973388671875 215.88232421875
      vertex 226 1385.3973388671875 215.88232421875
      vertex 227.91999816894531 1385.8466796875 213.52650451660156
    endloop
  endfacet
  facet normal -0 -0.98229153469535846 -0.18735885585111126
    outer loop
      vertex 234 1385.3973388671875 215.88232421875
      vertex 235.27999877929688 1385.8466796875 213.52650451660156
      vertex 242 1385.3973388671875 215.88232421875
    endloop
  endfacet
  facet normal -0 -0.98229153469535846 -0.18735885585111126
    outer loop
      vertex 242 1385.3973388671875 215.88232421875
      vertex 242.63999938964844 1385.8466796875 213.52650451660156
      vertex 250 1385.3973388671875 215.88232421875
    endloop
  endfacet
  facet normal 0 -0.98229131135307923 -0.18736002679399882
    outer loop
      vertex 258 1396.6312255859375 156.98716735839844
      vertex 266 1396.6312255859375 156.98716735839844
      vertex 264.72000122070312 1396.181884765625 159.34297180175781
    endloop
  endfacet
  facet normal -0 -0.98229131135307923 -0.18736002679399882
    outer loop
      vertex 258 1396.6312255859375 156.98716735839844
      vertex 264.72000122070312 1396.181884765625 159.34297180175781
      vertex 257.3599853515625 1396.181884765625 159.34297180175781
    endloop
  endfacet
  facet normal 0 -0.98229131135307923 -0.18736002679399882
    outer loop
      vertex 274 1396.6312255859375 156.98716735839844
      vertex 282 1396.6312255859375 156.98716735839844
      vertex 279.44000244140625 1396.181884765625 159.34297180175781
    endloop
  endfacet
  facet normal -0 -0.98229131135307923 -0.18736002679399882
    outer loop
      vertex 274 1396.6312255859375 156.98716735839844
      vertex 279.44000244140625 1396.181884765625 159.34297180175781
      vertex 272.07998657226562 1396.181884765625 159.34297180175781
    endloop
  endfacet
  facet normal 0 -0.98229131135307923 -0.18736002679399882
    outer loop
      vertex 266 1396.6312255859375 156.98716735839844
      vertex 274 1396.6312255859375 156.98716735839844
      vertex 272.07998657226562 1396.181884765625 159.34297180175781
    endloop
  endfacet
  facet normal -0 -0.98229131135307923 -0.18736002679399882
    outer loop
      vertex 266 1396.6312255859375 156.98716735839844
      vertex 272.07998657226562 1396.181884765625 159.34297180175781
      vertex 264.72000122070312 1396.181884765625 159.34297180175781
    endloop
  endfacet
  facet normal -0 -0.98229131135307923 -0.18736002679399882
    outer loop
      vertex 286.79998779296875 1396.181884765625 159.34297180175781
      vertex 279.44000244140625 1396.181884765625 159.34297180175781
      vertex 282 1396.6312255859375 156.98716735839844
    endloop
  endfacet
  facet normal 0 -0.98229131135307923 -0.18736002679399882
    outer loop
      vertex 286.79998779296875 1396.181884765625 159.34297180175781
      vertex 282 1396.6312255859375 156.98716735839844
      vertex 290 1396.6312255859375 156.98716735839844
    endloop
  endfacet
  facet normal -1.4507237761084682e-05 -0.98228768434282476 -0.18737904092494206
    outer loop
      vertex 286.79998779296875 1394.705322265625 167.08348083496094
      vertex 286.79998779296875 1396.181884765625 159.34297180175781
      vertex 290 1396.6312255859375 156.98716735839844
    endloop
  endfacet
  facet normal 2.2125369578921397e-05 -0.9822898212019191 -0.18736783788465405
    outer loop
      vertex 286.79998779296875 1394.705322265625 167.08348083496094
      vertex 290 1396.6312255859375 156.98716735839844
      vertex 290 1395.0263671875 165.4007568359375
    endloop
  endfacet
  facet normal 1.3632596175565711e-05 -0.9822898213510719 -0.18736783791310435
    outer loop
      vertex 290 1395.0263671875 165.4007568359375
      vertex 290 1393.4215087890625 173.81434631347656
      vertex 286.79998779296875 1393.2288818359375 174.823974609375
    endloop
  endfacet
  facet normal 2.3971649170507302e-05 -0.98229046735506154 -0.18736445011990543
    outer loop
      vertex 290 1395.0263671875 165.4007568359375
      vertex 286.79998779296875 1393.2288818359375 174.823974609375
      vertex 286.79998779296875 1394.705322265625 167.08348083496094
    endloop
  endfacet
  facet normal 1.4856891146643565e-05 -0.98229053550627332 -0.18736409376951479
    outer loop
      vertex 286.79998779296875 1391.75244140625 182.56448364257812
      vertex 286.79998779296875 1393.2288818359375 174.823974609375
      vertex 290 1393.4215087890625 173.81434631347656
    endloop
  endfacet
  facet normal 4.2463867037139889e-06 -0.98228982143349386 -0.187367837928826
    outer loop
      vertex 286.79998779296875 1391.75244140625 182.56448364257812
      vertex 290 1393.4215087890625 173.81434631347656
      vertex 290 1391.816650390625 182.22793579101562
    endloop
  endfacet
  facet normal 4.6544909786419292e-06 -0.982290535604042 -0.1873640937881634
    outer loop
      vertex 286.79998779296875 1390.2760009765625 190.30499267578125
      vertex 286.79998779296875 1391.75244140625 182.56448364257812
      vertex 290 1391.816650390625 182.22793579101562
    endloop
  endfacet
  facet normal -4.2821248078524446e-06 -0.98228988397470796 -0.18736751005075117
    outer loop
      vertex 286.79998779296875 1390.2760009765625 190.30499267578125
      vertex 290 1391.816650390625 182.22793579101562
      vertex 290 1390.2117919921875 190.64154052734375
    endloop
  endfacet
  facet normal 0 -0.98229153469535846 -0.18735885585111123
    outer loop
      vertex 250 1385.3973388671875 215.88232421875
      vertex 250 1385.8466796875 213.52650451660156
      vertex 257.3599853515625 1385.8466796875 213.52650451660156
    endloop
  endfacet
  facet normal 0 -0.98229153469535835 -0.18735885585111123
    outer loop
      vertex 258 1385.3973388671875 215.88232421875
      vertex 257.3599853515625 1385.8466796875 213.52650451660156
      vertex 264.72000122070312 1385.8466796875 213.52650451660156
    endloop
  endfacet
  facet normal 0 -0.98229153469535846 -0.18735885585111123
    outer loop
      vertex 272.07998657226562 1385.8466796875 213.52650451660156
      vertex 266 1385.3973388671875 215.88232421875
      vertex 264.72000122070312 1385.8466796875 213.52650451660156
    endloop
  endfacet
  facet normal -0 -0.98229153469535846 -0.18735885585111126
    outer loop
      vertex 257.3599853515625 1385.8466796875 213.52650451660156
      vertex 258 1385.3973388671875 215.88232421875
      vertex 250 1385.3973388671875 215.88232421875
    endloop
  endfacet
  facet normal -0 -0.98229153469535846 -0.18735885585111126
    outer loop
      vertex 272.07998657226562 1385.8466796875 213.52650451660156
      vertex 274 1385.3973388671875 215.88232421875
      vertex 266 1385.3973388671875 215.88232421875
    endloop
  endfacet
  facet normal -0 -0.98229153469535846 -0.18735885585111126
    outer loop
      vertex 266 1385.3973388671875 215.88232421875
      vertex 258 1385.3973388671875 215.88232421875
      vertex 264.72000122070312 1385.8466796875 213.52650451660156
    endloop
  endfacet
  facet normal 0 -0.98229153469535835 -0.18735885585111123
    outer loop
      vertex 274 1385.3973388671875 215.88232421875
      vertex 272.07998657226562 1385.8466796875 213.52650451660156
      vertex 279.44000244140625 1385.8466796875 213.52650451660156
    endloop
  endfacet
  facet normal 0 -0.98229153469535835 -0.18735885585111123
    outer loop
      vertex 242.63999938964844 1385.8466796875 213.52650451660156
      vertex 250 1385.8466796875 213.52650451660156
      vertex 250 1385.3973388671875 215.88232421875
    endloop
  endfacet
  facet normal -1.4856891146639569e-05 -0.98229053550627343 -0.18736409376951482
    outer loop
      vertex 286.79998779296875 1387.3231201171875 205.7860107421875
      vertex 286.79998779296875 1388.799560546875 198.04550170898438
      vertex 290 1388.60693359375 199.05513000488281
    endloop
  endfacet
  facet normal 6.9582457185189557e-06 -0.9822924443581954 -0.18735408644698553
    outer loop
      vertex 286.79998779296875 1387.3231201171875 205.7860107421875
      vertex 290 1388.60693359375 199.05513000488281
      vertex 290 1387.002197265625 207.46871948242188
    endloop
  endfacet
  facet normal -1.3632596175576418e-05 -0.9822898213510719 -0.18736783791310435
    outer loop
      vertex 290 1390.2117919921875 190.64154052734375
      vertex 290 1388.60693359375 199.05513000488281
      vertex 286.79998779296875 1388.799560546875 198.04550170898438
    endloop
  endfacet
  facet normal -4.6544909786419292e-06 -0.982290535604042 -0.1873640937881634
    outer loop
      vertex 290 1390.2117919921875 190.64154052734375
      vertex 286.79998779296875 1388.799560546875 198.04550170898438
      vertex 286.79998779296875 1390.2760009765625 190.30499267578125
    endloop
  endfacet
  facet normal -0 -0.98229153469535846 -0.18735885585111126
    outer loop
      vertex 274 1385.3973388671875 215.88232421875
      vertex 279.44000244140625 1385.8466796875 213.52650451660156
      vertex 282 1385.3973388671875 215.88232421875
    endloop
  endfacet
  facet normal 0 -0.98229153469535846 -0.18735885585111123
    outer loop
      vertex 286.79998779296875 1385.8466796875 213.52650451660156
      vertex 282 1385.3973388671875 215.88232421875
      vertex 279.44000244140625 1385.8466796875 213.52650451660156
    endloop
  endfacet
  facet normal 6.6029342458593814e-06 -0.98228988396230044 -0.18736751004838448
    outer loop
      vertex 290 1387.002197265625 207.46871948242188
      vertex 290 1385.3973388671875 215.88232421875
      vertex 286.79998779296875 1385.8466796875 213.52650451660156
    endloop
  endfacet
  facet normal 1.2606195577960219e-05 -0.98229046755924232 -0.18736445015885139
    outer loop
      vertex 290 1387.002197265625 207.46871948242188
      vertex 286.79998779296875 1385.8466796875 213.52650451660156
      vertex 286.79998779296875 1387.3231201171875 205.7860107421875
    endloop
  endfacet
  facet normal -0 -0.98229153469535846 -0.18735885585111126
    outer loop
      vertex 282 1385.3973388671875 215.88232421875
      vertex 286.79998779296875 1385.8466796875 213.52650451660156
      vertex 290 1385.3973388671875 215.88232421875
    endloop
  endfacet
  facet normal 2.4165873098605031e-05 0.98229053532785882 0.18736409373548366
    outer loop
      vertex 310 1396.990966796875 165.77548217773438
      vertex 313.20001220703125 1396.669921875 167.45820617675781
      vertex 313.20001220703125 1398.1463623046875 159.71769714355469
    endloop
  endfacet
  facet normal 3.1511579041793528e-05 0.98228982095465356 0.18736783783748912
    outer loop
      vertex 310 1396.990966796875 165.77548217773438
      vertex 313.20001220703125 1398.1463623046875 159.71769714355469
      vertex 310 1398.5958251953125 157.36189270019531
    endloop
  endfacet
  facet normal 0 0.98228194261410806 0.18740913855587257
    outer loop
      vertex 310 1398.5958251953125 157.36189270019531
      vertex 313.20001220703125 1398.1463623046875 159.71769714355469
      vertex 318 1398.5958251953125 157.36189270019531
    endloop
  endfacet
  facet normal 4.6544909786419292e-06 0.982290535604042 0.1873640937881634
    outer loop
      vertex 310 1393.78125 182.60267639160156
      vertex 313.20001220703125 1393.717041015625 182.93922424316406
      vertex 313.20001220703125 1395.1934814453125 175.19871520996094
    endloop
  endfacet
  facet normal 1.3632596175576418e-05 0.9822898213510719 0.18736783791310435
    outer loop
      vertex 310 1393.78125 182.60267639160156
      vertex 313.20001220703125 1395.1934814453125 175.19871520996094
      vertex 310 1395.3861083984375 174.1890869140625
    endloop
  endfacet
  facet normal 2.2304058536057659e-05 0.98228988373938353 0.18736751000586405
    outer loop
      vertex 313.20001220703125 1396.669921875 167.45820617675781
      vertex 310 1396.990966796875 165.77548217773438
      vertex 310 1395.3861083984375 174.1890869140625
    endloop
  endfacet
  facet normal 1.4856891146639569e-05 0.98229053550627343 0.18736409376951482
    outer loop
      vertex 313.20001220703125 1396.669921875 167.45820617675781
      vertex 310 1395.3861083984375 174.1890869140625
      vertex 313.20001220703125 1395.1934814453125 175.19871520996094
    endloop
  endfacet
  facet normal -0 0.98228194261410806 0.18740913855587257
    outer loop
      vertex 318 1398.5958251953125 157.36189270019531
      vertex 313.20001220703125 1398.1463623046875 159.71769714355469
      vertex 320.55999755859375 1398.1463623046875 159.71769714355469
    endloop
  endfacet
  facet normal 0 0.98228194261410806 0.18740913855587257
    outer loop
      vertex 327.92001342773438 1398.1463623046875 159.71769714355469
      vertex 334 1398.5958251953125 157.36189270019531
      vertex 326 1398.5958251953125 157.36189270019531
    endloop
  endfacet
  facet normal 0 0.98228194261410806 0.18740913855587257
    outer loop
      vertex 342.6400146484375 1398.1463623046875 159.71769714355469
      vertex 350 1398.5958251953125 157.36189270019531
      vertex 342 1398.5958251953125 157.36189270019531
    endloop
  endfacet
  facet normal 0 0.98228194261410806 0.18740913855587257
    outer loop
      vertex 335.27999877929688 1398.1463623046875 159.71769714355469
      vertex 342 1398.5958251953125 157.36189270019531
      vertex 334 1398.5958251953125 157.36189270019531
    endloop
  endfacet
  facet normal -0 0.98228194261410806 0.18740913855587257
    outer loop
      vertex 326 1398.5958251953125 157.36189270019531
      vertex 320.55999755859375 1398.1463623046875 159.71769714355469
      vertex 327.92001342773438 1398.1463623046875 159.71769714355469
    endloop
  endfacet
  facet normal -0 0.98228194261410806 0.18740913855587257
    outer loop
      vertex 334 1398.5958251953125 157.36189270019531
      vertex 327.92001342773438 1398.1463623046875 159.71769714355469
      vertex 335.27999877929688 1398.1463623046875 159.71769714355469
    endloop
  endfacet
  facet normal 0 0.98228194261410806 0.18740913855587257
    outer loop
      vertex 350 1398.5958251953125 157.36189270019531
      vertex 342.6400146484375 1398.1463623046875 159.71769714355469
      vertex 350 1398.1463623046875 159.71769714355469
    endloop
  endfacet
  facet normal -0 0.98228194261410806 0.18740913855587257
    outer loop
      vertex 335.27999877929688 1398.1463623046875 159.71769714355469
      vertex 342.6400146484375 1398.1463623046875 159.71769714355469
      vertex 342 1398.5958251953125 157.36189270019531
    endloop
  endfacet
  facet normal -0 0.98228194261410806 0.18740913855587257
    outer loop
      vertex 350 1398.1463623046875 159.71769714355469
      vertex 357.3599853515625 1398.1463623046875 159.71769714355469
      vertex 350 1398.5958251953125 157.36189270019531
    endloop
  endfacet
  facet normal 0 0.98228194261410806 0.18740913855587257
    outer loop
      vertex 318 1398.5958251953125 157.36189270019531
      vertex 320.55999755859375 1398.1463623046875 159.71769714355469
      vertex 326 1398.5958251953125 157.36189270019531
    endloop
  endfacet
  facet normal 4.2463867037139889e-06 0.98228982143349386 0.187367837928826
    outer loop
      vertex 313.20001220703125 1393.717041015625 182.93922424316406
      vertex 310 1393.78125 182.60267639160156
      vertex 310 1392.1763916015625 191.01626586914062
    endloop
  endfacet
  facet normal -4.6156458531168276e-06 0.98229046762682992 0.18736445017174322
    outer loop
      vertex 313.20001220703125 1393.717041015625 182.93922424316406
      vertex 310 1392.1763916015625 191.01626586914062
      vertex 313.20001220703125 1392.2406005859375 190.67971801757812
    endloop
  endfacet
  facet normal -4.2463867037139889e-06 0.98228982143349386 0.187367837928826
    outer loop
      vertex 313.20001220703125 1392.2406005859375 190.67971801757812
      vertex 310 1392.1763916015625 191.01626586914062
      vertex 310 1390.571533203125 199.42985534667969
    endloop
  endfacet
  facet normal -1.4856891146643565e-05 0.98229053550627332 0.18736409376951479
    outer loop
      vertex 313.20001220703125 1392.2406005859375 190.67971801757812
      vertex 310 1390.571533203125 199.42985534667969
      vertex 313.20001220703125 1390.76416015625 198.42022705078125
    endloop
  endfacet
  facet normal -2.4165873098606342e-05 0.98229053532785882 0.18736409373548366
    outer loop
      vertex 310 1388.9666748046875 207.84346008300781
      vertex 313.20001220703125 1389.2877197265625 206.16073608398438
      vertex 313.20001220703125 1390.76416015625 198.42022705078125
    endloop
  endfacet
  facet normal -1.3739808924528094e-05 0.98228988389099425 0.18736751003478311
    outer loop
      vertex 310 1388.9666748046875 207.84346008300781
      vertex 313.20001220703125 1390.76416015625 198.42022705078125
      vertex 310 1390.571533203125 199.42985534667969
    endloop
  endfacet
  facet normal -2.9619723849101913e-05 0.98229244395107895 0.18735408636933562
    outer loop
      vertex 313.20001220703125 1389.2877197265625 206.16073608398438
      vertex 310 1388.9666748046875 207.84346008300781
      vertex 310 1387.3619384765625 216.25704956054688
    endloop
  endfacet
  facet normal 3.1029939857691744e-06 0.9822905356099535 0.18736409378929098
    outer loop
      vertex 313.20001220703125 1389.2877197265625 206.16073608398438
      vertex 310 1387.3619384765625 216.25704956054688
      vertex 313.20001220703125 1387.811279296875 213.9012451171875
    endloop
  endfacet
  facet normal -0 0.98229131135307923 0.18736002679399882
    outer loop
      vertex 313.20001220703125 1387.811279296875 213.9012451171875
      vertex 310 1387.3619384765625 216.25704956054688
      vertex 318 1387.3619384765625 216.25704956054688
    endloop
  endfacet
  facet normal 0 0.98229131135307923 0.18736002679399882
    outer loop
      vertex 313.20001220703125 1387.811279296875 213.9012451171875
      vertex 318 1387.3619384765625 216.25704956054688
      vertex 320.55999755859375 1387.811279296875 213.9012451171875
    endloop
  endfacet
  facet normal -0 0.98229131135307923 0.18736002679399882
    outer loop
      vertex 327.92001342773438 1387.811279296875 213.9012451171875
      vertex 326 1387.3619384765625 216.25704956054688
      vertex 334 1387.3619384765625 216.25704956054688
    endloop
  endfacet
  facet normal 0 0.98229131135307923 0.18736002679399882
    outer loop
      vertex 327.92001342773438 1387.811279296875 213.9012451171875
      vertex 334 1387.3619384765625 216.25704956054688
      vertex 335.27999877929688 1387.811279296875 213.9012451171875
    endloop
  endfacet
  facet normal -0 0.98229131135307923 0.18736002679399882
    outer loop
      vertex 320.55999755859375 1387.811279296875 213.9012451171875
      vertex 318 1387.3619384765625 216.25704956054688
      vertex 326 1387.3619384765625 216.25704956054688
    endloop
  endfacet
  facet normal 0 0.98229131135307923 0.18736002679399882
    outer loop
      vertex 320.55999755859375 1387.811279296875 213.9012451171875
      vertex 326 1387.3619384765625 216.25704956054688
      vertex 327.92001342773438 1387.811279296875 213.9012451171875
    endloop
  endfacet
  facet normal 0 0.98229131135307923 0.18736002679399882
    outer loop
      vertex 342 1387.3619384765625 216.25704956054688
      vertex 342.6400146484375 1387.811279296875 213.9012451171875
      vertex 335.27999877929688 1387.811279296875 213.9012451171875
    endloop
  endfacet
  facet normal -0 0.98229131135307923 0.18736002679399882
    outer loop
      vertex 342 1387.3619384765625 216.25704956054688
      vertex 335.27999877929688 1387.811279296875 213.9012451171875
      vertex 334 1387.3619384765625 216.25704956054688
    endloop
  endfacet
  facet normal 0 0.98229131135307923 0.18736002679399882
    outer loop
      vertex 350 1387.3619384765625 216.25704956054688
      vertex 350 1387.811279296875 213.9012451171875
      vertex 342.6400146484375 1387.811279296875 213.9012451171875
    endloop
  endfacet
  facet normal -0 0.98229131135307923 0.18736002679399882
    outer loop
      vertex 350 1387.3619384765625 216.25704956054688
      vertex 342.6400146484375 1387.811279296875 213.9012451171875
      vertex 342 1387.3619384765625 216.25704956054688
    endloop
  endfacet
  facet normal 0 0.98228194261410806 0.18740913855587257
    outer loop
      vertex 364.72000122070312 1398.1463623046875 159.71769714355469
      vertex 366 1398.5958251953125 157.36189270019531
      vertex 358 1398.5958251953125 157.36189270019531
    endloop
  endfacet
  facet normal 0 0.98228194261410806 0.18740913855587257
    outer loop
      vertex 379.44000244140625 1398.1463623046875 159.71769714355469
      vertex 382 1398.5958251953125 157.36189270019531
      vertex 374 1398.5958251953125 157.36189270019531
    endloop
  endfacet
  facet normal 0 0.98228194261410806 0.18740913855587257
    outer loop
      vertex 372.07998657226562 1398.1463623046875 159.71769714355469
      vertex 374 1398.5958251953125 157.36189270019531
      vertex 366 1398.5958251953125 157.36189270019531
    endloop
  endfacet
  facet normal -0 0.98228194261410806 0.18740913855587257
    outer loop
      vertex 364.72000122070312 1398.1463623046875 159.71769714355469
      vertex 358 1398.5958251953125 157.36189270019531
      vertex 357.3599853515625 1398.1463623046875 159.71769714355469
    endloop
  endfacet
  facet normal -0 0.98228194261410806 0.18740913855587257
    outer loop
      vertex 374 1398.5958251953125 157.36189270019531
      vertex 372.07998657226562 1398.1463623046875 159.71769714355469
      vertex 379.44000244140625 1398.1463623046875 159.71769714355469
    endloop
  endfacet
  facet normal -0 0.98228194261410806 0.18740913855587257
    outer loop
      vertex 364.72000122070312 1398.1463623046875 159.71769714355469
      vertex 372.07998657226562 1398.1463623046875 159.71769714355469
      vertex 366 1398.5958251953125 157.36189270019531
    endloop
  endfacet
  facet normal -0 0.98228194261410806 0.18740913855587257
    outer loop
      vertex 379.44000244140625 1398.1463623046875 159.71769714355469
      vertex 386.79998779296875 1398.1463623046875 159.71769714355469
      vertex 382 1398.5958251953125 157.36189270019531
    endloop
  endfacet
  facet normal 0 0.98228194261410806 0.18740913855587257
    outer loop
      vertex 350 1398.5958251953125 157.36189270019531
      vertex 357.3599853515625 1398.1463623046875 159.71769714355469
      vertex 358 1398.5958251953125 157.36189270019531
    endloop
  endfacet
  facet normal -2.2125369578921397e-05 0.9822898212019191 0.18736783788465405
    outer loop
      vertex 386.79998779296875 1396.669921875 167.45820617675781
      vertex 390 1396.990966796875 165.77548217773438
      vertex 390 1398.5958251953125 157.36189270019531
    endloop
  endfacet
  facet normal -3.4368273254953272e-05 0.98229053503455244 0.1873640936795378
    outer loop
      vertex 386.79998779296875 1396.669921875 167.45820617675781
      vertex 390 1398.5958251953125 157.36189270019531
      vertex 386.79998779296875 1398.1463623046875 159.71769714355469
    endloop
  endfacet
  facet normal 0 0.98228194261410806 0.18740913855587257
    outer loop
      vertex 390 1398.5958251953125 157.36189270019531
      vertex 382 1398.5958251953125 157.36189270019531
      vertex 386.79998779296875 1398.1463623046875 159.71769714355469
    endloop
  endfacet
  facet normal -2.4165873098606342e-05 0.98229053532785882 0.18736409373548366
    outer loop
      vertex 390 1396.990966796875 165.77548217773438
      vertex 386.79998779296875 1396.669921875 167.45820617675781
      vertex 386.79998779296875 1395.1934814453125 175.19871520996094
    endloop
  endfacet
  facet normal -1.3739808924528094e-05 0.98228988389099425 0.18736751003478311
    outer loop
      vertex 390 1396.990966796875 165.77548217773438
      vertex 386.79998779296875 1395.1934814453125 175.19871520996094
      vertex 390 1395.3861083984375 174.1890869140625
    endloop
  endfacet
  facet normal -4.2463867037139889e-06 0.98228982143349386 0.187367837928826
    outer loop
      vertex 386.79998779296875 1393.717041015625 182.93922424316406
      vertex 390 1393.78125 182.60267639160156
      vertex 390 1395.3861083984375 174.1890869140625
    endloop
  endfacet
  facet normal -1.4856891146643565e-05 0.98229053550627332 0.18736409376951479
    outer loop
      vertex 386.79998779296875 1393.717041015625 182.93922424316406
      vertex 390 1395.3861083984375 174.1890869140625
      vertex 386.79998779296875 1395.1934814453125 175.19871520996094
    endloop
  endfacet
  facet normal 4.2463867037139889e-06 0.98228982143349386 0.187367837928826
    outer loop
      vertex 386.79998779296875 1392.2406005859375 190.67971801757812
      vertex 390 1392.1763916015625 191.01626586914062
      vertex 390 1393.78125 182.60267639160156
    endloop
  endfacet
  facet normal -4.6156458531168276e-06 0.98229046762682992 0.18736445017174322
    outer loop
      vertex 386.79998779296875 1392.2406005859375 190.67971801757812
      vertex 390 1393.78125 182.60267639160156
      vertex 386.79998779296875 1393.717041015625 182.93922424316406
    endloop
  endfacet
  facet normal -0 0.98229131135307923 0.18736002679399882
    outer loop
      vertex 350 1387.811279296875 213.9012451171875
      vertex 350 1387.3619384765625 216.25704956054688
      vertex 358 1387.3619384765625 216.25704956054688
    endloop
  endfacet
  facet normal 0 0.98229131135307923 0.18736002679399882
    outer loop
      vertex 350 1387.811279296875 213.9012451171875
      vertex 358 1387.3619384765625 216.25704956054688
      vertex 357.3599853515625 1387.811279296875 213.9012451171875
    endloop
  endfacet
  facet normal 0 0.98229131135307923 0.18736002679399882
    outer loop
      vertex 364.72000122070312 1387.811279296875 213.9012451171875
      vertex 366 1387.3619384765625 216.25704956054688
      vertex 374 1387.3619384765625 216.25704956054688
    endloop
  endfacet
  facet normal 0 0.98229131135307912 0.1873600267939988
    outer loop
      vertex 364.72000122070312 1387.811279296875 213.9012451171875
      vertex 374 1387.3619384765625 216.25704956054688
      vertex 372.07998657226562 1387.811279296875 213.9012451171875
    endloop
  endfacet
  facet normal -0 0.98229131135307934 0.18736002679399882
    outer loop
      vertex 357.3599853515625 1387.811279296875 213.9012451171875
      vertex 358 1387.3619384765625 216.25704956054688
      vertex 366 1387.3619384765625 216.25704956054688
    endloop
  endfacet
  facet normal 0 0.98229131135307923 0.18736002679399882
    outer loop
      vertex 357.3599853515625 1387.811279296875 213.9012451171875
      vertex 366 1387.3619384765625 216.25704956054688
      vertex 364.72000122070312 1387.811279296875 213.9012451171875
    endloop
  endfacet
  facet normal 0 0.98229131135307923 0.18736002679399882
    outer loop
      vertex 372.07998657226562 1387.811279296875 213.9012451171875
      vertex 374 1387.3619384765625 216.25704956054688
      vertex 382 1387.3619384765625 216.25704956054688
    endloop
  endfacet
  facet normal 0 0.98229131135307923 0.18736002679399882
    outer loop
      vertex 372.07998657226562 1387.811279296875 213.9012451171875
      vertex 382 1387.3619384765625 216.25704956054688
      vertex 379.44000244140625 1387.811279296875 213.9012451171875
    endloop
  endfacet
  facet normal 2.2304058536057659e-05 0.98228988373938353 0.18736751000586405
    outer loop
      vertex 386.79998779296875 1389.2877197265625 206.16073608398438
      vertex 390 1388.9666748046875 207.84346008300781
      vertex 390 1390.571533203125 199.42985534667969
    endloop
  endfacet
  facet normal 1.4856891146639569e-05 0.98229053550627343 0.18736409376951482
    outer loop
      vertex 386.79998779296875 1389.2877197265625 206.16073608398438
      vertex 390 1390.571533203125 199.42985534667969
      vertex 386.79998779296875 1390.76416015625 198.42022705078125
    endloop
  endfacet
  facet normal 4.6544909786419292e-06 0.982290535604042 0.1873640937881634
    outer loop
      vertex 390 1392.1763916015625 191.01626586914062
      vertex 386.79998779296875 1392.2406005859375 190.67971801757812
      vertex 386.79998779296875 1390.76416015625 198.42022705078125
    endloop
  endfacet
  facet normal 1.3632596175576418e-05 0.9822898213510719 0.18736783791310435
    outer loop
      vertex 390 1392.1763916015625 191.01626586914062
      vertex 386.79998779296875 1390.76416015625 198.42022705078125
      vertex 390 1390.571533203125 199.42985534667969
    endloop
  endfacet
  facet normal 0 0.98229131135307923 0.18736002679399882
    outer loop
      vertex 379.44000244140625 1387.811279296875 213.9012451171875
      vertex 382 1387.3619384765625 216.25704956054688
      vertex 390 1387.3619384765625 216.25704956054688
    endloop
  endfacet
  facet normal 0 0.98229131135307923 0.18736002679399882
    outer loop
      vertex 379.44000244140625 1387.811279296875 213.9012451171875
      vertex 390 1387.3619384765625 216.25704956054688
      vertex 386.79998779296875 1387.811279296875 213.9012451171875
    endloop
  endfacet
  facet normal 2.4165873098605031e-05 0.98229053532785882 0.18736409373548366
    outer loop
      vertex 390 1388.9666748046875 207.84346008300781
      vertex 386.79998779296875 1389.2877197265625 206.16073608398438
      vertex 386.79998779296875 1387.811279296875 213.9012451171875
    endloop
  endfacet
  facet normal 4.5322956286390521e-06 0.98229244437188623 0.18735408644959681
    outer loop
      vertex 390 1388.9666748046875 207.84346008300781
      vertex 386.79998779296875 1387.811279296875 213.9012451171875
      vertex 390 1387.3619384765625 216.25704956054688
    endloop
  endfacet
  facet normal -1 0 0
    outer loop
      vertex 310 1388.9666748046875 207.84346008300781
      vertex 310 1387.002197265625 207.46871948242188
      vertex 310 1385.3973388671875 215.88232421875
    endloop
  endfacet
  facet normal -1 -0 -0
    outer loop
      vertex 310 1388.9666748046875 207.84346008300781
      vertex 310 1385.3973388671875 215.88232421875
      vertex 310 1387.3619384765625 216.25704956054688
    endloop
  endfacet
  facet normal -1 0 0
    outer loop
      vertex 310 1392.1763916015625 191.01626586914062
      vertex 310 1390.2117919921875 190.64154052734375
      vertex 310 1388.60693359375 199.05513000488281
    endloop
  endfacet
  facet normal -1 -0 -0
    outer loop
      vertex 310 1392.1763916015625 191.01626586914062
      vertex 310 1388.60693359375 199.05513000488281
      vertex 310 1390.571533203125 199.42985534667969
    endloop
  endfacet
  facet normal -1 0 0
    outer loop
      vertex 310 1390.571533203125 199.42985534667969
      vertex 310 1388.60693359375 199.05513000488281
      vertex 310 1387.002197265625 207.46871948242188
    endloop
  endfacet
  facet normal -1 -0 -0
    outer loop
      vertex 310 1390.571533203125 199.42985534667969
      vertex 310 1387.002197265625 207.46871948242188
      vertex 310 1388.9666748046875 207.84346008300781
    endloop
  endfacet
  facet normal -1 0 0
    outer loop
      vertex 310 1395.3861083984375 174.1890869140625
      vertex 310 1393.4215087890625 173.81434631347656
      vertex 310 1391.816650390625 182.22793579101562
    endloop
  endfacet
  facet normal -1 -0 -0
    outer loop
      vertex 310 1395.3861083984375 174.1890869140625
      vertex 310 1391.816650390625 182.22793579101562
      vertex 310 1393.78125 182.60267639160156
    endloop
  endfacet
  facet normal -1 0 0
    outer loop
      vertex 310 1398.5958251953125 157.36189270019531
      vertex 310 1396.6312255859375 156.98716735839844
      vertex 310 1395.0263671875 165.4007568359375
    endloop
  endfacet
  facet normal -1 -0 -0
    outer loop
      vertex 310 1398.5958251953125 157.36189270019531
      vertex 310 1395.0263671875 165.4007568359375
      vertex 310 1396.990966796875 165.77548217773438
    endloop
  endfacet
  facet normal -1 0 0
    outer loop
      vertex 310 1396.990966796875 165.77548217773438
      vertex 310 1395.0263671875 165.4007568359375
      vertex 310 1393.4215087890625 173.81434631347656
    endloop
  endfacet
  facet normal -1 -0 -0
    outer loop
      vertex 310 1396.990966796875 165.77548217773438
      vertex 310 1393.4215087890625 173.81434631347656
      vertex 310 1395.3861083984375 174.1890869140625
    endloop
  endfacet
  facet normal -1 0 0
    outer loop
      vertex 310 1393.78125 182.60267639160156
      vertex 310 1391.816650390625 182.22793579101562
      vertex 310 1390.2117919921875 190.64154052734375
    endloop
  endfacet
  facet normal -1 -0 -0
    outer loop
      vertex 310 1393.78125 182.60267639160156
      vertex 310 1390.2117919921875 190.64154052734375
      vertex 310 1392.1763916015625 191.01626586914062
    endloop
  endfacet
  facet normal -0 0.18736101494022242 -0.98229112287578457
    outer loop
      vertex 318 1398.5958251953125 157.36189270019531
      vertex 318 1396.6312255859375 156.98716735839844
      vertex 310 1396.6312255859375 156.98716735839844
    endloop
  endfacet
  facet normal 0 0.18736101494022242 -0.98229112287578457
    outer loop
      vertex 318 1398.5958251953125 157.36189270019531
      vertex 310 1396.6312255859375 156.98716735839844
      vertex 310 1398.5958251953125 157.36189270019531
    endloop
  endfacet
  facet normal -0 0.18736101494022242 -0.98229112287578457
    outer loop
      vertex 334 1398.5958251953125 157.36189270019531
      vertex 334 1396.6312255859375 156.98716735839844
      vertex 326 1396.6312255859375 156.98716735839844
    endloop
  endfacet
  facet normal 0 0.18736101494022242 -0.98229112287578457
    outer loop
      vertex 334 1398.5958251953125 157.36189270019531
      vertex 326 1396.6312255859375 156.98716735839844
      vertex 326 1398.5958251953125 157.36189270019531
    endloop
  endfacet
  facet normal -0 0.18736101494022242 -0.98229112287578457
    outer loop
      vertex 342 1398.5958251953125 157.36189270019531
      vertex 342 1396.6312255859375 156.98716735839844
      vertex 334 1396.6312255859375 156.98716735839844
    endloop
  endfacet
  facet normal 0 0.18736101494022242 -0.98229112287578457
    outer loop
      vertex 342 1398.5958251953125 157.36189270019531
      vertex 334 1396.6312255859375 156.98716735839844
      vertex 334 1398.5958251953125 157.36189270019531
    endloop
  endfacet
  facet normal -0 0.18736101494022242 -0.98229112287578457
    outer loop
      vertex 326 1398.5958251953125 157.36189270019531
      vertex 326 1396.6312255859375 156.98716735839844
      vertex 318 1396.6312255859375 156.98716735839844
    endloop
  endfacet
  facet normal 0 0.18736101494022242 -0.98229112287578457
    outer loop
      vertex 326 1398.5958251953125 157.36189270019531
      vertex 318 1396.6312255859375 156.98716735839844
      vertex 318 1398.5958251953125 157.36189270019531
    endloop
  endfacet
  facet normal -0 0.18736101494022242 -0.98229112287578457
    outer loop
      vertex 358 1398.5958251953125 157.36189270019531
      vertex 358 1396.6312255859375 156.98716735839844
      vertex 350 1396.6312255859375 156.98716735839844
    endloop
  endfacet
  facet normal 0 0.18736101494022242 -0.98229112287578457
    outer loop
      vertex 358 1398.5958251953125 157.36189270019531
      vertex 350 1396.6312255859375 156.98716735839844
      vertex 350 1398.5958251953125 157.36189270019531
    endloop
  endfacet
  facet normal -0 0.18736101494022242 -0.98229112287578457
    outer loop
      vertex 366 1398.5958251953125 157.36189270019531
      vertex 366 1396.6312255859375 156.98716735839844
      vertex 358 1396.6312255859375 156.98716735839844
    endloop
  endfacet
  facet normal 0 0.18736101494022242 -0.98229112287578457
    outer loop
      vertex 366 1398.5958251953125 157.36189270019531
      vertex 358 1396.6312255859375 156.98716735839844
      vertex 358 1398.5958251953125 157.36189270019531
    endloop
  endfacet
  facet normal -0 0.18736101494022242 -0.98229112287578457
    outer loop
      vertex 382 1398.5958251953125 157.36189270019531
      vertex 382 1396.6312255859375 156.98716735839844
      vertex 374 1396.6312255859375 156.98716735839844
    endloop
  endfacet
  facet normal 0 0.18736101494022242 -0.98229112287578457
    outer loop
      vertex 382 1398.5958251953125 157.36189270019531
      vertex 374 1396.6312255859375 156.98716735839844
      vertex 374 1398.5958251953125 157.36189270019531
    endloop
  endfacet
  facet normal -0 0.18736101494022242 -0.98229112287578457
    outer loop
      vertex 390 1398.5958251953125 157.36189270019531
      vertex 390 1396.6312255859375 156.98716735839844
      vertex 382 1396.6312255859375 156.98716735839844
    endloop
  endfacet
  facet normal 0 0.18736101494022242 -0.98229112287578457
    outer loop
      vertex 390 1398.5958251953125 157.36189270019531
      vertex 382 1396.6312255859375 156.98716735839844
      vertex 382 1398.5958251953125 157.36189270019531
    endloop
  endfacet
  facet normal -0 0.18736101494022242 -0.98229112287578457
    outer loop
      vertex 374 1398.5958251953125 157.36189270019531
      vertex 374 1396.6312255859375 156.98716735839844
      vertex 366 1396.6312255859375 156.98716735839844
    endloop
  endfacet
  facet normal 0 0.18736101494022242 -0.98229112287578457
    outer loop
      vertex 374 1398.5958251953125 157.36189270019531
      vertex 366 1396.6312255859375 156.98716735839844
      vertex 366 1398.5958251953125 157.36189270019531
    endloop
  endfacet
  facet normal -0 0.18736101494022242 -0.98229112287578457
    outer loop
      vertex 350 1398.5958251953125 157.36189270019531
      vertex 350 1396.6312255859375 156.98716735839844
      vertex 342 1396.6312255859375 156.98716735839844
    endloop
  endfacet
  facet normal 0 0.18736101494022242 -0.98229112287578457
    outer loop
      vertex 350 1398.5958251953125 157.36189270019531
      vertex 342 1396.6312255859375 156.98716735839844
      vertex 342 1398.5958251953125 157.36189270019531
    endloop
  endfacet
  facet normal 1 0 -0
    outer loop
      vertex 390 1396.990966796875 165.77548217773438
      vertex 390 1395.0263671875 165.4007568359375
      vertex 390 1396.6312255859375 156.98716735839844
    endloop
  endfacet
  facet normal 1 0 0
    outer loop
      vertex 390 1396.990966796875 165.77548217773438
      vertex 390 1396.6312255859375 156.98716735839844
      vertex 390 1398.5958251953125 157.36189270019531
    endloop
  endfacet
  facet normal 1 0 -0
    outer loop
      vertex 390 1393.78125 182.60267639160156
      vertex 390 1391.816650390625 182.22793579101562
      vertex 390 1393.4215087890625 173.81434631347656
    endloop
  endfacet
  facet normal 1 0 0
    outer loop
      vertex 390 1393.78125 182.60267639160156
      vertex 390 1393.4215087890625 173.81434631347656
      vertex 390 1395.3861083984375 174.1890869140625
    endloop
  endfacet
  facet normal 1 0 -0
    outer loop
      vertex 390 1395.3861083984375 174.1890869140625
      vertex 390 1393.4215087890625 173.81434631347656
      vertex 390 1395.0263671875 165.4007568359375
    endloop
  endfacet
  facet normal 1 -0 0
    outer loop
      vertex 390 1395.3861083984375 174.1890869140625
      vertex 390 1395.0263671875 165.4007568359375
      vertex 390 1396.990966796875 165.77548217773438
    endloop
  endfacet
  facet normal 1 0 -0
    outer loop
      vertex 390 1390.571533203125 199.42985534667969
      vertex 390 1388.60693359375 199.05513000488281
      vertex 390 1390.2117919921875 190.64154052734375
    endloop
  endfacet
  facet normal 1 0 0
    outer loop
      vertex 390 1390.571533203125 199.42985534667969
      vertex 390 1390.2117919921875 190.64154052734375
      vertex 390 1392.1763916015625 191.01626586914062
    endloop
  endfacet
  facet normal 1 0 -0
    outer loop
      vertex 390 1387.3619384765625 216.25704956054688
      vertex 390 1385.3973388671875 215.88232421875
      vertex 390 1387.002197265625 207.46871948242188
    endloop
  endfacet
  facet normal 1 0 0
    outer loop
      vertex 390 1387.3619384765625 216.25704956054688
      vertex 390 1387.002197265625 207.46871948242188
      vertex 390 1388.9666748046875 207.84346008300781
    endloop
  endfacet
  facet normal 1 0 -0
    outer loop
      vertex 390 1388.9666748046875 207.84346008300781
      vertex 390 1387.002197265625 207.46871948242188
      vertex 390 1388.60693359375 199.05513000488281
    endloop
  endfacet
  facet normal 1 -0 0
    outer loop
      vertex 390 1388.9666748046875 207.84346008300781
      vertex 390 1388.60693359375 199.05513000488281
      vertex 390 1390.571533203125 199.42985534667969
    endloop
  endfacet
  facet normal 1 0 -0
    outer loop
      vertex 390 1392.1763916015625 191.01626586914062
      vertex 390 1390.2117919921875 190.64154052734375
      vertex 390 1391.816650390625 182.22793579101562
    endloop
  endfacet
  facet normal 1 0 0
    outer loop
      vertex 390 1392.1763916015625 191.01626586914062
      vertex 390 1391.816650390625 182.22793579101562
      vertex 390 1393.78125 182.60267639160156
    endloop
  endfacet
  facet normal -0 -0.18736101494022242 0.98229112287578457
    outer loop
      vertex 382 1387.3619384765625 216.25704956054688
      vertex 382 1385.3973388671875 215.88232421875
      vertex 390 1385.3973388671875 215.88232421875
    endloop
  endfacet
  facet normal 0 -0.18736101494022242 0.98229112287578457
    outer loop
      vertex 382 1387.3619384765625 216.25704956054688
      vertex 390 1385.3973388671875 215.88232421875
      vertex 390 1387.3619384765625 216.25704956054688
    endloop
  endfacet
  facet normal -0 -0.18736101494022242 0.98229112287578457
    outer loop
      vertex 366 1387.3619384765625 216.25704956054688
      vertex 366 1385.3973388671875 215.88232421875
      vertex 374 1385.3973388671875 215.88232421875
    endloop
  endfacet
  facet normal 0 -0.18736101494022242 0.98229112287578457
    outer loop
      vertex 366 1387.3619384765625 216.25704956054688
      vertex 374 1385.3973388671875 215.88232421875
      vertex 374 1387.3619384765625 216.25704956054688
    endloop
  endfacet
  facet normal -0 -0.18736101494022242 0.98229112287578457
    outer loop
      vertex 358 1387.3619384765625 216.25704956054688
      vertex 358 1385.3973388671875 215.88232421875
      vertex 366 1385.3973388671875 215.88232421875
    endloop
  endfacet
  facet normal 0 -0.18736101494022242 0.98229112287578457
    outer loop
      vertex 358 1387.3619384765625 216.25704956054688
      vertex 366 1385.3973388671875 215.88232421875
      vertex 366 1387.3619384765625 216.25704956054688
    endloop
  endfacet
  facet normal -0 -0.18736101494022242 0.98229112287578457
    outer loop
      vertex 374 1387.3619384765625 216.25704956054688
      vertex 374 1385.3973388671875 215.88232421875
      vertex 382 1385.3973388671875 215.88232421875
    endloop
  endfacet
  facet normal 0 -0.18736101494022242 0.98229112287578457
    outer loop
      vertex 374 1387.3619384765625 216.25704956054688
      vertex 382 1385.3973388671875 215.88232421875
      vertex 382 1387.3619384765625 216.25704956054688
    endloop
  endfacet
  facet normal -0 -0.18736101494022242 0.98229112287578457
    outer loop
      vertex 342 1387.3619384765625 216.25704956054688
      vertex 342 1385.3973388671875 215.88232421875
      vertex 350 1385.3973388671875 215.88232421875
    endloop
  endfacet
  facet normal 0 -0.18736101494022242 0.98229112287578457
    outer loop
      vertex 342 1387.3619384765625 216.25704956054688
      vertex 350 1385.3973388671875 215.88232421875
      vertex 350 1387.3619384765625 216.25704956054688
    endloop
  endfacet
  facet normal -0 -0.18736101494022242 0.98229112287578457
    outer loop
      vertex 334 1387.3619384765625 216.25704956054688
      vertex 334 1385.3973388671875 215.88232421875
      vertex 342 1385.3973388671875 215.88232421875
    endloop
  endfacet
  facet normal 0 -0.18736101494022242 0.98229112287578457
    outer loop
      vertex 334 1387.3619384765625 216.25704956054688
      vertex 342 1385.3973388671875 215.88232421875
      vertex 342 1387.3619384765625 216.25704956054688
    endloop
  endfacet
  facet normal -0 -0.18736101494022242 0.98229112287578457
    outer loop
      vertex 318 1387.3619384765625 216.25704956054688
      vertex 318 1385.3973388671875 215.88232421875
      vertex 326 1385.3973388671875 215.88232421875
    endloop
  endfacet
  facet normal 0 -0.18736101494022242 0.98229112287578457
    outer loop
      vertex 318 1387.3619384765625 216.25704956054688
      vertex 326 1385.3973388671875 215.88232421875
      vertex 326 1387.3619384765625 216.25704956054688
    endloop
  endfacet
  facet normal -0 -0.18736101494022242 0.98229112287578457
    outer loop
      vertex 310 1387.3619384765625 216.25704956054688
      vertex 310 1385.3973388671875 215.88232421875
      vertex 318 1385.3973388671875 215.88232421875
    endloop
  endfacet
  facet normal 0 -0.18736101494022242 0.98229112287578457
    outer loop
      vertex 310 1387.3619384765625 216.25704956054688
      vertex 318 1385.3973388671875 215.88232421875
      vertex 318 1387.3619384765625 216.25704956054688
    endloop
  endfacet
  facet normal -0 -0.18736101494022242 0.98229112287578457
    outer loop
      vertex 326 1387.3619384765625 216.25704956054688
      vertex 326 1385.3973388671875 215.88232421875
      vertex 334 1385.3973388671875 215.88232421875
    endloop
  endfacet
  facet normal 0 -0.18736101494022242 0.98229112287578457
    outer loop
      vertex 326 1387.3619384765625 216.25704956054688
      vertex 334 1385.3973388671875 215.88232421875
      vertex 334 1387.3619384765625 216.25704956054688
    endloop
  endfacet
  facet normal -0 -0.18736101494022242 0.98229112287578457
    outer loop
      vertex 350 1387.3619384765625 216.25704956054688
      vertex 350 1385.3973388671875 215.88232421875
      vertex 358 1385.3973388671875 215.88232421875
    endloop
  endfacet
  facet normal 0 -0.18736101494022242 0.98229112287578457
    outer loop
      vertex 350 1387.3619384765625 216.25704956054688
      vertex 358 1385.3973388671875 215.88232421875
      vertex 358 1387.3619384765625 216.25704956054688
    endloop
  endfacet
  facet normal 1 0 0
    outer loop
      vertex 313.20001220703125 1389.2877197265625 206.16073608398438
      vertex 313.20001220703125 1387.811279296875 213.9012451171875
      vertex 313.20001220703125 1385.8466796875 213.52650451660156
    endloop
  endfacet
  facet normal 1 -0 0
    outer loop
      vertex 313.20001220703125 1389.2877197265625 206.16073608398438
      vertex 313.20001220703125 1385.8466796875 213.52650451660156
      vertex 313.20001220703125 1387.3231201171875 205.7860107421875
    endloop
  endfacet
  facet normal 1 -0 -0
    outer loop
      vertex 313.20001220703125 1392.2406005859375 190.67971801757812
      vertex 313.20001220703125 1390.76416015625 198.42022705078125
      vertex 313.20001220703125 1388.799560546875 198.04550170898438
    endloop
  endfacet
  facet normal 1 -0 0
    outer loop
      vertex 313.20001220703125 1392.2406005859375 190.67971801757812
      vertex 313.20001220703125 1388.799560546875 198.04550170898438
      vertex 313.20001220703125 1390.2760009765625 190.30499267578125
    endloop
  endfacet
  facet normal 1 -0 -0
    outer loop
      vertex 313.20001220703125 1390.76416015625 198.42022705078125
      vertex 313.20001220703125 1389.2877197265625 206.16073608398438
      vertex 313.20001220703125 1387.3231201171875 205.7860107421875
    endloop
  endfacet
  facet normal 1 -0 0
    outer loop
      vertex 313.20001220703125 1390.76416015625 198.42022705078125
      vertex 313.20001220703125 1387.3231201171875 205.7860107421875
      vertex 313.20001220703125 1388.799560546875 198.04550170898438
    endloop
  endfacet
  facet normal 1 0 0
    outer loop
      vertex 313.20001220703125 1395.1934814453125 175.19871520996094
      vertex 313.20001220703125 1393.717041015625 182.93922424316406
      vertex 313.20001220703125 1391.75244140625 182.56448364257812
    endloop
  endfacet
  facet normal 1 -0 0
    outer loop
      vertex 313.20001220703125 1395.1934814453125 175.19871520996094
      vertex 313.20001220703125 1391.75244140625 182.56448364257812
      vertex 313.20001220703125 1393.2288818359375 174.823974609375
    endloop
  endfacet
  facet normal 1 -0 -0
    outer loop
      vertex 313.20001220703125 1398.1463623046875 159.71769714355469
      vertex 313.20001220703125 1396.669921875 167.45820617675781
      vertex 313.20001220703125 1394.705322265625 167.08348083496094
    endloop
  endfacet
  facet normal 1 -0 0
    outer loop
      vertex 313.20001220703125 1398.1463623046875 159.71769714355469
      vertex 313.20001220703125 1394.705322265625 167.08348083496094
      vertex 313.20001220703125 1396.181884765625 159.34297180175781
    endloop
  endfacet
  facet normal 1 0 0
    outer loop
      vertex 313.20001220703125 1396.669921875 167.45820617675781
      vertex 313.20001220703125 1395.1934814453125 175.19871520996094
      vertex 313.20001220703125 1393.2288818359375 174.823974609375
    endloop
  endfacet
  facet normal 1 -0 0
    outer loop
      vertex 313.20001220703125 1396.669921875 167.45820617675781
      vertex 313.20001220703125 1393.2288818359375 174.823974609375
      vertex 313.20001220703125 1394.705322265625 167.08348083496094
    endloop
  endfacet
  facet normal 1 -0 -0
    outer loop
      vertex 313.20001220703125 1393.717041015625 182.93922424316406
      vertex 313.20001220703125 1392.2406005859375 190.67971801757812
      vertex 313.20001220703125 1390.2760009765625 190.30499267578125
    endloop
  endfacet
  facet normal 1 -0 0
    outer loop
      vertex 313.20001220703125 1393.717041015625 182.93922424316406
      vertex 313.20001220703125 1390.2760009765625 190.30499267578125
      vertex 313.20001220703125 1391.75244140625 182.56448364257812
    endloop
  endfacet
  facet normal 0 0.18736837643049642 -0.98228971872548865
    outer loop
      vertex 379.44000244140625 1387.811279296875 213.9012451171875
      vertex 386.79998779296875 1387.811279296875 213.9012451171875
      vertex 386.79998779296875 1385.8466796875 213.52650451660156
    endloop
  endfacet
  facet normal 0 0.18736837643049642 -0.98228971872548865
    outer loop
      vertex 379.44000244140625 1387.811279296875 213.9012451171875
      vertex 386.79998779296875 1385.8466796875 213.52650451660156
      vertex 379.44000244140625 1385.8466796875 213.52650451660156
    endloop
  endfacet
  facet normal 0 0.18736837643049642 -0.98228971872548865
    outer loop
      vertex 364.72000122070312 1387.811279296875 213.9012451171875
      vertex 372.07998657226562 1387.811279296875 213.9012451171875
      vertex 372.07998657226562 1385.8466796875 213.52650451660156
    endloop
  endfacet
  facet normal 0 0.18736837643049642 -0.98228971872548865
    outer loop
      vertex 364.72000122070312 1387.811279296875 213.9012451171875
      vertex 372.07998657226562 1385.8466796875 213.52650451660156
      vertex 364.72000122070312 1385.8466796875 213.52650451660156
    endloop
  endfacet
  facet normal 0 0.18736837643049642 -0.98228971872548865
    outer loop
      vertex 357.3599853515625 1387.811279296875 213.9012451171875
      vertex 364.72000122070312 1387.811279296875 213.9012451171875
      vertex 364.72000122070312 1385.8466796875 213.52650451660156
    endloop
  endfacet
  facet normal 0 0.18736837643049642 -0.98228971872548865
    outer loop
      vertex 357.3599853515625 1387.811279296875 213.9012451171875
      vertex 364.72000122070312 1385.8466796875 213.52650451660156
      vertex 357.3599853515625 1385.8466796875 213.52650451660156
    endloop
  endfacet
  facet normal 0 0.18736837643049642 -0.98228971872548865
    outer loop
      vertex 372.07998657226562 1387.811279296875 213.9012451171875
      vertex 379.44000244140625 1387.811279296875 213.9012451171875
      vertex 379.44000244140625 1385.8466796875 213.52650451660156
    endloop
  endfacet
  facet normal 0 0.18736837643049642 -0.98228971872548865
    outer loop
      vertex 372.07998657226562 1387.811279296875 213.9012451171875
      vertex 379.44000244140625 1385.8466796875 213.52650451660156
      vertex 372.07998657226562 1385.8466796875 213.52650451660156
    endloop
  endfacet
  facet normal 0 0.18736837643049642 -0.98228971872548865
    outer loop
      vertex 342.6400146484375 1387.811279296875 213.9012451171875
      vertex 350 1387.811279296875 213.9012451171875
      vertex 350 1385.8466796875 213.52650451660156
    endloop
  endfacet
  facet normal 0 0.18736837643049642 -0.98228971872548865
    outer loop
      vertex 342.6400146484375 1387.811279296875 213.9012451171875
      vertex 350 1385.8466796875 213.52650451660156
      vertex 342.6400146484375 1385.8466796875 213.52650451660156
    endloop
  endfacet
  facet normal 0 0.18736837643049642 -0.98228971872548865
    outer loop
      vertex 335.27999877929688 1387.811279296875 213.9012451171875
      vertex 342.6400146484375 1387.811279296875 213.9012451171875
      vertex 342.6400146484375 1385.8466796875 213.52650451660156
    endloop
  endfacet
  facet normal 0 0.18736837643049642 -0.98228971872548865
    outer loop
      vertex 335.27999877929688 1387.811279296875 213.9012451171875
      vertex 342.6400146484375 1385.8466796875 213.52650451660156
      vertex 335.27999877929688 1385.8466796875 213.52650451660156
    endloop
  endfacet
  facet normal 0 0.18736837643049642 -0.98228971872548865
    outer loop
      vertex 320.55999755859375 1387.811279296875 213.9012451171875
      vertex 327.92001342773438 1387.811279296875 213.9012451171875
      vertex 327.92001342773438 1385.8466796875 213.52650451660156
    endloop
  endfacet
  facet normal 0 0.18736837643049642 -0.98228971872548865
    outer loop
      vertex 320.55999755859375 1387.811279296875 213.9012451171875
      vertex 327.92001342773438 1385.8466796875 213.52650451660156
      vertex 320.55999755859375 1385.8466796875 213.52650451660156
    endloop
  endfacet
  facet normal 0 0.18736837643049642 -0.98228971872548865
    outer loop
      vertex 313.20001220703125 1387.811279296875 213.9012451171875
      vertex 320.55999755859375 1387.811279296875 213.9012451171875
      vertex 320.55999755859375 1385.8466796875 213.52650451660156
    endloop
  endfacet
  facet normal 0 0.18736837643049642 -0.98228971872548865
    outer loop
      vertex 313.20001220703125 1387.811279296875 213.9012451171875
      vertex 320.55999755859375 1385.8466796875 213.52650451660156
      vertex 313.20001220703125 1385.8466796875 213.52650451660156
    endloop
  endfacet
  facet normal 0 0.18736837643049642 -0.98228971872548865
    outer loop
      vertex 327.92001342773438 1387.811279296875 213.9012451171875
      vertex 335.27999877929688 1387.811279296875 213.9012451171875
      vertex 335.27999877929688 1385.8466796875 213.52650451660156
    endloop
  endfacet
  facet normal 0 0.18736837643049642 -0.98228971872548865
    outer loop
      vertex 327.92001342773438 1387.811279296875 213.9012451171875
      vertex 335.27999877929688 1385.8466796875 213.52650451660156
      vertex 327.92001342773438 1385.8466796875 213.52650451660156
    endloop
  endfacet
  facet normal 0 0.18736837643049642 -0.98228971872548865
    outer loop
      vertex 350 1387.811279296875 213.9012451171875
      vertex 357.3599853515625 1387.811279296875 213.9012451171875
      vertex 357.3599853515625 1385.8466796875 213.52650451660156
    endloop
  endfacet
  facet normal 0 0.18736837643049642 -0.98228971872548865
    outer loop
      vertex 350 1387.811279296875 213.9012451171875
      vertex 357.3599853515625 1385.8466796875 213.52650451660156
      vertex 350 1385.8466796875 213.52650451660156
    endloop
  endfacet
  facet normal -1 0 0
    outer loop
      vertex 386.79998779296875 1396.669921875 167.45820617675781
      vertex 386.79998779296875 1398.1463623046875 159.71769714355469
      vertex 386.79998779296875 1396.181884765625 159.34297180175781
    endloop
  endfacet
  facet normal -1 0 -0
    outer loop
      vertex 386.79998779296875 1396.669921875 167.45820617675781
      vertex 386.79998779296875 1396.181884765625 159.34297180175781
      vertex 386.79998779296875 1394.705322265625 167.08348083496094
    endloop
  endfacet
  facet normal -1 0 0
    outer loop
      vertex 386.79998779296875 1393.717041015625 182.93922424316406
      vertex 386.79998779296875 1395.1934814453125 175.19871520996094
      vertex 386.79998779296875 1393.2288818359375 174.823974609375
    endloop
  endfacet
  facet normal -1 0 -0
    outer loop
      vertex 386.79998779296875 1393.717041015625 182.93922424316406
      vertex 386.79998779296875 1393.2288818359375 174.823974609375
      vertex 386.79998779296875 1391.75244140625 182.56448364257812
    endloop
  endfacet
  facet normal -1 0 0
    outer loop
      vertex 386.79998779296875 1395.1934814453125 175.19871520996094
      vertex 386.79998779296875 1396.669921875 167.45820617675781
      vertex 386.79998779296875 1394.705322265625 167.08348083496094
    endloop
  endfacet
  facet normal -1 0 -0
    outer loop
      vertex 386.79998779296875 1395.1934814453125 175.19871520996094
      vertex 386.79998779296875 1394.705322265625 167.08348083496094
      vertex 386.79998779296875 1393.2288818359375 174.823974609375
    endloop
  endfacet
  facet normal -1 0 0
    outer loop
      vertex 386.79998779296875 1390.76416015625 198.42022705078125
      vertex 386.79998779296875 1392.2406005859375 190.67971801757812
      vertex 386.79998779296875 1390.2760009765625 190.30499267578125
    endloop
  endfacet
  facet normal -1 0 -0
    outer loop
      vertex 386.79998779296875 1390.76416015625 198.42022705078125
      vertex 386.79998779296875 1390.2760009765625 190.30499267578125
      vertex 386.79998779296875 1388.799560546875 198.04550170898438
    endloop
  endfacet
  facet normal -1 0 0
    outer loop
      vertex 386.79998779296875 1387.811279296875 213.9012451171875
      vertex 386.79998779296875 1389.2877197265625 206.16073608398438
      vertex 386.79998779296875 1387.3231201171875 205.7860107421875
    endloop
  endfacet
  facet normal -1 0 -0
    outer loop
      vertex 386.79998779296875 1387.811279296875 213.9012451171875
      vertex 386.79998779296875 1387.3231201171875 205.7860107421875
      vertex 386.79998779296875 1385.8466796875 213.52650451660156
    endloop
  endfacet
  facet normal -1 0 0
    outer loop
      vertex 386.79998779296875 1389.2877197265625 206.16073608398438
      vertex 386.79998779296875 1390.76416015625 198.42022705078125
      vertex 386.79998779296875 1388.799560546875 198.04550170898438
    endloop
  endfacet
  facet normal -1 0 -0
    outer loop
      vertex 386.79998779296875 1389.2877197265625 206.16073608398438
      vertex 386.79998779296875 1388.799560546875 198.04550170898438
      vertex 386.79998779296875 1387.3231201171875 205.7860107421875
    endloop
  endfacet
  facet normal -1 0 0
    outer loop
      vertex 386.79998779296875 1392.2406005859375 190.67971801757812
      vertex 386.79998779296875 1393.717041015625 182.93922424316406
      vertex 386.79998779296875 1391.75244140625 182.56448364257812
    endloop
  endfacet
  facet normal -1 0 -0
    outer loop
      vertex 386.79998779296875 1392.2406005859375 190.67971801757812
      vertex 386.79998779296875 1391.75244140625 182.56448364257812
      vertex 386.79998779296875 1390.2760009765625 190.30499267578125
    endloop
  endfacet
  facet normal 0 -0.18737224859922005 0.98228898011474819
    outer loop
      vertex 320.55999755859375 1398.1463623046875 159.71769714355469
      vertex 313.20001220703125 1398.1463623046875 159.71769714355469
      vertex 313.20001220703125 1396.181884765625 159.34297180175781
    endloop
  endfacet
  facet normal 0 -0.18737224859922005 0.98228898011474819
    outer loop
      vertex 320.55999755859375 1398.1463623046875 159.71769714355469
      vertex 313.20001220703125 1396.181884765625 159.34297180175781
      vertex 320.55999755859375 1396.181884765625 159.34297180175781
    endloop
  endfacet
  facet normal 0 -0.18737224859922005 0.98228898011474819
    outer loop
      vertex 335.27999877929688 1398.1463623046875 159.71769714355469
      vertex 327.92001342773438 1398.1463623046875 159.71769714355469
      vertex 327.92001342773438 1396.181884765625 159.34297180175781
    endloop
  endfacet
  facet normal 0 -0.18737224859922005 0.98228898011474819
    outer loop
      vertex 335.27999877929688 1398.1463623046875 159.71769714355469
      vertex 327.92001342773438 1396.181884765625 159.34297180175781
      vertex 335.27999877929688 1396.181884765625 159.34297180175781
    endloop
  endfacet
  facet normal 0 -0.18737224859922008 0.9822889801147483
    outer loop
      vertex 342.6400146484375 1398.1463623046875 159.71769714355469
      vertex 335.27999877929688 1398.1463623046875 159.71769714355469
      vertex 335.27999877929688 1396.181884765625 159.34297180175781
    endloop
  endfacet
  facet normal 0 -0.18737224859922008 0.9822889801147483
    outer loop
      vertex 342.6400146484375 1398.1463623046875 159.71769714355469
      vertex 335.27999877929688 1396.181884765625 159.34297180175781
      vertex 342.6400146484375 1396.181884765625 159.34297180175781
    endloop
  endfacet
  facet normal 0 -0.18737224859922008 0.9822889801147483
    outer loop
      vertex 327.92001342773438 1398.1463623046875 159.71769714355469
      vertex 320.55999755859375 1398.1463623046875 159.71769714355469
      vertex 320.55999755859375 1396.181884765625 159.34297180175781
    endloop
  endfacet
  facet normal 0 -0.18737224859922008 0.9822889801147483
    outer loop
      vertex 327.92001342773438 1398.1463623046875 159.71769714355469
      vertex 320.55999755859375 1396.181884765625 159.34297180175781
      vertex 327.92001342773438 1396.181884765625 159.34297180175781
    endloop
  endfacet
  facet normal 0 -0.18737224859922005 0.98228898011474819
    outer loop
      vertex 357.3599853515625 1398.1463623046875 159.71769714355469
      vertex 350 1398.1463623046875 159.71769714355469
      vertex 350 1396.181884765625 159.34297180175781
    endloop
  endfacet
  facet normal 0 -0.18737224859922005 0.98228898011474819
    outer loop
      vertex 357.3599853515625 1398.1463623046875 159.71769714355469
      vertex 350 1396.181884765625 159.34297180175781
      vertex 357.3599853515625 1396.181884765625 159.34297180175781
    endloop
  endfacet
  facet normal 0 -0.18737224859922008 0.9822889801147483
    outer loop
      vertex 364.72000122070312 1398.1463623046875 159.71769714355469
      vertex 357.3599853515625 1398.1463623046875 159.71769714355469
      vertex 357.3599853515625 1396.181884765625 159.34297180175781
    endloop
  endfacet
  facet normal 0 -0.18737224859922008 0.9822889801147483
    outer loop
      vertex 364.72000122070312 1398.1463623046875 159.71769714355469
      vertex 357.3599853515625 1396.181884765625 159.34297180175781
      vertex 364.72000122070312 1396.181884765625 159.34297180175781
    endloop
  endfacet
  facet normal 0 -0.18737224859922008 0.9822889801147483
    outer loop
      vertex 379.44000244140625 1398.1463623046875 159.71769714355469
      vertex 372.07998657226562 1398.1463623046875 159.71769714355469
      vertex 372.07998657226562 1396.181884765625 159.34297180175781
    endloop
  endfacet
  facet normal 0 -0.18737224859922008 0.9822889801147483
    outer loop
      vertex 379.44000244140625 1398.1463623046875 159.71769714355469
      vertex 372.07998657226562 1396.181884765625 159.34297180175781
      vertex 379.44000244140625 1396.181884765625 159.34297180175781
    endloop
  endfacet
  facet normal 0 -0.18737224859922005 0.98228898011474819
    outer loop
      vertex 386.79998779296875 1398.1463623046875 159.71769714355469
      vertex 379.44000244140625 1398.1463623046875 159.71769714355469
      vertex 379.44000244140625 1396.181884765625 159.34297180175781
    endloop
  endfacet
  facet normal 0 -0.18737224859922005 0.98228898011474819
    outer loop
      vertex 386.79998779296875 1398.1463623046875 159.71769714355469
      vertex 379.44000244140625 1396.181884765625 159.34297180175781
      vertex 386.79998779296875 1396.181884765625 159.34297180175781
    endloop
  endfacet
  facet normal 0 -0.18737224859922005 0.98228898011474819
    outer loop
      vertex 372.07998657226562 1398.1463623046875 159.71769714355469
      vertex 364.72000122070312 1398.1463623046875 159.71769714355469
      vertex 364.72000122070312 1396.181884765625 159.34297180175781
    endloop
  endfacet
  facet normal 0 -0.18737224859922005 0.98228898011474819
    outer loop
      vertex 372.07998657226562 1398.1463623046875 159.71769714355469
      vertex 364.72000122070312 1396.181884765625 159.34297180175781
      vertex 372.07998657226562 1396.181884765625 159.34297180175781
    endloop
  endfacet
  facet normal 0 -0.18737224859922005 0.98228898011474819
    outer loop
      vertex 350 1398.1463623046875 159.71769714355469
      vertex 342.6400146484375 1398.1463623046875 159.71769714355469
      vertex 342.6400146484375 1396.181884765625 159.34297180175781
    endloop
  endfacet
  facet normal 0 -0.18737224859922005 0.98228898011474819
    outer loop
      vertex 350 1398.1463623046875 159.71769714355469
      vertex 342.6400146484375 1396.181884765625 159.34297180175781
      vertex 350 1396.181884765625 159.34297180175781
    endloop
  endfacet
  facet normal 5.9596609600926583e-06 -0.98228982142490584 -0.18736783792718786
    outer loop
      vertex 310 1395.0263671875 165.4007568359375
      vertex 310 1396.6312255859375 156.98716735839844
      vertex 313.20001220703125 1396.181884765625 159.34297180175781
    endloop
  endfacet
  facet normal -1.6019876458010572e-05 -0.98228768432014557 -0.18737904092061583
    outer loop
      vertex 310 1395.0263671875 165.4007568359375
      vertex 313.20001220703125 1396.181884765625 159.34297180175781
      vertex 313.20001220703125 1394.705322265625 167.08348083496094
    endloop
  endfacet
  facet normal 0 -0.98229131135307923 -0.18736002679399882
    outer loop
      vertex 310 1396.6312255859375 156.98716735839844
      vertex 318 1396.6312255859375 156.98716735839844
      vertex 313.20001220703125 1396.181884765625 159.34297180175781
    endloop
  endfacet
  facet normal -1.3632596175576418e-05 -0.9822898213510719 -0.18736783791310435
    outer loop
      vertex 310 1391.816650390625 182.22793579101562
      vertex 310 1393.4215087890625 173.81434631347656
      vertex 313.20001220703125 1393.2288818359375 174.823974609375
    endloop
  endfacet
  facet normal -4.6544909786419292e-06 -0.982290535604042 -0.1873640937881634
    outer loop
      vertex 310 1391.816650390625 182.22793579101562
      vertex 313.20001220703125 1393.2288818359375 174.823974609375
      vertex 313.20001220703125 1391.75244140625 182.56448364257812
    endloop
  endfacet
  facet normal -1.4740357469461476e-05 -0.98229046753057836 -0.18736445015338393
    outer loop
      vertex 313.20001220703125 1394.705322265625 167.08348083496094
      vertex 313.20001220703125 1393.2288818359375 174.823974609375
      vertex 310 1393.4215087890625 173.81434631347656
    endloop
  endfacet
  facet normal -2.2125369578932222e-05 -0.98228982120191899 -0.18736783788465403
    outer loop
      vertex 313.20001220703125 1394.705322265625 167.08348083496094
      vertex 310 1393.4215087890625 173.81434631347656
      vertex 310 1395.0263671875 165.4007568359375
    endloop
  endfacet
  facet normal -0 -0.98229131135307923 -0.18736002679399882
    outer loop
      vertex 318 1396.6312255859375 156.98716735839844
      vertex 320.55999755859375 1396.181884765625 159.34297180175781
      vertex 313.20001220703125 1396.181884765625 159.34297180175781
    endloop
  endfacet
  facet normal 0 -0.98229131135307923 -0.18736002679399882
    outer loop
      vertex 327.92001342773438 1396.181884765625 159.34297180175781
      vertex 326 1396.6312255859375 156.98716735839844
      vertex 334 1396.6312255859375 156.98716735839844
    endloop
  endfacet
  facet normal 0 -0.98229131135307923 -0.18736002679399882
    outer loop
      vertex 342.6400146484375 1396.181884765625 159.34297180175781
      vertex 342 1396.6312255859375 156.98716735839844
      vertex 350 1396.6312255859375 156.98716735839844
    endloop
  endfacet
  facet normal 0 -0.98229131135307923 -0.18736002679399882
    outer loop
      vertex 335.27999877929688 1396.181884765625 159.34297180175781
      vertex 334 1396.6312255859375 156.98716735839844
      vertex 342 1396.6312255859375 156.98716735839844
    endloop
  endfacet
  facet normal -0 -0.98229131135307923 -0.18736002679399882
    outer loop
      vertex 326 1396.6312255859375 156.98716735839844
      vertex 327.92001342773438 1396.181884765625 159.34297180175781
      vertex 320.55999755859375 1396.181884765625 159.34297180175781
    endloop
  endfacet
  facet normal -0 -0.98229131135307923 -0.18736002679399882
    outer loop
      vertex 334 1396.6312255859375 156.98716735839844
      vertex 335.27999877929688 1396.181884765625 159.34297180175781
      vertex 327.92001342773438 1396.181884765625 159.34297180175781
    endloop
  endfacet
  facet normal -0 -0.98229131135307923 -0.18736002679399882
    outer loop
      vertex 350 1396.6312255859375 156.98716735839844
      vertex 350 1396.181884765625 159.34297180175781
      vertex 342.6400146484375 1396.181884765625 159.34297180175781
    endloop
  endfacet
  facet normal -0 -0.98229131135307923 -0.18736002679399882
    outer loop
      vertex 335.27999877929688 1396.181884765625 159.34297180175781
      vertex 342 1396.6312255859375 156.98716735839844
      vertex 342.6400146484375 1396.181884765625 159.34297180175781
    endloop
  endfacet
  facet normal -0 -0.98229131135307912 -0.1873600267939988
    outer loop
      vertex 350 1396.181884765625 159.34297180175781
      vertex 350 1396.6312255859375 156.98716735839844
      vertex 357.3599853515625 1396.181884765625 159.34297180175781
    endloop
  endfacet
  facet normal 0 -0.98229131135307923 -0.18736002679399882
    outer loop
      vertex 318 1396.6312255859375 156.98716735839844
      vertex 326 1396.6312255859375 156.98716735839844
      vertex 320.55999755859375 1396.181884765625 159.34297180175781
    endloop
  endfacet
  facet normal 4.6544909786419292e-06 -0.982290535604042 -0.1873640937881634
    outer loop
      vertex 313.20001220703125 1391.75244140625 182.56448364257812
      vertex 313.20001220703125 1390.2760009765625 190.30499267578125
      vertex 310 1390.2117919921875 190.64154052734375
    endloop
  endfacet
  facet normal -4.2821248078524446e-06 -0.98228988397470796 -0.18736751005075117
    outer loop
      vertex 313.20001220703125 1391.75244140625 182.56448364257812
      vertex 310 1390.2117919921875 190.64154052734375
      vertex 310 1391.816650390625 182.22793579101562
    endloop
  endfacet
  facet normal 1.4856891146643565e-05 -0.98229053550627332 -0.18736409376951479
    outer loop
      vertex 313.20001220703125 1390.2760009765625 190.30499267578125
      vertex 313.20001220703125 1388.799560546875 198.04550170898438
      vertex 310 1388.60693359375 199.05513000488281
    endloop
  endfacet
  facet normal 4.2463867037139889e-06 -0.98228982143349386 -0.187367837928826
    outer loop
      vertex 313.20001220703125 1390.2760009765625 190.30499267578125
      vertex 310 1388.60693359375 199.05513000488281
      vertex 310 1390.2117919921875 190.64154052734375
    endloop
  endfacet
  facet normal 1.8129182511750344e-05 -0.98229244422055151 -0.18735408642073251
    outer loop
      vertex 310 1387.002197265625 207.46871948242188
      vertex 310 1388.60693359375 199.05513000488281
      vertex 313.20001220703125 1388.799560546875 198.04550170898438
    endloop
  endfacet
  facet normal -1.2411975942216448e-05 -0.98229053553901813 -0.1873640937757606
    outer loop
      vertex 310 1387.002197265625 207.46871948242188
      vertex 313.20001220703125 1388.799560546875 198.04550170898438
      vertex 313.20001220703125 1387.3231201171875 205.7860107421875
    endloop
  endfacet
  facet normal -4.2683237841582784e-06 -0.98229046762834538 -0.18736445017203227
    outer loop
      vertex 313.20001220703125 1387.3231201171875 205.7860107421875
      vertex 313.20001220703125 1385.8466796875 213.52650451660156
      vertex 310 1385.3973388671875 215.88232421875
    endloop
  endfacet
  facet normal -1.4273749358184249e-05 -0.98228988388364802 -0.18736751003338187
    outer loop
      vertex 313.20001220703125 1387.3231201171875 205.7860107421875
      vertex 310 1385.3973388671875 215.88232421875
      vertex 310 1387.002197265625 207.46871948242188
    endloop
  endfacet
  facet normal 0 -0.98229153469535846 -0.18735885585111123
    outer loop
      vertex 313.20001220703125 1385.8466796875 213.52650451660156
      vertex 320.55999755859375 1385.8466796875 213.52650451660156
      vertex 318 1385.3973388671875 215.88232421875
    endloop
  endfacet
  facet normal -0 -0.98229153469535846 -0.18735885585111126
    outer loop
      vertex 313.20001220703125 1385.8466796875 213.52650451660156
      vertex 318 1385.3973388671875 215.88232421875
      vertex 310 1385.3973388671875 215.88232421875
    endloop
  endfacet
  facet normal 0 -0.98229153469535846 -0.18735885585111123
    outer loop
      vertex 327.92001342773438 1385.8466796875 213.52650451660156
      vertex 335.27999877929688 1385.8466796875 213.52650451660156
      vertex 334 1385.3973388671875 215.88232421875
    endloop
  endfacet
  facet normal -0 -0.98229153469535846 -0.18735885585111126
    outer loop
      vertex 327.92001342773438 1385.8466796875 213.52650451660156
      vertex 334 1385.3973388671875 215.88232421875
      vertex 326 1385.3973388671875 215.88232421875
    endloop
  endfacet
  facet normal 0 -0.98229153469535835 -0.18735885585111123
    outer loop
      vertex 320.55999755859375 1385.8466796875 213.52650451660156
      vertex 327.92001342773438 1385.8466796875 213.52650451660156
      vertex 326 1385.3973388671875 215.88232421875
    endloop
  endfacet
  facet normal -0 -0.98229153469535846 -0.18735885585111126
    outer loop
      vertex 320.55999755859375 1385.8466796875 213.52650451660156
      vertex 326 1385.3973388671875 215.88232421875
      vertex 318 1385.3973388671875 215.88232421875
    endloop
  endfacet
  facet normal -0 -0.98229153469535846 -0.18735885585111126
    outer loop
      vertex 342 1385.3973388671875 215.88232421875
      vertex 334 1385.3973388671875 215.88232421875
      vertex 335.27999877929688 1385.8466796875 213.52650451660156
    endloop
  endfacet
  facet normal 0 -0.98229153469535835 -0.18735885585111123
    outer loop
      vertex 342 1385.3973388671875 215.88232421875
      vertex 335.27999877929688 1385.8466796875 213.52650451660156
      vertex 342.6400146484375 1385.8466796875 213.52650451660156
    endloop
  endfacet
  facet normal -0 -0.98229153469535846 -0.18735885585111126
    outer loop
      vertex 350 1385.3973388671875 215.88232421875
      vertex 342 1385.3973388671875 215.88232421875
      vertex 342.6400146484375 1385.8466796875 213.52650451660156
    endloop
  endfacet
  facet normal 0 -0.98229153469535846 -0.18735885585111123
    outer loop
      vertex 350 1385.3973388671875 215.88232421875
      vertex 342.6400146484375 1385.8466796875 213.52650451660156
      vertex 350 1385.8466796875 213.52650451660156
    endloop
  endfacet
  facet normal 0 -0.98229131135307923 -0.18736002679399882
    outer loop
      vertex 364.72000122070312 1396.181884765625 159.34297180175781
      vertex 358 1396.6312255859375 156.98716735839844
      vertex 366 1396.6312255859375 156.98716735839844
    endloop
  endfacet
  facet normal 0 -0.98229131135307923 -0.18736002679399882
    outer loop
      vertex 379.44000244140625 1396.181884765625 159.34297180175781
      vertex 374 1396.6312255859375 156.98716735839844
      vertex 382 1396.6312255859375 156.98716735839844
    endloop
  endfacet
  facet normal 0 -0.98229131135307923 -0.18736002679399882
    outer loop
      vertex 372.07998657226562 1396.181884765625 159.34297180175781
      vertex 366 1396.6312255859375 156.98716735839844
      vertex 374 1396.6312255859375 156.98716735839844
    endloop
  endfacet
  facet normal -0 -0.98229131135307923 -0.18736002679399882
    outer loop
      vertex 364.72000122070312 1396.181884765625 159.34297180175781
      vertex 357.3599853515625 1396.181884765625 159.34297180175781
      vertex 358 1396.6312255859375 156.98716735839844
    endloop
  endfacet
  facet normal -0 -0.98229131135307923 -0.18736002679399882
    outer loop
      vertex 374 1396.6312255859375 156.98716735839844
      vertex 379.44000244140625 1396.181884765625 159.34297180175781
      vertex 372.07998657226562 1396.181884765625 159.34297180175781
    endloop
  endfacet
  facet normal -0 -0.98229131135307923 -0.18736002679399882
    outer loop
      vertex 364.72000122070312 1396.181884765625 159.34297180175781
      vertex 366 1396.6312255859375 156.98716735839844
      vertex 372.07998657226562 1396.181884765625 159.34297180175781
    endloop
  endfacet
  facet normal -0 -0.98229131135307923 -0.18736002679399882
    outer loop
      vertex 379.44000244140625 1396.181884765625 159.34297180175781
      vertex 382 1396.6312255859375 156.98716735839844
      vertex 386.79998779296875 1396.181884765625 159.34297180175781
    endloop
  endfacet
  facet normal 0 -0.98229131135307923 -0.18736002679399882
    outer loop
      vertex 350 1396.6312255859375 156.98716735839844
      vertex 358 1396.6312255859375 156.98716735839844
      vertex 357.3599853515625 1396.181884765625 159.34297180175781
    endloop
  endfacet
  facet normal -1.4507237761084682e-05 -0.98228768434282476 -0.18737904092494206
    outer loop
      vertex 386.79998779296875 1394.705322265625 167.08348083496094
      vertex 386.79998779296875 1396.181884765625 159.34297180175781
      vertex 390 1396.6312255859375 156.98716735839844
    endloop
  endfacet
  facet normal 2.2125369578921397e-05 -0.9822898212019191 -0.18736783788465405
    outer loop
      vertex 386.79998779296875 1394.705322265625 167.08348083496094
      vertex 390 1396.6312255859375 156.98716735839844
      vertex 390 1395.0263671875 165.4007568359375
    endloop
  endfacet
  facet normal 0 -0.98229131135307923 -0.18736002679399882
    outer loop
      vertex 390 1396.6312255859375 156.98716735839844
      vertex 386.79998779296875 1396.181884765625 159.34297180175781
      vertex 382 1396.6312255859375 156.98716735839844
    endloop
  endfacet
  facet normal 1.3632596175565711e-05 -0.9822898213510719 -0.18736783791310435
    outer loop
      vertex 390 1395.0263671875 165.4007568359375
      vertex 390 1393.4215087890625 173.81434631347656
      vertex 386.79998779296875 1393.2288818359375 174.823974609375
    endloop
  endfacet
  facet normal 2.3971649170507302e-05 -0.98229046735506154 -0.18736445011990543
    outer loop
      vertex 390 1395.0263671875 165.4007568359375
      vertex 386.79998779296875 1393.2288818359375 174.823974609375
      vertex 386.79998779296875 1394.705322265625 167.08348083496094
    endloop
  endfacet
  facet normal 1.4856891146643565e-05 -0.98229053550627332 -0.18736409376951479
    outer loop
      vertex 386.79998779296875 1391.75244140625 182.56448364257812
      vertex 386.79998779296875 1393.2288818359375 174.823974609375
      vertex 390 1393.4215087890625 173.81434631347656
    endloop
  endfacet
  facet normal 4.2463867037139889e-06 -0.98228982143349386 -0.187367837928826
    outer loop
      vertex 386.79998779296875 1391.75244140625 182.56448364257812
      vertex 390 1393.4215087890625 173.81434631347656
      vertex 390 1391.816650390625 182.22793579101562
    endloop
  endfacet
  facet normal 4.6544909786419292e-06 -0.982290535604042 -0.1873640937881634
    outer loop
      vertex 386.79998779296875 1390.2760009765625 190.30499267578125
      vertex 386.79998779296875 1391.75244140625 182.56448364257812
      vertex 390 1391.816650390625 182.22793579101562
    endloop
  endfacet
  facet normal -4.2821248078524446e-06 -0.98228988397470796 -0.18736751005075117
    outer loop
      vertex 386.79998779296875 1390.2760009765625 190.30499267578125
      vertex 390 1391.816650390625 182.22793579101562
      vertex 390 1390.2117919921875 190.64154052734375
    endloop
  endfacet
  facet normal 0 -0.98229153469535846 -0.18735885585111123
    outer loop
      vertex 350 1385.8466796875 213.52650451660156
      vertex 357.3599853515625 1385.8466796875 213.52650451660156
      vertex 358 1385.3973388671875 215.88232421875
    endloop
  endfacet
  facet normal -0 -0.98229153469535846 -0.18735885585111126
    outer loop
      vertex 350 1385.8466796875 213.52650451660156
      vertex 358 1385.3973388671875 215.88232421875
      vertex 350 1385.3973388671875 215.88232421875
    endloop
  endfacet
  facet normal 0 -0.98229153469535846 -0.18735885585111123
    outer loop
      vertex 364.72000122070312 1385.8466796875 213.52650451660156
      vertex 372.07998657226562 1385.8466796875 213.52650451660156
      vertex 374 1385.3973388671875 215.88232421875
    endloop
  endfacet
  facet normal -0 -0.98229153469535846 -0.18735885585111126
    outer loop
      vertex 364.72000122070312 1385.8466796875 213.52650451660156
      vertex 374 1385.3973388671875 215.88232421875
      vertex 366 1385.3973388671875 215.88232421875
    endloop
  endfacet
  facet normal 0 -0.98229153469535835 -0.18735885585111123
    outer loop
      vertex 357.3599853515625 1385.8466796875 213.52650451660156
      vertex 364.72000122070312 1385.8466796875 213.52650451660156
      vertex 366 1385.3973388671875 215.88232421875
    endloop
  endfacet
  facet normal -0 -0.98229153469535846 -0.18735885585111126
    outer loop
      vertex 357.3599853515625 1385.8466796875 213.52650451660156
      vertex 366 1385.3973388671875 215.88232421875
      vertex 358 1385.3973388671875 215.88232421875
    endloop
  endfacet
  facet normal 0 -0.98229153469535846 -0.18735885585111126
    outer loop
      vertex 372.07998657226562 1385.8466796875 213.52650451660156
      vertex 379.44000244140625 1385.8466796875 213.52650451660156
      vertex 382 1385.3973388671875 215.88232421875
    endloop
  endfacet
  facet normal 0 -0.98229153469535846 -0.18735885585111126
    outer loop
      vertex 372.07998657226562 1385.8466796875 213.52650451660156
      vertex 382 1385.3973388671875 215.88232421875
      vertex 374 1385.3973388671875 215.88232421875
    endloop
  endfacet
  facet normal -1.4856891146639569e-05 -0.98229053550627343 -0.18736409376951482
    outer loop
      vertex 386.79998779296875 1387.3231201171875 205.7860107421875
      vertex 386.79998779296875 1388.799560546875 198.04550170898438
      vertex 390 1388.60693359375 199.05513000488281
    endloop
  endfacet
  facet normal 6.9582457185189557e-06 -0.9822924443581954 -0.18735408644698553
    outer loop
      vertex 386.79998779296875 1387.3231201171875 205.7860107421875
      vertex 390 1388.60693359375 199.05513000488281
      vertex 390 1387.002197265625 207.46871948242188
    endloop
  endfacet
  facet normal -1.3632596175576418e-05 -0.9822898213510719 -0.18736783791310435
    outer loop
      vertex 390 1390.2117919921875 190.64154052734375
      vertex 390 1388.60693359375 199.05513000488281
      vertex 386.79998779296875 1388.799560546875 198.04550170898438
    endloop
  endfacet
  facet normal -4.6544909786419292e-06 -0.982290535604042 -0.1873640937881634
    outer loop
      vertex 390 1390.2117919921875 190.64154052734375
      vertex 386.79998779296875 1388.799560546875 198.04550170898438
      vertex 386.79998779296875 1390.2760009765625 190.30499267578125
    endloop
  endfacet
  facet normal 0 -0.98229153469535846 -0.18735885585111123
    outer loop
      vertex 379.44000244140625 1385.8466796875 213.52650451660156
      vertex 386.79998779296875 1385.8466796875 213.52650451660156
      vertex 390 1385.3973388671875 215.88232421875
    endloop
  endfacet
  facet normal -0 -0.98229153469535846 -0.18735885585111126
    outer loop
      vertex 379.44000244140625 1385.8466796875 213.52650451660156
      vertex 390 1385.3973388671875 215.88232421875
      vertex 382 1385.3973388671875 215.88232421875
    endloop
  endfacet
  facet normal 6.6029342458593814e-06 -0.98228988396230044 -0.18736751004838448
    outer loop
      vertex 390 1387.002197265625 207.46871948242188
      vertex 390 1385.3973388671875 215.88232421875
      vertex 386.79998779296875 1385.8466796875 213.52650451660156
    endloop
  endfacet
  facet normal 1.2606195577960219e-05 -0.98229046755924232 -0.18736445015885139
    outer loop
      vertex 390 1387.002197265625 207.46871948242188
      vertex 386.79998779296875 1385.8466796875 213.52650451660156
      vertex 386.79998779296875 1387.3231201171875 205.7860107421875
    endloop
  endfacet
  facet normal -2.2887864471174687e-06 0.83581914315842309 0.54900488151261528
    outer loop
      vertex 210 1377.0504150390625 237.17942810058594
      vertex 213.19999694824219 1375.396240234375 239.69779968261719
      vertex 213.19999694824219 1380.078857421875 232.56886291503906
    endloop
  endfacet
  facet normal 3.8260711339479924e-06 0.83581719568323243 0.54900784637888245
    outer loop
      vertex 210 1377.0504150390625 237.17942810058594
      vertex 213.19999694824219 1380.078857421875 232.56886291503906
      vertex 210 1381.5040283203125 230.39918518066406
    endloop
  endfacet
  facet normal 0 0.83581460629951332 0.54901178848581178
    outer loop
      vertex 213.19999694824219 1380.078857421875 232.56886291503906
      vertex 218 1381.5040283203125 230.39918518066406
      vertex 210 1381.5040283203125 230.39918518066406
    endloop
  endfacet
  facet normal 7.7798200492349803e-06 0.83581257583813473 0.5490148795891574
    outer loop
      vertex 210 1372.5968017578125 243.95967102050781
      vertex 213.19999694824219 1370.7135009765625 246.82673645019531
      vertex 213.19999694824219 1375.396240234375 239.69779968261719
    endloop
  endfacet
  facet normal -5.6288206776026069e-06 0.83581719567610913 0.54900784637420352
    outer loop
      vertex 210 1372.5968017578125 243.95967102050781
      vertex 213.19999694824219 1375.396240234375 239.69779968261719
      vertex 210 1377.0504150390625 237.17942810058594
    endloop
  endfacet
  facet normal 1.1610312500418309e-05 0.83581914310427852 0.54900488147705062
    outer loop
      vertex 210 1368.1431884765625 250.73991394042969
      vertex 213.19999694824219 1366.0308837890625 253.95567321777344
      vertex 213.19999694824219 1370.7135009765625 246.82673645019531
    endloop
  endfacet
  facet normal 1.68002136247769e-05 0.83581719557139644 0.54900784630542276
    outer loop
      vertex 210 1368.1431884765625 250.73991394042969
      vertex 213.19999694824219 1370.7135009765625 246.82673645019531
      vertex 210 1372.5968017578125 243.95967102050781
    endloop
  endfacet
  facet normal -9.018279653005855e-06 0.83580972364377892 0.54901922168643613
    outer loop
      vertex 210 1363.689453125 257.5201416015625
      vertex 213.19999694824219 1366.0308837890625 253.95567321777344
      vertex 210 1368.1431884765625 250.73991394042969
    endloop
  endfacet
  facet normal 0 0.83581460629951332 0.54901178848581178
    outer loop
      vertex 220.55999755859375 1380.078857421875 232.56886291503906
      vertex 226 1381.5040283203125 230.39918518066406
      vertex 218 1381.5040283203125 230.39918518066406
    endloop
  endfacet
  facet normal 0 0.83581460629951332 0.54901178848581178
    outer loop
      vertex 234 1381.5040283203125 230.39918518066406
      vertex 235.27999877929688 1380.078857421875 232.56886291503906
      vertex 242.63999938964844 1380.078857421875 232.56886291503906
    endloop
  endfacet
  facet normal 0 0.83581460629951332 0.54901178848581178
    outer loop
      vertex 234 1381.5040283203125 230.39918518066406
      vertex 242.63999938964844 1380.078857421875 232.56886291503906
      vertex 242 1381.5040283203125 230.39918518066406
    endloop
  endfacet
  facet normal 0 0.83581460629951332 0.54901178848581178
    outer loop
      vertex 227.91999816894531 1380.078857421875 232.56886291503906
      vertex 234 1381.5040283203125 230.39918518066406
      vertex 226 1381.5040283203125 230.39918518066406
    endloop
  endfacet
  facet normal -0 0.83581460629951332 0.54901178848581178
    outer loop
      vertex 226 1381.5040283203125 230.39918518066406
      vertex 220.55999755859375 1380.078857421875 232.56886291503906
      vertex 227.91999816894531 1380.078857421875 232.56886291503906
    endloop
  endfacet
  facet normal -0 0.83581460629951332 0.54901178848581178
    outer loop
      vertex 227.91999816894531 1380.078857421875 232.56886291503906
      vertex 235.27999877929688 1380.078857421875 232.56886291503906
      vertex 234 1381.5040283203125 230.39918518066406
    endloop
  endfacet
  facet normal -2.715648020069424e-05 0.83581719538115318 0.54900784618046117
    outer loop
      vertex 213.19999694824219 1366.0308837890625 253.95567321777344
      vertex 210 1363.689453125 257.5201416015625
      vertex 210 1359.23583984375 264.30038452148438
    endloop
  endfacet
  facet normal 1.5911755530255716e-06 0.83581311508916467 0.54901405869286712
    outer loop
      vertex 213.19999694824219 1366.0308837890625 253.95567321777344
      vertex 210 1359.23583984375 264.30038452148438
      vertex 213.19999694824219 1361.34814453125 261.08462524414062
    endloop
  endfacet
  facet normal 0 0.83581460629951332 0.54901178848581178
    outer loop
      vertex 242.63999938964844 1380.078857421875 232.56886291503906
      vertex 250 1381.5040283203125 230.39918518066406
      vertex 242 1381.5040283203125 230.39918518066406
    endloop
  endfacet
  facet normal -0 0.83581460629951332 0.54901178848581178
    outer loop
      vertex 218 1381.5040283203125 230.39918518066406
      vertex 213.19999694824219 1380.078857421875 232.56886291503906
      vertex 220.55999755859375 1380.078857421875 232.56886291503906
    endloop
  endfacet
  facet normal -2.0602763225965226e-05 0.8358191429832208 0.54900488139753434
    outer loop
      vertex 210 1354.7822265625 271.08062744140625
      vertex 213.19999694824219 1356.66552734375 268.21356201171875
      vertex 213.19999694824219 1361.34814453125 261.08462524414062
    endloop
  endfacet
  facet normal -7.3453218151660191e-06 0.83581719566680224 0.5490078463680903
    outer loop
      vertex 210 1354.7822265625 271.08062744140625
      vertex 213.19999694824219 1361.34814453125 261.08462524414062
      vertex 210 1359.23583984375 264.30038452148438
    endloop
  endfacet
  facet normal -7.7798200492349803e-06 0.83581257583813473 0.5490148795891574
    outer loop
      vertex 213.19999694824219 1351.9827880859375 275.34249877929688
      vertex 213.19999694824219 1356.66552734375 268.21356201171875
      vertex 210 1354.7822265625 271.08062744140625
    endloop
  endfacet
  facet normal -6.7036642818592287e-06 0.83581914314183192 0.54900488150171745
    outer loop
      vertex 210 1345.875 284.64111328125
      vertex 213.19999694824219 1347.3001708984375 282.471435546875
      vertex 213.19999694824219 1351.9827880859375 275.34249877929688
    endloop
  endfacet
  facet normal 5.6288206776026069e-06 0.83581719567610913 0.54900784637420352
    outer loop
      vertex 210 1345.875 284.64111328125
      vertex 213.19999694824219 1351.9827880859375 275.34249877929688
      vertex 210 1350.32861328125 277.86087036132812
    endloop
  endfacet
  facet normal -0 0.83581460629951332 0.54901178848581178
    outer loop
      vertex 213.19999694824219 1347.3001708984375 282.471435546875
      vertex 210 1345.875 284.64111328125
      vertex 218 1345.875 284.64111328125
    endloop
  endfacet
  facet normal 0 0.83581460629951332 0.54901178848581178
    outer loop
      vertex 213.19999694824219 1347.3001708984375 282.471435546875
      vertex 218 1345.875 284.64111328125
      vertex 220.55999755859375 1347.3001708984375 282.471435546875
    endloop
  endfacet
  facet normal 5.6288206775984819e-06 0.83581719567610901 0.54900784637420341
    outer loop
      vertex 213.19999694824219 1351.9827880859375 275.34249877929688
      vertex 210 1354.7822265625 271.08062744140625
      vertex 210 1350.32861328125 277.86087036132812
    endloop
  endfacet
  facet normal -0 0.83581460629951332 0.54901178848581178
    outer loop
      vertex 220.55999755859375 1347.3001708984375 282.471435546875
      vertex 218 1345.875 284.64111328125
      vertex 226 1345.875 284.64111328125
    endloop
  endfacet
  facet normal 0 0.83581460629951332 0.54901178848581178
    outer loop
      vertex 220.55999755859375 1347.3001708984375 282.471435546875
      vertex 226 1345.875 284.64111328125
      vertex 227.91999816894531 1347.3001708984375 282.471435546875
    endloop
  endfacet
  facet normal -0 0.83581460629951332 0.54901178848581178
    outer loop
      vertex 235.27999877929688 1347.3001708984375 282.471435546875
      vertex 234 1345.875 284.64111328125
      vertex 242 1345.875 284.64111328125
    endloop
  endfacet
  facet normal 0 0.83581460629951332 0.54901178848581178
    outer loop
      vertex 235.27999877929688 1347.3001708984375 282.471435546875
      vertex 242 1345.875 284.64111328125
      vertex 242.63999938964844 1347.3001708984375 282.471435546875
    endloop
  endfacet
  facet normal -0 0.83581460629951332 0.54901178848581178
    outer loop
      vertex 227.91999816894531 1347.3001708984375 282.471435546875
      vertex 226 1345.875 284.64111328125
      vertex 234 1345.875 284.64111328125
    endloop
  endfacet
  facet normal 0 0.83581460629951332 0.54901178848581178
    outer loop
      vertex 227.91999816894531 1347.3001708984375 282.471435546875
      vertex 234 1345.875 284.64111328125
      vertex 235.27999877929688 1347.3001708984375 282.471435546875
    endloop
  endfacet
  facet normal 0 0.83581460629951332 0.54901178848581178
    outer loop
      vertex 250 1345.875 284.64111328125
      vertex 250 1347.3001708984375 282.471435546875
      vertex 242.63999938964844 1347.3001708984375 282.471435546875
    endloop
  endfacet
  facet normal -0 0.83581460629951332 0.54901178848581178
    outer loop
      vertex 250 1345.875 284.64111328125
      vertex 242.63999938964844 1347.3001708984375 282.471435546875
      vertex 242 1345.875 284.64111328125
    endloop
  endfacet
  facet normal -0 0.83581460629951332 0.54901178848581178
    outer loop
      vertex 250 1347.3001708984375 282.471435546875
      vertex 250 1345.875 284.64111328125
      vertex 258 1345.875 284.64111328125
    endloop
  endfacet
  facet normal 0 0.83581460629951332 0.54901178848581178
    outer loop
      vertex 250 1347.3001708984375 282.471435546875
      vertex 258 1345.875 284.64111328125
      vertex 257.3599853515625 1347.3001708984375 282.471435546875
    endloop
  endfacet
  facet normal -0 0.83581460629951332 0.54901178848581178
    outer loop
      vertex 250 1381.5040283203125 230.39918518066406
      vertex 250 1380.078857421875 232.56886291503906
      vertex 257.3599853515625 1380.078857421875 232.56886291503906
    endloop
  endfacet
  facet normal 0 0.83581460629951332 0.54901178848581178
    outer loop
      vertex 250 1381.5040283203125 230.39918518066406
      vertex 257.3599853515625 1380.078857421875 232.56886291503906
      vertex 258 1381.5040283203125 230.39918518066406
    endloop
  endfacet
  facet normal -0 0.83581460629951332 0.54901178848581178
    outer loop
      vertex 266 1381.5040283203125 230.39918518066406
      vertex 264.72000122070312 1380.078857421875 232.56886291503906
      vertex 272.07998657226562 1380.078857421875 232.56886291503906
    endloop
  endfacet
  facet normal 0 0.83581460629951332 0.54901178848581178
    outer loop
      vertex 266 1381.5040283203125 230.39918518066406
      vertex 272.07998657226562 1380.078857421875 232.56886291503906
      vertex 274 1381.5040283203125 230.39918518066406
    endloop
  endfacet
  facet normal 0 0.83581460629951332 0.54901178848581178
    outer loop
      vertex 264.72000122070312 1380.078857421875 232.56886291503906
      vertex 266 1381.5040283203125 230.39918518066406
      vertex 258 1381.5040283203125 230.39918518066406
    endloop
  endfacet
  facet normal -0 0.83581460629951332 0.54901178848581178
    outer loop
      vertex 257.3599853515625 1380.078857421875 232.56886291503906
      vertex 264.72000122070312 1380.078857421875 232.56886291503906
      vertex 258 1381.5040283203125 230.39918518066406
    endloop
  endfacet
  facet normal -0 0.83581460629951332 0.54901178848581178
    outer loop
      vertex 272.07998657226562 1380.078857421875 232.56886291503906
      vertex 279.44000244140625 1380.078857421875 232.56886291503906
      vertex 274 1381.5040283203125 230.39918518066406
    endloop
  endfacet
  facet normal -0 0.83581460629951332 0.54901178848581178
    outer loop
      vertex 242.63999938964844 1380.078857421875 232.56886291503906
      vertex 250 1380.078857421875 232.56886291503906
      vertex 250 1381.5040283203125 230.39918518066406
    endloop
  endfacet
  facet normal -0 0.83581460629951332 0.54901178848581178
    outer loop
      vertex 286.79998779296875 1380.078857421875 232.56886291503906
      vertex 282 1381.5040283203125 230.39918518066406
      vertex 279.44000244140625 1380.078857421875 232.56886291503906
    endloop
  endfacet
  facet normal 0 0.83581460629951332 0.54901178848581178
    outer loop
      vertex 274 1381.5040283203125 230.39918518066406
      vertex 279.44000244140625 1380.078857421875 232.56886291503906
      vertex 282 1381.5040283203125 230.39918518066406
    endloop
  endfacet
  facet normal -6.703632316570206e-06 0.83581914314183203 0.54900488150171745
    outer loop
      vertex 290 1381.5040283203125 230.39918518066406
      vertex 286.79998779296875 1380.078857421875 232.56886291503906
      vertex 286.79998779296875 1375.396240234375 239.69779968261719
    endloop
  endfacet
  facet normal 5.6287938373964349e-06 0.83581719567610913 0.54900784637420352
    outer loop
      vertex 290 1381.5040283203125 230.39918518066406
      vertex 286.79998779296875 1375.396240234375 239.69779968261719
      vertex 290 1377.0504150390625 237.17942810058594
    endloop
  endfacet
  facet normal 0 0.83581460629951332 0.54901178848581178
    outer loop
      vertex 282 1381.5040283203125 230.39918518066406
      vertex 286.79998779296875 1380.078857421875 232.56886291503906
      vertex 290 1381.5040283203125 230.39918518066406
    endloop
  endfacet
  facet normal -1.6800133515380567e-05 0.83581719557139755 0.54900784630542354
    outer loop
      vertex 286.79998779296875 1370.7135009765625 246.82673645019531
      vertex 290 1372.5968017578125 243.95967102050781
      vertex 290 1377.0504150390625 237.17942810058594
    endloop
  endfacet
  facet normal 1.3551972439856744e-05 0.83581257578667778 0.5490148795553571
    outer loop
      vertex 286.79998779296875 1370.7135009765625 246.82673645019531
      vertex 290 1377.0504150390625 237.17942810058594
      vertex 286.79998779296875 1375.396240234375 239.69779968261719
    endloop
  endfacet
  facet normal -2.0602664984709347e-05 0.83581914298322235 0.54900488139753534
    outer loop
      vertex 290 1372.5968017578125 243.95967102050781
      vertex 286.79998779296875 1370.7135009765625 246.82673645019531
      vertex 286.79998779296875 1366.0308837890625 253.95567321777344
    endloop
  endfacet
  facet normal -7.3452867901509611e-06 0.83581719566680246 0.54900784636809041
    outer loop
      vertex 290 1372.5968017578125 243.95967102050781
      vertex 286.79998779296875 1366.0308837890625 253.95567321777344
      vertex 290 1368.1431884765625 250.73991394042969
    endloop
  endfacet
  facet normal -0 0.83581460629951332 0.54901178848581178
    outer loop
      vertex 257.3599853515625 1347.3001708984375 282.471435546875
      vertex 258 1345.875 284.64111328125
      vertex 266 1345.875 284.64111328125
    endloop
  endfacet
  facet normal 0 0.83581460629951332 0.54901178848581178
    outer loop
      vertex 257.3599853515625 1347.3001708984375 282.471435546875
      vertex 266 1345.875 284.64111328125
      vertex 264.72000122070312 1347.3001708984375 282.471435546875
    endloop
  endfacet
  facet normal 0 0.83581460629951332 0.54901178848581178
    outer loop
      vertex 264.72000122070312 1347.3001708984375 282.471435546875
      vertex 266 1345.875 284.64111328125
      vertex 274 1345.875 284.64111328125
    endloop
  endfacet
  facet normal 0 0.83581460629951332 0.54901178848581178
    outer loop
      vertex 264.72000122070312 1347.3001708984375 282.471435546875
      vertex 274 1345.875 284.64111328125
      vertex 272.07998657226562 1347.3001708984375 282.471435546875
    endloop
  endfacet
  facet normal 0 0.83581460629951332 0.54901178848581178
    outer loop
      vertex 282 1345.875 284.64111328125
      vertex 279.44000244140625 1347.3001708984375 282.471435546875
      vertex 272.07998657226562 1347.3001708984375 282.471435546875
    endloop
  endfacet
  facet normal 0 0.83581460629951332 0.54901178848581178
    outer loop
      vertex 282 1345.875 284.64111328125
      vertex 272.07998657226562 1347.3001708984375 282.471435546875
      vertex 274 1345.875 284.64111328125
    endloop
  endfacet
  facet normal 0 0.83581460629951332 0.54901178848581178
    outer loop
      vertex 279.44000244140625 1347.3001708984375 282.471435546875
      vertex 282 1345.875 284.64111328125
      vertex 290 1345.875 284.64111328125
    endloop
  endfacet
  facet normal 0 0.83581460629951332 0.54901178848581178
    outer loop
      vertex 279.44000244140625 1347.3001708984375 282.471435546875
      vertex 290 1345.875 284.64111328125
      vertex 286.79998779296875 1347.3001708984375 282.471435546875
    endloop
  endfacet
  facet normal 1.6800133515380567e-05 0.83581719557139755 0.54900784630542354
    outer loop
      vertex 286.79998779296875 1356.66552734375 268.21356201171875
      vertex 290 1354.7822265625 271.08062744140625
      vertex 290 1359.23583984375 264.30038452148438
    endloop
  endfacet
  facet normal 1.1610257138345319e-05 0.83581914310427896 0.54900488147705084
    outer loop
      vertex 286.79998779296875 1356.66552734375 268.21356201171875
      vertex 290 1359.23583984375 264.30038452148438
      vertex 286.79998779296875 1361.34814453125 261.08462524414062
    endloop
  endfacet
  facet normal 7.345286790170293e-06 0.83581719566680246 0.54900784636809041
    outer loop
      vertex 286.79998779296875 1361.34814453125 261.08462524414062
      vertex 290 1359.23583984375 264.30038452148438
      vertex 290 1363.689453125 257.5201416015625
    endloop
  endfacet
  facet normal 1.7250755732368394e-05 0.83581311496585853 0.54901405861187191
    outer loop
      vertex 290 1363.689453125 257.5201416015625
      vertex 286.79998779296875 1366.0308837890625 253.95567321777344
      vertex 286.79998779296875 1361.34814453125 261.08462524414062
    endloop
  endfacet
  facet normal 3.8260528898562438e-06 0.83581719568323243 0.54900784637888245
    outer loop
      vertex 286.79998779296875 1347.3001708984375 282.471435546875
      vertex 290 1345.875 284.64111328125
      vertex 290 1350.32861328125 277.86087036132812
    endloop
  endfacet
  facet normal -2.2887755333748499e-06 0.83581914315842309 0.54900488151261528
    outer loop
      vertex 286.79998779296875 1347.3001708984375 282.471435546875
      vertex 290 1350.32861328125 277.86087036132812
      vertex 286.79998779296875 1351.9827880859375 275.34249877929688
    endloop
  endfacet
  facet normal 7.7797829523353891e-06 0.83581257583813484 0.5490148795891574
    outer loop
      vertex 290 1354.7822265625 271.08062744140625
      vertex 286.79998779296875 1356.66552734375 268.21356201171875
      vertex 286.79998779296875 1351.9827880859375 275.34249877929688
    endloop
  endfacet
  facet normal -5.6287938373964349e-06 0.83581719567610913 0.54900784637420352
    outer loop
      vertex 290 1354.7822265625 271.08062744140625
      vertex 286.79998779296875 1351.9827880859375 275.34249877929688
      vertex 290 1350.32861328125 277.86087036132812
    endloop
  endfacet
  facet normal 9.0182366506614854e-06 0.83580972364377937 0.54901922168643635
    outer loop
      vertex 290 1363.689453125 257.5201416015625
      vertex 290 1368.1431884765625 250.73991394042969
      vertex 286.79998779296875 1366.0308837890625 253.95567321777344
    endloop
  endfacet
  facet normal -1 0 0
    outer loop
      vertex 210 1350.32861328125 277.86087036132812
      vertex 210 1348.656982421875 276.76284790039062
      vertex 210 1344.203369140625 283.5430908203125
    endloop
  endfacet
  facet normal -1 -0 -0
    outer loop
      vertex 210 1350.32861328125 277.86087036132812
      vertex 210 1344.203369140625 283.5430908203125
      vertex 210 1345.875 284.64111328125
    endloop
  endfacet
  facet normal -1 0 0
    outer loop
      vertex 210 1359.23583984375 264.30038452148438
      vertex 210 1357.564208984375 263.20236206054688
      vertex 210 1353.110595703125 269.98260498046875
    endloop
  endfacet
  facet normal -1 -0 -0
    outer loop
      vertex 210 1359.23583984375 264.30038452148438
      vertex 210 1353.110595703125 269.98260498046875
      vertex 210 1354.7822265625 271.08062744140625
    endloop
  endfacet
  facet normal -1 0 0
    outer loop
      vertex 210 1354.7822265625 271.08062744140625
      vertex 210 1353.110595703125 269.98260498046875
      vertex 210 1348.656982421875 276.76284790039062
    endloop
  endfacet
  facet normal -1 -0 -0
    outer loop
      vertex 210 1354.7822265625 271.08062744140625
      vertex 210 1348.656982421875 276.76284790039062
      vertex 210 1350.32861328125 277.86087036132812
    endloop
  endfacet
  facet normal -1 0 0
    outer loop
      vertex 210 1368.1431884765625 250.73991394042969
      vertex 210 1366.4715576171875 249.64189147949219
      vertex 210 1362.017822265625 256.422119140625
    endloop
  endfacet
  facet normal -1 -0 -0
    outer loop
      vertex 210 1368.1431884765625 250.73991394042969
      vertex 210 1362.017822265625 256.422119140625
      vertex 210 1363.689453125 257.5201416015625
    endloop
  endfacet
  facet normal -1 0 0
    outer loop
      vertex 210 1377.0504150390625 237.17942810058594
      vertex 210 1375.3787841796875 236.08140563964844
      vertex 210 1370.9251708984375 242.86164855957031
    endloop
  endfacet
  facet normal -1 -0 -0
    outer loop
      vertex 210 1377.0504150390625 237.17942810058594
      vertex 210 1370.9251708984375 242.86164855957031
      vertex 210 1372.5968017578125 243.95967102050781
    endloop
  endfacet
  facet normal -1 0 0
    outer loop
      vertex 210 1381.5040283203125 230.39918518066406
      vertex 210 1379.8323974609375 229.30116271972656
      vertex 210 1375.3787841796875 236.08140563964844
    endloop
  endfacet
  facet normal -1 -0 -0
    outer loop
      vertex 210 1381.5040283203125 230.39918518066406
      vertex 210 1375.3787841796875 236.08140563964844
      vertex 210 1377.0504150390625 237.17942810058594
    endloop
  endfacet
  facet normal -1 0 0
    outer loop
      vertex 210 1372.5968017578125 243.95967102050781
      vertex 210 1370.9251708984375 242.86164855957031
      vertex 210 1366.4715576171875 249.64189147949219
    endloop
  endfacet
  facet normal -1 -0 -0
    outer loop
      vertex 210 1372.5968017578125 243.95967102050781
      vertex 210 1366.4715576171875 249.64189147949219
      vertex 210 1368.1431884765625 250.73991394042969
    endloop
  endfacet
  facet normal -1 0 0
    outer loop
      vertex 210 1363.689453125 257.5201416015625
      vertex 210 1362.017822265625 256.422119140625
      vertex 210 1357.564208984375 263.20236206054688
    endloop
  endfacet
  facet normal -1 -0 -0
    outer loop
      vertex 210 1363.689453125 257.5201416015625
      vertex 210 1357.564208984375 263.20236206054688
      vertex 210 1359.23583984375 264.30038452148438
    endloop
  endfacet
  facet normal -0 0.54901102083318354 -0.83581511053803392
    outer loop
      vertex 218 1381.5040283203125 230.39918518066406
      vertex 218 1379.8323974609375 229.30116271972656
      vertex 210 1379.8323974609375 229.30116271972656
    endloop
  endfacet
  facet normal 0 0.54901102083318354 -0.83581511053803392
    outer loop
      vertex 218 1381.5040283203125 230.39918518066406
      vertex 210 1379.8323974609375 229.30116271972656
      vertex 210 1381.5040283203125 230.39918518066406
    endloop
  endfacet
  facet normal -0 0.54901102083318354 -0.83581511053803392
    outer loop
      vertex 234 1381.5040283203125 230.39918518066406
      vertex 234 1379.8323974609375 229.30116271972656
      vertex 226 1379.8323974609375 229.30116271972656
    endloop
  endfacet
  facet normal 0 0.54901102083318354 -0.83581511053803392
    outer loop
      vertex 234 1381.5040283203125 230.39918518066406
      vertex 226 1379.8323974609375 229.30116271972656
      vertex 226 1381.5040283203125 230.39918518066406
    endloop
  endfacet
  facet normal -0 0.54901102083318354 -0.83581511053803392
    outer loop
      vertex 242 1381.5040283203125 230.39918518066406
      vertex 242 1379.8323974609375 229.30116271972656
      vertex 234 1379.8323974609375 229.30116271972656
    endloop
  endfacet
  facet normal 0 0.54901102083318354 -0.83581511053803392
    outer loop
      vertex 242 1381.5040283203125 230.39918518066406
      vertex 234 1379.8323974609375 229.30116271972656
      vertex 234 1381.5040283203125 230.39918518066406
    endloop
  endfacet
  facet normal -0 0.54901102083318354 -0.83581511053803392
    outer loop
      vertex 226 1381.5040283203125 230.39918518066406
      vertex 226 1379.8323974609375 229.30116271972656
      vertex 218 1379.8323974609375 229.30116271972656
    endloop
  endfacet
  facet normal 0 0.54901102083318354 -0.83581511053803392
    outer loop
      vertex 226 1381.5040283203125 230.39918518066406
      vertex 218 1379.8323974609375 229.30116271972656
      vertex 218 1381.5040283203125 230.39918518066406
    endloop
  endfacet
  facet normal -0 0.54901102083318354 -0.83581511053803392
    outer loop
      vertex 258 1381.5040283203125 230.39918518066406
      vertex 258 1379.8323974609375 229.30116271972656
      vertex 250 1379.8323974609375 229.30116271972656
    endloop
  endfacet
  facet normal 0 0.54901102083318354 -0.83581511053803392
    outer loop
      vertex 258 1381.5040283203125 230.39918518066406
      vertex 250 1379.8323974609375 229.30116271972656
      vertex 250 1381.5040283203125 230.39918518066406
    endloop
  endfacet
  facet normal -0 0.54901102083318354 -0.83581511053803392
    outer loop
      vertex 266 1381.5040283203125 230.39918518066406
      vertex 266 1379.8323974609375 229.30116271972656
      vertex 258 1379.8323974609375 229.30116271972656
    endloop
  endfacet
  facet normal 0 0.54901102083318354 -0.83581511053803392
    outer loop
      vertex 266 1381.5040283203125 230.39918518066406
      vertex 258 1379.8323974609375 229.30116271972656
      vertex 258 1381.5040283203125 230.39918518066406
    endloop
  endfacet
  facet normal -0 0.54901102083318354 -0.83581511053803392
    outer loop
      vertex 282 1381.5040283203125 230.39918518066406
      vertex 282 1379.8323974609375 229.30116271972656
      vertex 274 1379.8323974609375 229.30116271972656
    endloop
  endfacet
  facet normal 0 0.54901102083318354 -0.83581511053803392
    outer loop
      vertex 282 1381.5040283203125 230.39918518066406
      vertex 274 1379.8323974609375 229.30116271972656
      vertex 274 1381.5040283203125 230.39918518066406
    endloop
  endfacet
  facet normal -0 0.54901102083318354 -0.83581511053803392
    outer loop
      vertex 290 1381.5040283203125 230.39918518066406
      vertex 290 1379.8323974609375 229.30116271972656
      vertex 282 1379.8323974609375 229.30116271972656
    endloop
  endfacet
  facet normal 0 0.54901102083318354 -0.83581511053803392
    outer loop
      vertex 290 1381.5040283203125 230.39918518066406
      vertex 282 1379.8323974609375 229.30116271972656
      vertex 282 1381.5040283203125 230.39918518066406
    endloop
  endfacet
  facet normal -0 0.54901102083318354 -0.83581511053803392
    outer loop
      vertex 274 1381.5040283203125 230.39918518066406
      vertex 274 1379.8323974609375 229.30116271972656
      vertex 266 1379.8323974609375 229.30116271972656
    endloop
  endfacet
  facet normal 0 0.54901102083318354 -0.83581511053803392
    outer loop
      vertex 274 1381.5040283203125 230.39918518066406
      vertex 266 1379.8323974609375 229.30116271972656
      vertex 266 1381.5040283203125 230.39918518066406
    endloop
  endfacet
  facet normal -0 0.54901102083318354 -0.83581511053803392
    outer loop
      vertex 250 1381.5040283203125 230.39918518066406
      vertex 250 1379.8323974609375 229.30116271972656
      vertex 242 1379.8323974609375 229.30116271972656
    endloop
  endfacet
  facet normal 0 0.54901102083318354 -0.83581511053803392
    outer loop
      vertex 250 1381.5040283203125 230.39918518066406
      vertex 242 1379.8323974609375 229.30116271972656
      vertex 242 1381.5040283203125 230.39918518066406
    endloop
  endfacet
  facet normal 1 0 0
    outer loop
      vertex 290 1377.0504150390625 237.17942810058594
      vertex 290 1375.3787841796875 236.08140563964844
      vertex 290 1379.8323974609375 229.30116271972656
    endloop
  endfacet
  facet normal 1 0 0
    outer loop
      vertex 290 1377.0504150390625 237.17942810058594
      vertex 290 1379.8323974609375 229.30116271972656
      vertex 290 1381.5040283203125 230.39918518066406
    endloop
  endfacet
  facet normal 1 0 0
    outer loop
      vertex 290 1368.1431884765625 250.73991394042969
      vertex 290 1366.4715576171875 249.64189147949219
      vertex 290 1370.9251708984375 242.86164855957031
    endloop
  endfacet
  facet normal 1 0 0
    outer loop
      vertex 290 1368.1431884765625 250.73991394042969
      vertex 290 1370.9251708984375 242.86164855957031
      vertex 290 1372.5968017578125 243.95967102050781
    endloop
  endfacet
  facet normal 1 0 0
    outer loop
      vertex 290 1372.5968017578125 243.95967102050781
      vertex 290 1370.9251708984375 242.86164855957031
      vertex 290 1375.3787841796875 236.08140563964844
    endloop
  endfacet
  facet normal 1 0 0
    outer loop
      vertex 290 1372.5968017578125 243.95967102050781
      vertex 290 1375.3787841796875 236.08140563964844
      vertex 290 1377.0504150390625 237.17942810058594
    endloop
  endfacet
  facet normal 1 0 0
    outer loop
      vertex 290 1359.23583984375 264.30038452148438
      vertex 290 1357.564208984375 263.20236206054688
      vertex 290 1362.017822265625 256.422119140625
    endloop
  endfacet
  facet normal 1 0 0
    outer loop
      vertex 290 1359.23583984375 264.30038452148438
      vertex 290 1362.017822265625 256.422119140625
      vertex 290 1363.689453125 257.5201416015625
    endloop
  endfacet
  facet normal 1 0 0
    outer loop
      vertex 290 1350.32861328125 277.86087036132812
      vertex 290 1348.656982421875 276.76284790039062
      vertex 290 1353.110595703125 269.98260498046875
    endloop
  endfacet
  facet normal 1 0 0
    outer loop
      vertex 290 1350.32861328125 277.86087036132812
      vertex 290 1353.110595703125 269.98260498046875
      vertex 290 1354.7822265625 271.08062744140625
    endloop
  endfacet
  facet normal 1 0 0
    outer loop
      vertex 290 1345.875 284.64111328125
      vertex 290 1344.203369140625 283.5430908203125
      vertex 290 1348.656982421875 276.76284790039062
    endloop
  endfacet
  facet normal 1 0 0
    outer loop
      vertex 290 1345.875 284.64111328125
      vertex 290 1348.656982421875 276.76284790039062
      vertex 290 1350.32861328125 277.86087036132812
    endloop
  endfacet
  facet normal 1 0 0
    outer loop
      vertex 290 1354.7822265625 271.08062744140625
      vertex 290 1353.110595703125 269.98260498046875
      vertex 290 1357.564208984375 263.20236206054688
    endloop
  endfacet
  facet normal 1 0 0
    outer loop
      vertex 290 1354.7822265625 271.08062744140625
      vertex 290 1357.564208984375 263.20236206054688
      vertex 290 1359.23583984375 264.30038452148438
    endloop
  endfacet
  facet normal 1 -0 -0
    outer loop
      vertex 290 1363.689453125 257.5201416015625
      vertex 290 1362.017822265625 256.422119140625
      vertex 290 1366.4715576171875 249.64189147949219
    endloop
  endfacet
  facet normal 1 0 0
    outer loop
      vertex 290 1363.689453125 257.5201416015625
      vertex 290 1366.4715576171875 249.64189147949219
      vertex 290 1368.1431884765625 250.73991394042969
    endloop
  endfacet
  facet normal -0 -0.54901102083318354 0.83581511053803392
    outer loop
      vertex 282 1345.875 284.64111328125
      vertex 282 1344.203369140625 283.5430908203125
      vertex 290 1344.203369140625 283.5430908203125
    endloop
  endfacet
  facet normal 0 -0.54901102083318354 0.83581511053803392
    outer loop
      vertex 282 1345.875 284.64111328125
      vertex 290 1344.203369140625 283.5430908203125
      vertex 290 1345.875 284.64111328125
    endloop
  endfacet
  facet normal -0 -0.54901102083318354 0.83581511053803392
    outer loop
      vertex 266 1345.875 284.64111328125
      vertex 266 1344.203369140625 283.5430908203125
      vertex 274 1344.203369140625 283.5430908203125
    endloop
  endfacet
  facet normal 0 -0.54901102083318354 0.83581511053803392
    outer loop
      vertex 266 1345.875 284.64111328125
      vertex 274 1344.203369140625 283.5430908203125
      vertex 274 1345.875 284.64111328125
    endloop
  endfacet
  facet normal -0 -0.54901102083318354 0.83581511053803392
    outer loop
      vertex 258 1345.875 284.64111328125
      vertex 258 1344.203369140625 283.5430908203125
      vertex 266 1344.203369140625 283.5430908203125
    endloop
  endfacet
  facet normal 0 -0.54901102083318354 0.83581511053803392
    outer loop
      vertex 258 1345.875 284.64111328125
      vertex 266 1344.203369140625 283.5430908203125
      vertex 266 1345.875 284.64111328125
    endloop
  endfacet
  facet normal -0 -0.54901102083318354 0.83581511053803392
    outer loop
      vertex 274 1345.875 284.64111328125
      vertex 274 1344.203369140625 283.5430908203125
      vertex 282 1344.203369140625 283.5430908203125
    endloop
  endfacet
  facet normal 0 -0.54901102083318354 0.83581511053803392
    outer loop
      vertex 274 1345.875 284.64111328125
      vertex 282 1344.203369140625 283.5430908203125
      vertex 282 1345.875 284.64111328125
    endloop
  endfacet
  facet normal -0 -0.54901102083318354 0.83581511053803392
    outer loop
      vertex 242 1345.875 284.64111328125
      vertex 242 1344.203369140625 283.5430908203125
      vertex 250 1344.203369140625 283.5430908203125
    endloop
  endfacet
  facet normal 0 -0.54901102083318354 0.83581511053803392
    outer loop
      vertex 242 1345.875 284.64111328125
      vertex 250 1344.203369140625 283.5430908203125
      vertex 250 1345.875 284.64111328125
    endloop
  endfacet
  facet normal -0 -0.54901102083318354 0.83581511053803392
    outer loop
      vertex 234 1345.875 284.64111328125
      vertex 234 1344.203369140625 283.5430908203125
      vertex 242 1344.203369140625 283.5430908203125
    endloop
  endfacet
  facet normal 0 -0.54901102083318354 0.83581511053803392
    outer loop
      vertex 234 1345.875 284.64111328125
      vertex 242 1344.203369140625 283.5430908203125
      vertex 242 1345.875 284.64111328125
    endloop
  endfacet
  facet normal -0 -0.54901102083318354 0.83581511053803392
    outer loop
      vertex 218 1345.875 284.64111328125
      vertex 218 1344.203369140625 283.5430908203125
      vertex 226 1344.203369140625 283.5430908203125
    endloop
  endfacet
  facet normal 0 -0.54901102083318354 0.83581511053803392
    outer loop
      vertex 218 1345.875 284.64111328125
      vertex 226 1344.203369140625 283.5430908203125
      vertex 226 1345.875 284.64111328125
    endloop
  endfacet
  facet normal -0 -0.54901102083318354 0.83581511053803392
    outer loop
      vertex 210 1345.875 284.64111328125
      vertex 210 1344.203369140625 283.5430908203125
      vertex 218 1344.203369140625 283.5430908203125
    endloop
  endfacet
  facet normal 0 -0.54901102083318354 0.83581511053803392
    outer loop
      vertex 210 1345.875 284.64111328125
      vertex 218 1344.203369140625 283.5430908203125
      vertex 218 1345.875 284.64111328125
    endloop
  endfacet
  facet normal -0 -0.54901102083318354 0.83581511053803392
    outer loop
      vertex 226 1345.875 284.64111328125
      vertex 226 1344.203369140625 283.5430908203125
      vertex 234 1344.203369140625 283.5430908203125
    endloop
  endfacet
  facet normal 0 -0.54901102083318354 0.83581511053803392
    outer loop
      vertex 226 1345.875 284.64111328125
      vertex 234 1344.203369140625 283.5430908203125
      vertex 234 1345.875 284.64111328125
    endloop
  endfacet
  facet normal -0 -0.54901102083318354 0.83581511053803392
    outer loop
      vertex 250 1345.875 284.64111328125
      vertex 250 1344.203369140625 283.5430908203125
      vertex 258 1344.203369140625 283.5430908203125
    endloop
  endfacet
  facet normal 0 -0.54901102083318354 0.83581511053803392
    outer loop
      vertex 250 1345.875 284.64111328125
      vertex 258 1344.203369140625 283.5430908203125
      vertex 258 1345.875 284.64111328125
    endloop
  endfacet
  facet normal 1 -0 -0
    outer loop
      vertex 213.19999694824219 1351.9827880859375 275.34249877929688
      vertex 213.19999694824219 1347.3001708984375 282.471435546875
      vertex 213.19999694824219 1345.6285400390625 281.3734130859375
    endloop
  endfacet
  facet normal 1 -0 0
    outer loop
      vertex 213.19999694824219 1351.9827880859375 275.34249877929688
      vertex 213.19999694824219 1345.6285400390625 281.3734130859375
      vertex 213.19999694824219 1350.3111572265625 274.24447631835938
    endloop
  endfacet
  facet normal 1 -0 -0
    outer loop
      vertex 213.19999694824219 1361.34814453125 261.08462524414062
      vertex 213.19999694824219 1356.66552734375 268.21356201171875
      vertex 213.19999694824219 1354.993896484375 267.11553955078125
    endloop
  endfacet
  facet normal 1 -0 0
    outer loop
      vertex 213.19999694824219 1361.34814453125 261.08462524414062
      vertex 213.19999694824219 1354.993896484375 267.11553955078125
      vertex 213.19999694824219 1359.676513671875 259.98660278320312
    endloop
  endfacet
  facet normal 1 -0 -0
    outer loop
      vertex 213.19999694824219 1356.66552734375 268.21356201171875
      vertex 213.19999694824219 1351.9827880859375 275.34249877929688
      vertex 213.19999694824219 1350.3111572265625 274.24447631835938
    endloop
  endfacet
  facet normal 1 -0 0
    outer loop
      vertex 213.19999694824219 1356.66552734375 268.21356201171875
      vertex 213.19999694824219 1350.3111572265625 274.24447631835938
      vertex 213.19999694824219 1354.993896484375 267.11553955078125
    endloop
  endfacet
  facet normal 1 -0 -0
    outer loop
      vertex 213.19999694824219 1370.7135009765625 246.82673645019531
      vertex 213.19999694824219 1366.0308837890625 253.95567321777344
      vertex 213.19999694824219 1364.3592529296875 252.857666015625
    endloop
  endfacet
  facet normal 1 0 0
    outer loop
      vertex 213.19999694824219 1370.7135009765625 246.82673645019531
      vertex 213.19999694824219 1364.3592529296875 252.857666015625
      vertex 213.19999694824219 1369.0418701171875 245.72871398925781
    endloop
  endfacet
  facet normal 1 -0 -0
    outer loop
      vertex 213.19999694824219 1380.078857421875 232.56886291503906
      vertex 213.19999694824219 1375.396240234375 239.69779968261719
      vertex 213.19999694824219 1373.724609375 238.59977722167969
    endloop
  endfacet
  facet normal 1 -0 0
    outer loop
      vertex 213.19999694824219 1380.078857421875 232.56886291503906
      vertex 213.19999694824219 1373.724609375 238.59977722167969
      vertex 213.19999694824219 1378.4072265625 231.47084045410156
    endloop
  endfacet
  facet normal 1 -0 -0
    outer loop
      vertex 213.19999694824219 1375.396240234375 239.69779968261719
      vertex 213.19999694824219 1370.7135009765625 246.82673645019531
      vertex 213.19999694824219 1369.0418701171875 245.72871398925781
    endloop
  endfacet
  facet normal 1 -0 0
    outer loop
      vertex 213.19999694824219 1375.396240234375 239.69779968261719
      vertex 213.19999694824219 1369.0418701171875 245.72871398925781
      vertex 213.19999694824219 1373.724609375 238.59977722167969
    endloop
  endfacet
  facet normal 1 -0 -0
    outer loop
      vertex 213.19999694824219 1366.0308837890625 253.95567321777344
      vertex 213.19999694824219 1361.34814453125 261.08462524414062
      vertex 213.19999694824219 1359.676513671875 259.98660278320312
    endloop
  endfacet
  facet normal 1 -0 0
    outer loop
      vertex 213.19999694824219 1366.0308837890625 253.95567321777344
      vertex 213.19999694824219 1359.676513671875 259.98660278320312
      vertex 213.19999694824219 1364.3592529296875 252.857666015625
    endloop
  endfacet
  facet normal 0 0.54901102083318354 -0.83581511053803392
    outer loop
      vertex 279.44000244140625 1347.3001708984375 282.471435546875
      vertex 286.79998779296875 1347.3001708984375 282.471435546875
      vertex 286.79998779296875 1345.6285400390625 281.3734130859375
    endloop
  endfacet
  facet normal 0 0.54901102083318354 -0.83581511053803392
    outer loop
      vertex 279.44000244140625 1347.3001708984375 282.471435546875
      vertex 286.79998779296875 1345.6285400390625 281.3734130859375
      vertex 279.44000244140625 1345.6285400390625 281.3734130859375
    endloop
  endfacet
  facet normal 0 0.54901102083318354 -0.83581511053803392
    outer loop
      vertex 264.72000122070312 1347.3001708984375 282.471435546875
      vertex 272.07998657226562 1347.3001708984375 282.471435546875
      vertex 272.07998657226562 1345.6285400390625 281.3734130859375
    endloop
  endfacet
  facet normal 0 0.54901102083318354 -0.83581511053803392
    outer loop
      vertex 264.72000122070312 1347.3001708984375 282.471435546875
      vertex 272.07998657226562 1345.6285400390625 281.3734130859375
      vertex 264.72000122070312 1345.6285400390625 281.3734130859375
    endloop
  endfacet
  facet normal 0 0.54901102083318354 -0.83581511053803392
    outer loop
      vertex 257.3599853515625 1347.3001708984375 282.471435546875
      vertex 264.72000122070312 1347.3001708984375 282.471435546875
      vertex 264.72000122070312 1345.6285400390625 281.3734130859375
    endloop
  endfacet
  facet normal 0 0.54901102083318354 -0.83581511053803392
    outer loop
      vertex 257.3599853515625 1347.3001708984375 282.471435546875
      vertex 264.72000122070312 1345.6285400390625 281.3734130859375
      vertex 257.3599853515625 1345.6285400390625 281.3734130859375
    endloop
  endfacet
  facet normal 0 0.54901102083318354 -0.83581511053803392
    outer loop
      vertex 272.07998657226562 1347.3001708984375 282.471435546875
      vertex 279.44000244140625 1347.3001708984375 282.471435546875
      vertex 279.44000244140625 1345.6285400390625 281.3734130859375
    endloop
  endfacet
  facet normal 0 0.54901102083318354 -0.83581511053803392
    outer loop
      vertex 272.07998657226562 1347.3001708984375 282.471435546875
      vertex 279.44000244140625 1345.6285400390625 281.3734130859375
      vertex 272.07998657226562 1345.6285400390625 281.3734130859375
    endloop
  endfacet
  facet normal 0 0.54901102083318354 -0.83581511053803392
    outer loop
      vertex 242.63999938964844 1347.3001708984375 282.471435546875
      vertex 250 1347.3001708984375 282.471435546875
      vertex 250 1345.6285400390625 281.3734130859375
    endloop
  endfacet
  facet normal 0 0.54901102083318354 -0.83581511053803392
    outer loop
      vertex 242.63999938964844 1347.3001708984375 282.471435546875
      vertex 250 1345.6285400390625 281.3734130859375
      vertex 242.63999938964844 1345.6285400390625 281.3734130859375
    endloop
  endfacet
  facet normal 0 0.54901102083318354 -0.83581511053803392
    outer loop
      vertex 235.27999877929688 1347.3001708984375 282.471435546875
      vertex 242.63999938964844 1347.3001708984375 282.471435546875
      vertex 242.63999938964844 1345.6285400390625 281.3734130859375
    endloop
  endfacet
  facet normal 0 0.54901102083318354 -0.83581511053803392
    outer loop
      vertex 235.27999877929688 1347.3001708984375 282.471435546875
      vertex 242.63999938964844 1345.6285400390625 281.3734130859375
      vertex 235.27999877929688 1345.6285400390625 281.3734130859375
    endloop
  endfacet
  facet normal 0 0.54901102083318354 -0.83581511053803392
    outer loop
      vertex 220.55999755859375 1347.3001708984375 282.471435546875
      vertex 227.91999816894531 1347.3001708984375 282.471435546875
      vertex 227.91999816894531 1345.6285400390625 281.3734130859375
    endloop
  endfacet
  facet normal 0 0.54901102083318354 -0.83581511053803392
    outer loop
      vertex 220.55999755859375 1347.3001708984375 282.471435546875
      vertex 227.91999816894531 1345.6285400390625 281.3734130859375
      vertex 220.55999755859375 1345.6285400390625 281.3734130859375
    endloop
  endfacet
  facet normal 0 0.54901102083318354 -0.83581511053803392
    outer loop
      vertex 213.19999694824219 1347.3001708984375 282.471435546875
      vertex 220.55999755859375 1347.3001708984375 282.471435546875
      vertex 220.55999755859375 1345.6285400390625 281.3734130859375
    endloop
  endfacet
  facet normal 0 0.54901102083318354 -0.83581511053803392
    outer loop
      vertex 213.19999694824219 1347.3001708984375 282.471435546875
      vertex 220.55999755859375 1345.6285400390625 281.3734130859375
      vertex 213.19999694824219 1345.6285400390625 281.3734130859375
    endloop
  endfacet
  facet normal 0 0.54901102083318354 -0.83581511053803392
    outer loop
      vertex 227.91999816894531 1347.3001708984375 282.471435546875
      vertex 235.27999877929688 1347.3001708984375 282.471435546875
      vertex 235.27999877929688 1345.6285400390625 281.3734130859375
    endloop
  endfacet
  facet normal 0 0.54901102083318354 -0.83581511053803392
    outer loop
      vertex 227.91999816894531 1347.3001708984375 282.471435546875
      vertex 235.27999877929688 1345.6285400390625 281.3734130859375
      vertex 227.91999816894531 1345.6285400390625 281.3734130859375
    endloop
  endfacet
  facet normal 0 0.54901102083318354 -0.83581511053803392
    outer loop
      vertex 250 1347.3001708984375 282.471435546875
      vertex 257.3599853515625 1347.3001708984375 282.471435546875
      vertex 257.3599853515625 1345.6285400390625 281.3734130859375
    endloop
  endfacet
  facet normal 0 0.54901102083318354 -0.83581511053803392
    outer loop
      vertex 250 1347.3001708984375 282.471435546875
      vertex 257.3599853515625 1345.6285400390625 281.3734130859375
      vertex 250 1345.6285400390625 281.3734130859375
    endloop
  endfacet
  facet normal -1 0 0
    outer loop
      vertex 286.79998779296875 1375.396240234375 239.69779968261719
      vertex 286.79998779296875 1380.078857421875 232.56886291503906
      vertex 286.79998779296875 1378.4072265625 231.47084045410156
    endloop
  endfacet
  facet normal -1 0 0
    outer loop
      vertex 286.79998779296875 1375.396240234375 239.69779968261719
      vertex 286.79998779296875 1378.4072265625 231.47084045410156
      vertex 286.79998779296875 1373.724609375 238.59977722167969
    endloop
  endfacet
  facet normal -1 0 0
    outer loop
      vertex 286.79998779296875 1366.0308837890625 253.95567321777344
      vertex 286.79998779296875 1370.7135009765625 246.82673645019531
      vertex 286.79998779296875 1369.0418701171875 245.72871398925781
    endloop
  endfacet
  facet normal -1 0 0
    outer loop
      vertex 286.79998779296875 1366.0308837890625 253.95567321777344
      vertex 286.79998779296875 1369.0418701171875 245.72871398925781
      vertex 286.79998779296875 1364.3592529296875 252.857666015625
    endloop
  endfacet
  facet normal -1 0 0
    outer loop
      vertex 286.79998779296875 1370.7135009765625 246.82673645019531
      vertex 286.79998779296875 1375.396240234375 239.69779968261719
      vertex 286.79998779296875 1373.724609375 238.59977722167969
    endloop
  endfacet
  facet normal -1 0 0
    outer loop
      vertex 286.79998779296875 1370.7135009765625 246.82673645019531
      vertex 286.79998779296875 1373.724609375 238.59977722167969
      vertex 286.79998779296875 1369.0418701171875 245.72871398925781
    endloop
  endfacet
  facet normal -1 0 0
    outer loop
      vertex 286.79998779296875 1356.66552734375 268.21356201171875
      vertex 286.79998779296875 1361.34814453125 261.08462524414062
      vertex 286.79998779296875 1359.676513671875 259.98660278320312
    endloop
  endfacet
  facet normal -1 0 0
    outer loop
      vertex 286.79998779296875 1356.66552734375 268.21356201171875
      vertex 286.79998779296875 1359.676513671875 259.98660278320312
      vertex 286.79998779296875 1354.993896484375 267.11553955078125
    endloop
  endfacet
  facet normal -1 0 0
    outer loop
      vertex 286.79998779296875 1347.3001708984375 282.471435546875
      vertex 286.79998779296875 1351.9827880859375 275.34249877929688
      vertex 286.79998779296875 1350.3111572265625 274.24447631835938
    endloop
  endfacet
  facet normal -1 0 0
    outer loop
      vertex 286.79998779296875 1347.3001708984375 282.471435546875
      vertex 286.79998779296875 1350.3111572265625 274.24447631835938
      vertex 286.79998779296875 1345.6285400390625 281.3734130859375
    endloop
  endfacet
  facet normal -1 0 0
    outer loop
      vertex 286.79998779296875 1351.9827880859375 275.34249877929688
      vertex 286.79998779296875 1356.66552734375 268.21356201171875
      vertex 286.79998779296875 1354.993896484375 267.11553955078125
    endloop
  endfacet
  facet normal -1 0 0
    outer loop
      vertex 286.79998779296875 1351.9827880859375 275.34249877929688
      vertex 286.79998779296875 1354.993896484375 267.11553955078125
      vertex 286.79998779296875 1350.3111572265625 274.24447631835938
    endloop
  endfacet
  facet normal -1 0 0
    outer loop
      vertex 286.79998779296875 1361.34814453125 261.08462524414062
      vertex 286.79998779296875 1366.0308837890625 253.95567321777344
      vertex 286.79998779296875 1364.3592529296875 252.857666015625
    endloop
  endfacet
  facet normal -1 0 0
    outer loop
      vertex 286.79998779296875 1361.34814453125 261.08462524414062
      vertex 286.79998779296875 1364.3592529296875 252.857666015625
      vertex 286.79998779296875 1359.676513671875 259.98660278320312
    endloop
  endfacet
  facet normal 0 -0.54901102083318354 0.83581511053803392
    outer loop
      vertex 220.55999755859375 1380.078857421875 232.56886291503906
      vertex 213.19999694824219 1380.078857421875 232.56886291503906
      vertex 213.19999694824219 1378.4072265625 231.47084045410156
    endloop
  endfacet
  facet normal 0 -0.54901102083318354 0.83581511053803392
    outer loop
      vertex 220.55999755859375 1380.078857421875 232.56886291503906
      vertex 213.19999694824219 1378.4072265625 231.47084045410156
      vertex 220.55999755859375 1378.4072265625 231.47084045410156
    endloop
  endfacet
  facet normal 0 -0.54901102083318354 0.83581511053803392
    outer loop
      vertex 235.27999877929688 1380.078857421875 232.56886291503906
      vertex 227.91999816894531 1380.078857421875 232.56886291503906
      vertex 227.91999816894531 1378.4072265625 231.47084045410156
    endloop
  endfacet
  facet normal 0 -0.54901102083318354 0.83581511053803392
    outer loop
      vertex 235.27999877929688 1380.078857421875 232.56886291503906
      vertex 227.91999816894531 1378.4072265625 231.47084045410156
      vertex 235.27999877929688 1378.4072265625 231.47084045410156
    endloop
  endfacet
  facet normal 0 -0.54901102083318354 0.83581511053803392
    outer loop
      vertex 242.63999938964844 1380.078857421875 232.56886291503906
      vertex 235.27999877929688 1380.078857421875 232.56886291503906
      vertex 235.27999877929688 1378.4072265625 231.47084045410156
    endloop
  endfacet
  facet normal 0 -0.54901102083318354 0.83581511053803392
    outer loop
      vertex 242.63999938964844 1380.078857421875 232.56886291503906
      vertex 235.27999877929688 1378.4072265625 231.47084045410156
      vertex 242.63999938964844 1378.4072265625 231.47084045410156
    endloop
  endfacet
  facet normal 0 -0.54901102083318354 0.83581511053803392
    outer loop
      vertex 227.91999816894531 1380.078857421875 232.56886291503906
      vertex 220.55999755859375 1380.078857421875 232.56886291503906
      vertex 220.55999755859375 1378.4072265625 231.47084045410156
    endloop
  endfacet
  facet normal 0 -0.54901102083318354 0.83581511053803392
    outer loop
      vertex 227.91999816894531 1380.078857421875 232.56886291503906
      vertex 220.55999755859375 1378.4072265625 231.47084045410156
      vertex 227.91999816894531 1378.4072265625 231.47084045410156
    endloop
  endfacet
  facet normal 0 -0.54901102083318354 0.83581511053803392
    outer loop
      vertex 257.3599853515625 1380.078857421875 232.56886291503906
      vertex 250 1380.078857421875 232.56886291503906
      vertex 250 1378.4072265625 231.47084045410156
    endloop
  endfacet
  facet normal 0 -0.54901102083318354 0.83581511053803392
    outer loop
      vertex 257.3599853515625 1380.078857421875 232.56886291503906
      vertex 250 1378.4072265625 231.47084045410156
      vertex 257.3599853515625 1378.4072265625 231.47084045410156
    endloop
  endfacet
  facet normal 0 -0.54901102083318354 0.83581511053803392
    outer loop
      vertex 264.72000122070312 1380.078857421875 232.56886291503906
      vertex 257.3599853515625 1380.078857421875 232.56886291503906
      vertex 257.3599853515625 1378.4072265625 231.47084045410156
    endloop
  endfacet
  facet normal 0 -0.54901102083318354 0.83581511053803392
    outer loop
      vertex 264.72000122070312 1380.078857421875 232.56886291503906
      vertex 257.3599853515625 1378.4072265625 231.47084045410156
      vertex 264.72000122070312 1378.4072265625 231.47084045410156
    endloop
  endfacet
  facet normal 0 -0.54901102083318354 0.83581511053803392
    outer loop
      vertex 279.44000244140625 1380.078857421875 232.56886291503906
      vertex 272.07998657226562 1380.078857421875 232.56886291503906
      vertex 272.07998657226562 1378.4072265625 231.47084045410156
    endloop
  endfacet
  facet normal 0 -0.54901102083318354 0.83581511053803392
    outer loop
      vertex 279.44000244140625 1380.078857421875 232.56886291503906
      vertex 272.07998657226562 1378.4072265625 231.47084045410156
      vertex 279.44000244140625 1378.4072265625 231.47084045410156
    endloop
  endfacet
  facet normal 0 -0.54901102083318354 0.83581511053803392
    outer loop
      vertex 286.79998779296875 1380.078857421875 232.56886291503906
      vertex 279.44000244140625 1380.078857421875 232.56886291503906
      vertex 279.44000244140625 1378.4072265625 231.47084045410156
    endloop
  endfacet
  facet normal 0 -0.54901102083318354 0.83581511053803392
    outer loop
      vertex 286.79998779296875 1380.078857421875 232.56886291503906
      vertex 279.44000244140625 1378.4072265625 231.47084045410156
      vertex 286.79998779296875 1378.4072265625 231.47084045410156
    endloop
  endfacet
  facet normal 0 -0.54901102083318354 0.83581511053803392
    outer loop
      vertex 272.07998657226562 1380.078857421875 232.56886291503906
      vertex 264.72000122070312 1380.078857421875 232.56886291503906
      vertex 264.72000122070312 1378.4072265625 231.47084045410156
    endloop
  endfacet
  facet normal 0 -0.54901102083318354 0.83581511053803392
    outer loop
      vertex 272.07998657226562 1380.078857421875 232.56886291503906
      vertex 264.72000122070312 1378.4072265625 231.47084045410156
      vertex 272.07998657226562 1378.4072265625 231.47084045410156
    endloop
  endfacet
  facet normal 0 -0.54901102083318354 0.83581511053803392
    outer loop
      vertex 250 1380.078857421875 232.56886291503906
      vertex 242.63999938964844 1380.078857421875 232.56886291503906
      vertex 242.63999938964844 1378.4072265625 231.47084045410156
    endloop
  endfacet
  facet normal 0 -0.54901102083318354 0.83581511053803392
    outer loop
      vertex 250 1380.078857421875 232.56886291503906
      vertex 242.63999938964844 1378.4072265625 231.47084045410156
      vertex 250 1378.4072265625 231.47084045410156
    endloop
  endfacet
  facet normal -3.8260711339479924e-06 -0.83581719568323243 -0.54900784637888245
    outer loop
      vertex 210 1375.3787841796875 236.08140563964844
      vertex 210 1379.8323974609375 229.30116271972656
      vertex 213.19999694824219 1378.4072265625 231.47084045410156
    endloop
  endfacet
  facet normal 2.2887864470531239e-06 -0.83581914315842309 -0.54900488151261528
    outer loop
      vertex 210 1375.3787841796875 236.08140563964844
      vertex 213.19999694824219 1378.4072265625 231.47084045410156
      vertex 213.19999694824219 1373.724609375 238.59977722167969
    endloop
  endfacet
  facet normal 0 -0.83581460629951332 -0.54901178848581178
    outer loop
      vertex 213.19999694824219 1378.4072265625 231.47084045410156
      vertex 210 1379.8323974609375 229.30116271972656
      vertex 218 1379.8323974609375 229.30116271972656
    endloop
  endfacet
  facet normal 5.6288206776026069e-06 -0.83581719567610913 -0.54900784637420352
    outer loop
      vertex 210 1370.9251708984375 242.86164855957031
      vertex 210 1375.3787841796875 236.08140563964844
      vertex 213.19999694824219 1373.724609375 238.59977722167969
    endloop
  endfacet
  facet normal -7.7798200492349803e-06 -0.83581257583813473 -0.5490148795891574
    outer loop
      vertex 210 1370.9251708984375 242.86164855957031
      vertex 213.19999694824219 1373.724609375 238.59977722167969
      vertex 213.19999694824219 1369.0418701171875 245.72871398925781
    endloop
  endfacet
  facet normal -1.68002136247769e-05 -0.83581719557139644 -0.54900784630542276
    outer loop
      vertex 210 1366.4715576171875 249.64189147949219
      vertex 210 1370.9251708984375 242.86164855957031
      vertex 213.19999694824219 1369.0418701171875 245.72871398925781
    endloop
  endfacet
  facet normal -1.0173339586242887e-05 -0.83581968232875137 -0.54900406057548257
    outer loop
      vertex 210 1366.4715576171875 249.64189147949219
      vertex 213.19999694824219 1369.0418701171875 245.72871398925781
      vertex 213.19999694824219 1364.3592529296875 252.857666015625
    endloop
  endfacet
  facet normal 1.1636209804026425e-05 -0.83580972362118211 -0.54901922167159289
    outer loop
      vertex 210 1362.017822265625 256.422119140625
      vertex 210 1366.4715576171875 249.64189147949219
      vertex 213.19999694824219 1364.3592529296875 252.857666015625
    endloop
  endfacet
  facet normal 0 -0.83581460629951332 -0.54901178848581178
    outer loop
      vertex 220.55999755859375 1378.4072265625 231.47084045410156
      vertex 218 1379.8323974609375 229.30116271972656
      vertex 226 1379.8323974609375 229.30116271972656
    endloop
  endfacet
  facet normal 0 -0.83581460629951332 -0.54901178848581178
    outer loop
      vertex 234 1379.8323974609375 229.30116271972656
      vertex 242 1379.8323974609375 229.30116271972656
      vertex 242.63999938964844 1378.4072265625 231.47084045410156
    endloop
  endfacet
  facet normal 0 -0.83581460629951332 -0.54901178848581178
    outer loop
      vertex 234 1379.8323974609375 229.30116271972656
      vertex 242.63999938964844 1378.4072265625 231.47084045410156
      vertex 235.27999877929688 1378.4072265625 231.47084045410156
    endloop
  endfacet
  facet normal 0 -0.83581460629951332 -0.54901178848581178
    outer loop
      vertex 227.91999816894531 1378.4072265625 231.47084045410156
      vertex 226 1379.8323974609375 229.30116271972656
      vertex 234 1379.8323974609375 229.30116271972656
    endloop
  endfacet
  facet normal -0 -0.83581460629951332 -0.54901178848581178
    outer loop
      vertex 226 1379.8323974609375 229.30116271972656
      vertex 227.91999816894531 1378.4072265625 231.47084045410156
      vertex 220.55999755859375 1378.4072265625 231.47084045410156
    endloop
  endfacet
  facet normal -0 -0.83581460629951332 -0.54901178848581178
    outer loop
      vertex 227.91999816894531 1378.4072265625 231.47084045410156
      vertex 234 1379.8323974609375 229.30116271972656
      vertex 235.27999877929688 1378.4072265625 231.47084045410156
    endloop
  endfacet
  facet normal 1.8559784385431427e-05 -0.83581257571947443 -0.54901487951121375
    outer loop
      vertex 213.19999694824219 1359.676513671875 259.98660278320312
      vertex 210 1362.017822265625 256.422119140625
      vertex 213.19999694824219 1364.3592529296875 252.857666015625
    endloop
  endfacet
  facet normal 0 -0.83581460629951332 -0.54901178848581178
    outer loop
      vertex 242.63999938964844 1378.4072265625 231.47084045410156
      vertex 242 1379.8323974609375 229.30116271972656
      vertex 250 1379.8323974609375 229.30116271972656
    endloop
  endfacet
  facet normal -0 -0.83581460629951332 -0.54901178848581178
    outer loop
      vertex 218 1379.8323974609375 229.30116271972656
      vertex 220.55999755859375 1378.4072265625 231.47084045410156
      vertex 213.19999694824219 1378.4072265625 231.47084045410156
    endloop
  endfacet
  facet normal 1.68002136247769e-05 -0.83581719557139644 -0.54900784630542276
    outer loop
      vertex 213.19999694824219 1354.993896484375 267.11553955078125
      vertex 210 1353.110595703125 269.98260498046875
      vertex 210 1357.564208984375 263.20236206054688
    endloop
  endfacet
  facet normal 1.1610312500418309e-05 -0.83581914310427852 -0.54900488147705062
    outer loop
      vertex 210 1357.564208984375 263.20236206054688
      vertex 213.19999694824219 1359.676513671875 259.98660278320312
      vertex 213.19999694824219 1354.993896484375 267.11553955078125
    endloop
  endfacet
  facet normal 7.3453218152411543e-06 -0.83581719566680235 -0.5490078463680903
    outer loop
      vertex 213.19999694824219 1359.676513671875 259.98660278320312
      vertex 210 1357.564208984375 263.20236206054688
      vertex 210 1362.017822265625 256.422119140625
    endloop
  endfacet
  facet normal -1.3552037060775144e-05 -0.83581257578667689 -0.54901487955535655
    outer loop
      vertex 213.19999694824219 1354.993896484375 267.11553955078125
      vertex 213.19999694824219 1350.3111572265625 274.24447631835938
      vertex 210 1348.656982421875 276.76284790039062
    endloop
  endfacet
  facet normal 1.6800213624787275e-05 -0.83581719557139644 -0.54900784630542276
    outer loop
      vertex 213.19999694824219 1354.993896484375 267.11553955078125
      vertex 210 1348.656982421875 276.76284790039062
      vertex 210 1353.110595703125 269.98260498046875
    endloop
  endfacet
  facet normal -5.6288206776026069e-06 -0.83581719567610913 -0.54900784637420352
    outer loop
      vertex 210 1344.203369140625 283.5430908203125
      vertex 210 1348.656982421875 276.76284790039062
      vertex 213.19999694824219 1350.3111572265625 274.24447631835938
    endloop
  endfacet
  facet normal 6.7036642818592287e-06 -0.83581914314183192 -0.54900488150171745
    outer loop
      vertex 210 1344.203369140625 283.5430908203125
      vertex 213.19999694824219 1350.3111572265625 274.24447631835938
      vertex 213.19999694824219 1345.6285400390625 281.3734130859375
    endloop
  endfacet
  facet normal 0 -0.83581460629951332 -0.54901178848581178
    outer loop
      vertex 213.19999694824219 1345.6285400390625 281.3734130859375
      vertex 220.55999755859375 1345.6285400390625 281.3734130859375
      vertex 218 1344.203369140625 283.5430908203125
    endloop
  endfacet
  facet normal -0 -0.83581460629951332 -0.54901178848581178
    outer loop
      vertex 213.19999694824219 1345.6285400390625 281.3734130859375
      vertex 218 1344.203369140625 283.5430908203125
      vertex 210 1344.203369140625 283.5430908203125
    endloop
  endfacet
  facet normal 0 -0.83581460629951332 -0.54901178848581178
    outer loop
      vertex 220.55999755859375 1345.6285400390625 281.3734130859375
      vertex 227.91999816894531 1345.6285400390625 281.3734130859375
      vertex 226 1344.203369140625 283.5430908203125
    endloop
  endfacet
  facet normal -0 -0.83581460629951332 -0.54901178848581178
    outer loop
      vertex 220.55999755859375 1345.6285400390625 281.3734130859375
      vertex 226 1344.203369140625 283.5430908203125
      vertex 218 1344.203369140625 283.5430908203125
    endloop
  endfacet
  facet normal 0 -0.83581460629951332 -0.54901178848581178
    outer loop
      vertex 235.27999877929688 1345.6285400390625 281.3734130859375
      vertex 242.63999938964844 1345.6285400390625 281.3734130859375
      vertex 242 1344.203369140625 283.5430908203125
    endloop
  endfacet
  facet normal -0 -0.83581460629951332 -0.54901178848581178
    outer loop
      vertex 235.27999877929688 1345.6285400390625 281.3734130859375
      vertex 242 1344.203369140625 283.5430908203125
      vertex 234 1344.203369140625 283.5430908203125
    endloop
  endfacet
  facet normal 0 -0.83581460629951332 -0.54901178848581178
    outer loop
      vertex 227.91999816894531 1345.6285400390625 281.3734130859375
      vertex 235.27999877929688 1345.6285400390625 281.3734130859375
      vertex 234 1344.203369140625 283.5430908203125
    endloop
  endfacet
  facet normal -0 -0.83581460629951332 -0.54901178848581178
    outer loop
      vertex 227.91999816894531 1345.6285400390625 281.3734130859375
      vertex 234 1344.203369140625 283.5430908203125
      vertex 226 1344.203369140625 283.5430908203125
    endloop
  endfacet
  facet normal -0 -0.83581460629951332 -0.54901178848581178
    outer loop
      vertex 250 1344.203369140625 283.5430908203125
      vertex 242 1344.203369140625 283.5430908203125
      vertex 242.63999938964844 1345.6285400390625 281.3734130859375
    endloop
  endfacet
  facet normal 0 -0.83581460629951332 -0.54901178848581178
    outer loop
      vertex 250 1344.203369140625 283.5430908203125
      vertex 242.63999938964844 1345.6285400390625 281.3734130859375
      vertex 250 1345.6285400390625 281.3734130859375
    endloop
  endfacet
  facet normal 0 -0.83581460629951332 -0.54901178848581178
    outer loop
      vertex 250 1345.6285400390625 281.3734130859375
      vertex 257.3599853515625 1345.6285400390625 281.3734130859375
      vertex 258 1344.203369140625 283.5430908203125
    endloop
  endfacet
  facet normal 0 -0.83581460629951332 -0.54901178848581178
    outer loop
      vertex 250 1345.6285400390625 281.3734130859375
      vertex 258 1344.203369140625 283.5430908203125
      vertex 250 1344.203369140625 283.5430908203125
    endloop
  endfacet
  facet normal 0 -0.83581460629951332 -0.54901178848581178
    outer loop
      vertex 250 1379.8323974609375 229.30116271972656
      vertex 258 1379.8323974609375 229.30116271972656
      vertex 257.3599853515625 1378.4072265625 231.47084045410156
    endloop
  endfacet
  facet normal 0 -0.83581460629951332 -0.54901178848581178
    outer loop
      vertex 250 1379.8323974609375 229.30116271972656
      vertex 257.3599853515625 1378.4072265625 231.47084045410156
      vertex 250 1378.4072265625 231.47084045410156
    endloop
  endfacet
  facet normal 0 -0.83581460629951332 -0.54901178848581178
    outer loop
      vertex 266 1379.8323974609375 229.30116271972656
      vertex 274 1379.8323974609375 229.30116271972656
      vertex 272.07998657226562 1378.4072265625 231.47084045410156
    endloop
  endfacet
  facet normal -0 -0.83581460629951332 -0.54901178848581178
    outer loop
      vertex 266 1379.8323974609375 229.30116271972656
      vertex 272.07998657226562 1378.4072265625 231.47084045410156
      vertex 264.72000122070312 1378.4072265625 231.47084045410156
    endloop
  endfacet
  facet normal 0 -0.83581460629951332 -0.54901178848581178
    outer loop
      vertex 264.72000122070312 1378.4072265625 231.47084045410156
      vertex 258 1379.8323974609375 229.30116271972656
      vertex 266 1379.8323974609375 229.30116271972656
    endloop
  endfacet
  facet normal -0 -0.83581460629951332 -0.54901178848581178
    outer loop
      vertex 257.3599853515625 1378.4072265625 231.47084045410156
      vertex 258 1379.8323974609375 229.30116271972656
      vertex 264.72000122070312 1378.4072265625 231.47084045410156
    endloop
  endfacet
  facet normal -0 -0.83581460629951332 -0.54901178848581178
    outer loop
      vertex 272.07998657226562 1378.4072265625 231.47084045410156
      vertex 274 1379.8323974609375 229.30116271972656
      vertex 279.44000244140625 1378.4072265625 231.47084045410156
    endloop
  endfacet
  facet normal 0 -0.83581460629951332 -0.54901178848581178
    outer loop
      vertex 242.63999938964844 1378.4072265625 231.47084045410156
      vertex 250 1379.8323974609375 229.30116271972656
      vertex 250 1378.4072265625 231.47084045410156
    endloop
  endfacet
  facet normal -0 -0.83581460629951332 -0.54901178848581178
    outer loop
      vertex 286.79998779296875 1378.4072265625 231.47084045410156
      vertex 279.44000244140625 1378.4072265625 231.47084045410156
      vertex 282 1379.8323974609375 229.30116271972656
    endloop
  endfacet
  facet normal 0 -0.83581460629951332 -0.54901178848581178
    outer loop
      vertex 274 1379.8323974609375 229.30116271972656
      vertex 282 1379.8323974609375 229.30116271972656
      vertex 279.44000244140625 1378.4072265625 231.47084045410156
    endloop
  endfacet
  facet normal -5.6287938373964349e-06 -0.83581719567610913 -0.54900784637420352
    outer loop
      vertex 290 1379.8323974609375 229.30116271972656
      vertex 290 1375.3787841796875 236.08140563964844
      vertex 286.79998779296875 1373.724609375 238.59977722167969
    endloop
  endfacet
  facet normal 6.703632316570206e-06 -0.83581914314183203 -0.54900488150171745
    outer loop
      vertex 290 1379.8323974609375 229.30116271972656
      vertex 286.79998779296875 1373.724609375 238.59977722167969
      vertex 286.79998779296875 1378.4072265625 231.47084045410156
    endloop
  endfacet
  facet normal 0 -0.83581460629951332 -0.54901178848581178
    outer loop
      vertex 282 1379.8323974609375 229.30116271972656
      vertex 290 1379.8323974609375 229.30116271972656
      vertex 286.79998779296875 1378.4072265625 231.47084045410156
    endloop
  endfacet
  facet normal -1.3551972439856744e-05 -0.83581257578667778 -0.5490148795553571
    outer loop
      vertex 286.79998779296875 1369.0418701171875 245.72871398925781
      vertex 286.79998779296875 1373.724609375 238.59977722167969
      vertex 290 1375.3787841796875 236.08140563964844
    endloop
  endfacet
  facet normal 1.6800133515380567e-05 -0.83581719557139755 -0.54900784630542354
    outer loop
      vertex 286.79998779296875 1369.0418701171875 245.72871398925781
      vertex 290 1375.3787841796875 236.08140563964844
      vertex 290 1370.9251708984375 242.86164855957031
    endloop
  endfacet
  facet normal 4.7274233637166237e-06 -0.83581719568001045 -0.54900784637676603
    outer loop
      vertex 290 1370.9251708984375 242.86164855957031
      vertex 290 1366.4715576171875 249.64189147949219
      vertex 286.79998779296875 1364.3592529296875 252.857666015625
    endloop
  endfacet
  facet normal 2.1655504835583902e-05 -0.83581968217602043 -0.54900406047516204
    outer loop
      vertex 290 1370.9251708984375 242.86164855957031
      vertex 286.79998779296875 1364.3592529296875 252.857666015625
      vertex 286.79998779296875 1369.0418701171875 245.72871398925781
    endloop
  endfacet
  facet normal 0 -0.83581460629951332 -0.54901178848581178
    outer loop
      vertex 257.3599853515625 1345.6285400390625 281.3734130859375
      vertex 264.72000122070312 1345.6285400390625 281.3734130859375
      vertex 266 1344.203369140625 283.5430908203125
    endloop
  endfacet
  facet normal -0 -0.83581460629951332 -0.54901178848581178
    outer loop
      vertex 257.3599853515625 1345.6285400390625 281.3734130859375
      vertex 266 1344.203369140625 283.5430908203125
      vertex 258 1344.203369140625 283.5430908203125
    endloop
  endfacet
  facet normal 0 -0.83581460629951332 -0.54901178848581178
    outer loop
      vertex 264.72000122070312 1345.6285400390625 281.3734130859375
      vertex 272.07998657226562 1345.6285400390625 281.3734130859375
      vertex 274 1344.203369140625 283.5430908203125
    endloop
  endfacet
  facet normal 0 -0.83581460629951332 -0.54901178848581178
    outer loop
      vertex 264.72000122070312 1345.6285400390625 281.3734130859375
      vertex 274 1344.203369140625 283.5430908203125
      vertex 266 1344.203369140625 283.5430908203125
    endloop
  endfacet
  facet normal 0 -0.83581460629951332 -0.54901178848581178
    outer loop
      vertex 282 1344.203369140625 283.5430908203125
      vertex 274 1344.203369140625 283.5430908203125
      vertex 272.07998657226562 1345.6285400390625 281.3734130859375
    endloop
  endfacet
  facet normal 0 -0.83581460629951332 -0.54901178848581178
    outer loop
      vertex 282 1344.203369140625 283.5430908203125
      vertex 272.07998657226562 1345.6285400390625 281.3734130859375
      vertex 279.44000244140625 1345.6285400390625 281.3734130859375
    endloop
  endfacet
  facet normal 0 -0.83581460629951332 -0.54901178848581178
    outer loop
      vertex 279.44000244140625 1345.6285400390625 281.3734130859375
      vertex 286.79998779296875 1345.6285400390625 281.3734130859375
      vertex 290 1344.203369140625 283.5430908203125
    endloop
  endfacet
  facet normal 0 -0.83581460629951332 -0.54901178848581178
    outer loop
      vertex 279.44000244140625 1345.6285400390625 281.3734130859375
      vertex 290 1344.203369140625 283.5430908203125
      vertex 282 1344.203369140625 283.5430908203125
    endloop
  endfacet
  facet normal -1.1610257138345319e-05 -0.83581914310427896 -0.54900488147705084
    outer loop
      vertex 286.79998779296875 1354.993896484375 267.11553955078125
      vertex 286.79998779296875 1359.676513671875 259.98660278320312
      vertex 290 1357.564208984375 263.20236206054688
    endloop
  endfacet
  facet normal -1.6800133515363301e-05 -0.83581719557139755 -0.54900784630542354
    outer loop
      vertex 286.79998779296875 1354.993896484375 267.11553955078125
      vertex 290 1357.564208984375 263.20236206054688
      vertex 290 1353.110595703125 269.98260498046875
    endloop
  endfacet
  facet normal -7.345286790170293e-06 -0.83581719566680246 -0.54900784636809041
    outer loop
      vertex 286.79998779296875 1359.676513671875 259.98660278320312
      vertex 290 1362.017822265625 256.422119140625
      vertex 290 1357.564208984375 263.20236206054688
    endloop
  endfacet
  facet normal -1.8559695885820623e-05 -0.83581257571947565 -0.54901487951121453
    outer loop
      vertex 290 1362.017822265625 256.422119140625
      vertex 286.79998779296875 1359.676513671875 259.98660278320312
      vertex 286.79998779296875 1364.3592529296875 252.857666015625
    endloop
  endfacet
  facet normal 2.2887755333748499e-06 -0.83581914315842309 -0.54900488151261528
    outer loop
      vertex 286.79998779296875 1345.6285400390625 281.3734130859375
      vertex 286.79998779296875 1350.3111572265625 274.24447631835938
      vertex 290 1348.656982421875 276.76284790039062
    endloop
  endfacet
  facet normal -3.8260528899142401e-06 -0.83581719568323243 -0.54900784637888245
    outer loop
      vertex 286.79998779296875 1345.6285400390625 281.3734130859375
      vertex 290 1348.656982421875 276.76284790039062
      vertex 290 1344.203369140625 283.5430908203125
    endloop
  endfacet
  facet normal 5.6287938373964349e-06 -0.83581719567610913 -0.54900784637420352
    outer loop
      vertex 290 1353.110595703125 269.98260498046875
      vertex 290 1348.656982421875 276.76284790039062
      vertex 286.79998779296875 1350.3111572265625 274.24447631835938
    endloop
  endfacet
  facet normal -7.7797829523353891e-06 -0.83581257583813484 -0.5490148795891574
    outer loop
      vertex 290 1353.110595703125 269.98260498046875
      vertex 286.79998779296875 1350.3111572265625 274.24447631835938
      vertex 286.79998779296875 1354.993896484375 267.11553955078125
    endloop
  endfacet
  facet normal -1.163615431846204e-05 -0.83580972362118267 -0.54901922167159323
    outer loop
      vertex 290 1362.017822265625 256.422119140625
      vertex 286.79998779296875 1364.3592529296875 252.857666015625
      vertex 290 1366.4715576171875 249.64189147949219
    endloop
  endfacet
  facet normal -2.2887755333748499e-06 0.83581914315842309 0.54900488151261528
    outer loop
      vertex 310 1377.0504150390625 237.17942810058594
      vertex 313.20001220703125 1375.396240234375 239.69779968261719
      vertex 313.20001220703125 1380.078857421875 232.56886291503906
    endloop
  endfacet
  facet normal 3.8260528898562438e-06 0.83581719568323243 0.54900784637888245
    outer loop
      vertex 310 1377.0504150390625 237.17942810058594
      vertex 313.20001220703125 1380.078857421875 232.56886291503906
      vertex 310 1381.5040283203125 230.39918518066406
    endloop
  endfacet
  facet normal -0 0.83581460629951332 0.54901178848581178
    outer loop
      vertex 310 1381.5040283203125 230.39918518066406
      vertex 313.20001220703125 1380.078857421875 232.56886291503906
      vertex 320.55999755859375 1380.078857421875 232.56886291503906
    endloop
  endfacet
  facet normal 0 0.83581460629951332 0.54901178848581178
    outer loop
      vertex 310 1381.5040283203125 230.39918518066406
      vertex 320.55999755859375 1380.078857421875 232.56886291503906
      vertex 318 1381.5040283203125 230.39918518066406
    endloop
  endfacet
  facet normal 1.1610257138345319e-05 0.83581914310427896 0.54900488147705084
    outer loop
      vertex 310 1368.1431884765625 250.73991394042969
      vertex 313.20001220703125 1366.0308837890625 253.95567321777344
      vertex 313.20001220703125 1370.7135009765625 246.82673645019531
    endloop
  endfacet
  facet normal 1.6800133515380567e-05 0.83581719557139755 0.54900784630542354
    outer loop
      vertex 310 1368.1431884765625 250.73991394042969
      vertex 313.20001220703125 1370.7135009765625 246.82673645019531
      vertex 310 1372.5968017578125 243.95967102050781
    endloop
  endfacet
  facet normal -5.6287938373964349e-06 0.83581719567610913 0.54900784637420352
    outer loop
      vertex 313.20001220703125 1375.396240234375 239.69779968261719
      vertex 310 1377.0504150390625 237.17942810058594
      vertex 310 1372.5968017578125 243.95967102050781
    endloop
  endfacet
  facet normal 7.7797829523353891e-06 0.83581257583813484 0.5490148795891574
    outer loop
      vertex 313.20001220703125 1375.396240234375 239.69779968261719
      vertex 310 1372.5968017578125 243.95967102050781
      vertex 313.20001220703125 1370.7135009765625 246.82673645019531
    endloop
  endfacet
  facet normal 0 0.83581460629951332 0.54901178848581178
    outer loop
      vertex 326 1381.5040283203125 230.39918518066406
      vertex 327.92001342773438 1380.078857421875 232.56886291503906
      vertex 335.27999877929688 1380.078857421875 232.56886291503906
    endloop
  endfacet
  facet normal 0 0.83581460629951332 0.54901178848581178
    outer loop
      vertex 326 1381.5040283203125 230.39918518066406
      vertex 335.27999877929688 1380.078857421875 232.56886291503906
      vertex 334 1381.5040283203125 230.39918518066406
    endloop
  endfacet
  facet normal 0 0.83581460629951332 0.54901178848581178
    outer loop
      vertex 342 1381.5040283203125 230.39918518066406
      vertex 342.6400146484375 1380.078857421875 232.56886291503906
      vertex 350 1380.078857421875 232.56886291503906
    endloop
  endfacet
  facet normal 0 0.83581460629951332 0.54901178848581178
    outer loop
      vertex 342 1381.5040283203125 230.39918518066406
      vertex 350 1380.078857421875 232.56886291503906
      vertex 350 1381.5040283203125 230.39918518066406
    endloop
  endfacet
  facet normal -0 0.83581460629951332 0.54901178848581178
    outer loop
      vertex 334 1381.5040283203125 230.39918518066406
      vertex 335.27999877929688 1380.078857421875 232.56886291503906
      vertex 342.6400146484375 1380.078857421875 232.56886291503906
    endloop
  endfacet
  facet normal 0 0.83581460629951332 0.54901178848581178
    outer loop
      vertex 334 1381.5040283203125 230.39918518066406
      vertex 342.6400146484375 1380.078857421875 232.56886291503906
      vertex 342 1381.5040283203125 230.39918518066406
    endloop
  endfacet
  facet normal 0 0.83581460629951332 0.54901178848581178
    outer loop
      vertex 327.92001342773438 1380.078857421875 232.56886291503906
      vertex 326 1381.5040283203125 230.39918518066406
      vertex 318 1381.5040283203125 230.39918518066406
    endloop
  endfacet
  facet normal -0 0.83581460629951332 0.54901178848581178
    outer loop
      vertex 327.92001342773438 1380.078857421875 232.56886291503906
      vertex 318 1381.5040283203125 230.39918518066406
      vertex 320.55999755859375 1380.078857421875 232.56886291503906
    endloop
  endfacet
  facet normal 0 0.83581460629951332 0.54901178848581178
    outer loop
      vertex 357.3599853515625 1380.078857421875 232.56886291503906
      vertex 358 1381.5040283203125 230.39918518066406
      vertex 350 1381.5040283203125 230.39918518066406
    endloop
  endfacet
  facet normal 0 0.83581460629951332 0.54901178848581178
    outer loop
      vertex 357.3599853515625 1380.078857421875 232.56886291503906
      vertex 350 1381.5040283203125 230.39918518066406
      vertex 350 1380.078857421875 232.56886291503906
    endloop
  endfacet
  facet normal -7.345286790170293e-06 0.83581719566680246 0.54900784636809041
    outer loop
      vertex 313.20001220703125 1361.34814453125 261.08462524414062
      vertex 310 1363.689453125 257.5201416015625
      vertex 310 1359.23583984375 264.30038452148438
    endloop
  endfacet
  facet normal -1.7250755732368394e-05 0.83581311496585853 0.54901405861187191
    outer loop
      vertex 310 1363.689453125 257.5201416015625
      vertex 313.20001220703125 1361.34814453125 261.08462524414062
      vertex 313.20001220703125 1366.0308837890625 253.95567321777344
    endloop
  endfacet
  facet normal -9.0182366506614854e-06 0.83580972364377937 0.54901922168643635
    outer loop
      vertex 313.20001220703125 1366.0308837890625 253.95567321777344
      vertex 310 1368.1431884765625 250.73991394042969
      vertex 310 1363.689453125 257.5201416015625
    endloop
  endfacet
  facet normal -7.3452867901509611e-06 0.83581719566680246 0.54900784636809041
    outer loop
      vertex 313.20001220703125 1361.34814453125 261.08462524414062
      vertex 310 1359.23583984375 264.30038452148438
      vertex 310 1354.7822265625 271.08062744140625
    endloop
  endfacet
  facet normal -2.0602664984871988e-05 0.83581914298322235 0.54900488139753523
    outer loop
      vertex 313.20001220703125 1361.34814453125 261.08462524414062
      vertex 310 1354.7822265625 271.08062744140625
      vertex 313.20001220703125 1356.66552734375 268.21356201171875
    endloop
  endfacet
  facet normal 1.3551972439856744e-05 0.83581257578667778 0.5490148795553571
    outer loop
      vertex 310 1350.32861328125 277.86087036132812
      vertex 313.20001220703125 1351.9827880859375 275.34249877929688
      vertex 313.20001220703125 1356.66552734375 268.21356201171875
    endloop
  endfacet
  facet normal -1.6800133515380567e-05 0.83581719557139755 0.54900784630542354
    outer loop
      vertex 310 1350.32861328125 277.86087036132812
      vertex 313.20001220703125 1356.66552734375 268.21356201171875
      vertex 310 1354.7822265625 271.08062744140625
    endloop
  endfacet
  facet normal -6.703632316570206e-06 0.83581914314183203 0.54900488150171745
    outer loop
      vertex 310 1345.875 284.64111328125
      vertex 313.20001220703125 1347.3001708984375 282.471435546875
      vertex 313.20001220703125 1351.9827880859375 275.34249877929688
    endloop
  endfacet
  facet normal 5.6287938373964349e-06 0.83581719567610913 0.54900784637420352
    outer loop
      vertex 310 1345.875 284.64111328125
      vertex 313.20001220703125 1351.9827880859375 275.34249877929688
      vertex 310 1350.32861328125 277.86087036132812
    endloop
  endfacet
  facet normal -0 0.83581460629951332 0.54901178848581178
    outer loop
      vertex 313.20001220703125 1347.3001708984375 282.471435546875
      vertex 310 1345.875 284.64111328125
      vertex 318 1345.875 284.64111328125
    endloop
  endfacet
  facet normal 0 0.83581460629951332 0.54901178848581178
    outer loop
      vertex 313.20001220703125 1347.3001708984375 282.471435546875
      vertex 318 1345.875 284.64111328125
      vertex 320.55999755859375 1347.3001708984375 282.471435546875
    endloop
  endfacet
  facet normal -0 0.83581460629951332 0.54901178848581178
    outer loop
      vertex 327.92001342773438 1347.3001708984375 282.471435546875
      vertex 326 1345.875 284.64111328125
      vertex 334 1345.875 284.64111328125
    endloop
  endfacet
  facet normal 0 0.83581460629951332 0.54901178848581178
    outer loop
      vertex 327.92001342773438 1347.3001708984375 282.471435546875
      vertex 334 1345.875 284.64111328125
      vertex 335.27999877929688 1347.3001708984375 282.471435546875
    endloop
  endfacet
  facet normal -0 0.83581460629951332 0.54901178848581178
    outer loop
      vertex 320.55999755859375 1347.3001708984375 282.471435546875
      vertex 318 1345.875 284.64111328125
      vertex 326 1345.875 284.64111328125
    endloop
  endfacet
  facet normal 0 0.83581460629951332 0.54901178848581178
    outer loop
      vertex 320.55999755859375 1347.3001708984375 282.471435546875
      vertex 326 1345.875 284.64111328125
      vertex 327.92001342773438 1347.3001708984375 282.471435546875
    endloop
  endfacet
  facet normal 0 0.83581460629951332 0.54901178848581178
    outer loop
      vertex 342 1345.875 284.64111328125
      vertex 342.6400146484375 1347.3001708984375 282.471435546875
      vertex 335.27999877929688 1347.3001708984375 282.471435546875
    endloop
  endfacet
  facet normal -0 0.83581460629951332 0.54901178848581178
    outer loop
      vertex 342 1345.875 284.64111328125
      vertex 335.27999877929688 1347.3001708984375 282.471435546875
      vertex 334 1345.875 284.64111328125
    endloop
  endfacet
  facet normal 0 0.83581460629951332 0.54901178848581178
    outer loop
      vertex 350 1345.875 284.64111328125
      vertex 350 1347.3001708984375 282.471435546875
      vertex 342.6400146484375 1347.3001708984375 282.471435546875
    endloop
  endfacet
  facet normal -0 0.83581460629951332 0.54901178848581178
    outer loop
      vertex 350 1345.875 284.64111328125
      vertex 342.6400146484375 1347.3001708984375 282.471435546875
      vertex 342 1345.875 284.64111328125
    endloop
  endfacet
  facet normal -0 0.83581460629951332 0.54901178848581178
    outer loop
      vertex 358 1381.5040283203125 230.39918518066406
      vertex 357.3599853515625 1380.078857421875 232.56886291503906
      vertex 364.72000122070312 1380.078857421875 232.56886291503906
    endloop
  endfacet
  facet normal 0 0.83581460629951332 0.54901178848581178
    outer loop
      vertex 358 1381.5040283203125 230.39918518066406
      vertex 364.72000122070312 1380.078857421875 232.56886291503906
      vertex 366 1381.5040283203125 230.39918518066406
    endloop
  endfacet
  facet normal -0 0.83581460629951332 0.54901178848581178
    outer loop
      vertex 374 1381.5040283203125 230.39918518066406
      vertex 372.07998657226562 1380.078857421875 232.56886291503906
      vertex 379.44000244140625 1380.078857421875 232.56886291503906
    endloop
  endfacet
  facet normal 0 0.83581460629951332 0.54901178848581178
    outer loop
      vertex 374 1381.5040283203125 230.39918518066406
      vertex 379.44000244140625 1380.078857421875 232.56886291503906
      vertex 382 1381.5040283203125 230.39918518066406
    endloop
  endfacet
  facet normal -0 0.83581460629951332 0.54901178848581178
    outer loop
      vertex 366 1381.5040283203125 230.39918518066406
      vertex 364.72000122070312 1380.078857421875 232.56886291503906
      vertex 372.07998657226562 1380.078857421875 232.56886291503906
    endloop
  endfacet
  facet normal 0 0.83581460629951332 0.54901178848581178
    outer loop
      vertex 366 1381.5040283203125 230.39918518066406
      vertex 372.07998657226562 1380.078857421875 232.56886291503906
      vertex 374 1381.5040283203125 230.39918518066406
    endloop
  endfacet
  facet normal 0 0.83581460629951332 0.54901178848581178
    outer loop
      vertex 386.79998779296875 1380.078857421875 232.56886291503906
      vertex 390 1381.5040283203125 230.39918518066406
      vertex 382 1381.5040283203125 230.39918518066406
    endloop
  endfacet
  facet normal -0 0.83581460629951332 0.54901178848581178
    outer loop
      vertex 386.79998779296875 1380.078857421875 232.56886291503906
      vertex 382 1381.5040283203125 230.39918518066406
      vertex 379.44000244140625 1380.078857421875 232.56886291503906
    endloop
  endfacet
  facet normal 5.6287938373964349e-06 0.83581719567610913 0.54900784637420352
    outer loop
      vertex 386.79998779296875 1375.396240234375 239.69779968261719
      vertex 390 1377.0504150390625 237.17942810058594
      vertex 390 1381.5040283203125 230.39918518066406
    endloop
  endfacet
  facet normal -6.703632316570206e-06 0.83581914314183203 0.54900488150171745
    outer loop
      vertex 386.79998779296875 1375.396240234375 239.69779968261719
      vertex 390 1381.5040283203125 230.39918518066406
      vertex 386.79998779296875 1380.078857421875 232.56886291503906
    endloop
  endfacet
  facet normal 1.3551972439856744e-05 0.83581257578667778 0.5490148795553571
    outer loop
      vertex 390 1377.0504150390625 237.17942810058594
      vertex 386.79998779296875 1375.396240234375 239.69779968261719
      vertex 386.79998779296875 1370.7135009765625 246.82673645019531
    endloop
  endfacet
  facet normal -1.6800133515380567e-05 0.83581719557139755 0.54900784630542354
    outer loop
      vertex 390 1377.0504150390625 237.17942810058594
      vertex 386.79998779296875 1370.7135009765625 246.82673645019531
      vertex 390 1372.5968017578125 243.95967102050781
    endloop
  endfacet
  facet normal -7.3452867901509611e-06 0.83581719566680246 0.54900784636809041
    outer loop
      vertex 386.79998779296875 1366.0308837890625 253.95567321777344
      vertex 390 1368.1431884765625 250.73991394042969
      vertex 390 1372.5968017578125 243.95967102050781
    endloop
  endfacet
  facet normal -2.0602664984871988e-05 0.83581914298322235 0.54900488139753523
    outer loop
      vertex 386.79998779296875 1366.0308837890625 253.95567321777344
      vertex 390 1372.5968017578125 243.95967102050781
      vertex 386.79998779296875 1370.7135009765625 246.82673645019531
    endloop
  endfacet
  facet normal 9.0182366506614854e-06 0.83580972364377937 0.54901922168643635
    outer loop
      vertex 386.79998779296875 1366.0308837890625 253.95567321777344
      vertex 390 1363.689453125 257.5201416015625
      vertex 390 1368.1431884765625 250.73991394042969
    endloop
  endfacet
  facet normal 7.345286790170293e-06 0.83581719566680246 0.54900784636809041
    outer loop
      vertex 386.79998779296875 1361.34814453125 261.08462524414062
      vertex 390 1359.23583984375 264.30038452148438
      vertex 390 1363.689453125 257.5201416015625
    endloop
  endfacet
  facet normal 1.7250755732368394e-05 0.83581311496585853 0.54901405861187191
    outer loop
      vertex 386.79998779296875 1361.34814453125 261.08462524414062
      vertex 390 1363.689453125 257.5201416015625
      vertex 386.79998779296875 1366.0308837890625 253.95567321777344
    endloop
  endfacet
  facet normal -0 0.83581460629951332 0.54901178848581178
    outer loop
      vertex 350 1347.3001708984375 282.471435546875
      vertex 350 1345.875 284.64111328125
      vertex 358 1345.875 284.64111328125
    endloop
  endfacet
  facet normal 0 0.83581460629951332 0.54901178848581178
    outer loop
      vertex 350 1347.3001708984375 282.471435546875
      vertex 358 1345.875 284.64111328125
      vertex 357.3599853515625 1347.3001708984375 282.471435546875
    endloop
  endfacet
  facet normal 0 0.83581460629951332 0.54901178848581178
    outer loop
      vertex 364.72000122070312 1347.3001708984375 282.471435546875
      vertex 366 1345.875 284.64111328125
      vertex 374 1345.875 284.64111328125
    endloop
  endfacet
  facet normal 0 0.83581460629951332 0.54901178848581178
    outer loop
      vertex 364.72000122070312 1347.3001708984375 282.471435546875
      vertex 374 1345.875 284.64111328125
      vertex 372.07998657226562 1347.3001708984375 282.471435546875
    endloop
  endfacet
  facet normal -0 0.83581460629951332 0.54901178848581178
    outer loop
      vertex 357.3599853515625 1347.3001708984375 282.471435546875
      vertex 358 1345.875 284.64111328125
      vertex 366 1345.875 284.64111328125
    endloop
  endfacet
  facet normal 0 0.83581460629951332 0.54901178848581178
    outer loop
      vertex 357.3599853515625 1347.3001708984375 282.471435546875
      vertex 366 1345.875 284.64111328125
      vertex 364.72000122070312 1347.3001708984375 282.471435546875
    endloop
  endfacet
  facet normal 0 0.83581460629951332 0.54901178848581178
    outer loop
      vertex 382 1345.875 284.64111328125
      vertex 379.44000244140625 1347.3001708984375 282.471435546875
      vertex 372.07998657226562 1347.3001708984375 282.471435546875
    endloop
  endfacet
  facet normal 0 0.83581460629951332 0.54901178848581178
    outer loop
      vertex 382 1345.875 284.64111328125
      vertex 372.07998657226562 1347.3001708984375 282.471435546875
      vertex 374 1345.875 284.64111328125
    endloop
  endfacet
  facet normal 1.6800133515380567e-05 0.83581719557139755 0.54900784630542354
    outer loop
      vertex 386.79998779296875 1356.66552734375 268.21356201171875
      vertex 390 1354.7822265625 271.08062744140625
      vertex 390 1359.23583984375 264.30038452148438
    endloop
  endfacet
  facet normal 1.1610257138345319e-05 0.83581914310427896 0.54900488147705084
    outer loop
      vertex 386.79998779296875 1356.66552734375 268.21356201171875
      vertex 390 1359.23583984375 264.30038452148438
      vertex 386.79998779296875 1361.34814453125 261.08462524414062
    endloop
  endfacet
  facet normal -5.6287938373964349e-06 0.83581719567610913 0.54900784637420352
    outer loop
      vertex 386.79998779296875 1351.9827880859375 275.34249877929688
      vertex 390 1350.32861328125 277.86087036132812
      vertex 390 1354.7822265625 271.08062744140625
    endloop
  endfacet
  facet normal 7.7797829523353891e-06 0.83581257583813484 0.5490148795891574
    outer loop
      vertex 386.79998779296875 1351.9827880859375 275.34249877929688
      vertex 390 1354.7822265625 271.08062744140625
      vertex 386.79998779296875 1356.66552734375 268.21356201171875
    endloop
  endfacet
  facet normal 0 0.83581460629951332 0.54901178848581178
    outer loop
      vertex 379.44000244140625 1347.3001708984375 282.471435546875
      vertex 382 1345.875 284.64111328125
      vertex 390 1345.875 284.64111328125
    endloop
  endfacet
  facet normal 0 0.83581460629951332 0.54901178848581178
    outer loop
      vertex 379.44000244140625 1347.3001708984375 282.471435546875
      vertex 390 1345.875 284.64111328125
      vertex 386.79998779296875 1347.3001708984375 282.471435546875
    endloop
  endfacet
  facet normal -2.2887755333748499e-06 0.83581914315842309 0.54900488151261528
    outer loop
      vertex 390 1350.32861328125 277.86087036132812
      vertex 386.79998779296875 1351.9827880859375 275.34249877929688
      vertex 386.79998779296875 1347.3001708984375 282.471435546875
    endloop
  endfacet
  facet normal 3.8260528898562438e-06 0.83581719568323243 0.54900784637888245
    outer loop
      vertex 390 1350.32861328125 277.86087036132812
      vertex 386.79998779296875 1347.3001708984375 282.471435546875
      vertex 390 1345.875 284.64111328125
    endloop
  endfacet
  facet normal -1 0 0
    outer loop
      vertex 310 1350.32861328125 277.86087036132812
      vertex 310 1348.656982421875 276.76284790039062
      vertex 310 1344.203369140625 283.5430908203125
    endloop
  endfacet
  facet normal -1 -0 -0
    outer loop
      vertex 310 1350.32861328125 277.86087036132812
      vertex 310 1344.203369140625 283.5430908203125
      vertex 310 1345.875 284.64111328125
    endloop
  endfacet
  facet normal -1 0 0
    outer loop
      vertex 310 1359.23583984375 264.30038452148438
      vertex 310 1357.564208984375 263.20236206054688
      vertex 310 1353.110595703125 269.98260498046875
    endloop
  endfacet
  facet normal -1 -0 -0
    outer loop
      vertex 310 1359.23583984375 264.30038452148438
      vertex 310 1353.110595703125 269.98260498046875
      vertex 310 1354.7822265625 271.08062744140625
    endloop
  endfacet
  facet normal -1 0 0
    outer loop
      vertex 310 1354.7822265625 271.08062744140625
      vertex 310 1353.110595703125 269.98260498046875
      vertex 310 1348.656982421875 276.76284790039062
    endloop
  endfacet
  facet normal -1 -0 -0
    outer loop
      vertex 310 1354.7822265625 271.08062744140625
      vertex 310 1348.656982421875 276.76284790039062
      vertex 310 1350.32861328125 277.86087036132812
    endloop
  endfacet
  facet normal -1 0 0
    outer loop
      vertex 310 1368.1431884765625 250.73991394042969
      vertex 310 1366.4715576171875 249.64189147949219
      vertex 310 1362.017822265625 256.422119140625
    endloop
  endfacet
  facet normal -1 -0 -0
    outer loop
      vertex 310 1368.1431884765625 250.73991394042969
      vertex 310 1362.017822265625 256.422119140625
      vertex 310 1363.689453125 257.5201416015625
    endloop
  endfacet
  facet normal -1 0 0
    outer loop
      vertex 310 1377.0504150390625 237.17942810058594
      vertex 310 1375.3787841796875 236.08140563964844
      vertex 310 1370.9251708984375 242.86164855957031
    endloop
  endfacet
  facet normal -1 -0 -0
    outer loop
      vertex 310 1377.0504150390625 237.17942810058594
      vertex 310 1370.9251708984375 242.86164855957031
      vertex 310 1372.5968017578125 243.95967102050781
    endloop
  endfacet
  facet normal -1 0 0
    outer loop
      vertex 310 1381.5040283203125 230.39918518066406
      vertex 310 1379.8323974609375 229.30116271972656
      vertex 310 1375.3787841796875 236.08140563964844
    endloop
  endfacet
  facet normal -1 -0 -0
    outer loop
      vertex 310 1381.5040283203125 230.39918518066406
      vertex 310 1375.3787841796875 236.08140563964844
      vertex 310 1377.0504150390625 237.17942810058594
    endloop
  endfacet
  facet normal -1 0 0
    outer loop
      vertex 310 1372.5968017578125 243.95967102050781
      vertex 310 1370.9251708984375 242.86164855957031
      vertex 310 1366.4715576171875 249.64189147949219
    endloop
  endfacet
  facet normal -1 -0 -0
    outer loop
      vertex 310 1372.5968017578125 243.95967102050781
      vertex 310 1366.4715576171875 249.64189147949219
      vertex 310 1368.1431884765625 250.73991394042969
    endloop
  endfacet
  facet normal -1 0 0
    outer loop
      vertex 310 1363.689453125 257.5201416015625
      vertex 310 1362.017822265625 256.422119140625
      vertex 310 1357.564208984375 263.20236206054688
    endloop
  endfacet
  facet normal -1 -0 -0
    outer loop
      vertex 310 1363.689453125 257.5201416015625
      vertex 310 1357.564208984375 263.20236206054688
      vertex 310 1359.23583984375 264.30038452148438
    endloop
  endfacet
  facet normal -0 0.54901102083318354 -0.83581511053803392
    outer loop
      vertex 318 1381.5040283203125 230.39918518066406
      vertex 318 1379.8323974609375 229.30116271972656
      vertex 310 1379.8323974609375 229.30116271972656
    endloop
  endfacet
  facet normal 0 0.54901102083318354 -0.83581511053803392
    outer loop
      vertex 318 1381.5040283203125 230.39918518066406
      vertex 310 1379.8323974609375 229.30116271972656
      vertex 310 1381.5040283203125 230.39918518066406
    endloop
  endfacet
  facet normal -0 0.54901102083318354 -0.83581511053803392
    outer loop
      vertex 334 1381.5040283203125 230.39918518066406
      vertex 334 1379.8323974609375 229.30116271972656
      vertex 326 1379.8323974609375 229.30116271972656
    endloop
  endfacet
  facet normal 0 0.54901102083318354 -0.83581511053803392
    outer loop
      vertex 334 1381.5040283203125 230.39918518066406
      vertex 326 1379.8323974609375 229.30116271972656
      vertex 326 1381.5040283203125 230.39918518066406
    endloop
  endfacet
  facet normal -0 0.54901102083318354 -0.83581511053803392
    outer loop
      vertex 342 1381.5040283203125 230.39918518066406
      vertex 342 1379.8323974609375 229.30116271972656
      vertex 334 1379.8323974609375 229.30116271972656
    endloop
  endfacet
  facet normal 0 0.54901102083318354 -0.83581511053803392
    outer loop
      vertex 342 1381.5040283203125 230.39918518066406
      vertex 334 1379.8323974609375 229.30116271972656
      vertex 334 1381.5040283203125 230.39918518066406
    endloop
  endfacet
  facet normal -0 0.54901102083318354 -0.83581511053803392
    outer loop
      vertex 326 1381.5040283203125 230.39918518066406
      vertex 326 1379.8323974609375 229.30116271972656
      vertex 318 1379.8323974609375 229.30116271972656
    endloop
  endfacet
  facet normal 0 0.54901102083318354 -0.83581511053803392
    outer loop
      vertex 326 1381.5040283203125 230.39918518066406
      vertex 318 1379.8323974609375 229.30116271972656
      vertex 318 1381.5040283203125 230.39918518066406
    endloop
  endfacet
  facet normal -0 0.54901102083318354 -0.83581511053803392
    outer loop
      vertex 358 1381.5040283203125 230.39918518066406
      vertex 358 1379.8323974609375 229.30116271972656
      vertex 350 1379.8323974609375 229.30116271972656
    endloop
  endfacet
  facet normal 0 0.54901102083318354 -0.83581511053803392
    outer loop
      vertex 358 1381.5040283203125 230.39918518066406
      vertex 350 1379.8323974609375 229.30116271972656
      vertex 350 1381.5040283203125 230.39918518066406
    endloop
  endfacet
  facet normal -0 0.54901102083318354 -0.83581511053803392
    outer loop
      vertex 366 1381.5040283203125 230.39918518066406
      vertex 366 1379.8323974609375 229.30116271972656
      vertex 358 1379.8323974609375 229.30116271972656
    endloop
  endfacet
  facet normal 0 0.54901102083318354 -0.83581511053803392
    outer loop
      vertex 366 1381.5040283203125 230.39918518066406
      vertex 358 1379.8323974609375 229.30116271972656
      vertex 358 1381.5040283203125 230.39918518066406
    endloop
  endfacet
  facet normal -0 0.54901102083318354 -0.83581511053803392
    outer loop
      vertex 382 1381.5040283203125 230.39918518066406
      vertex 382 1379.8323974609375 229.30116271972656
      vertex 374 1379.8323974609375 229.30116271972656
    endloop
  endfacet
  facet normal 0 0.54901102083318354 -0.83581511053803392
    outer loop
      vertex 382 1381.5040283203125 230.39918518066406
      vertex 374 1379.8323974609375 229.30116271972656
      vertex 374 1381.5040283203125 230.39918518066406
    endloop
  endfacet
  facet normal -0 0.54901102083318354 -0.83581511053803392
    outer loop
      vertex 390 1381.5040283203125 230.39918518066406
      vertex 390 1379.8323974609375 229.30116271972656
      vertex 382 1379.8323974609375 229.30116271972656
    endloop
  endfacet
  facet normal 0 0.54901102083318354 -0.83581511053803392
    outer loop
      vertex 390 1381.5040283203125 230.39918518066406
      vertex 382 1379.8323974609375 229.30116271972656
      vertex 382 1381.5040283203125 230.39918518066406
    endloop
  endfacet
  facet normal -0 0.54901102083318354 -0.83581511053803392
    outer loop
      vertex 374 1381.5040283203125 230.39918518066406
      vertex 374 1379.8323974609375 229.30116271972656
      vertex 366 1379.8323974609375 229.30116271972656
    endloop
  endfacet
  facet normal 0 0.54901102083318354 -0.83581511053803392
    outer loop
      vertex 374 1381.5040283203125 230.39918518066406
      vertex 366 1379.8323974609375 229.30116271972656
      vertex 366 1381.5040283203125 230.39918518066406
    endloop
  endfacet
  facet normal -0 0.54901102083318354 -0.83581511053803392
    outer loop
      vertex 350 1381.5040283203125 230.39918518066406
      vertex 350 1379.8323974609375 229.30116271972656
      vertex 342 1379.8323974609375 229.30116271972656
    endloop
  endfacet
  facet normal 0 0.54901102083318354 -0.83581511053803392
    outer loop
      vertex 350 1381.5040283203125 230.39918518066406
      vertex 342 1379.8323974609375 229.30116271972656
      vertex 342 1381.5040283203125 230.39918518066406
    endloop
  endfacet
  facet normal 1 0 0
    outer loop
      vertex 390 1377.0504150390625 237.17942810058594
      vertex 390 1375.3787841796875 236.08140563964844
      vertex 390 1379.8323974609375 229.30116271972656
    endloop
  endfacet
  facet normal 1 0 0
    outer loop
      vertex 390 1377.0504150390625 237.17942810058594
      vertex 390 1379.8323974609375 229.30116271972656
      vertex 390 1381.5040283203125 230.39918518066406
    endloop
  endfacet
  facet normal 1 0 0
    outer loop
      vertex 390 1368.1431884765625 250.73991394042969
      vertex 390 1366.4715576171875 249.64189147949219
      vertex 390 1370.9251708984375 242.86164855957031
    endloop
  endfacet
  facet normal 1 0 0
    outer loop
      vertex 390 1368.1431884765625 250.73991394042969
      vertex 390 1370.9251708984375 242.86164855957031
      vertex 390 1372.5968017578125 243.95967102050781
    endloop
  endfacet
  facet normal 1 0 0
    outer loop
      vertex 390 1372.5968017578125 243.95967102050781
      vertex 390 1370.9251708984375 242.86164855957031
      vertex 390 1375.3787841796875 236.08140563964844
    endloop
  endfacet
  facet normal 1 0 0
    outer loop
      vertex 390 1372.5968017578125 243.95967102050781
      vertex 390 1375.3787841796875 236.08140563964844
      vertex 390 1377.0504150390625 237.17942810058594
    endloop
  endfacet
  facet normal 1 0 0
    outer loop
      vertex 390 1359.23583984375 264.30038452148438
      vertex 390 1357.564208984375 263.20236206054688
      vertex 390 1362.017822265625 256.422119140625
    endloop
  endfacet
  facet normal 1 0 0
    outer loop
      vertex 390 1359.23583984375 264.30038452148438
      vertex 390 1362.017822265625 256.422119140625
      vertex 390 1363.689453125 257.5201416015625
    endloop
  endfacet
  facet normal 1 0 0
    outer loop
      vertex 390 1350.32861328125 277.86087036132812
      vertex 390 1348.656982421875 276.76284790039062
      vertex 390 1353.110595703125 269.98260498046875
    endloop
  endfacet
  facet normal 1 0 0
    outer loop
      vertex 390 1350.32861328125 277.86087036132812
      vertex 390 1353.110595703125 269.98260498046875
      vertex 390 1354.7822265625 271.08062744140625
    endloop
  endfacet
  facet normal 1 0 0
    outer loop
      vertex 390 1345.875 284.64111328125
      vertex 390 1344.203369140625 283.5430908203125
      vertex 390 1348.656982421875 276.76284790039062
    endloop
  endfacet
  facet normal 1 0 0
    outer loop
      vertex 390 1345.875 284.64111328125
      vertex 390 1348.656982421875 276.76284790039062
      vertex 390 1350.32861328125 277.86087036132812
    endloop
  endfacet
  facet normal 1 0 0
    outer loop
      vertex 390 1354.7822265625 271.08062744140625
      vertex 390 1353.110595703125 269.98260498046875
      vertex 390 1357.564208984375 263.20236206054688
    endloop
  endfacet
  facet normal 1 0 0
    outer loop
      vertex 390 1354.7822265625 271.08062744140625
      vertex 390 1357.564208984375 263.20236206054688
      vertex 390 1359.23583984375 264.30038452148438
    endloop
  endfacet
  facet normal 1 -0 -0
    outer loop
      vertex 390 1363.689453125 257.5201416015625
      vertex 390 1362.017822265625 256.422119140625
      vertex 390 1366.4715576171875 249.64189147949219
    endloop
  endfacet
  facet normal 1 0 0
    outer loop
      vertex 390 1363.689453125 257.5201416015625
      vertex 390 1366.4715576171875 249.64189147949219
      vertex 390 1368.1431884765625 250.73991394042969
    endloop
  endfacet
  facet normal -0 -0.54901102083318354 0.83581511053803392
    outer loop
      vertex 382 1345.875 284.64111328125
      vertex 382 1344.203369140625 283.5430908203125
      vertex 390 1344.203369140625 283.5430908203125
    endloop
  endfacet
  facet normal 0 -0.54901102083318354 0.83581511053803392
    outer loop
      vertex 382 1345.875 284.64111328125
      vertex 390 1344.203369140625 283.5430908203125
      vertex 390 1345.875 284.64111328125
    endloop
  endfacet
  facet normal -0 -0.54901102083318354 0.83581511053803392
    outer loop
      vertex 366 1345.875 284.64111328125
      vertex 366 1344.203369140625 283.5430908203125
      vertex 374 1344.203369140625 283.5430908203125
    endloop
  endfacet
  facet normal 0 -0.54901102083318354 0.83581511053803392
    outer loop
      vertex 366 1345.875 284.64111328125
      vertex 374 1344.203369140625 283.5430908203125
      vertex 374 1345.875 284.64111328125
    endloop
  endfacet
  facet normal -0 -0.54901102083318354 0.83581511053803392
    outer loop
      vertex 358 1345.875 284.64111328125
      vertex 358 1344.203369140625 283.5430908203125
      vertex 366 1344.203369140625 283.5430908203125
    endloop
  endfacet
  facet normal 0 -0.54901102083318354 0.83581511053803392
    outer loop
      vertex 358 1345.875 284.64111328125
      vertex 366 1344.203369140625 283.5430908203125
      vertex 366 1345.875 284.64111328125
    endloop
  endfacet
  facet normal -0 -0.54901102083318354 0.83581511053803392
    outer loop
      vertex 374 1345.875 284.64111328125
      vertex 374 1344.203369140625 283.5430908203125
      vertex 382 1344.203369140625 283.5430908203125
    endloop
  endfacet
  facet normal 0 -0.54901102083318354 0.83581511053803392
    outer loop
      vertex 374 1345.875 284.64111328125
      vertex 382 1344.203369140625 283.5430908203125
      vertex 382 1345.875 284.64111328125
    endloop
  endfacet
  facet normal -0 -0.54901102083318354 0.83581511053803392
    outer loop
      vertex 342 1345.875 284.64111328125
      vertex 342 1344.203369140625 283.5430908203125
      vertex 350 1344.203369140625 283.5430908203125
    endloop
  endfacet
  facet normal 0 -0.54901102083318354 0.83581511053803392
    outer loop
      vertex 342 1345.875 284.64111328125
      vertex 350 1344.203369140625 283.5430908203125
      vertex 350 1345.875 284.64111328125
    endloop
  endfacet
  facet normal -0 -0.54901102083318354 0.83581511053803392
    outer loop
      vertex 334 1345.875 284.64111328125
      vertex 334 1344.203369140625 283.5430908203125
      vertex 342 1344.203369140625 283.5430908203125
    endloop
  endfacet
  facet normal 0 -0.54901102083318354 0.83581511053803392
    outer loop
      vertex 334 1345.875 284.64111328125
      vertex 342 1344.203369140625 283.5430908203125
      vertex 342 1345.875 284.64111328125
    endloop
  endfacet
  facet normal -0 -0.54901102083318354 0.83581511053803392
    outer loop
      vertex 318 1345.875 284.64111328125
      vertex 318 1344.203369140625 283.5430908203125
      vertex 326 1344.203369140625 283.5430908203125
    endloop
  endfacet
  facet normal 0 -0.54901102083318354 0.83581511053803392
    outer loop
      vertex 318 1345.875 284.64111328125
      vertex 326 1344.203369140625 283.5430908203125
      vertex 326 1345.875 284.64111328125
    endloop
  endfacet
  facet normal -0 -0.54901102083318354 0.83581511053803392
    outer loop
      vertex 310 1345.875 284.64111328125
      vertex 310 1344.203369140625 283.5430908203125
      vertex 318 1344.203369140625 283.5430908203125
    endloop
  endfacet
  facet normal 0 -0.54901102083318354 0.83581511053803392
    outer loop
      vertex 310 1345.875 284.64111328125
      vertex 318 1344.203369140625 283.5430908203125
      vertex 318 1345.875 284.64111328125
    endloop
  endfacet
  facet normal -0 -0.54901102083318354 0.83581511053803392
    outer loop
      vertex 326 1345.875 284.64111328125
      vertex 326 1344.203369140625 283.5430908203125
      vertex 334 1344.203369140625 283.5430908203125
    endloop
  endfacet
  facet normal 0 -0.54901102083318354 0.83581511053803392
    outer loop
      vertex 326 1345.875 284.64111328125
      vertex 334 1344.203369140625 283.5430908203125
      vertex 334 1345.875 284.64111328125
    endloop
  endfacet
  facet normal -0 -0.54901102083318354 0.83581511053803392
    outer loop
      vertex 350 1345.875 284.64111328125
      vertex 350 1344.203369140625 283.5430908203125
      vertex 358 1344.203369140625 283.5430908203125
    endloop
  endfacet
  facet normal 0 -0.54901102083318354 0.83581511053803392
    outer loop
      vertex 350 1345.875 284.64111328125
      vertex 358 1344.203369140625 283.5430908203125
      vertex 358 1345.875 284.64111328125
    endloop
  endfacet
  facet normal 1 -0 -0
    outer loop
      vertex 313.20001220703125 1351.9827880859375 275.34249877929688
      vertex 313.20001220703125 1347.3001708984375 282.471435546875
      vertex 313.20001220703125 1345.6285400390625 281.3734130859375
    endloop
  endfacet
  facet normal 1 -0 0
    outer loop
      vertex 313.20001220703125 1351.9827880859375 275.34249877929688
      vertex 313.20001220703125 1345.6285400390625 281.3734130859375
      vertex 313.20001220703125 1350.3111572265625 274.24447631835938
    endloop
  endfacet
  facet normal 1 -0 -0
    outer loop
      vertex 313.20001220703125 1361.34814453125 261.08462524414062
      vertex 313.20001220703125 1356.66552734375 268.21356201171875
      vertex 313.20001220703125 1354.993896484375 267.11553955078125
    endloop
  endfacet
  facet normal 1 -0 0
    outer loop
      vertex 313.20001220703125 1361.34814453125 261.08462524414062
      vertex 313.20001220703125 1354.993896484375 267.11553955078125
      vertex 313.20001220703125 1359.676513671875 259.98660278320312
    endloop
  endfacet
  facet normal 1 -0 -0
    outer loop
      vertex 313.20001220703125 1356.66552734375 268.21356201171875
      vertex 313.20001220703125 1351.9827880859375 275.34249877929688
      vertex 313.20001220703125 1350.3111572265625 274.24447631835938
    endloop
  endfacet
  facet normal 1 -0 0
    outer loop
      vertex 313.20001220703125 1356.66552734375 268.21356201171875
      vertex 313.20001220703125 1350.3111572265625 274.24447631835938
      vertex 313.20001220703125 1354.993896484375 267.11553955078125
    endloop
  endfacet
  facet normal 1 -0 -0
    outer loop
      vertex 313.20001220703125 1370.7135009765625 246.82673645019531
      vertex 313.20001220703125 1366.0308837890625 253.95567321777344
      vertex 313.20001220703125 1364.3592529296875 252.857666015625
    endloop
  endfacet
  facet normal 1 0 0
    outer loop
      vertex 313.20001220703125 1370.7135009765625 246.82673645019531
      vertex 313.20001220703125 1364.3592529296875 252.857666015625
      vertex 313.20001220703125 1369.0418701171875 245.72871398925781
    endloop
  endfacet
  facet normal 1 -0 -0
    outer loop
      vertex 313.20001220703125 1380.078857421875 232.56886291503906
      vertex 313.20001220703125 1375.396240234375 239.69779968261719
      vertex 313.20001220703125 1373.724609375 238.59977722167969
    endloop
  endfacet
  facet normal 1 -0 0
    outer loop
      vertex 313.20001220703125 1380.078857421875 232.56886291503906
      vertex 313.20001220703125 1373.724609375 238.59977722167969
      vertex 313.20001220703125 1378.4072265625 231.47084045410156
    endloop
  endfacet
  facet normal 1 -0 -0
    outer loop
      vertex 313.20001220703125 1375.396240234375 239.69779968261719
      vertex 313.20001220703125 1370.7135009765625 246.82673645019531
      vertex 313.20001220703125 1369.0418701171875 245.72871398925781
    endloop
  endfacet
  facet normal 1 -0 0
    outer loop
      vertex 313.20001220703125 1375.396240234375 239.69779968261719
      vertex 313.20001220703125 1369.0418701171875 245.72871398925781
      vertex 313.20001220703125 1373.724609375 238.59977722167969
    endloop
  endfacet
  facet normal 1 -0 -0
    outer loop
      vertex 313.20001220703125 1366.0308837890625 253.95567321777344
      vertex 313.20001220703125 1361.34814453125 261.08462524414062
      vertex 313.20001220703125 1359.676513671875 259.98660278320312
    endloop
  endfacet
  facet normal 1 -0 0
    outer loop
      vertex 313.20001220703125 1366.0308837890625 253.95567321777344
      vertex 313.20001220703125 1359.676513671875 259.98660278320312
      vertex 313.20001220703125 1364.3592529296875 252.857666015625
    endloop
  endfacet
  facet normal 0 0.54901102083318354 -0.83581511053803392
    outer loop
      vertex 379.44000244140625 1347.3001708984375 282.471435546875
      vertex 386.79998779296875 1347.3001708984375 282.471435546875
      vertex 386.79998779296875 1345.6285400390625 281.3734130859375
    endloop
  endfacet
  facet normal 0 0.54901102083318354 -0.83581511053803392
    outer loop
      vertex 379.44000244140625 1347.3001708984375 282.471435546875
      vertex 386.79998779296875 1345.6285400390625 281.3734130859375
      vertex 379.44000244140625 1345.6285400390625 281.3734130859375
    endloop
  endfacet
  facet normal 0 0.54901102083318354 -0.83581511053803392
    outer loop
      vertex 364.72000122070312 1347.3001708984375 282.471435546875
      vertex 372.07998657226562 1347.3001708984375 282.471435546875
      vertex 372.07998657226562 1345.6285400390625 281.3734130859375
    endloop
  endfacet
  facet normal 0 0.54901102083318354 -0.83581511053803392
    outer loop
      vertex 364.72000122070312 1347.3001708984375 282.471435546875
      vertex 372.07998657226562 1345.6285400390625 281.3734130859375
      vertex 364.72000122070312 1345.6285400390625 281.3734130859375
    endloop
  endfacet
  facet normal 0 0.54901102083318354 -0.83581511053803392
    outer loop
      vertex 357.3599853515625 1347.3001708984375 282.471435546875
      vertex 364.72000122070312 1347.3001708984375 282.471435546875
      vertex 364.72000122070312 1345.6285400390625 281.3734130859375
    endloop
  endfacet
  facet normal 0 0.54901102083318354 -0.83581511053803392
    outer loop
      vertex 357.3599853515625 1347.3001708984375 282.471435546875
      vertex 364.72000122070312 1345.6285400390625 281.3734130859375
      vertex 357.3599853515625 1345.6285400390625 281.3734130859375
    endloop
  endfacet
  facet normal 0 0.54901102083318354 -0.83581511053803392
    outer loop
      vertex 372.07998657226562 1347.3001708984375 282.471435546875
      vertex 379.44000244140625 1347.3001708984375 282.471435546875
      vertex 379.44000244140625 1345.6285400390625 281.3734130859375
    endloop
  endfacet
  facet normal 0 0.54901102083318354 -0.83581511053803392
    outer loop
      vertex 372.07998657226562 1347.3001708984375 282.471435546875
      vertex 379.44000244140625 1345.6285400390625 281.3734130859375
      vertex 372.07998657226562 1345.6285400390625 281.3734130859375
    endloop
  endfacet
  facet normal 0 0.54901102083318354 -0.83581511053803392
    outer loop
      vertex 342.6400146484375 1347.3001708984375 282.471435546875
      vertex 350 1347.3001708984375 282.471435546875
      vertex 350 1345.6285400390625 281.3734130859375
    endloop
  endfacet
  facet normal 0 0.54901102083318354 -0.83581511053803392
    outer loop
      vertex 342.6400146484375 1347.3001708984375 282.471435546875
      vertex 350 1345.6285400390625 281.3734130859375
      vertex 342.6400146484375 1345.6285400390625 281.3734130859375
    endloop
  endfacet
  facet normal 0 0.54901102083318354 -0.83581511053803392
    outer loop
      vertex 335.27999877929688 1347.3001708984375 282.471435546875
      vertex 342.6400146484375 1347.3001708984375 282.471435546875
      vertex 342.6400146484375 1345.6285400390625 281.3734130859375
    endloop
  endfacet
  facet normal 0 0.54901102083318354 -0.83581511053803392
    outer loop
      vertex 335.27999877929688 1347.3001708984375 282.471435546875
      vertex 342.6400146484375 1345.6285400390625 281.3734130859375
      vertex 335.27999877929688 1345.6285400390625 281.3734130859375
    endloop
  endfacet
  facet normal 0 0.54901102083318354 -0.83581511053803392
    outer loop
      vertex 320.55999755859375 1347.3001708984375 282.471435546875
      vertex 327.92001342773438 1347.3001708984375 282.471435546875
      vertex 327.92001342773438 1345.6285400390625 281.3734130859375
    endloop
  endfacet
  facet normal 0 0.54901102083318354 -0.83581511053803392
    outer loop
      vertex 320.55999755859375 1347.3001708984375 282.471435546875
      vertex 327.92001342773438 1345.6285400390625 281.3734130859375
      vertex 320.55999755859375 1345.6285400390625 281.3734130859375
    endloop
  endfacet
  facet normal 0 0.54901102083318354 -0.83581511053803392
    outer loop
      vertex 313.20001220703125 1347.3001708984375 282.471435546875
      vertex 320.55999755859375 1347.3001708984375 282.471435546875
      vertex 320.55999755859375 1345.6285400390625 281.3734130859375
    endloop
  endfacet
  facet normal 0 0.54901102083318354 -0.83581511053803392
    outer loop
      vertex 313.20001220703125 1347.3001708984375 282.471435546875
      vertex 320.55999755859375 1345.6285400390625 281.3734130859375
      vertex 313.20001220703125 1345.6285400390625 281.3734130859375
    endloop
  endfacet
  facet normal 0 0.54901102083318354 -0.83581511053803392
    outer loop
      vertex 327.92001342773438 1347.3001708984375 282.471435546875
      vertex 335.27999877929688 1347.3001708984375 282.471435546875
      vertex 335.27999877929688 1345.6285400390625 281.3734130859375
    endloop
  endfacet
  facet normal 0 0.54901102083318354 -0.83581511053803392
    outer loop
      vertex 327.92001342773438 1347.3001708984375 282.471435546875
      vertex 335.27999877929688 1345.6285400390625 281.3734130859375
      vertex 327.92001342773438 1345.6285400390625 281.3734130859375
    endloop
  endfacet
  facet normal 0 0.54901102083318354 -0.83581511053803392
    outer loop
      vertex 350 1347.3001708984375 282.471435546875
      vertex 357.3599853515625 1347.3001708984375 282.471435546875
      vertex 357.3599853515625 1345.6285400390625 281.3734130859375
    endloop
  endfacet
  facet normal 0 0.54901102083318354 -0.83581511053803392
    outer loop
      vertex 350 1347.3001708984375 282.471435546875
      vertex 357.3599853515625 1345.6285400390625 281.3734130859375
      vertex 350 1345.6285400390625 281.3734130859375
    endloop
  endfacet
  facet normal -1 0 0
    outer loop
      vertex 386.79998779296875 1375.396240234375 239.69779968261719
      vertex 386.79998779296875 1380.078857421875 232.56886291503906
      vertex 386.79998779296875 1378.4072265625 231.47084045410156
    endloop
  endfacet
  facet normal -1 0 0
    outer loop
      vertex 386.79998779296875 1375.396240234375 239.69779968261719
      vertex 386.79998779296875 1378.4072265625 231.47084045410156
      vertex 386.79998779296875 1373.724609375 238.59977722167969
    endloop
  endfacet
  facet normal -1 0 0
    outer loop
      vertex 386.79998779296875 1366.0308837890625 253.95567321777344
      vertex 386.79998779296875 1370.7135009765625 246.82673645019531
      vertex 386.79998779296875 1369.0418701171875 245.72871398925781
    endloop
  endfacet
  facet normal -1 0 0
    outer loop
      vertex 386.79998779296875 1366.0308837890625 253.95567321777344
      vertex 386.79998779296875 1369.0418701171875 245.72871398925781
      vertex 386.79998779296875 1364.3592529296875 252.857666015625
    endloop
  endfacet
  facet normal -1 0 0
    outer loop
      vertex 386.79998779296875 1370.7135009765625 246.82673645019531
      vertex 386.79998779296875 1375.396240234375 239.69779968261719
      vertex 386.79998779296875 1373.724609375 238.59977722167969
    endloop
  endfacet
  facet normal -1 0 0
    outer loop
      vertex 386.79998779296875 1370.7135009765625 246.82673645019531
      vertex 386.79998779296875 1373.724609375 238.59977722167969
      vertex 386.79998779296875 1369.0418701171875 245.72871398925781
    endloop
  endfacet
  facet normal -1 0 0
    outer loop
      vertex 386.79998779296875 1356.66552734375 268.21356201171875
      vertex 386.79998779296875 1361.34814453125 261.08462524414062
      vertex 386.79998779296875 1359.676513671875 259.98660278320312
    endloop
  endfacet
  facet normal -1 0 0
    outer loop
      vertex 386.79998779296875 1356.66552734375 268.21356201171875
      vertex 386.79998779296875 1359.676513671875 259.98660278320312
      vertex 386.79998779296875 1354.993896484375 267.11553955078125
    endloop
  endfacet
  facet normal -1 0 0
    outer loop
      vertex 386.79998779296875 1347.3001708984375 282.471435546875
      vertex 386.79998779296875 1351.9827880859375 275.34249877929688
      vertex 386.79998779296875 1350.3111572265625 274.24447631835938
    endloop
  endfacet
  facet normal -1 0 0
    outer loop
      vertex 386.79998779296875 1347.3001708984375 282.471435546875
      vertex 386.79998779296875 1350.3111572265625 274.24447631835938
      vertex 386.79998779296875 1345.6285400390625 281.3734130859375
    endloop
  endfacet
  facet normal -1 0 0
    outer loop
      vertex 386.79998779296875 1351.9827880859375 275.34249877929688
      vertex 386.79998779296875 1356.66552734375 268.21356201171875
      vertex 386.79998779296875 1354.993896484375 267.11553955078125
    endloop
  endfacet
  facet normal -1 0 0
    outer loop
      vertex 386.79998779296875 1351.9827880859375 275.34249877929688
      vertex 386.79998779296875 1354.993896484375 267.11553955078125
      vertex 386.79998779296875 1350.3111572265625 274.24447631835938
    endloop
  endfacet
  facet normal -1 0 0
    outer loop
      vertex 386.79998779296875 1361.34814453125 261.08462524414062
      vertex 386.79998779296875 1366.0308837890625 253.95567321777344
      vertex 386.79998779296875 1364.3592529296875 252.857666015625
    endloop
  endfacet
  facet normal -1 0 0
    outer loop
      vertex 386.79998779296875 1361.34814453125 261.08462524414062
      vertex 386.79998779296875 1364.3592529296875 252.857666015625
      vertex 386.79998779296875 1359.676513671875 259.98660278320312
    endloop
  endfacet
  facet normal 0 -0.54901102083318354 0.83581511053803392
    outer loop
      vertex 320.55999755859375 1380.078857421875 232.56886291503906
      vertex 313.20001220703125 1380.078857421875 232.56886291503906
      vertex 313.20001220703125 1378.4072265625 231.47084045410156
    endloop
  endfacet
  facet normal 0 -0.54901102083318354 0.83581511053803392
    outer loop
      vertex 320.55999755859375 1380.078857421875 232.56886291503906
      vertex 313.20001220703125 1378.4072265625 231.47084045410156
      vertex 320.55999755859375 1378.4072265625 231.47084045410156
    endloop
  endfacet
  facet normal 0 -0.54901102083318354 0.83581511053803392
    outer loop
      vertex 335.27999877929688 1380.078857421875 232.56886291503906
      vertex 327.92001342773438 1380.078857421875 232.56886291503906
      vertex 327.92001342773438 1378.4072265625 231.47084045410156
    endloop
  endfacet
  facet normal 0 -0.54901102083318354 0.83581511053803392
    outer loop
      vertex 335.27999877929688 1380.078857421875 232.56886291503906
      vertex 327.92001342773438 1378.4072265625 231.47084045410156
      vertex 335.27999877929688 1378.4072265625 231.47084045410156
    endloop
  endfacet
  facet normal 0 -0.54901102083318354 0.83581511053803392
    outer loop
      vertex 342.6400146484375 1380.078857421875 232.56886291503906
      vertex 335.27999877929688 1380.078857421875 232.56886291503906
      vertex 335.27999877929688 1378.4072265625 231.47084045410156
    endloop
  endfacet
  facet normal 0 -0.54901102083318354 0.83581511053803392
    outer loop
      vertex 342.6400146484375 1380.078857421875 232.56886291503906
      vertex 335.27999877929688 1378.4072265625 231.47084045410156
      vertex 342.6400146484375 1378.4072265625 231.47084045410156
    endloop
  endfacet
  facet normal 0 -0.54901102083318354 0.83581511053803392
    outer loop
      vertex 327.92001342773438 1380.078857421875 232.56886291503906
      vertex 320.55999755859375 1380.078857421875 232.56886291503906
      vertex 320.55999755859375 1378.4072265625 231.47084045410156
    endloop
  endfacet
  facet normal 0 -0.54901102083318354 0.83581511053803392
    outer loop
      vertex 327.92001342773438 1380.078857421875 232.56886291503906
      vertex 320.55999755859375 1378.4072265625 231.47084045410156
      vertex 327.92001342773438 1378.4072265625 231.47084045410156
    endloop
  endfacet
  facet normal 0 -0.54901102083318354 0.83581511053803392
    outer loop
      vertex 357.3599853515625 1380.078857421875 232.56886291503906
      vertex 350 1380.078857421875 232.56886291503906
      vertex 350 1378.4072265625 231.47084045410156
    endloop
  endfacet
  facet normal 0 -0.54901102083318354 0.83581511053803392
    outer loop
      vertex 357.3599853515625 1380.078857421875 232.56886291503906
      vertex 350 1378.4072265625 231.47084045410156
      vertex 357.3599853515625 1378.4072265625 231.47084045410156
    endloop
  endfacet
  facet normal 0 -0.54901102083318354 0.83581511053803392
    outer loop
      vertex 364.72000122070312 1380.078857421875 232.56886291503906
      vertex 357.3599853515625 1380.078857421875 232.56886291503906
      vertex 357.3599853515625 1378.4072265625 231.47084045410156
    endloop
  endfacet
  facet normal 0 -0.54901102083318354 0.83581511053803392
    outer loop
      vertex 364.72000122070312 1380.078857421875 232.56886291503906
      vertex 357.3599853515625 1378.4072265625 231.47084045410156
      vertex 364.72000122070312 1378.4072265625 231.47084045410156
    endloop
  endfacet
  facet normal 0 -0.54901102083318354 0.83581511053803392
    outer loop
      vertex 379.44000244140625 1380.078857421875 232.56886291503906
      vertex 372.07998657226562 1380.078857421875 232.56886291503906
      vertex 372.07998657226562 1378.4072265625 231.47084045410156
    endloop
  endfacet
  facet normal 0 -0.54901102083318354 0.83581511053803392
    outer loop
      vertex 379.44000244140625 1380.078857421875 232.56886291503906
      vertex 372.07998657226562 1378.4072265625 231.47084045410156
      vertex 379.44000244140625 1378.4072265625 231.47084045410156
    endloop
  endfacet
  facet normal 0 -0.54901102083318354 0.83581511053803392
    outer loop
      vertex 386.79998779296875 1380.078857421875 232.56886291503906
      vertex 379.44000244140625 1380.078857421875 232.56886291503906
      vertex 379.44000244140625 1378.4072265625 231.47084045410156
    endloop
  endfacet
  facet normal 0 -0.54901102083318354 0.83581511053803392
    outer loop
      vertex 386.79998779296875 1380.078857421875 232.56886291503906
      vertex 379.44000244140625 1378.4072265625 231.47084045410156
      vertex 386.79998779296875 1378.4072265625 231.47084045410156
    endloop
  endfacet
  facet normal 0 -0.54901102083318354 0.83581511053803392
    outer loop
      vertex 372.07998657226562 1380.078857421875 232.56886291503906
      vertex 364.72000122070312 1380.078857421875 232.56886291503906
      vertex 364.72000122070312 1378.4072265625 231.47084045410156
    endloop
  endfacet
  facet normal 0 -0.54901102083318354 0.83581511053803392
    outer loop
      vertex 372.07998657226562 1380.078857421875 232.56886291503906
      vertex 364.72000122070312 1378.4072265625 231.47084045410156
      vertex 372.07998657226562 1378.4072265625 231.47084045410156
    endloop
  endfacet
  facet normal 0 -0.54901102083318354 0.83581511053803392
    outer loop
      vertex 350 1380.078857421875 232.56886291503906
      vertex 342.6400146484375 1380.078857421875 232.56886291503906
      vertex 342.6400146484375 1378.4072265625 231.47084045410156
    endloop
  endfacet
  facet normal 0 -0.54901102083318354 0.83581511053803392
    outer loop
      vertex 350 1380.078857421875 232.56886291503906
      vertex 342.6400146484375 1378.4072265625 231.47084045410156
      vertex 350 1378.4072265625 231.47084045410156
    endloop
  endfacet
  facet normal -3.8260528898562438e-06 -0.83581719568323243 -0.54900784637888245
    outer loop
      vertex 310 1375.3787841796875 236.08140563964844
      vertex 310 1379.8323974609375 229.30116271972656
      vertex 313.20001220703125 1378.4072265625 231.47084045410156
    endloop
  endfacet
  facet normal 2.2887755332588572e-06 -0.83581914315842309 -0.54900488151261528
    outer loop
      vertex 310 1375.3787841796875 236.08140563964844
      vertex 313.20001220703125 1378.4072265625 231.47084045410156
      vertex 313.20001220703125 1373.724609375 238.59977722167969
    endloop
  endfacet
  facet normal 0 -0.83581460629951332 -0.54901178848581178
    outer loop
      vertex 310 1379.8323974609375 229.30116271972656
      vertex 318 1379.8323974609375 229.30116271972656
      vertex 320.55999755859375 1378.4072265625 231.47084045410156
    endloop
  endfacet
  facet normal -0 -0.83581460629951332 -0.54901178848581178
    outer loop
      vertex 310 1379.8323974609375 229.30116271972656
      vertex 320.55999755859375 1378.4072265625 231.47084045410156
      vertex 313.20001220703125 1378.4072265625 231.47084045410156
    endloop
  endfacet
  facet normal -1.6800133515380567e-05 -0.83581719557139755 -0.54900784630542354
    outer loop
      vertex 310 1366.4715576171875 249.64189147949219
      vertex 310 1370.9251708984375 242.86164855957031
      vertex 313.20001220703125 1369.0418701171875 245.72871398925781
    endloop
  endfacet
  facet normal -1.0173291076106231e-05 -0.83581968232875181 -0.5490040605754829
    outer loop
      vertex 310 1366.4715576171875 249.64189147949219
      vertex 313.20001220703125 1369.0418701171875 245.72871398925781
      vertex 313.20001220703125 1364.3592529296875 252.857666015625
    endloop
  endfacet
  facet normal -7.7797829523353891e-06 -0.83581257583813484 -0.5490148795891574
    outer loop
      vertex 313.20001220703125 1373.724609375 238.59977722167969
      vertex 313.20001220703125 1369.0418701171875 245.72871398925781
      vertex 310 1370.9251708984375 242.86164855957031
    endloop
  endfacet
  facet normal 5.6287938373964349e-06 -0.83581719567610913 -0.54900784637420352
    outer loop
      vertex 313.20001220703125 1373.724609375 238.59977722167969
      vertex 310 1370.9251708984375 242.86164855957031
      vertex 310 1375.3787841796875 236.08140563964844
    endloop
  endfacet
  facet normal 0 -0.83581460629951332 -0.54901178848581178
    outer loop
      vertex 326 1379.8323974609375 229.30116271972656
      vertex 334 1379.8323974609375 229.30116271972656
      vertex 335.27999877929688 1378.4072265625 231.47084045410156
    endloop
  endfacet
  facet normal 0 -0.83581460629951332 -0.54901178848581178
    outer loop
      vertex 326 1379.8323974609375 229.30116271972656
      vertex 335.27999877929688 1378.4072265625 231.47084045410156
      vertex 327.92001342773438 1378.4072265625 231.47084045410156
    endloop
  endfacet
  facet normal 0 -0.83581460629951332 -0.54901178848581178
    outer loop
      vertex 342 1379.8323974609375 229.30116271972656
      vertex 350 1379.8323974609375 229.30116271972656
      vertex 350 1378.4072265625 231.47084045410156
    endloop
  endfacet
  facet normal 0 -0.83581460629951332 -0.54901178848581178
    outer loop
      vertex 342 1379.8323974609375 229.30116271972656
      vertex 350 1378.4072265625 231.47084045410156
      vertex 342.6400146484375 1378.4072265625 231.47084045410156
    endloop
  endfacet
  facet normal 0 -0.83581460629951332 -0.54901178848581178
    outer loop
      vertex 334 1379.8323974609375 229.30116271972656
      vertex 342 1379.8323974609375 229.30116271972656
      vertex 342.6400146484375 1378.4072265625 231.47084045410156
    endloop
  endfacet
  facet normal -0 -0.83581460629951332 -0.54901178848581178
    outer loop
      vertex 334 1379.8323974609375 229.30116271972656
      vertex 342.6400146484375 1378.4072265625 231.47084045410156
      vertex 335.27999877929688 1378.4072265625 231.47084045410156
    endloop
  endfacet
  facet normal -0 -0.83581460629951332 -0.54901178848581178
    outer loop
      vertex 327.92001342773438 1378.4072265625 231.47084045410156
      vertex 320.55999755859375 1378.4072265625 231.47084045410156
      vertex 318 1379.8323974609375 229.30116271972656
    endloop
  endfacet
  facet normal 0 -0.83581460629951332 -0.54901178848581178
    outer loop
      vertex 327.92001342773438 1378.4072265625 231.47084045410156
      vertex 318 1379.8323974609375 229.30116271972656
      vertex 326 1379.8323974609375 229.30116271972656
    endloop
  endfacet
  facet normal -0 -0.83581460629951332 -0.54901178848581178
    outer loop
      vertex 357.3599853515625 1378.4072265625 231.47084045410156
      vertex 350 1378.4072265625 231.47084045410156
      vertex 350 1379.8323974609375 229.30116271972656
    endloop
  endfacet
  facet normal 0 -0.83581460629951332 -0.54901178848581178
    outer loop
      vertex 357.3599853515625 1378.4072265625 231.47084045410156
      vertex 350 1379.8323974609375 229.30116271972656
      vertex 358 1379.8323974609375 229.30116271972656
    endloop
  endfacet
  facet normal 7.345286790170293e-06 -0.83581719566680246 -0.54900784636809041
    outer loop
      vertex 313.20001220703125 1359.676513671875 259.98660278320312
      vertex 310 1357.564208984375 263.20236206054688
      vertex 310 1362.017822265625 256.422119140625
    endloop
  endfacet
  facet normal 1.8559695885820623e-05 -0.83581257571947565 -0.54901487951121453
    outer loop
      vertex 313.20001220703125 1364.3592529296875 252.857666015625
      vertex 313.20001220703125 1359.676513671875 259.98660278320312
      vertex 310 1362.017822265625 256.422119140625
    endloop
  endfacet
  facet normal 1.163615431846204e-05 -0.83580972362118267 -0.54901922167159323
    outer loop
      vertex 313.20001220703125 1364.3592529296875 252.857666015625
      vertex 310 1362.017822265625 256.422119140625
      vertex 310 1366.4715576171875 249.64189147949219
    endloop
  endfacet
  facet normal 2.0602664984871988e-05 -0.83581914298322235 -0.54900488139753523
    outer loop
      vertex 313.20001220703125 1359.676513671875 259.98660278320312
      vertex 313.20001220703125 1354.993896484375 267.11553955078125
      vertex 310 1353.110595703125 269.98260498046875
    endloop
  endfacet
  facet normal 7.3452867901509611e-06 -0.83581719566680246 -0.54900784636809041
    outer loop
      vertex 313.20001220703125 1359.676513671875 259.98660278320312
      vertex 310 1353.110595703125 269.98260498046875
      vertex 310 1357.564208984375 263.20236206054688
    endloop
  endfacet
  facet normal 1.6800133515380567e-05 -0.83581719557139755 -0.54900784630542354
    outer loop
      vertex 310 1348.656982421875 276.76284790039062
      vertex 310 1353.110595703125 269.98260498046875
      vertex 313.20001220703125 1354.993896484375 267.11553955078125
    endloop
  endfacet
  facet normal -1.3551972439856744e-05 -0.83581257578667778 -0.5490148795553571
    outer loop
      vertex 310 1348.656982421875 276.76284790039062
      vertex 313.20001220703125 1354.993896484375 267.11553955078125
      vertex 313.20001220703125 1350.3111572265625 274.24447631835938
    endloop
  endfacet
  facet normal -5.6287938373964349e-06 -0.83581719567610913 -0.54900784637420352
    outer loop
      vertex 310 1344.203369140625 283.5430908203125
      vertex 310 1348.656982421875 276.76284790039062
      vertex 313.20001220703125 1350.3111572265625 274.24447631835938
    endloop
  endfacet
  facet normal 6.703632316570206e-06 -0.83581914314183203 -0.54900488150171745
    outer loop
      vertex 310 1344.203369140625 283.5430908203125
      vertex 313.20001220703125 1350.3111572265625 274.24447631835938
      vertex 313.20001220703125 1345.6285400390625 281.3734130859375
    endloop
  endfacet
  facet normal 0 -0.83581460629951332 -0.54901178848581178
    outer loop
      vertex 313.20001220703125 1345.6285400390625 281.3734130859375
      vertex 320.55999755859375 1345.6285400390625 281.3734130859375
      vertex 318 1344.203369140625 283.5430908203125
    endloop
  endfacet
  facet normal -0 -0.83581460629951332 -0.54901178848581178
    outer loop
      vertex 313.20001220703125 1345.6285400390625 281.3734130859375
      vertex 318 1344.203369140625 283.5430908203125
      vertex 310 1344.203369140625 283.5430908203125
    endloop
  endfacet
  facet normal 0 -0.83581460629951332 -0.54901178848581178
    outer loop
      vertex 327.92001342773438 1345.6285400390625 281.3734130859375
      vertex 335.27999877929688 1345.6285400390625 281.3734130859375
      vertex 334 1344.203369140625 283.5430908203125
    endloop
  endfacet
  facet normal -0 -0.83581460629951332 -0.54901178848581178
    outer loop
      vertex 327.92001342773438 1345.6285400390625 281.3734130859375
      vertex 334 1344.203369140625 283.5430908203125
      vertex 326 1344.203369140625 283.5430908203125
    endloop
  endfacet
  facet normal 0 -0.83581460629951332 -0.54901178848581178
    outer loop
      vertex 320.55999755859375 1345.6285400390625 281.3734130859375
      vertex 327.92001342773438 1345.6285400390625 281.3734130859375
      vertex 326 1344.203369140625 283.5430908203125
    endloop
  endfacet
  facet normal -0 -0.83581460629951332 -0.54901178848581178
    outer loop
      vertex 320.55999755859375 1345.6285400390625 281.3734130859375
      vertex 326 1344.203369140625 283.5430908203125
      vertex 318 1344.203369140625 283.5430908203125
    endloop
  endfacet
  facet normal -0 -0.83581460629951332 -0.54901178848581178
    outer loop
      vertex 342 1344.203369140625 283.5430908203125
      vertex 334 1344.203369140625 283.5430908203125
      vertex 335.27999877929688 1345.6285400390625 281.3734130859375
    endloop
  endfacet
  facet normal 0 -0.83581460629951332 -0.54901178848581178
    outer loop
      vertex 342 1344.203369140625 283.5430908203125
      vertex 335.27999877929688 1345.6285400390625 281.3734130859375
      vertex 342.6400146484375 1345.6285400390625 281.3734130859375
    endloop
  endfacet
  facet normal -0 -0.83581460629951332 -0.54901178848581178
    outer loop
      vertex 350 1344.203369140625 283.5430908203125
      vertex 342 1344.203369140625 283.5430908203125
      vertex 342.6400146484375 1345.6285400390625 281.3734130859375
    endloop
  endfacet
  facet normal 0 -0.83581460629951332 -0.54901178848581178
    outer loop
      vertex 350 1344.203369140625 283.5430908203125
      vertex 342.6400146484375 1345.6285400390625 281.3734130859375
      vertex 350 1345.6285400390625 281.3734130859375
    endloop
  endfacet
  facet normal 0 -0.83581460629951332 -0.54901178848581178
    outer loop
      vertex 358 1379.8323974609375 229.30116271972656
      vertex 366 1379.8323974609375 229.30116271972656
      vertex 364.72000122070312 1378.4072265625 231.47084045410156
    endloop
  endfacet
  facet normal -0 -0.83581460629951332 -0.54901178848581178
    outer loop
      vertex 358 1379.8323974609375 229.30116271972656
      vertex 364.72000122070312 1378.4072265625 231.47084045410156
      vertex 357.3599853515625 1378.4072265625 231.47084045410156
    endloop
  endfacet
  facet normal 0 -0.83581460629951332 -0.54901178848581178
    outer loop
      vertex 374 1379.8323974609375 229.30116271972656
      vertex 382 1379.8323974609375 229.30116271972656
      vertex 379.44000244140625 1378.4072265625 231.47084045410156
    endloop
  endfacet
  facet normal -0 -0.83581460629951332 -0.54901178848581178
    outer loop
      vertex 374 1379.8323974609375 229.30116271972656
      vertex 379.44000244140625 1378.4072265625 231.47084045410156
      vertex 372.07998657226562 1378.4072265625 231.47084045410156
    endloop
  endfacet
  facet normal 0 -0.83581460629951332 -0.54901178848581178
    outer loop
      vertex 366 1379.8323974609375 229.30116271972656
      vertex 374 1379.8323974609375 229.30116271972656
      vertex 372.07998657226562 1378.4072265625 231.47084045410156
    endloop
  endfacet
  facet normal -0 -0.83581460629951332 -0.54901178848581178
    outer loop
      vertex 366 1379.8323974609375 229.30116271972656
      vertex 372.07998657226562 1378.4072265625 231.47084045410156
      vertex 364.72000122070312 1378.4072265625 231.47084045410156
    endloop
  endfacet
  facet normal -0 -0.83581460629951332 -0.54901178848581178
    outer loop
      vertex 386.79998779296875 1378.4072265625 231.47084045410156
      vertex 379.44000244140625 1378.4072265625 231.47084045410156
      vertex 382 1379.8323974609375 229.30116271972656
    endloop
  endfacet
  facet normal 0 -0.83581460629951332 -0.54901178848581178
    outer loop
      vertex 386.79998779296875 1378.4072265625 231.47084045410156
      vertex 382 1379.8323974609375 229.30116271972656
      vertex 390 1379.8323974609375 229.30116271972656
    endloop
  endfacet
  facet normal 6.703632316570206e-06 -0.83581914314183203 -0.54900488150171745
    outer loop
      vertex 386.79998779296875 1373.724609375 238.59977722167969
      vertex 386.79998779296875 1378.4072265625 231.47084045410156
      vertex 390 1379.8323974609375 229.30116271972656
    endloop
  endfacet
  facet normal -5.6287938373964349e-06 -0.83581719567610913 -0.54900784637420352
    outer loop
      vertex 386.79998779296875 1373.724609375 238.59977722167969
      vertex 390 1379.8323974609375 229.30116271972656
      vertex 390 1375.3787841796875 236.08140563964844
    endloop
  endfacet
  facet normal 1.6800133515380567e-05 -0.83581719557139755 -0.54900784630542354
    outer loop
      vertex 390 1375.3787841796875 236.08140563964844
      vertex 390 1370.9251708984375 242.86164855957031
      vertex 386.79998779296875 1369.0418701171875 245.72871398925781
    endloop
  endfacet
  facet normal -1.3551972439856744e-05 -0.83581257578667778 -0.5490148795553571
    outer loop
      vertex 390 1375.3787841796875 236.08140563964844
      vertex 386.79998779296875 1369.0418701171875 245.72871398925781
      vertex 386.79998779296875 1373.724609375 238.59977722167969
    endloop
  endfacet
  facet normal 2.165550483554545e-05 -0.83581968217602043 -0.54900406047516204
    outer loop
      vertex 386.79998779296875 1364.3592529296875 252.857666015625
      vertex 386.79998779296875 1369.0418701171875 245.72871398925781
      vertex 390 1370.9251708984375 242.86164855957031
    endloop
  endfacet
  facet normal 4.7274233637166237e-06 -0.83581719568001045 -0.54900784637676603
    outer loop
      vertex 386.79998779296875 1364.3592529296875 252.857666015625
      vertex 390 1370.9251708984375 242.86164855957031
      vertex 390 1366.4715576171875 249.64189147949219
    endloop
  endfacet
  facet normal -1.163615431846204e-05 -0.83580972362118267 -0.54901922167159323
    outer loop
      vertex 386.79998779296875 1364.3592529296875 252.857666015625
      vertex 390 1366.4715576171875 249.64189147949219
      vertex 390 1362.017822265625 256.422119140625
    endloop
  endfacet
  facet normal -1.8559695885820623e-05 -0.83581257571947565 -0.54901487951121453
    outer loop
      vertex 386.79998779296875 1359.676513671875 259.98660278320312
      vertex 386.79998779296875 1364.3592529296875 252.857666015625
      vertex 390 1362.017822265625 256.422119140625
    endloop
  endfacet
  facet normal -7.345286790170293e-06 -0.83581719566680246 -0.54900784636809041
    outer loop
      vertex 386.79998779296875 1359.676513671875 259.98660278320312
      vertex 390 1362.017822265625 256.422119140625
      vertex 390 1357.564208984375 263.20236206054688
    endloop
  endfacet
  facet normal 0 -0.83581460629951332 -0.54901178848581178
    outer loop
      vertex 350 1345.6285400390625 281.3734130859375
      vertex 357.3599853515625 1345.6285400390625 281.3734130859375
      vertex 358 1344.203369140625 283.5430908203125
    endloop
  endfacet
  facet normal 0 -0.83581460629951332 -0.54901178848581178
    outer loop
      vertex 350 1345.6285400390625 281.3734130859375
      vertex 358 1344.203369140625 283.5430908203125
      vertex 350 1344.203369140625 283.5430908203125
    endloop
  endfacet
  facet normal 0 -0.83581460629951332 -0.54901178848581178
    outer loop
      vertex 364.72000122070312 1345.6285400390625 281.3734130859375
      vertex 372.07998657226562 1345.6285400390625 281.3734130859375
      vertex 374 1344.203369140625 283.5430908203125
    endloop
  endfacet
  facet normal 0 -0.83581460629951332 -0.54901178848581178
    outer loop
      vertex 364.72000122070312 1345.6285400390625 281.3734130859375
      vertex 374 1344.203369140625 283.5430908203125
      vertex 366 1344.203369140625 283.5430908203125
    endloop
  endfacet
  facet normal 0 -0.83581460629951332 -0.54901178848581178
    outer loop
      vertex 357.3599853515625 1345.6285400390625 281.3734130859375
      vertex 364.72000122070312 1345.6285400390625 281.3734130859375
      vertex 366 1344.203369140625 283.5430908203125
    endloop
  endfacet
  facet normal -0 -0.83581460629951332 -0.54901178848581178
    outer loop
      vertex 357.3599853515625 1345.6285400390625 281.3734130859375
      vertex 366 1344.203369140625 283.5430908203125
      vertex 358 1344.203369140625 283.5430908203125
    endloop
  endfacet
  facet normal 0 -0.83581460629951332 -0.54901178848581178
    outer loop
      vertex 382 1344.203369140625 283.5430908203125
      vertex 374 1344.203369140625 283.5430908203125
      vertex 372.07998657226562 1345.6285400390625 281.3734130859375
    endloop
  endfacet
  facet normal 0 -0.83581460629951332 -0.54901178848581178
    outer loop
      vertex 382 1344.203369140625 283.5430908203125
      vertex 372.07998657226562 1345.6285400390625 281.3734130859375
      vertex 379.44000244140625 1345.6285400390625 281.3734130859375
    endloop
  endfacet
  facet normal -1.1610257138345319e-05 -0.83581914310427896 -0.54900488147705084
    outer loop
      vertex 386.79998779296875 1354.993896484375 267.11553955078125
      vertex 386.79998779296875 1359.676513671875 259.98660278320312
      vertex 390 1357.564208984375 263.20236206054688
    endloop
  endfacet
  facet normal -1.6800133515363301e-05 -0.83581719557139755 -0.54900784630542354
    outer loop
      vertex 386.79998779296875 1354.993896484375 267.11553955078125
      vertex 390 1357.564208984375 263.20236206054688
      vertex 390 1353.110595703125 269.98260498046875
    endloop
  endfacet
  facet normal -7.7797829523353891e-06 -0.83581257583813484 -0.5490148795891574
    outer loop
      vertex 386.79998779296875 1350.3111572265625 274.24447631835938
      vertex 386.79998779296875 1354.993896484375 267.11553955078125
      vertex 390 1353.110595703125 269.98260498046875
    endloop
  endfacet
  facet normal 5.6287938373964349e-06 -0.83581719567610913 -0.54900784637420352
    outer loop
      vertex 386.79998779296875 1350.3111572265625 274.24447631835938
      vertex 390 1353.110595703125 269.98260498046875
      vertex 390 1348.656982421875 276.76284790039062
    endloop
  endfacet
  facet normal 0 -0.83581460629951332 -0.54901178848581178
    outer loop
      vertex 379.44000244140625 1345.6285400390625 281.3734130859375
      vertex 386.79998779296875 1345.6285400390625 281.3734130859375
      vertex 390 1344.203369140625 283.5430908203125
    endloop
  endfacet
  facet normal 0 -0.83581460629951332 -0.54901178848581178
    outer loop
      vertex 379.44000244140625 1345.6285400390625 281.3734130859375
      vertex 390 1344.203369140625 283.5430908203125
      vertex 382 1344.203369140625 283.5430908203125
    endloop
  endfacet
  facet normal -3.8260528898562438e-06 -0.83581719568323243 -0.54900784637888245
    outer loop
      vertex 390 1348.656982421875 276.76284790039062
      vertex 390 1344.203369140625 283.5430908203125
      vertex 386.79998779296875 1345.6285400390625 281.3734130859375
    endloop
  endfacet
  facet normal 2.2887755332588572e-06 -0.83581914315842309 -0.54900488151261528
    outer loop
      vertex 390 1348.656982421875 276.76284790039062
      vertex 386.79998779296875 1345.6285400390625 281.3734130859375
      vertex 386.79998779296875 1350.3111572265625 274.24447631835938
    endloop
  endfacet
endsolid OBJECT
