solid OBJECT
  facet normal -6.3767746225872752e-07 0.54900874819955003 0.83581660332871865
    outer loop
      vertex 200 1332.946044921875 296.9884033203125
      vertex 210 1334.64111328125 295.875
      vertex 210 1341.42138671875 291.42135620117188
    endloop
  endfacet
  facet normal 0 0.54900822258665516 0.83581694857919797
    outer loop
      vertex 200 1332.946044921875 296.9884033203125
      vertex 210 1341.42138671875 291.42135620117188
      vertex 200 1341.42138671875 291.42135620117188
    endloop
  endfacet
  facet normal -0 0.5490087481996615 0.83581660332888852
    outer loop
      vertex 210 1341.42138671875 291.42135620117188
      vertex 210 1334.64111328125 295.875
      vertex 220 1334.64111328125 295.875
    endloop
  endfacet
  facet normal 0 0.5490087481996615 0.83581660332888852
    outer loop
      vertex 210 1341.42138671875 291.42135620117188
      vertex 220 1334.64111328125 295.875
      vertex 220 1341.42138671875 291.42135620117188
    endloop
  endfacet
  facet normal 0 0.54900612012811612 0.83581832957998248
    outer loop
      vertex 210 1334.64111328125 295.875
      vertex 200 1332.946044921875 296.9884033203125
      vertex 200 1324.470703125 302.555419921875
    endloop
  endfacet
  facet normal 1.2565733116229627e-06 0.54900525700348324 0.83581889652062813
    outer loop
      vertex 210 1334.64111328125 295.875
      vertex 200 1324.470703125 302.555419921875
      vertex 210 1326.8922119140625 300.96484375
    endloop
  endfacet
  facet normal -1.4550860608913138e-06 0.54901359848389697 0.83581341738311743
    outer loop
      vertex 200 1315.9954833984375 308.12246704101562
      vertex 210 1319.1434326171875 306.05471801757812
      vertex 210 1326.8922119140625 300.96484375
    endloop
  endfacet
  facet normal -1.6861753743518489e-06 0.54901374663405444 0.83581332006853959
    outer loop
      vertex 200 1315.9954833984375 308.12246704101562
      vertex 210 1326.8922119140625 300.96484375
      vertex 200 1324.470703125 302.555419921875
    endloop
  endfacet
  facet normal 9.6738181603822971e-07 0.54900822258639825 0.83581694857880684
    outer loop
      vertex 210 1319.1434326171875 306.05471801757812
      vertex 200 1315.9954833984375 308.12246704101562
      vertex 200 1307.5201416015625 313.68951416015625
    endloop
  endfacet
  facet normal 5.9015790115217432e-06 0.54900525699435609 0.8358188965067328
    outer loop
      vertex 210 1319.1434326171875 306.05471801757812
      vertex 200 1307.5201416015625 313.68951416015625
      vertex 210 1311.39453125 311.14456176757812
    endloop
  endfacet
  facet normal -0 0.5490087481996615 0.83581660332888852
    outer loop
      vertex 220 1341.42138671875 291.42135620117188
      vertex 220 1334.64111328125 295.875
      vertex 230 1334.64111328125 295.875
    endloop
  endfacet
  facet normal 0 0.5490087481996615 0.83581660332888852
    outer loop
      vertex 220 1341.42138671875 291.42135620117188
      vertex 230 1334.64111328125 295.875
      vertex 230 1341.42138671875 291.42135620117188
    endloop
  endfacet
  facet normal -0 0.5490087481996615 0.83581660332888852
    outer loop
      vertex 240 1341.42138671875 291.42135620117188
      vertex 240 1334.64111328125 295.875
      vertex 250 1334.64111328125 295.875
    endloop
  endfacet
  facet normal 0 0.5490087481996615 0.83581660332888852
    outer loop
      vertex 240 1341.42138671875 291.42135620117188
      vertex 250 1334.64111328125 295.875
      vertex 250 1341.42138671875 291.42135620117188
    endloop
  endfacet
  facet normal -0 0.5490087481996615 0.83581660332888852
    outer loop
      vertex 230 1341.42138671875 291.42135620117188
      vertex 230 1334.64111328125 295.875
      vertex 240 1334.64111328125 295.875
    endloop
  endfacet
  facet normal 0 0.5490087481996615 0.83581660332888852
    outer loop
      vertex 230 1341.42138671875 291.42135620117188
      vertex 240 1334.64111328125 295.875
      vertex 240 1341.42138671875 291.42135620117188
    endloop
  endfacet
  facet normal -1.2675005407532408e-06 0.54900755656647271 0.83581738605469602
    outer loop
      vertex 200 1299.0447998046875 319.25656127929688
      vertex 210 1295.8968505859375 321.32431030273438
      vertex 210 1303.645751953125 316.23443603515625
    endloop
  endfacet
  facet normal -1.7061438143462609e-06 0.54900822258585613 0.8358169485779815
    outer loop
      vertex 200 1299.0447998046875 319.25656127929688
      vertex 210 1303.645751953125 316.23443603515625
      vertex 200 1307.5201416015625 313.68951416015625
    endloop
  endfacet
  facet normal 1.2753500631273801e-06 0.54901359848403164 0.83581341738332249
    outer loop
      vertex 210 1303.645751953125 316.23443603515625
      vertex 210 1311.39453125 311.14456176757812
      vertex 200 1307.5201416015625 313.68951416015625
    endloop
  endfacet
  facet normal 8.3772476031946289e-07 0.54901129891781919 0.83581492787570344
    outer loop
      vertex 200 1290.569580078125 324.82357788085938
      vertex 210 1288.1480712890625 326.41415405273438
      vertex 210 1295.8968505859375 321.32431030273438
    endloop
  endfacet
  facet normal 5.7444019688892166e-07 0.54901164417330539 0.83581470109217015
    outer loop
      vertex 200 1290.569580078125 324.82357788085938
      vertex 210 1295.8968505859375 321.32431030273438
      vertex 200 1299.0447998046875 319.25656127929688
    endloop
  endfacet
  facet normal 3.4853853951604187e-07 0.54900755656688038 0.83581738605531664
    outer loop
      vertex 200 1282.09423828125 330.390625
      vertex 210 1280.399169921875 331.5040283203125
      vertex 210 1288.1480712890625 326.41415405273438
    endloop
  endfacet
  facet normal -2.2861981775595474e-07 0.54900822258664084 0.8358169485791761
    outer loop
      vertex 200 1282.09423828125 330.390625
      vertex 210 1288.1480712890625 326.41415405273438
      vertex 200 1290.569580078125 324.82357788085938
    endloop
  endfacet
  facet normal -0 0.5490087481996615 0.83581660332888852
    outer loop
      vertex 200 1273.618896484375 335.95767211914062
      vertex 210 1273.618896484375 335.95767211914062
      vertex 210 1280.399169921875 331.5040283203125
    endloop
  endfacet
  facet normal 5.1014218054036457e-07 0.54900822258658377 0.83581694857908917
    outer loop
      vertex 200 1273.618896484375 335.95767211914062
      vertex 210 1280.399169921875 331.5040283203125
      vertex 200 1282.09423828125 330.390625
    endloop
  endfacet
  facet normal 0 0.5490087481996615 0.83581660332888852
    outer loop
      vertex 220 1280.399169921875 331.5040283203125
      vertex 210 1280.399169921875 331.5040283203125
      vertex 210 1273.618896484375 335.95767211914062
    endloop
  endfacet
  facet normal -0 0.5490087481996615 0.83581660332888852
    outer loop
      vertex 220 1280.399169921875 331.5040283203125
      vertex 210 1273.618896484375 335.95767211914062
      vertex 220 1273.618896484375 335.95767211914062
    endloop
  endfacet
  facet normal -0 0.5490087481996615 0.83581660332888852
    outer loop
      vertex 230 1280.399169921875 331.5040283203125
      vertex 230 1273.618896484375 335.95767211914062
      vertex 240 1273.618896484375 335.95767211914062
    endloop
  endfacet
  facet normal 0 0.5490087481996615 0.83581660332888852
    outer loop
      vertex 230 1280.399169921875 331.5040283203125
      vertex 240 1273.618896484375 335.95767211914062
      vertex 240 1280.399169921875 331.5040283203125
    endloop
  endfacet
  facet normal -0 0.5490087481996615 0.83581660332888852
    outer loop
      vertex 220 1280.399169921875 331.5040283203125
      vertex 220 1273.618896484375 335.95767211914062
      vertex 230 1273.618896484375 335.95767211914062
    endloop
  endfacet
  facet normal 0 0.5490087481996615 0.83581660332888852
    outer loop
      vertex 220 1280.399169921875 331.5040283203125
      vertex 230 1273.618896484375 335.95767211914062
      vertex 230 1280.399169921875 331.5040283203125
    endloop
  endfacet
  facet normal 0 0.5490087481996615 0.83581660332888852
    outer loop
      vertex 250 1280.399169921875 331.5040283203125
      vertex 240 1280.399169921875 331.5040283203125
      vertex 240 1273.618896484375 335.95767211914062
    endloop
  endfacet
  facet normal -0 0.5490087481996615 0.83581660332888852
    outer loop
      vertex 250 1280.399169921875 331.5040283203125
      vertex 240 1273.618896484375 335.95767211914062
      vertex 250 1273.618896484375 335.95767211914062
    endloop
  endfacet
  facet normal 0 0.5490087481996615 0.83581660332888852
    outer loop
      vertex 270 1341.42138671875 291.42135620117188
      vertex 260 1341.42138671875 291.42135620117188
      vertex 260 1334.64111328125 295.875
    endloop
  endfacet
  facet normal -0 0.5490087481996615 0.83581660332888852
    outer loop
      vertex 270 1341.42138671875 291.42135620117188
      vertex 260 1334.64111328125 295.875
      vertex 270 1334.64111328125 295.875
    endloop
  endfacet
  facet normal -0 0.5490087481996615 0.83581660332888852
    outer loop
      vertex 280 1334.64111328125 295.875
      vertex 290 1334.64111328125 295.875
      vertex 290 1341.42138671875 291.42135620117188
    endloop
  endfacet
  facet normal 0 0.5490087481996615 0.83581660332888852
    outer loop
      vertex 280 1334.64111328125 295.875
      vertex 290 1341.42138671875 291.42135620117188
      vertex 280 1341.42138671875 291.42135620117188
    endloop
  endfacet
  facet normal 0 0.5490087481996615 0.83581660332888852
    outer loop
      vertex 280 1341.42138671875 291.42135620117188
      vertex 270 1341.42138671875 291.42135620117188
      vertex 270 1334.64111328125 295.875
    endloop
  endfacet
  facet normal -0 0.5490087481996615 0.83581660332888852
    outer loop
      vertex 280 1341.42138671875 291.42135620117188
      vertex 270 1334.64111328125 295.875
      vertex 280 1334.64111328125 295.875
    endloop
  endfacet
  facet normal 0 0.5490087481996615 0.83581660332888852
    outer loop
      vertex 260 1334.64111328125 295.875
      vertex 260 1341.42138671875 291.42135620117188
      vertex 250 1341.42138671875 291.42135620117188
    endloop
  endfacet
  facet normal -0 0.5490087481996615 0.83581660332888852
    outer loop
      vertex 260 1334.64111328125 295.875
      vertex 250 1341.42138671875 291.42135620117188
      vertex 250 1334.64111328125 295.875
    endloop
  endfacet
  facet normal -9.5739069497744241e-07 0.54900612012786454 0.83581832957959956
    outer loop
      vertex 290 1326.8922119140625 300.96484375
      vertex 300 1324.470703125 302.555419921875
      vertex 300 1332.946044921875 296.9884033203125
    endloop
  endfacet
  facet normal -2.0942888527065447e-07 0.54900525700390446 0.83581889652126939
    outer loop
      vertex 290 1326.8922119140625 300.96484375
      vertex 300 1332.946044921875 296.9884033203125
      vertex 290 1334.64111328125 295.875
    endloop
  endfacet
  facet normal 0 0.5490087481996615 0.83581660332888852
    outer loop
      vertex 300 1341.42138671875 291.42135620117188
      vertex 290 1341.42138671875 291.42135620117188
      vertex 290 1334.64111328125 295.875
    endloop
  endfacet
  facet normal 5.1014218054036457e-07 0.54900822258658377 0.83581694857908917
    outer loop
      vertex 300 1341.42138671875 291.42135620117188
      vertex 290 1334.64111328125 295.875
      vertex 300 1332.946044921875 296.9884033203125
    endloop
  endfacet
  facet normal -4.2568547169504865e-06 0.54900822258168103 0.83581694857162525
    outer loop
      vertex 290 1311.39453125 311.14456176757812
      vertex 300 1307.5201416015625 313.68951416015625
      vertex 300 1315.9954833984375 308.12246704101562
    endloop
  endfacet
  facet normal -2.3037177379711376e-06 0.54900525700245983 0.83581889651907015
    outer loop
      vertex 290 1311.39453125 311.14456176757812
      vertex 300 1315.9954833984375 308.12246704101562
      vertex 290 1319.1434326171875 306.05471801757812
    endloop
  endfacet
  facet normal 1.6348220586372131e-06 0.54901359848374431 0.83581341738288517
    outer loop
      vertex 300 1324.470703125 302.555419921875
      vertex 290 1326.8922119140625 300.96484375
      vertex 290 1319.1434326171875 306.05471801757812
    endloop
  endfacet
  facet normal 1.5218451904736562e-06 0.54901374663419911 0.83581332006875986
    outer loop
      vertex 300 1324.470703125 302.555419921875
      vertex 290 1319.1434326171875 306.05471801757812
      vertex 300 1315.9954833984375 308.12246704101562
    endloop
  endfacet
  facet normal -0 0.5490087481996615 0.83581660332888852
    outer loop
      vertex 260 1280.399169921875 331.5040283203125
      vertex 260 1273.618896484375 335.95767211914062
      vertex 270 1273.618896484375 335.95767211914062
    endloop
  endfacet
  facet normal 0 0.5490087481996615 0.83581660332888852
    outer loop
      vertex 260 1280.399169921875 331.5040283203125
      vertex 270 1273.618896484375 335.95767211914062
      vertex 270 1280.399169921875 331.5040283203125
    endloop
  endfacet
  facet normal -0 0.5490087481996615 0.83581660332888852
    outer loop
      vertex 280 1273.618896484375 335.95767211914062
      vertex 290 1273.618896484375 335.95767211914062
      vertex 290 1280.399169921875 331.5040283203125
    endloop
  endfacet
  facet normal 0 0.5490087481996615 0.83581660332888852
    outer loop
      vertex 280 1273.618896484375 335.95767211914062
      vertex 290 1280.399169921875 331.5040283203125
      vertex 280 1280.399169921875 331.5040283203125
    endloop
  endfacet
  facet normal -0 0.5490087481996615 0.83581660332888852
    outer loop
      vertex 250 1280.399169921875 331.5040283203125
      vertex 250 1273.618896484375 335.95767211914062
      vertex 260 1273.618896484375 335.95767211914062
    endloop
  endfacet
  facet normal 0 0.5490087481996615 0.83581660332888852
    outer loop
      vertex 250 1280.399169921875 331.5040283203125
      vertex 260 1273.618896484375 335.95767211914062
      vertex 260 1280.399169921875 331.5040283203125
    endloop
  endfacet
  facet normal -0 0.5490087481996615 0.83581660332888852
    outer loop
      vertex 270 1280.399169921875 331.5040283203125
      vertex 270 1273.618896484375 335.95767211914062
      vertex 280 1273.618896484375 335.95767211914062
    endloop
  endfacet
  facet normal 0 0.5490087481996615 0.83581660332888852
    outer loop
      vertex 270 1280.399169921875 331.5040283203125
      vertex 280 1273.618896484375 335.95767211914062
      vertex 280 1280.399169921875 331.5040283203125
    endloop
  endfacet
  facet normal 9.6738181603822971e-07 0.54900822258639825 0.83581694857880684
    outer loop
      vertex 290 1295.8968505859375 321.32431030273438
      vertex 300 1299.0447998046875 319.25656127929688
      vertex 300 1307.5201416015625 313.68951416015625
    endloop
  endfacet
  facet normal 2.0755200808849087e-06 0.54900755656573119 0.83581738605356715
    outer loop
      vertex 290 1295.8968505859375 321.32431030273438
      vertex 300 1307.5201416015625 313.68951416015625
      vertex 290 1303.645751953125 316.23443603515625
    endloop
  endfacet
  facet normal -4.188623801559171e-07 0.54901129891796363 0.83581492787592326
    outer loop
      vertex 300 1299.0447998046875 319.25656127929688
      vertex 290 1295.8968505859375 321.32431030273438
      vertex 290 1288.1480712890625 326.41415405273438
    endloop
  endfacet
  facet normal -9.5740032815605466e-07 0.54901164417314441 0.83581470109192513
    outer loop
      vertex 300 1299.0447998046875 319.25656127929688
      vertex 290 1288.1480712890625 326.41415405273438
      vertex 300 1290.569580078125 324.82357788085938
    endloop
  endfacet
  facet normal -5.1014218054407627e-07 0.54900822258658377 0.83581694857908917
    outer loop
      vertex 290 1280.399169921875 331.5040283203125
      vertex 300 1282.09423828125 330.390625
      vertex 300 1290.569580078125 324.82357788085938
    endloop
  endfacet
  facet normal 4.5948100061910116e-07 0.54900755656685585 0.83581738605527933
    outer loop
      vertex 290 1280.399169921875 331.5040283203125
      vertex 300 1290.569580078125 324.82357788085938
      vertex 290 1288.1480712890625 326.41415405273438
    endloop
  endfacet
  facet normal -0 0.54900822258665516 0.83581694857919797
    outer loop
      vertex 290 1273.618896484375 335.95767211914062
      vertex 300 1273.618896484375 335.95767211914062
      vertex 300 1282.09423828125 330.390625
    endloop
  endfacet
  facet normal -6.3767746229352533e-07 0.54900874819955003 0.83581660332871865
    outer loop
      vertex 290 1273.618896484375 335.95767211914062
      vertex 300 1282.09423828125 330.390625
      vertex 290 1280.399169921875 331.5040283203125
    endloop
  endfacet
  facet normal -1.2753500631273801e-06 0.54901359848403164 0.83581341738332249
    outer loop
      vertex 300 1307.5201416015625 313.68951416015625
      vertex 290 1311.39453125 311.14456176757812
      vertex 290 1303.645751953125 316.23443603515625
    endloop
  endfacet
  facet normal -1 0 -0
    outer loop
      vertex 200 1282.09423828125 330.390625
      vertex 200 1279.3492431640625 326.2115478515625
      vertex 200 1270.8739013671875 331.778564453125
    endloop
  endfacet
  facet normal -1 -0 -0
    outer loop
      vertex 200 1282.09423828125 330.390625
      vertex 200 1270.8739013671875 331.778564453125
      vertex 200 1273.618896484375 335.95767211914062
    endloop
  endfacet
  facet normal -1 0 -0
    outer loop
      vertex 200 1299.0447998046875 319.25656127929688
      vertex 200 1296.2998046875 315.07745361328125
      vertex 200 1287.824462890625 320.64450073242188
    endloop
  endfacet
  facet normal -1 -0 -0
    outer loop
      vertex 200 1299.0447998046875 319.25656127929688
      vertex 200 1287.824462890625 320.64450073242188
      vertex 200 1290.569580078125 324.82357788085938
    endloop
  endfacet
  facet normal -1 0 -0
    outer loop
      vertex 200 1290.569580078125 324.82357788085938
      vertex 200 1287.824462890625 320.64450073242188
      vertex 200 1279.3492431640625 326.2115478515625
    endloop
  endfacet
  facet normal -1 -0 -0
    outer loop
      vertex 200 1290.569580078125 324.82357788085938
      vertex 200 1279.3492431640625 326.2115478515625
      vertex 200 1282.09423828125 330.390625
    endloop
  endfacet
  facet normal -1 0 -0
    outer loop
      vertex 200 1315.9954833984375 308.12246704101562
      vertex 200 1313.2503662109375 303.94338989257812
      vertex 200 1304.775146484375 309.51043701171875
    endloop
  endfacet
  facet normal -1 -0 -0
    outer loop
      vertex 200 1315.9954833984375 308.12246704101562
      vertex 200 1304.775146484375 309.51043701171875
      vertex 200 1307.5201416015625 313.68951416015625
    endloop
  endfacet
  facet normal -1 0 -0
    outer loop
      vertex 200 1332.946044921875 296.9884033203125
      vertex 200 1330.2010498046875 292.809326171875
      vertex 200 1321.7257080078125 298.3763427734375
    endloop
  endfacet
  facet normal -1 -0 -0
    outer loop
      vertex 200 1332.946044921875 296.9884033203125
      vertex 200 1321.7257080078125 298.3763427734375
      vertex 200 1324.470703125 302.555419921875
    endloop
  endfacet
  facet normal -1 0 -0
    outer loop
      vertex 200 1341.42138671875 291.42135620117188
      vertex 200 1338.67626953125 287.24227905273438
      vertex 200 1330.2010498046875 292.809326171875
    endloop
  endfacet
  facet normal -1 -0 -0
    outer loop
      vertex 200 1341.42138671875 291.42135620117188
      vertex 200 1330.2010498046875 292.809326171875
      vertex 200 1332.946044921875 296.9884033203125
    endloop
  endfacet
  facet normal -1 0 -0
    outer loop
      vertex 200 1324.470703125 302.555419921875
      vertex 200 1321.7257080078125 298.3763427734375
      vertex 200 1313.2503662109375 303.94338989257812
    endloop
  endfacet
  facet normal -1 -0 -0
    outer loop
      vertex 200 1324.470703125 302.555419921875
      vertex 200 1313.2503662109375 303.94338989257812
      vertex 200 1315.9954833984375 308.12246704101562
    endloop
  endfacet
  facet normal -1 0 -0
    outer loop
      vertex 200 1307.5201416015625 313.68951416015625
      vertex 200 1304.775146484375 309.51043701171875
      vertex 200 1296.2998046875 315.07745361328125
    endloop
  endfacet
  facet normal -1 -0 -0
    outer loop
      vertex 200 1307.5201416015625 313.68951416015625
      vertex 200 1296.2998046875 315.07745361328125
      vertex 200 1299.0447998046875 319.25656127929688
    endloop
  endfacet
  facet normal 0 0.83582071199119889 -0.54900249307860638
    outer loop
      vertex 220 1280.399169921875 331.5040283203125
      vertex 220 1277.6541748046875 327.324951171875
      vertex 210 1277.6541748046875 327.324951171875
    endloop
  endfacet
  facet normal 0 0.83582071199119889 -0.54900249307860638
    outer loop
      vertex 220 1280.399169921875 331.5040283203125
      vertex 210 1277.6541748046875 327.324951171875
      vertex 210 1280.399169921875 331.5040283203125
    endloop
  endfacet
  facet normal 0 0.83582071199119889 -0.54900249307860638
    outer loop
      vertex 240 1280.399169921875 331.5040283203125
      vertex 240 1277.6541748046875 327.324951171875
      vertex 230 1277.6541748046875 327.324951171875
    endloop
  endfacet
  facet normal 0 0.83582071199119889 -0.54900249307860638
    outer loop
      vertex 240 1280.399169921875 331.5040283203125
      vertex 230 1277.6541748046875 327.324951171875
      vertex 230 1280.399169921875 331.5040283203125
    endloop
  endfacet
  facet normal 0 0.83582071199119889 -0.54900249307860638
    outer loop
      vertex 230 1280.399169921875 331.5040283203125
      vertex 230 1277.6541748046875 327.324951171875
      vertex 220 1277.6541748046875 327.324951171875
    endloop
  endfacet
  facet normal 0 0.83582071199119889 -0.54900249307860638
    outer loop
      vertex 230 1280.399169921875 331.5040283203125
      vertex 220 1277.6541748046875 327.324951171875
      vertex 220 1280.399169921875 331.5040283203125
    endloop
  endfacet
  facet normal 0 0.83582071199119889 -0.54900249307860638
    outer loop
      vertex 260 1280.399169921875 331.5040283203125
      vertex 260 1277.6541748046875 327.324951171875
      vertex 250 1277.6541748046875 327.324951171875
    endloop
  endfacet
  facet normal 0 0.83582071199119889 -0.54900249307860638
    outer loop
      vertex 260 1280.399169921875 331.5040283203125
      vertex 250 1277.6541748046875 327.324951171875
      vertex 250 1280.399169921875 331.5040283203125
    endloop
  endfacet
  facet normal 0 0.83582071199119889 -0.54900249307860638
    outer loop
      vertex 280 1280.399169921875 331.5040283203125
      vertex 280 1277.6541748046875 327.324951171875
      vertex 270 1277.6541748046875 327.324951171875
    endloop
  endfacet
  facet normal 0 0.83582071199119889 -0.54900249307860638
    outer loop
      vertex 280 1280.399169921875 331.5040283203125
      vertex 270 1277.6541748046875 327.324951171875
      vertex 270 1280.399169921875 331.5040283203125
    endloop
  endfacet
  facet normal 0 0.83582071199119889 -0.54900249307860638
    outer loop
      vertex 290 1280.399169921875 331.5040283203125
      vertex 290 1277.6541748046875 327.324951171875
      vertex 280 1277.6541748046875 327.324951171875
    endloop
  endfacet
  facet normal 0 0.83582071199119889 -0.54900249307860638
    outer loop
      vertex 290 1280.399169921875 331.5040283203125
      vertex 280 1277.6541748046875 327.324951171875
      vertex 280 1280.399169921875 331.5040283203125
    endloop
  endfacet
  facet normal 0 0.83582071199119889 -0.54900249307860638
    outer loop
      vertex 270 1280.399169921875 331.5040283203125
      vertex 270 1277.6541748046875 327.324951171875
      vertex 260 1277.6541748046875 327.324951171875
    endloop
  endfacet
  facet normal 0 0.83582071199119889 -0.54900249307860638
    outer loop
      vertex 270 1280.399169921875 331.5040283203125
      vertex 260 1277.6541748046875 327.324951171875
      vertex 260 1280.399169921875 331.5040283203125
    endloop
  endfacet
  facet normal 0 0.83582071199119889 -0.54900249307860638
    outer loop
      vertex 250 1280.399169921875 331.5040283203125
      vertex 250 1277.6541748046875 327.324951171875
      vertex 240 1277.6541748046875 327.324951171875
    endloop
  endfacet
  facet normal 0 0.83582071199119889 -0.54900249307860638
    outer loop
      vertex 250 1280.399169921875 331.5040283203125
      vertex 240 1277.6541748046875 327.324951171875
      vertex 240 1280.399169921875 331.5040283203125
    endloop
  endfacet
  facet normal 0 -0.83582255161116881 0.54899969236621182
    outer loop
      vertex 290 1273.618896484375 335.95767211914062
      vertex 290 1270.8739013671875 331.778564453125
      vertex 300 1270.8739013671875 331.778564453125
    endloop
  endfacet
  facet normal 4.6397472064983392e-17 -0.83582255161116881 0.54899969236621182
    outer loop
      vertex 290 1273.618896484375 335.95767211914062
      vertex 300 1270.8739013671875 331.778564453125
      vertex 300 1273.618896484375 335.95767211914062
    endloop
  endfacet
  facet normal 0 -0.83582255161116881 0.54899969236621182
    outer loop
      vertex 270 1273.618896484375 335.95767211914062
      vertex 270 1270.8739013671875 331.778564453125
      vertex 280 1270.8739013671875 331.778564453125
    endloop
  endfacet
  facet normal 4.6397472064983392e-17 -0.83582255161116881 0.54899969236621182
    outer loop
      vertex 270 1273.618896484375 335.95767211914062
      vertex 280 1270.8739013671875 331.778564453125
      vertex 280 1273.618896484375 335.95767211914062
    endloop
  endfacet
  facet normal 0 -0.83582255161116881 0.54899969236621182
    outer loop
      vertex 260 1273.618896484375 335.95767211914062
      vertex 260 1270.8739013671875 331.778564453125
      vertex 270 1270.8739013671875 331.778564453125
    endloop
  endfacet
  facet normal 4.6397472064983392e-17 -0.83582255161116881 0.54899969236621182
    outer loop
      vertex 260 1273.618896484375 335.95767211914062
      vertex 270 1270.8739013671875 331.778564453125
      vertex 270 1273.618896484375 335.95767211914062
    endloop
  endfacet
  facet normal 0 -0.83582255161116881 0.54899969236621182
    outer loop
      vertex 280 1273.618896484375 335.95767211914062
      vertex 280 1270.8739013671875 331.778564453125
      vertex 290 1270.8739013671875 331.778564453125
    endloop
  endfacet
  facet normal 4.6397472064983392e-17 -0.83582255161116881 0.54899969236621182
    outer loop
      vertex 280 1273.618896484375 335.95767211914062
      vertex 290 1270.8739013671875 331.778564453125
      vertex 290 1273.618896484375 335.95767211914062
    endloop
  endfacet
  facet normal 0 -0.83582255161116881 0.54899969236621182
    outer loop
      vertex 240 1273.618896484375 335.95767211914062
      vertex 240 1270.8739013671875 331.778564453125
      vertex 250 1270.8739013671875 331.778564453125
    endloop
  endfacet
  facet normal 4.6397472064983392e-17 -0.83582255161116881 0.54899969236621182
    outer loop
      vertex 240 1273.618896484375 335.95767211914062
      vertex 250 1270.8739013671875 331.778564453125
      vertex 250 1273.618896484375 335.95767211914062
    endloop
  endfacet
  facet normal 0 -0.83582255161116881 0.54899969236621182
    outer loop
      vertex 230 1273.618896484375 335.95767211914062
      vertex 230 1270.8739013671875 331.778564453125
      vertex 240 1270.8739013671875 331.778564453125
    endloop
  endfacet
  facet normal 4.6397472064983392e-17 -0.83582255161116881 0.54899969236621182
    outer loop
      vertex 230 1273.618896484375 335.95767211914062
      vertex 240 1270.8739013671875 331.778564453125
      vertex 240 1273.618896484375 335.95767211914062
    endloop
  endfacet
  facet normal 0 -0.83582255161116881 0.54899969236621182
    outer loop
      vertex 210 1273.618896484375 335.95767211914062
      vertex 210 1270.8739013671875 331.778564453125
      vertex 220 1270.8739013671875 331.778564453125
    endloop
  endfacet
  facet normal 4.6397472064983392e-17 -0.83582255161116881 0.54899969236621182
    outer loop
      vertex 210 1273.618896484375 335.95767211914062
      vertex 220 1270.8739013671875 331.778564453125
      vertex 220 1273.618896484375 335.95767211914062
    endloop
  endfacet
  facet normal 0 -0.83582255161116881 0.54899969236621182
    outer loop
      vertex 200 1273.618896484375 335.95767211914062
      vertex 200 1270.8739013671875 331.778564453125
      vertex 210 1270.8739013671875 331.778564453125
    endloop
  endfacet
  facet normal 4.6397472064983392e-17 -0.83582255161116881 0.54899969236621182
    outer loop
      vertex 200 1273.618896484375 335.95767211914062
      vertex 210 1270.8739013671875 331.778564453125
      vertex 210 1273.618896484375 335.95767211914062
    endloop
  endfacet
  facet normal 0 -0.83582255161116881 0.54899969236621182
    outer loop
      vertex 220 1273.618896484375 335.95767211914062
      vertex 220 1270.8739013671875 331.778564453125
      vertex 230 1270.8739013671875 331.778564453125
    endloop
  endfacet
  facet normal 4.6397472064983392e-17 -0.83582255161116881 0.54899969236621182
    outer loop
      vertex 220 1273.618896484375 335.95767211914062
      vertex 230 1270.8739013671875 331.778564453125
      vertex 230 1273.618896484375 335.95767211914062
    endloop
  endfacet
  facet normal 0 -0.83582255161116881 0.54899969236621182
    outer loop
      vertex 250 1273.618896484375 335.95767211914062
      vertex 250 1270.8739013671875 331.778564453125
      vertex 260 1270.8739013671875 331.778564453125
    endloop
  endfacet
  facet normal 4.6397472064983392e-17 -0.83582255161116881 0.54899969236621182
    outer loop
      vertex 250 1273.618896484375 335.95767211914062
      vertex 260 1270.8739013671875 331.778564453125
      vertex 260 1273.618896484375 335.95767211914062
    endloop
  endfacet
  facet normal 1 0 0
    outer loop
      vertex 300 1332.946044921875 296.9884033203125
      vertex 300 1330.2010498046875 292.809326171875
      vertex 300 1338.67626953125 287.24227905273438
    endloop
  endfacet
  facet normal 1 0 0
    outer loop
      vertex 300 1332.946044921875 296.9884033203125
      vertex 300 1338.67626953125 287.24227905273438
      vertex 300 1341.42138671875 291.42135620117188
    endloop
  endfacet
  facet normal 1 0 0
    outer loop
      vertex 300 1315.9954833984375 308.12246704101562
      vertex 300 1313.2503662109375 303.94338989257812
      vertex 300 1321.7257080078125 298.3763427734375
    endloop
  endfacet
  facet normal 1 0 0
    outer loop
      vertex 300 1315.9954833984375 308.12246704101562
      vertex 300 1321.7257080078125 298.3763427734375
      vertex 300 1324.470703125 302.555419921875
    endloop
  endfacet
  facet normal 1 0 0
    outer loop
      vertex 300 1324.470703125 302.555419921875
      vertex 300 1321.7257080078125 298.3763427734375
      vertex 300 1330.2010498046875 292.809326171875
    endloop
  endfacet
  facet normal 1 0 0
    outer loop
      vertex 300 1324.470703125 302.555419921875
      vertex 300 1330.2010498046875 292.809326171875
      vertex 300 1332.946044921875 296.9884033203125
    endloop
  endfacet
  facet normal 1 0 0
    outer loop
      vertex 300 1299.0447998046875 319.25656127929688
      vertex 300 1296.2998046875 315.07745361328125
      vertex 300 1304.775146484375 309.51043701171875
    endloop
  endfacet
  facet normal 1 0 0
    outer loop
      vertex 300 1299.0447998046875 319.25656127929688
      vertex 300 1304.775146484375 309.51043701171875
      vertex 300 1307.5201416015625 313.68951416015625
    endloop
  endfacet
  facet normal 1 0 0
    outer loop
      vertex 300 1282.09423828125 330.390625
      vertex 300 1279.3492431640625 326.2115478515625
      vertex 300 1287.824462890625 320.64450073242188
    endloop
  endfacet
  facet normal 1 0 0
    outer loop
      vertex 300 1282.09423828125 330.390625
      vertex 300 1287.824462890625 320.64450073242188
      vertex 300 1290.569580078125 324.82357788085938
    endloop
  endfacet
  facet normal 1 0 0
    outer loop
      vertex 300 1273.618896484375 335.95767211914062
      vertex 300 1270.8739013671875 331.778564453125
      vertex 300 1279.3492431640625 326.2115478515625
    endloop
  endfacet
  facet normal 1 0 0
    outer loop
      vertex 300 1273.618896484375 335.95767211914062
      vertex 300 1279.3492431640625 326.2115478515625
      vertex 300 1282.09423828125 330.390625
    endloop
  endfacet
  facet normal 1 0 0
    outer loop
      vertex 300 1290.569580078125 324.82357788085938
      vertex 300 1287.824462890625 320.64450073242188
      vertex 300 1296.2998046875 315.07745361328125
    endloop
  endfacet
  facet normal 1 0 0
    outer loop
      vertex 300 1290.569580078125 324.82357788085938
      vertex 300 1296.2998046875 315.07745361328125
      vertex 300 1299.0447998046875 319.25656127929688
    endloop
  endfacet
  facet normal 1 0 0
    outer loop
      vertex 300 1307.5201416015625 313.68951416015625
      vertex 300 1304.775146484375 309.51043701171875
      vertex 300 1313.2503662109375 303.94338989257812
    endloop
  endfacet
  facet normal 1 0 0
    outer loop
      vertex 300 1307.5201416015625 313.68951416015625
      vertex 300 1313.2503662109375 303.94338989257812
      vertex 300 1315.9954833984375 308.12246704101562
    endloop
  endfacet
  facet normal 0 0.83580950907294205 -0.54901954841630851
    outer loop
      vertex 210 1341.42138671875 291.42135620117188
      vertex 210 1338.67626953125 287.24227905273438
      vertex 200 1338.67626953125 287.24227905273438
    endloop
  endfacet
  facet normal 0 0.83580950907294205 -0.54901954841630851
    outer loop
      vertex 210 1341.42138671875 291.42135620117188
      vertex 200 1338.67626953125 287.24227905273438
      vertex 200 1341.42138671875 291.42135620117188
    endloop
  endfacet
  facet normal 0 0.83580950907294205 -0.54901954841630851
    outer loop
      vertex 230 1341.42138671875 291.42135620117188
      vertex 230 1338.67626953125 287.24227905273438
      vertex 220 1338.67626953125 287.24227905273438
    endloop
  endfacet
  facet normal 0 0.83580950907294205 -0.54901954841630851
    outer loop
      vertex 230 1341.42138671875 291.42135620117188
      vertex 220 1338.67626953125 287.24227905273438
      vertex 220 1341.42138671875 291.42135620117188
    endloop
  endfacet
  facet normal 0 0.83580950907294205 -0.54901954841630851
    outer loop
      vertex 240 1341.42138671875 291.42135620117188
      vertex 240 1338.67626953125 287.24227905273438
      vertex 230 1338.67626953125 287.24227905273438
    endloop
  endfacet
  facet normal 0 0.83580950907294205 -0.54901954841630851
    outer loop
      vertex 240 1341.42138671875 291.42135620117188
      vertex 230 1338.67626953125 287.24227905273438
      vertex 230 1341.42138671875 291.42135620117188
    endloop
  endfacet
  facet normal 0 0.83580950907294205 -0.54901954841630851
    outer loop
      vertex 220 1341.42138671875 291.42135620117188
      vertex 220 1338.67626953125 287.24227905273438
      vertex 210 1338.67626953125 287.24227905273438
    endloop
  endfacet
  facet normal 0 0.83580950907294205 -0.54901954841630851
    outer loop
      vertex 220 1341.42138671875 291.42135620117188
      vertex 210 1338.67626953125 287.24227905273438
      vertex 210 1341.42138671875 291.42135620117188
    endloop
  endfacet
  facet normal 0 0.83580950907294205 -0.54901954841630851
    outer loop
      vertex 260 1341.42138671875 291.42135620117188
      vertex 260 1338.67626953125 287.24227905273438
      vertex 250 1338.67626953125 287.24227905273438
    endloop
  endfacet
  facet normal 0 0.83580950907294205 -0.54901954841630851
    outer loop
      vertex 260 1341.42138671875 291.42135620117188
      vertex 250 1338.67626953125 287.24227905273438
      vertex 250 1341.42138671875 291.42135620117188
    endloop
  endfacet
  facet normal 0 0.83580950907294205 -0.54901954841630851
    outer loop
      vertex 270 1341.42138671875 291.42135620117188
      vertex 270 1338.67626953125 287.24227905273438
      vertex 260 1338.67626953125 287.24227905273438
    endloop
  endfacet
  facet normal 0 0.83580950907294205 -0.54901954841630851
    outer loop
      vertex 270 1341.42138671875 291.42135620117188
      vertex 260 1338.67626953125 287.24227905273438
      vertex 260 1341.42138671875 291.42135620117188
    endloop
  endfacet
  facet normal 0 0.83580950907294205 -0.54901954841630851
    outer loop
      vertex 290 1341.42138671875 291.42135620117188
      vertex 290 1338.67626953125 287.24227905273438
      vertex 280 1338.67626953125 287.24227905273438
    endloop
  endfacet
  facet normal 0 0.83580950907294205 -0.54901954841630851
    outer loop
      vertex 290 1341.42138671875 291.42135620117188
      vertex 280 1338.67626953125 287.24227905273438
      vertex 280 1341.42138671875 291.42135620117188
    endloop
  endfacet
  facet normal 0 0.83580950907294205 -0.54901954841630851
    outer loop
      vertex 300 1341.42138671875 291.42135620117188
      vertex 300 1338.67626953125 287.24227905273438
      vertex 290 1338.67626953125 287.24227905273438
    endloop
  endfacet
  facet normal 0 0.83580950907294205 -0.54901954841630851
    outer loop
      vertex 300 1341.42138671875 291.42135620117188
      vertex 290 1338.67626953125 287.24227905273438
      vertex 290 1341.42138671875 291.42135620117188
    endloop
  endfacet
  facet normal 0 0.83580950907294205 -0.54901954841630851
    outer loop
      vertex 280 1341.42138671875 291.42135620117188
      vertex 280 1338.67626953125 287.24227905273438
      vertex 270 1338.67626953125 287.24227905273438
    endloop
  endfacet
  facet normal 0 0.83580950907294205 -0.54901954841630851
    outer loop
      vertex 280 1341.42138671875 291.42135620117188
      vertex 270 1338.67626953125 287.24227905273438
      vertex 270 1341.42138671875 291.42135620117188
    endloop
  endfacet
  facet normal 0 0.83580950907294205 -0.54901954841630851
    outer loop
      vertex 250 1341.42138671875 291.42135620117188
      vertex 250 1338.67626953125 287.24227905273438
      vertex 240 1338.67626953125 287.24227905273438
    endloop
  endfacet
  facet normal 0 0.83580950907294205 -0.54901954841630851
    outer loop
      vertex 250 1341.42138671875 291.42135620117188
      vertex 240 1338.67626953125 287.24227905273438
      vertex 240 1341.42138671875 291.42135620117188
    endloop
  endfacet
  facet normal 1 0 0
    outer loop
      vertex 210 1326.8922119140625 300.96484375
      vertex 210 1324.147216796875 296.7857666015625
      vertex 210 1331.8961181640625 291.69589233398438
    endloop
  endfacet
  facet normal 1 0 0
    outer loop
      vertex 210 1326.8922119140625 300.96484375
      vertex 210 1331.8961181640625 291.69589233398438
      vertex 210 1334.64111328125 295.875
    endloop
  endfacet
  facet normal 1 0 0
    outer loop
      vertex 210 1311.39453125 311.14456176757812
      vertex 210 1308.6495361328125 306.96548461914062
      vertex 210 1316.3983154296875 301.87564086914062
    endloop
  endfacet
  facet normal 1 0 0
    outer loop
      vertex 210 1311.39453125 311.14456176757812
      vertex 210 1316.3983154296875 301.87564086914062
      vertex 210 1319.1434326171875 306.05471801757812
    endloop
  endfacet
  facet normal 1 0 0
    outer loop
      vertex 210 1319.1434326171875 306.05471801757812
      vertex 210 1316.3983154296875 301.87564086914062
      vertex 210 1324.147216796875 296.7857666015625
    endloop
  endfacet
  facet normal 1 0 0
    outer loop
      vertex 210 1319.1434326171875 306.05471801757812
      vertex 210 1324.147216796875 296.7857666015625
      vertex 210 1326.8922119140625 300.96484375
    endloop
  endfacet
  facet normal 1 0 0
    outer loop
      vertex 210 1295.8968505859375 321.32431030273438
      vertex 210 1293.15185546875 317.14523315429688
      vertex 210 1300.900634765625 312.05535888671875
    endloop
  endfacet
  facet normal 1 0 0
    outer loop
      vertex 210 1295.8968505859375 321.32431030273438
      vertex 210 1300.900634765625 312.05535888671875
      vertex 210 1303.645751953125 316.23443603515625
    endloop
  endfacet
  facet normal 1 0 0
    outer loop
      vertex 210 1280.399169921875 331.5040283203125
      vertex 210 1277.6541748046875 327.324951171875
      vertex 210 1285.4029541015625 322.23507690429688
    endloop
  endfacet
  facet normal 1 0 0
    outer loop
      vertex 210 1280.399169921875 331.5040283203125
      vertex 210 1285.4029541015625 322.23507690429688
      vertex 210 1288.1480712890625 326.41415405273438
    endloop
  endfacet
  facet normal 1 0 0
    outer loop
      vertex 210 1288.1480712890625 326.41415405273438
      vertex 210 1285.4029541015625 322.23507690429688
      vertex 210 1293.15185546875 317.14523315429688
    endloop
  endfacet
  facet normal 1 0 0
    outer loop
      vertex 210 1288.1480712890625 326.41415405273438
      vertex 210 1293.15185546875 317.14523315429688
      vertex 210 1295.8968505859375 321.32431030273438
    endloop
  endfacet
  facet normal 1 0 0
    outer loop
      vertex 210 1303.645751953125 316.23443603515625
      vertex 210 1300.900634765625 312.05535888671875
      vertex 210 1308.6495361328125 306.96548461914062
    endloop
  endfacet
  facet normal 1 0 0
    outer loop
      vertex 210 1303.645751953125 316.23443603515625
      vertex 210 1308.6495361328125 306.96548461914062
      vertex 210 1311.39453125 311.14456176757812
    endloop
  endfacet
  facet normal 0 -0.83582255161116881 0.54899969236621182
    outer loop
      vertex 280 1334.64111328125 295.875
      vertex 280 1331.8961181640625 291.69589233398438
      vertex 290 1331.8961181640625 291.69589233398438
    endloop
  endfacet
  facet normal 4.6397472064983392e-17 -0.83582255161116881 0.54899969236621182
    outer loop
      vertex 280 1334.64111328125 295.875
      vertex 290 1331.8961181640625 291.69589233398438
      vertex 290 1334.64111328125 295.875
    endloop
  endfacet
  facet normal 0 -0.83582255161116881 0.54899969236621182
    outer loop
      vertex 260 1334.64111328125 295.875
      vertex 260 1331.8961181640625 291.69589233398438
      vertex 270 1331.8961181640625 291.69589233398438
    endloop
  endfacet
  facet normal 4.6397472064983392e-17 -0.83582255161116881 0.54899969236621182
    outer loop
      vertex 260 1334.64111328125 295.875
      vertex 270 1331.8961181640625 291.69589233398438
      vertex 270 1334.64111328125 295.875
    endloop
  endfacet
  facet normal 0 -0.83582255161116881 0.54899969236621182
    outer loop
      vertex 270 1334.64111328125 295.875
      vertex 270 1331.8961181640625 291.69589233398438
      vertex 280 1331.8961181640625 291.69589233398438
    endloop
  endfacet
  facet normal 4.6397472064983392e-17 -0.83582255161116881 0.54899969236621182
    outer loop
      vertex 270 1334.64111328125 295.875
      vertex 280 1331.8961181640625 291.69589233398438
      vertex 280 1334.64111328125 295.875
    endloop
  endfacet
  facet normal 0 -0.83582255161116881 0.54899969236621182
    outer loop
      vertex 240 1334.64111328125 295.875
      vertex 240 1331.8961181640625 291.69589233398438
      vertex 250 1331.8961181640625 291.69589233398438
    endloop
  endfacet
  facet normal 4.6397472064983392e-17 -0.83582255161116881 0.54899969236621182
    outer loop
      vertex 240 1334.64111328125 295.875
      vertex 250 1331.8961181640625 291.69589233398438
      vertex 250 1334.64111328125 295.875
    endloop
  endfacet
  facet normal 0 -0.83582255161116881 0.54899969236621182
    outer loop
      vertex 220 1334.64111328125 295.875
      vertex 220 1331.8961181640625 291.69589233398438
      vertex 230 1331.8961181640625 291.69589233398438
    endloop
  endfacet
  facet normal 4.6397472064983392e-17 -0.83582255161116881 0.54899969236621182
    outer loop
      vertex 220 1334.64111328125 295.875
      vertex 230 1331.8961181640625 291.69589233398438
      vertex 230 1334.64111328125 295.875
    endloop
  endfacet
  facet normal 0 -0.83582255161116881 0.54899969236621182
    outer loop
      vertex 210 1334.64111328125 295.875
      vertex 210 1331.8961181640625 291.69589233398438
      vertex 220 1331.8961181640625 291.69589233398438
    endloop
  endfacet
  facet normal 4.6397472064983392e-17 -0.83582255161116881 0.54899969236621182
    outer loop
      vertex 210 1334.64111328125 295.875
      vertex 220 1331.8961181640625 291.69589233398438
      vertex 220 1334.64111328125 295.875
    endloop
  endfacet
  facet normal 0 -0.83582255161116881 0.54899969236621182
    outer loop
      vertex 230 1334.64111328125 295.875
      vertex 230 1331.8961181640625 291.69589233398438
      vertex 240 1331.8961181640625 291.69589233398438
    endloop
  endfacet
  facet normal 4.6397472064983392e-17 -0.83582255161116881 0.54899969236621182
    outer loop
      vertex 230 1334.64111328125 295.875
      vertex 240 1331.8961181640625 291.69589233398438
      vertex 240 1334.64111328125 295.875
    endloop
  endfacet
  facet normal 0 -0.83582255161116881 0.54899969236621182
    outer loop
      vertex 250 1334.64111328125 295.875
      vertex 250 1331.8961181640625 291.69589233398438
      vertex 260 1331.8961181640625 291.69589233398438
    endloop
  endfacet
  facet normal 4.6397472064983392e-17 -0.83582255161116881 0.54899969236621182
    outer loop
      vertex 250 1334.64111328125 295.875
      vertex 260 1331.8961181640625 291.69589233398438
      vertex 260 1334.64111328125 295.875
    endloop
  endfacet
  facet normal -1 0 -0
    outer loop
      vertex 290 1288.1480712890625 326.41415405273438
      vertex 290 1285.4029541015625 322.23507690429688
      vertex 290 1277.6541748046875 327.324951171875
    endloop
  endfacet
  facet normal -1 -0 -0
    outer loop
      vertex 290 1288.1480712890625 326.41415405273438
      vertex 290 1277.6541748046875 327.324951171875
      vertex 290 1280.399169921875 331.5040283203125
    endloop
  endfacet
  facet normal -1 0 -0
    outer loop
      vertex 290 1303.645751953125 316.23443603515625
      vertex 290 1300.900634765625 312.05535888671875
      vertex 290 1293.15185546875 317.14523315429688
    endloop
  endfacet
  facet normal -1 -0 -0
    outer loop
      vertex 290 1303.645751953125 316.23443603515625
      vertex 290 1293.15185546875 317.14523315429688
      vertex 290 1295.8968505859375 321.32431030273438
    endloop
  endfacet
  facet normal -1 0 -0
    outer loop
      vertex 290 1295.8968505859375 321.32431030273438
      vertex 290 1293.15185546875 317.14523315429688
      vertex 290 1285.4029541015625 322.23507690429688
    endloop
  endfacet
  facet normal -1 -0 -0
    outer loop
      vertex 290 1295.8968505859375 321.32431030273438
      vertex 290 1285.4029541015625 322.23507690429688
      vertex 290 1288.1480712890625 326.41415405273438
    endloop
  endfacet
  facet normal -1 0 -0
    outer loop
      vertex 290 1319.1434326171875 306.05471801757812
      vertex 290 1316.3983154296875 301.87564086914062
      vertex 290 1308.6495361328125 306.96548461914062
    endloop
  endfacet
  facet normal -1 -0 -0
    outer loop
      vertex 290 1319.1434326171875 306.05471801757812
      vertex 290 1308.6495361328125 306.96548461914062
      vertex 290 1311.39453125 311.14456176757812
    endloop
  endfacet
  facet normal -1 0 -0
    outer loop
      vertex 290 1334.64111328125 295.875
      vertex 290 1331.8961181640625 291.69589233398438
      vertex 290 1324.147216796875 296.7857666015625
    endloop
  endfacet
  facet normal -1 -0 -0
    outer loop
      vertex 290 1334.64111328125 295.875
      vertex 290 1324.147216796875 296.7857666015625
      vertex 290 1326.8922119140625 300.96484375
    endloop
  endfacet
  facet normal -1 0 -0
    outer loop
      vertex 290 1326.8922119140625 300.96484375
      vertex 290 1324.147216796875 296.7857666015625
      vertex 290 1316.3983154296875 301.87564086914062
    endloop
  endfacet
  facet normal -1 -0 -0
    outer loop
      vertex 290 1326.8922119140625 300.96484375
      vertex 290 1316.3983154296875 301.87564086914062
      vertex 290 1319.1434326171875 306.05471801757812
    endloop
  endfacet
  facet normal -1 0 -0
    outer loop
      vertex 290 1311.39453125 311.14456176757812
      vertex 290 1308.6495361328125 306.96548461914062
      vertex 290 1300.900634765625 312.05535888671875
    endloop
  endfacet
  facet normal -1 -0 -0
    outer loop
      vertex 290 1311.39453125 311.14456176757812
      vertex 290 1300.900634765625 312.05535888671875
      vertex 290 1303.645751953125 316.23443603515625
    endloop
  endfacet
  facet normal 0 -0.54901374663483493 -0.83581332006972786
    outer loop
      vertex 200 1330.2010498046875 292.809326171875
      vertex 200 1338.67626953125 287.24227905273438
      vertex 210 1338.67626953125 287.24227905273438
    endloop
  endfacet
  facet normal -8.7524648667855043e-07 -0.54901302519812811 -0.83581379395295552
    outer loop
      vertex 200 1330.2010498046875 292.809326171875
      vertex 210 1338.67626953125 287.24227905273438
      vertex 210 1331.8961181640625 291.69589233398438
    endloop
  endfacet
  facet normal 0 -0.54901302519833839 -0.83581379395327571
    outer loop
      vertex 210 1338.67626953125 287.24227905273438
      vertex 220 1338.67626953125 287.24227905273438
      vertex 220 1331.8961181640625 291.69589233398438
    endloop
  endfacet
  facet normal -0 -0.54901302519833839 -0.83581379395327571
    outer loop
      vertex 210 1338.67626953125 287.24227905273438
      vertex 220 1331.8961181640625 291.69589233398438
      vertex 210 1331.8961181640625 291.69589233398438
    endloop
  endfacet
  facet normal -4.5948100061910116e-07 -0.54900755656685585 -0.83581738605527933
    outer loop
      vertex 210 1331.8961181640625 291.69589233398438
      vertex 210 1324.147216796875 296.7857666015625
      vertex 200 1321.7257080078125 298.3763427734375
    endloop
  endfacet
  facet normal -2.5507151171181142e-06 -0.54900612012633021 -0.83581832957726365
    outer loop
      vertex 210 1331.8961181640625 291.69589233398438
      vertex 200 1321.7257080078125 298.3763427734375
      vertex 200 1330.2010498046875 292.809326171875
    endloop
  endfacet
  facet normal -2.2861981776132247e-07 -0.54900822258664084 -0.8358169485791761
    outer loop
      vertex 200 1313.2503662109375 303.94338989257812
      vertex 200 1321.7257080078125 298.3763427734375
      vertex 210 1324.147216796875 296.7857666015625
    endloop
  endfacet
  facet normal -1.2675005407537219e-06 -0.5490075565664726 -0.83581738605469591
    outer loop
      vertex 200 1313.2503662109375 303.94338989257812
      vertex 210 1324.147216796875 296.7857666015625
      vertex 210 1316.3983154296875 301.87564086914062
    endloop
  endfacet
  facet normal -2.5507047359413991e-06 -0.5490112989162258 -0.8358149278732776
    outer loop
      vertex 210 1316.3983154296875 301.87564086914062
      vertex 210 1308.6495361328125 306.96548461914062
      vertex 200 1304.775146484375 309.51043701171875
    endloop
  endfacet
  facet normal 1.5218451904736562e-06 -0.54901374663419911 -0.83581332006875986
    outer loop
      vertex 210 1316.3983154296875 301.87564086914062
      vertex 200 1304.775146484375 309.51043701171875
      vertex 200 1313.2503662109375 303.94338989257812
    endloop
  endfacet
  facet normal 0 -0.54901302519833839 -0.83581379395327571
    outer loop
      vertex 220 1338.67626953125 287.24227905273438
      vertex 230 1338.67626953125 287.24227905273438
      vertex 230 1331.8961181640625 291.69589233398438
    endloop
  endfacet
  facet normal -0 -0.54901302519833839 -0.83581379395327571
    outer loop
      vertex 220 1338.67626953125 287.24227905273438
      vertex 230 1331.8961181640625 291.69589233398438
      vertex 220 1331.8961181640625 291.69589233398438
    endloop
  endfacet
  facet normal 0 -0.54901302519833839 -0.83581379395327571
    outer loop
      vertex 240 1338.67626953125 287.24227905273438
      vertex 250 1338.67626953125 287.24227905273438
      vertex 250 1331.8961181640625 291.69589233398438
    endloop
  endfacet
  facet normal -0 -0.54901302519833839 -0.83581379395327571
    outer loop
      vertex 240 1338.67626953125 287.24227905273438
      vertex 250 1331.8961181640625 291.69589233398438
      vertex 240 1331.8961181640625 291.69589233398438
    endloop
  endfacet
  facet normal 0 -0.54901302519833839 -0.83581379395327571
    outer loop
      vertex 230 1338.67626953125 287.24227905273438
      vertex 240 1338.67626953125 287.24227905273438
      vertex 240 1331.8961181640625 291.69589233398438
    endloop
  endfacet
  facet normal -0 -0.54901302519833839 -0.83581379395327571
    outer loop
      vertex 230 1338.67626953125 287.24227905273438
      vertex 240 1331.8961181640625 291.69589233398438
      vertex 230 1331.8961181640625 291.69589233398438
    endloop
  endfacet
  facet normal -3.829562779883443e-06 -0.54900612012409045 -0.83581832957385371
    outer loop
      vertex 200 1296.2998046875 315.07745361328125
      vertex 200 1304.775146484375 309.51043701171875
      vertex 210 1300.900634765625 312.05535888671875
    endloop
  endfacet
  facet normal 1.0956140654004404e-06 -0.54901359848414855 -0.83581341738350057
    outer loop
      vertex 200 1296.2998046875 315.07745361328125
      vertex 210 1300.900634765625 312.05535888671875
      vertex 210 1293.15185546875 317.14523315429688
    endloop
  endfacet
  facet normal -4.6262323185553914e-06 -0.54900755656103883 -0.83581738604642342
    outer loop
      vertex 210 1300.900634765625 312.05535888671875
      vertex 200 1304.775146484375 309.51043701171875
      vertex 210 1308.6495361328125 306.96548461914062
    endloop
  endfacet
  facet normal 3.5180927186766593e-06 -0.54900822258325765 -0.83581694857402555
    outer loop
      vertex 200 1287.824462890625 320.64450073242188
      vertex 200 1296.2998046875 315.07745361328125
      vertex 210 1293.15185546875 317.14523315429688
    endloop
  endfacet
  facet normal 1.2565733116229627e-06 -0.54900525700348324 -0.83581889652062813
    outer loop
      vertex 200 1287.824462890625 320.64450073242188
      vertex 210 1293.15185546875 317.14523315429688
      vertex 210 1285.4029541015625 322.23507690429688
    endloop
  endfacet
  facet normal -1.6861753743518489e-06 -0.54901374663405444 -0.83581332006853959
    outer loop
      vertex 200 1279.3492431640625 326.2115478515625
      vertex 200 1287.824462890625 320.64450073242188
      vertex 210 1285.4029541015625 322.23507690429688
    endloop
  endfacet
  facet normal -1.8145580563816227e-06 -0.54901359848357423 -0.83581341738262616
    outer loop
      vertex 200 1279.3492431640625 326.2115478515625
      vertex 210 1285.4029541015625 322.23507690429688
      vertex 210 1277.6541748046875 327.324951171875
    endloop
  endfacet
  facet normal 0 -0.54900612012811612 -0.83581832957998248
    outer loop
      vertex 200 1270.8739013671875 331.778564453125
      vertex 200 1279.3492431640625 326.2115478515625
      vertex 210 1277.6541748046875 327.324951171875
    endloop
  endfacet
  facet normal 0 -0.54900612012811623 -0.83581832957998259
    outer loop
      vertex 200 1270.8739013671875 331.778564453125
      vertex 210 1277.6541748046875 327.324951171875
      vertex 210 1270.8739013671875 331.778564453125
    endloop
  endfacet
  facet normal -0 -0.54900612012811623 -0.83581832957998259
    outer loop
      vertex 220 1277.6541748046875 327.324951171875
      vertex 220 1270.8739013671875 331.778564453125
      vertex 210 1270.8739013671875 331.778564453125
    endloop
  endfacet
  facet normal 0 -0.54900612012811623 -0.83581832957998259
    outer loop
      vertex 220 1277.6541748046875 327.324951171875
      vertex 210 1270.8739013671875 331.778564453125
      vertex 210 1277.6541748046875 327.324951171875
    endloop
  endfacet
  facet normal 0 -0.54900612012811623 -0.83581832957998259
    outer loop
      vertex 230 1277.6541748046875 327.324951171875
      vertex 240 1277.6541748046875 327.324951171875
      vertex 240 1270.8739013671875 331.778564453125
    endloop
  endfacet
  facet normal 0 -0.54900612012811623 -0.83581832957998259
    outer loop
      vertex 230 1277.6541748046875 327.324951171875
      vertex 240 1270.8739013671875 331.778564453125
      vertex 230 1270.8739013671875 331.778564453125
    endloop
  endfacet
  facet normal 0 -0.54900612012811623 -0.83581832957998259
    outer loop
      vertex 220 1277.6541748046875 327.324951171875
      vertex 230 1277.6541748046875 327.324951171875
      vertex 230 1270.8739013671875 331.778564453125
    endloop
  endfacet
  facet normal 0 -0.54900612012811623 -0.83581832957998259
    outer loop
      vertex 220 1277.6541748046875 327.324951171875
      vertex 230 1270.8739013671875 331.778564453125
      vertex 220 1270.8739013671875 331.778564453125
    endloop
  endfacet
  facet normal -0 -0.54900612012811623 -0.83581832957998259
    outer loop
      vertex 250 1277.6541748046875 327.324951171875
      vertex 250 1270.8739013671875 331.778564453125
      vertex 240 1270.8739013671875 331.778564453125
    endloop
  endfacet
  facet normal 0 -0.54900612012811623 -0.83581832957998259
    outer loop
      vertex 250 1277.6541748046875 327.324951171875
      vertex 240 1270.8739013671875 331.778564453125
      vertex 240 1277.6541748046875 327.324951171875
    endloop
  endfacet
  facet normal -0 -0.54901302519833839 -0.83581379395327571
    outer loop
      vertex 270 1338.67626953125 287.24227905273438
      vertex 270 1331.8961181640625 291.69589233398438
      vertex 260 1331.8961181640625 291.69589233398438
    endloop
  endfacet
  facet normal 0 -0.54901302519833839 -0.83581379395327571
    outer loop
      vertex 270 1338.67626953125 287.24227905273438
      vertex 260 1331.8961181640625 291.69589233398438
      vertex 260 1338.67626953125 287.24227905273438
    endloop
  endfacet
  facet normal 0 -0.54901302519833839 -0.83581379395327571
    outer loop
      vertex 280 1331.8961181640625 291.69589233398438
      vertex 280 1338.67626953125 287.24227905273438
      vertex 290 1338.67626953125 287.24227905273438
    endloop
  endfacet
  facet normal -0 -0.54901302519833839 -0.83581379395327571
    outer loop
      vertex 280 1331.8961181640625 291.69589233398438
      vertex 290 1338.67626953125 287.24227905273438
      vertex 290 1331.8961181640625 291.69589233398438
    endloop
  endfacet
  facet normal -0 -0.54901302519833839 -0.83581379395327571
    outer loop
      vertex 280 1338.67626953125 287.24227905273438
      vertex 280 1331.8961181640625 291.69589233398438
      vertex 270 1331.8961181640625 291.69589233398438
    endloop
  endfacet
  facet normal 0 -0.54901302519833839 -0.83581379395327571
    outer loop
      vertex 280 1338.67626953125 287.24227905273438
      vertex 270 1331.8961181640625 291.69589233398438
      vertex 270 1338.67626953125 287.24227905273438
    endloop
  endfacet
  facet normal -0 -0.54901302519833839 -0.83581379395327571
    outer loop
      vertex 260 1331.8961181640625 291.69589233398438
      vertex 250 1331.8961181640625 291.69589233398438
      vertex 250 1338.67626953125 287.24227905273438
    endloop
  endfacet
  facet normal 0 -0.54901302519833839 -0.83581379395327571
    outer loop
      vertex 260 1331.8961181640625 291.69589233398438
      vertex 250 1338.67626953125 287.24227905273438
      vertex 260 1338.67626953125 287.24227905273438
    endloop
  endfacet
  facet normal 2.2021736981940734e-06 -0.54900755656558253 -0.83581738605334077
    outer loop
      vertex 290 1324.147216796875 296.7857666015625
      vertex 290 1331.8961181640625 291.69589233398438
      vertex 300 1330.2010498046875 292.809326171875
    endloop
  endfacet
  facet normal 9.5739069497744241e-07 -0.54900612012786454 -0.83581832957959956
    outer loop
      vertex 290 1324.147216796875 296.7857666015625
      vertex 300 1330.2010498046875 292.809326171875
      vertex 300 1321.7257080078125 298.3763427734375
    endloop
  endfacet
  facet normal 7.0019427108463845e-07 -0.54901374663470037 -0.83581332006952291
    outer loop
      vertex 300 1338.67626953125 287.24227905273438
      vertex 300 1330.2010498046875 292.809326171875
      vertex 290 1331.8961181640625 291.69589233398438
    endloop
  endfacet
  facet normal 0 -0.54901302519833839 -0.83581379395327571
    outer loop
      vertex 300 1338.67626953125 287.24227905273438
      vertex 290 1331.8961181640625 291.69589233398438
      vertex 290 1338.67626953125 287.24227905273438
    endloop
  endfacet
  facet normal -4.188623801559171e-07 -0.54901129891796363 -0.83581492787592326
    outer loop
      vertex 290 1308.6495361328125 306.96548461914062
      vertex 290 1316.3983154296875 301.87564086914062
      vertex 300 1313.2503662109375 303.94338989257812
    endloop
  endfacet
  facet normal 1.1931848227169144e-06 -0.54901374663444413 -0.83581332006913289
    outer loop
      vertex 290 1308.6495361328125 306.96548461914062
      vertex 300 1313.2503662109375 303.94338989257812
      vertex 300 1304.775146484375 309.51043701171875
    endloop
  endfacet
  facet normal 9.6738181605189977e-07 -0.54900822258639825 -0.83581694857880684
    outer loop
      vertex 300 1321.7257080078125 298.3763427734375
      vertex 300 1313.2503662109375 303.94338989257812
      vertex 290 1316.3983154296875 301.87564086914062
    endloop
  endfacet
  facet normal 4.594810006306487e-07 -0.54900755656685574 -0.83581738605527922
    outer loop
      vertex 300 1321.7257080078125 298.3763427734375
      vertex 290 1316.3983154296875 301.87564086914062
      vertex 290 1324.147216796875 296.7857666015625
    endloop
  endfacet
  facet normal 0 -0.54900612012811623 -0.83581832957998259
    outer loop
      vertex 260 1277.6541748046875 327.324951171875
      vertex 270 1277.6541748046875 327.324951171875
      vertex 270 1270.8739013671875 331.778564453125
    endloop
  endfacet
  facet normal 0 -0.54900612012811623 -0.83581832957998259
    outer loop
      vertex 260 1277.6541748046875 327.324951171875
      vertex 270 1270.8739013671875 331.778564453125
      vertex 260 1270.8739013671875 331.778564453125
    endloop
  endfacet
  facet normal 0 -0.54900612012811623 -0.83581832957998259
    outer loop
      vertex 280 1270.8739013671875 331.778564453125
      vertex 280 1277.6541748046875 327.324951171875
      vertex 290 1277.6541748046875 327.324951171875
    endloop
  endfacet
  facet normal 0 -0.54900612012811623 -0.83581832957998259
    outer loop
      vertex 280 1270.8739013671875 331.778564453125
      vertex 290 1277.6541748046875 327.324951171875
      vertex 290 1270.8739013671875 331.778564453125
    endloop
  endfacet
  facet normal 0 -0.54900612012811623 -0.83581832957998259
    outer loop
      vertex 250 1277.6541748046875 327.324951171875
      vertex 260 1277.6541748046875 327.324951171875
      vertex 260 1270.8739013671875 331.778564453125
    endloop
  endfacet
  facet normal 0 -0.54900612012811623 -0.83581832957998259
    outer loop
      vertex 250 1277.6541748046875 327.324951171875
      vertex 260 1270.8739013671875 331.778564453125
      vertex 250 1270.8739013671875 331.778564453125
    endloop
  endfacet
  facet normal 0 -0.54900612012811623 -0.83581832957998259
    outer loop
      vertex 270 1277.6541748046875 327.324951171875
      vertex 280 1277.6541748046875 327.324951171875
      vertex 280 1270.8739013671875 331.778564453125
    endloop
  endfacet
  facet normal 0 -0.54900612012811623 -0.83581832957998259
    outer loop
      vertex 270 1277.6541748046875 327.324951171875
      vertex 280 1270.8739013671875 331.778564453125
      vertex 270 1270.8739013671875 331.778564453125
    endloop
  endfacet
  facet normal -1.0956140654004404e-06 -0.54901359848414855 -0.83581341738350057
    outer loop
      vertex 290 1293.15185546875 317.14523315429688
      vertex 290 1300.900634765625 312.05535888671875
      vertex 300 1296.2998046875 315.07745361328125
    endloop
  endfacet
  facet normal 3.8295627798478973e-06 -0.54900612012409045 -0.83581832957385371
    outer loop
      vertex 300 1304.775146484375 309.51043701171875
      vertex 300 1296.2998046875 315.07745361328125
      vertex 290 1300.900634765625 312.05535888671875
    endloop
  endfacet
  facet normal -2.2861981776132247e-07 -0.54900822258664084 -0.8358169485791761
    outer loop
      vertex 300 1296.2998046875 315.07745361328125
      vertex 300 1287.824462890625 320.64450073242188
      vertex 290 1285.4029541015625 322.23507690429688
    endloop
  endfacet
  facet normal -4.8544345852140207e-06 -0.54900525699744773 -0.83581889651143959
    outer loop
      vertex 300 1296.2998046875 315.07745361328125
      vertex 290 1285.4029541015625 322.23507690429688
      vertex 290 1293.15185546875 317.14523315429688
    endloop
  endfacet
  facet normal 1.6348220586365473e-06 -0.54901359848374442 -0.83581341738288517
    outer loop
      vertex 290 1277.6541748046875 327.324951171875
      vertex 290 1285.4029541015625 322.23507690429688
      vertex 300 1287.824462890625 320.64450073242188
    endloop
  endfacet
  facet normal 1.850505558229905e-06 -0.54901374663389491 -0.83581332006829678
    outer loop
      vertex 290 1277.6541748046875 327.324951171875
      vertex 300 1287.824462890625 320.64450073242188
      vertex 300 1279.3492431640625 326.2115478515625
    endloop
  endfacet
  facet normal 0 -0.54900612012811612 -0.83581832957998259
    outer loop
      vertex 290 1270.8739013671875 331.778564453125
      vertex 290 1277.6541748046875 327.324951171875
      vertex 300 1279.3492431640625 326.2115478515625
    endloop
  endfacet
  facet normal 0 -0.54900612012811612 -0.83581832957998248
    outer loop
      vertex 290 1270.8739013671875 331.778564453125
      vertex 300 1279.3492431640625 326.2115478515625
      vertex 300 1270.8739013671875 331.778564453125
    endloop
  endfacet
  facet normal 4.6262323185553914e-06 -0.54900755656103883 -0.83581738604642342
    outer loop
      vertex 300 1304.775146484375 309.51043701171875
      vertex 290 1300.900634765625 312.05535888671875
      vertex 290 1308.6495361328125 306.96548461914062
    endloop
  endfacet
  facet normal -1.7431301505631856e-06 0.18736541551795494 0.98229028350317393
    outer loop
      vertex 200 1263.1019287109375 337.96371459960938
      vertex 210 1266.257080078125 337.36190795898438
      vertex 200 1273.618896484375 335.95767211914062
    endloop
  endfacet
  facet normal 0 0.18736770019224108 0.98228984771536276
    outer loop
      vertex 210 1273.618896484375 335.95767211914062
      vertex 200 1273.618896484375 335.95767211914062
      vertex 210 1266.257080078125 337.36190795898438
    endloop
  endfacet
  facet normal -1.7431301505595555e-06 0.18736541551795494 0.98229028350317382
    outer loop
      vertex 210 1266.257080078125 337.36190795898438
      vertex 200 1263.1019287109375 337.96371459960938
      vertex 200 1252.5849609375 339.96975708007812
    endloop
  endfacet
  facet normal 3.442606991538136e-06 0.18736175574016395 0.98229098157018224
    outer loop
      vertex 210 1266.257080078125 337.36190795898438
      vertex 200 1252.5849609375 339.96975708007812
      vertex 210 1256.441162109375 339.23419189453125
    endloop
  endfacet
  facet normal -3.0692512124294434e-07 0.18736695075129162 0.98228999066776046
    outer loop
      vertex 200 1242.0679931640625 341.97579956054688
      vertex 210 1246.6253662109375 341.10650634765625
      vertex 210 1256.441162109375 339.23419189453125
    endloop
  endfacet
  facet normal 1.9799756720662769e-06 0.18736541551787228 0.98229028350274061
    outer loop
      vertex 200 1242.0679931640625 341.97579956054688
      vertex 210 1256.441162109375 339.23419189453125
      vertex 200 1252.5849609375 339.96975708007812
    endloop
  endfacet
  facet normal 7.5498274857419047e-07 0.18736470246374207 0.98229041951456697
    outer loop
      vertex 210 1236.8094482421875 342.97882080078125
      vertex 210 1246.6253662109375 341.10650634765625
      vertex 200 1242.0679931640625 341.97579956054688
    endloop
  endfacet
  facet normal 0 0.18736770019224108 0.98228984771536276
    outer loop
      vertex 220 1266.257080078125 337.36190795898438
      vertex 220 1273.618896484375 335.95767211914062
      vertex 210 1273.618896484375 335.95767211914062
    endloop
  endfacet
  facet normal 0 0.18736770019224108 0.98228984771536276
    outer loop
      vertex 220 1266.257080078125 337.36190795898438
      vertex 210 1273.618896484375 335.95767211914062
      vertex 210 1266.257080078125 337.36190795898438
    endloop
  endfacet
  facet normal -0 0.18736770019224108 0.98228984771536276
    outer loop
      vertex 230 1273.618896484375 335.95767211914062
      vertex 230 1266.257080078125 337.36190795898438
      vertex 240 1266.257080078125 337.36190795898438
    endloop
  endfacet
  facet normal 0 0.18736770019224108 0.98228984771536276
    outer loop
      vertex 230 1273.618896484375 335.95767211914062
      vertex 240 1266.257080078125 337.36190795898438
      vertex 240 1273.618896484375 335.95767211914062
    endloop
  endfacet
  facet normal -0 0.18736770019224108 0.98228984771536276
    outer loop
      vertex 220 1273.618896484375 335.95767211914062
      vertex 220 1266.257080078125 337.36190795898438
      vertex 230 1266.257080078125 337.36190795898438
    endloop
  endfacet
  facet normal 0 0.18736770019224108 0.98228984771536276
    outer loop
      vertex 220 1273.618896484375 335.95767211914062
      vertex 230 1266.257080078125 337.36190795898438
      vertex 230 1273.618896484375 335.95767211914062
    endloop
  endfacet
  facet normal -0 0.18736770019224108 0.98228984771536276
    outer loop
      vertex 240 1273.618896484375 335.95767211914062
      vertex 240 1266.257080078125 337.36190795898438
      vertex 250 1266.257080078125 337.36190795898438
    endloop
  endfacet
  facet normal 0 0.18736770019224108 0.98228984771536276
    outer loop
      vertex 240 1273.618896484375 335.95767211914062
      vertex 250 1266.257080078125 337.36190795898438
      vertex 250 1273.618896484375 335.95767211914062
    endloop
  endfacet
  facet normal 7.3276421618475525e-07 0.18736470246374515 0.98229041951458296
    outer loop
      vertex 200 1221.033935546875 345.9879150390625
      vertex 210 1217.177734375 346.72344970703125
      vertex 210 1226.99365234375 344.85113525390625
    endloop
  endfacet
  facet normal -1.1029697276502632e-07 0.18736606740244849 0.98229015916180729
    outer loop
      vertex 200 1221.033935546875 345.9879150390625
      vertex 210 1226.99365234375 344.85113525390625
      vertex 200 1231.551025390625 343.98184204101562
    endloop
  endfacet
  facet normal 3.0692512124154695e-07 0.18736695075129162 0.98228999066776046
    outer loop
      vertex 200 1231.551025390625 343.98184204101562
      vertex 210 1226.99365234375 344.85113525390625
      vertex 210 1236.8094482421875 342.97882080078125
    endloop
  endfacet
  facet normal 1.1435877411994448e-06 0.18736541551811703 0.9822902835040237
    outer loop
      vertex 210 1236.8094482421875 342.97882080078125
      vertex 200 1242.0679931640625 341.97579956054688
      vertex 200 1231.551025390625 343.98184204101562
    endloop
  endfacet
  facet normal -0 0.18736470246379544 0.98229041951484664
    outer loop
      vertex 200 1200 350
      vertex 210 1200 350
      vertex 210 1207.3619384765625 348.59576416015625
    endloop
  endfacet
  facet normal -5.4404533183339985e-07 0.18736541551821187 0.98229028350452086
    outer loop
      vertex 200 1200 350
      vertex 210 1207.3619384765625 348.59576416015625
      vertex 200 1210.5169677734375 347.99395751953125
    endloop
  endfacet
  facet normal 1.0177363747978941e-06 0.18736541551814256 0.98229028350415748
    outer loop
      vertex 210 1217.177734375 346.72344970703125
      vertex 200 1221.033935546875 345.9879150390625
      vertex 200 1210.5169677734375 347.99395751953125
    endloop
  endfacet
  facet normal -4.2051686719067383e-08 0.18736695075130028 0.98228999066780587
    outer loop
      vertex 210 1217.177734375 346.72344970703125
      vertex 200 1210.5169677734375 347.99395751953125
      vertex 210 1207.3619384765625 348.59576416015625
    endloop
  endfacet
  facet normal -0 0.18736470246379544 0.98229041951484664
    outer loop
      vertex 220 1207.3619384765625 348.59576416015625
      vertex 220 1200 350
      vertex 230 1200 350
    endloop
  endfacet
  facet normal 0 0.18736470246379544 0.98229041951484664
    outer loop
      vertex 220 1207.3619384765625 348.59576416015625
      vertex 230 1200 350
      vertex 230 1207.3619384765625 348.59576416015625
    endloop
  endfacet
  facet normal -0 0.18736470246379544 0.98229041951484664
    outer loop
      vertex 240 1200 350
      vertex 250 1200 350
      vertex 250 1207.3619384765625 348.59576416015625
    endloop
  endfacet
  facet normal 0 0.18736470246379544 0.98229041951484664
    outer loop
      vertex 240 1200 350
      vertex 250 1207.3619384765625 348.59576416015625
      vertex 240 1207.3619384765625 348.59576416015625
    endloop
  endfacet
  facet normal -0 0.18736470246379544 0.98229041951484664
    outer loop
      vertex 230 1207.3619384765625 348.59576416015625
      vertex 230 1200 350
      vertex 240 1200 350
    endloop
  endfacet
  facet normal 0 0.18736470246379544 0.98229041951484664
    outer loop
      vertex 230 1207.3619384765625 348.59576416015625
      vertex 240 1200 350
      vertex 240 1207.3619384765625 348.59576416015625
    endloop
  endfacet
  facet normal 0 0.18736470246379544 0.98229041951484664
    outer loop
      vertex 220 1207.3619384765625 348.59576416015625
      vertex 210 1207.3619384765625 348.59576416015625
      vertex 210 1200 350
    endloop
  endfacet
  facet normal 0 0.18736470246379544 0.98229041951484664
    outer loop
      vertex 220 1207.3619384765625 348.59576416015625
      vertex 210 1200 350
      vertex 220 1200 350
    endloop
  endfacet
  facet normal -0 0.18736770019224108 0.98228984771536276
    outer loop
      vertex 260 1273.618896484375 335.95767211914062
      vertex 260 1266.257080078125 337.36190795898438
      vertex 270 1266.257080078125 337.36190795898438
    endloop
  endfacet
  facet normal 0 0.18736770019224108 0.98228984771536276
    outer loop
      vertex 260 1273.618896484375 335.95767211914062
      vertex 270 1266.257080078125 337.36190795898438
      vertex 270 1273.618896484375 335.95767211914062
    endloop
  endfacet
  facet normal -0 0.18736770019224108 0.98228984771536276
    outer loop
      vertex 270 1273.618896484375 335.95767211914062
      vertex 270 1266.257080078125 337.36190795898438
      vertex 280 1266.257080078125 337.36190795898438
    endloop
  endfacet
  facet normal 0 0.18736770019224108 0.98228984771536276
    outer loop
      vertex 270 1273.618896484375 335.95767211914062
      vertex 280 1266.257080078125 337.36190795898438
      vertex 280 1273.618896484375 335.95767211914062
    endloop
  endfacet
  facet normal 0 0.18736770019224108 0.98228984771536276
    outer loop
      vertex 260 1266.257080078125 337.36190795898438
      vertex 260 1273.618896484375 335.95767211914062
      vertex 250 1273.618896484375 335.95767211914062
    endloop
  endfacet
  facet normal 0 0.18736770019224108 0.98228984771536276
    outer loop
      vertex 260 1266.257080078125 337.36190795898438
      vertex 250 1273.618896484375 335.95767211914062
      vertex 250 1266.257080078125 337.36190795898438
    endloop
  endfacet
  facet normal -0 0.18736770019224108 0.98228984771536276
    outer loop
      vertex 280 1273.618896484375 335.95767211914062
      vertex 280 1266.257080078125 337.36190795898438
      vertex 290 1266.257080078125 337.36190795898438
    endloop
  endfacet
  facet normal 0 0.18736770019224108 0.98228984771536276
    outer loop
      vertex 280 1273.618896484375 335.95767211914062
      vertex 290 1266.257080078125 337.36190795898438
      vertex 290 1273.618896484375 335.95767211914062
    endloop
  endfacet
  facet normal 1.7431301505631856e-06 0.18736541551795494 0.98229028350317393
    outer loop
      vertex 290 1266.257080078125 337.36190795898438
      vertex 300 1263.1019287109375 337.96371459960938
      vertex 300 1273.618896484375 335.95767211914062
    endloop
  endfacet
  facet normal 0 0.18736770019224108 0.98228984771536276
    outer loop
      vertex 290 1266.257080078125 337.36190795898438
      vertex 300 1273.618896484375 335.95767211914062
      vertex 290 1273.618896484375 335.95767211914062
    endloop
  endfacet
  facet normal -1.9799756720259026e-06 0.18736541551787228 0.98229028350274061
    outer loop
      vertex 290 1256.441162109375 339.23419189453125
      vertex 300 1252.5849609375 339.96975708007812
      vertex 300 1263.1019287109375 337.96371459960938
    endloop
  endfacet
  facet normal 5.4640472435477356e-07 0.18736175574124617 0.98229098157585615
    outer loop
      vertex 290 1256.441162109375 339.23419189453125
      vertex 300 1263.1019287109375 337.96371459960938
      vertex 290 1266.257080078125 337.36190795898438
    endloop
  endfacet
  facet normal -4.1819396541965681e-07 0.18736541551822317 0.98229028350458014
    outer loop
      vertex 290 1246.6253662109375 341.10650634765625
      vertex 300 1242.0679931640625 341.97579956054688
      vertex 300 1252.5849609375 339.96975708007812
    endloop
  endfacet
  facet normal -1.3664188593166295e-06 0.18736695075112547 0.98228999066688949
    outer loop
      vertex 290 1246.6253662109375 341.10650634765625
      vertex 300 1252.5849609375 339.96975708007812
      vertex 290 1256.441162109375 339.23419189453125
    endloop
  endfacet
  facet normal -7.5498274857419047e-07 0.18736470246374207 0.98229041951456697
    outer loop
      vertex 290 1236.8094482421875 342.97882080078125
      vertex 300 1242.0679931640625 341.97579956054688
      vertex 290 1246.6253662109375 341.10650634765625
    endloop
  endfacet
  facet normal -0 0.18736470246379544 0.98229041951484664
    outer loop
      vertex 260 1207.3619384765625 348.59576416015625
      vertex 260 1200 350
      vertex 270 1200 350
    endloop
  endfacet
  facet normal 0 0.18736470246379544 0.98229041951484664
    outer loop
      vertex 260 1207.3619384765625 348.59576416015625
      vertex 270 1200 350
      vertex 270 1207.3619384765625 348.59576416015625
    endloop
  endfacet
  facet normal -0 0.18736470246379544 0.98229041951484664
    outer loop
      vertex 280 1200 350
      vertex 290 1200 350
      vertex 290 1207.3619384765625 348.59576416015625
    endloop
  endfacet
  facet normal 0 0.18736470246379544 0.98229041951484664
    outer loop
      vertex 280 1200 350
      vertex 290 1207.3619384765625 348.59576416015625
      vertex 280 1207.3619384765625 348.59576416015625
    endloop
  endfacet
  facet normal -0 0.18736470246379544 0.98229041951484664
    outer loop
      vertex 250 1207.3619384765625 348.59576416015625
      vertex 250 1200 350
      vertex 260 1200 350
    endloop
  endfacet
  facet normal 0 0.18736470246379544 0.98229041951484664
    outer loop
      vertex 250 1207.3619384765625 348.59576416015625
      vertex 260 1200 350
      vertex 260 1207.3619384765625 348.59576416015625
    endloop
  endfacet
  facet normal -0 0.18736470246379544 0.98229041951484664
    outer loop
      vertex 270 1207.3619384765625 348.59576416015625
      vertex 270 1200 350
      vertex 280 1200 350
    endloop
  endfacet
  facet normal 0 0.18736470246379544 0.98229041951484664
    outer loop
      vertex 270 1207.3619384765625 348.59576416015625
      vertex 280 1200 350
      vertex 280 1207.3619384765625 348.59576416015625
    endloop
  endfacet
  facet normal -1.2782618881486394e-06 0.18736606740229661 0.98229015916101103
    outer loop
      vertex 290 1217.177734375 346.72344970703125
      vertex 300 1221.033935546875 345.9879150390625
      vertex 300 1231.551025390625 343.98184204101562
    endloop
  endfacet
  facet normal 7.5498274856281069e-07 0.18736470246374207 0.98229041951456686
    outer loop
      vertex 290 1217.177734375 346.72344970703125
      vertex 300 1231.551025390625 343.98184204101562
      vertex 290 1226.99365234375 344.85113525390625
    endloop
  endfacet
  facet normal -3.0692512124154695e-07 0.18736695075129162 0.98228999066776046
    outer loop
      vertex 300 1231.551025390625 343.98184204101562
      vertex 290 1236.8094482421875 342.97882080078125
      vertex 290 1226.99365234375 344.85113525390625
    endloop
  endfacet
  facet normal -1.631292293838478e-06 0.18736695075105111 0.98228999066649958
    outer loop
      vertex 300 1221.033935546875 345.9879150390625
      vertex 290 1217.177734375 346.72344970703125
      vertex 290 1207.3619384765625 348.59576416015625
    endloop
  endfacet
  facet normal 5.4404533183447135e-07 0.18736541551821187 0.98229028350452086
    outer loop
      vertex 300 1221.033935546875 345.9879150390625
      vertex 290 1207.3619384765625 348.59576416015625
      vertex 300 1210.5169677734375 347.99395751953125
    endloop
  endfacet
  facet normal -0 0.18736541551823957 0.98229028350466607
    outer loop
      vertex 290 1200 350
      vertex 300 1200 350
      vertex 300 1210.5169677734375 347.99395751953125
    endloop
  endfacet
  facet normal 7.772012809734571e-07 0.18736470246373885 0.98229041951454998
    outer loop
      vertex 290 1200 350
      vertex 300 1210.5169677734375 347.99395751953125
      vertex 290 1207.3619384765625 348.59576416015625
    endloop
  endfacet
  facet normal -1.1435877411994448e-06 0.18736541551811703 0.9822902835040237
    outer loop
      vertex 300 1231.551025390625 343.98184204101562
      vertex 300 1242.0679931640625 341.97579956054688
      vertex 290 1236.8094482421875 342.97882080078125
    endloop
  endfacet
  facet normal -1 0 -0
    outer loop
      vertex 200 1210.5169677734375 347.99395751953125
      vertex 200 1209.5802001953125 343.08248901367188
      vertex 200 1199.063232421875 345.08856201171875
    endloop
  endfacet
  facet normal -1 -0 0
    outer loop
      vertex 200 1210.5169677734375 347.99395751953125
      vertex 200 1199.063232421875 345.08856201171875
      vertex 200 1200 350
    endloop
  endfacet
  facet normal -1 0 -0
    outer loop
      vertex 200 1231.551025390625 343.98184204101562
      vertex 200 1230.6141357421875 339.07040405273438
      vertex 200 1220.09716796875 341.07644653320312
    endloop
  endfacet
  facet normal -1 0 -0
    outer loop
      vertex 200 1231.551025390625 343.98184204101562
      vertex 200 1220.09716796875 341.07644653320312
      vertex 200 1221.033935546875 345.9879150390625
    endloop
  endfacet
  facet normal -1 0 -0
    outer loop
      vertex 200 1221.033935546875 345.9879150390625
      vertex 200 1220.09716796875 341.07644653320312
      vertex 200 1209.5802001953125 343.08248901367188
    endloop
  endfacet
  facet normal -1 0 -0
    outer loop
      vertex 200 1221.033935546875 345.9879150390625
      vertex 200 1209.5802001953125 343.08248901367188
      vertex 200 1210.5169677734375 347.99395751953125
    endloop
  endfacet
  facet normal -1 0 -0
    outer loop
      vertex 200 1252.5849609375 339.96975708007812
      vertex 200 1251.6480712890625 335.05831909179688
      vertex 200 1241.131103515625 337.06436157226562
    endloop
  endfacet
  facet normal -1 0 -0
    outer loop
      vertex 200 1252.5849609375 339.96975708007812
      vertex 200 1241.131103515625 337.06436157226562
      vertex 200 1242.0679931640625 341.97579956054688
    endloop
  endfacet
  facet normal -1 0 -0
    outer loop
      vertex 200 1273.618896484375 335.95767211914062
      vertex 200 1272.68212890625 331.04620361328125
      vertex 200 1262.1651611328125 333.05224609375
    endloop
  endfacet
  facet normal -1 0 -0
    outer loop
      vertex 200 1273.618896484375 335.95767211914062
      vertex 200 1262.1651611328125 333.05224609375
      vertex 200 1263.1019287109375 337.96371459960938
    endloop
  endfacet
  facet normal -1 0 0
    outer loop
      vertex 200 1263.1019287109375 337.96371459960938
      vertex 200 1262.1651611328125 333.05224609375
      vertex 200 1251.6480712890625 335.05831909179688
    endloop
  endfacet
  facet normal -1 0 -0
    outer loop
      vertex 200 1263.1019287109375 337.96371459960938
      vertex 200 1251.6480712890625 335.05831909179688
      vertex 200 1252.5849609375 339.96975708007812
    endloop
  endfacet
  facet normal -1 0 -0
    outer loop
      vertex 200 1242.0679931640625 341.97579956054688
      vertex 200 1241.131103515625 337.06436157226562
      vertex 200 1230.6141357421875 339.07040405273438
    endloop
  endfacet
  facet normal -1 0 -0
    outer loop
      vertex 200 1242.0679931640625 341.97579956054688
      vertex 200 1230.6141357421875 339.07040405273438
      vertex 200 1231.551025390625 343.98184204101562
    endloop
  endfacet
  facet normal 0 0.98228788593653971 -0.18737798467889352
    outer loop
      vertex 220 1207.3619384765625 348.59576416015625
      vertex 220 1206.425048828125 343.684326171875
      vertex 210 1206.425048828125 343.684326171875
    endloop
  endfacet
  facet normal 0 0.98228788593653971 -0.18737798467889355
    outer loop
      vertex 220 1207.3619384765625 348.59576416015625
      vertex 210 1206.425048828125 343.684326171875
      vertex 210 1207.3619384765625 348.59576416015625
    endloop
  endfacet
  facet normal 0 0.98228788593653971 -0.18737798467889352
    outer loop
      vertex 240 1207.3619384765625 348.59576416015625
      vertex 240 1206.425048828125 343.684326171875
      vertex 230 1206.425048828125 343.684326171875
    endloop
  endfacet
  facet normal 0 0.98228788593653971 -0.18737798467889355
    outer loop
      vertex 240 1207.3619384765625 348.59576416015625
      vertex 230 1206.425048828125 343.684326171875
      vertex 230 1207.3619384765625 348.59576416015625
    endloop
  endfacet
  facet normal 0 0.98228788593653971 -0.18737798467889352
    outer loop
      vertex 230 1207.3619384765625 348.59576416015625
      vertex 230 1206.425048828125 343.684326171875
      vertex 220 1206.425048828125 343.684326171875
    endloop
  endfacet
  facet normal 0 0.98228788593653971 -0.18737798467889355
    outer loop
      vertex 230 1207.3619384765625 348.59576416015625
      vertex 220 1206.425048828125 343.684326171875
      vertex 220 1207.3619384765625 348.59576416015625
    endloop
  endfacet
  facet normal 0 0.98228788593653971 -0.18737798467889352
    outer loop
      vertex 260 1207.3619384765625 348.59576416015625
      vertex 260 1206.425048828125 343.684326171875
      vertex 250 1206.425048828125 343.684326171875
    endloop
  endfacet
  facet normal 0 0.98228788593653971 -0.18737798467889355
    outer loop
      vertex 260 1207.3619384765625 348.59576416015625
      vertex 250 1206.425048828125 343.684326171875
      vertex 250 1207.3619384765625 348.59576416015625
    endloop
  endfacet
  facet normal 0 0.98228788593653971 -0.18737798467889352
    outer loop
      vertex 280 1207.3619384765625 348.59576416015625
      vertex 280 1206.425048828125 343.684326171875
      vertex 270 1206.425048828125 343.684326171875
    endloop
  endfacet
  facet normal 0 0.98228788593653971 -0.18737798467889355
    outer loop
      vertex 280 1207.3619384765625 348.59576416015625
      vertex 270 1206.425048828125 343.684326171875
      vertex 270 1207.3619384765625 348.59576416015625
    endloop
  endfacet
  facet normal 0 0.98228788593653971 -0.18737798467889352
    outer loop
      vertex 290 1207.3619384765625 348.59576416015625
      vertex 290 1206.425048828125 343.684326171875
      vertex 280 1206.425048828125 343.684326171875
    endloop
  endfacet
  facet normal 0 0.98228788593653971 -0.18737798467889355
    outer loop
      vertex 290 1207.3619384765625 348.59576416015625
      vertex 280 1206.425048828125 343.684326171875
      vertex 280 1207.3619384765625 348.59576416015625
    endloop
  endfacet
  facet normal 0 0.98228788593653971 -0.18737798467889352
    outer loop
      vertex 270 1207.3619384765625 348.59576416015625
      vertex 270 1206.425048828125 343.684326171875
      vertex 260 1206.425048828125 343.684326171875
    endloop
  endfacet
  facet normal 0 0.98228788593653971 -0.18737798467889355
    outer loop
      vertex 270 1207.3619384765625 348.59576416015625
      vertex 260 1206.425048828125 343.684326171875
      vertex 260 1207.3619384765625 348.59576416015625
    endloop
  endfacet
  facet normal 0 0.98228788593653971 -0.18737798467889352
    outer loop
      vertex 250 1207.3619384765625 348.59576416015625
      vertex 250 1206.425048828125 343.684326171875
      vertex 240 1206.425048828125 343.684326171875
    endloop
  endfacet
  facet normal 0 0.98228788593653971 -0.18737798467889355
    outer loop
      vertex 250 1207.3619384765625 348.59576416015625
      vertex 240 1206.425048828125 343.684326171875
      vertex 240 1207.3619384765625 348.59576416015625
    endloop
  endfacet
  facet normal 0 -0.98229237930691293 0.18735442763800345
    outer loop
      vertex 290 1200 350
      vertex 290 1199.063232421875 345.08856201171875
      vertex 300 1199.063232421875 345.08856201171875
    endloop
  endfacet
  facet normal 0 -0.98229237930691293 0.18735442763800345
    outer loop
      vertex 290 1200 350
      vertex 300 1199.063232421875 345.08856201171875
      vertex 300 1200 350
    endloop
  endfacet
  facet normal 0 -0.98229237930691293 0.18735442763800345
    outer loop
      vertex 270 1200 350
      vertex 270 1199.063232421875 345.08856201171875
      vertex 280 1199.063232421875 345.08856201171875
    endloop
  endfacet
  facet normal 0 -0.98229237930691293 0.18735442763800345
    outer loop
      vertex 270 1200 350
      vertex 280 1199.063232421875 345.08856201171875
      vertex 280 1200 350
    endloop
  endfacet
  facet normal 0 -0.98229237930691293 0.18735442763800345
    outer loop
      vertex 260 1200 350
      vertex 260 1199.063232421875 345.08856201171875
      vertex 270 1199.063232421875 345.08856201171875
    endloop
  endfacet
  facet normal 0 -0.98229237930691293 0.18735442763800345
    outer loop
      vertex 260 1200 350
      vertex 270 1199.063232421875 345.08856201171875
      vertex 270 1200 350
    endloop
  endfacet
  facet normal 0 -0.98229237930691293 0.18735442763800345
    outer loop
      vertex 280 1200 350
      vertex 280 1199.063232421875 345.08856201171875
      vertex 290 1199.063232421875 345.08856201171875
    endloop
  endfacet
  facet normal 0 -0.98229237930691293 0.18735442763800345
    outer loop
      vertex 280 1200 350
      vertex 290 1199.063232421875 345.08856201171875
      vertex 290 1200 350
    endloop
  endfacet
  facet normal 0 -0.98229237930691293 0.18735442763800345
    outer loop
      vertex 240 1200 350
      vertex 240 1199.063232421875 345.08856201171875
      vertex 250 1199.063232421875 345.08856201171875
    endloop
  endfacet
  facet normal 0 -0.98229237930691293 0.18735442763800345
    outer loop
      vertex 240 1200 350
      vertex 250 1199.063232421875 345.08856201171875
      vertex 250 1200 350
    endloop
  endfacet
  facet normal 0 -0.98229237930691293 0.18735442763800345
    outer loop
      vertex 230 1200 350
      vertex 230 1199.063232421875 345.08856201171875
      vertex 240 1199.063232421875 345.08856201171875
    endloop
  endfacet
  facet normal 0 -0.98229237930691293 0.18735442763800345
    outer loop
      vertex 230 1200 350
      vertex 240 1199.063232421875 345.08856201171875
      vertex 240 1200 350
    endloop
  endfacet
  facet normal 0 -0.98229237930691293 0.18735442763800345
    outer loop
      vertex 210 1200 350
      vertex 210 1199.063232421875 345.08856201171875
      vertex 220 1199.063232421875 345.08856201171875
    endloop
  endfacet
  facet normal 0 -0.98229237930691293 0.18735442763800345
    outer loop
      vertex 210 1200 350
      vertex 220 1199.063232421875 345.08856201171875
      vertex 220 1200 350
    endloop
  endfacet
  facet normal 0 -0.98229237930691293 0.18735442763800345
    outer loop
      vertex 200 1200 350
      vertex 200 1199.063232421875 345.08856201171875
      vertex 210 1199.063232421875 345.08856201171875
    endloop
  endfacet
  facet normal 0 -0.98229237930691293 0.18735442763800345
    outer loop
      vertex 200 1200 350
      vertex 210 1199.063232421875 345.08856201171875
      vertex 210 1200 350
    endloop
  endfacet
  facet normal 0 -0.98229237930691293 0.18735442763800345
    outer loop
      vertex 220 1200 350
      vertex 220 1199.063232421875 345.08856201171875
      vertex 230 1199.063232421875 345.08856201171875
    endloop
  endfacet
  facet normal 0 -0.98229237930691293 0.18735442763800345
    outer loop
      vertex 220 1200 350
      vertex 230 1199.063232421875 345.08856201171875
      vertex 230 1200 350
    endloop
  endfacet
  facet normal 0 -0.98229237930691293 0.18735442763800345
    outer loop
      vertex 250 1200 350
      vertex 250 1199.063232421875 345.08856201171875
      vertex 260 1199.063232421875 345.08856201171875
    endloop
  endfacet
  facet normal 0 -0.98229237930691293 0.18735442763800345
    outer loop
      vertex 250 1200 350
      vertex 260 1199.063232421875 345.08856201171875
      vertex 260 1200 350
    endloop
  endfacet
  facet normal 1 -0 -0
    outer loop
      vertex 300 1263.1019287109375 337.96371459960938
      vertex 300 1262.1651611328125 333.05224609375
      vertex 300 1272.68212890625 331.04620361328125
    endloop
  endfacet
  facet normal 1 0 0
    outer loop
      vertex 300 1263.1019287109375 337.96371459960938
      vertex 300 1272.68212890625 331.04620361328125
      vertex 300 1273.618896484375 335.95767211914062
    endloop
  endfacet
  facet normal 1 -0 -0
    outer loop
      vertex 300 1242.0679931640625 341.97579956054688
      vertex 300 1241.131103515625 337.06436157226562
      vertex 300 1251.6480712890625 335.05831909179688
    endloop
  endfacet
  facet normal 1 0 0
    outer loop
      vertex 300 1242.0679931640625 341.97579956054688
      vertex 300 1251.6480712890625 335.05831909179688
      vertex 300 1252.5849609375 339.96975708007812
    endloop
  endfacet
  facet normal 1 -0 -0
    outer loop
      vertex 300 1252.5849609375 339.96975708007812
      vertex 300 1251.6480712890625 335.05831909179688
      vertex 300 1262.1651611328125 333.05224609375
    endloop
  endfacet
  facet normal 1 0 0
    outer loop
      vertex 300 1252.5849609375 339.96975708007812
      vertex 300 1262.1651611328125 333.05224609375
      vertex 300 1263.1019287109375 337.96371459960938
    endloop
  endfacet
  facet normal 1 -0 -0
    outer loop
      vertex 300 1221.033935546875 345.9879150390625
      vertex 300 1220.09716796875 341.07644653320312
      vertex 300 1230.6141357421875 339.07040405273438
    endloop
  endfacet
  facet normal 1 0 0
    outer loop
      vertex 300 1221.033935546875 345.9879150390625
      vertex 300 1230.6141357421875 339.07040405273438
      vertex 300 1231.551025390625 343.98184204101562
    endloop
  endfacet
  facet normal 1 -0 -0
    outer loop
      vertex 300 1200 350
      vertex 300 1199.063232421875 345.08856201171875
      vertex 300 1209.5802001953125 343.08248901367188
    endloop
  endfacet
  facet normal 1 0 0
    outer loop
      vertex 300 1200 350
      vertex 300 1209.5802001953125 343.08248901367188
      vertex 300 1210.5169677734375 347.99395751953125
    endloop
  endfacet
  facet normal 1 -0 -0
    outer loop
      vertex 300 1210.5169677734375 347.99395751953125
      vertex 300 1209.5802001953125 343.08248901367188
      vertex 300 1220.09716796875 341.07644653320312
    endloop
  endfacet
  facet normal 1 0 0
    outer loop
      vertex 300 1210.5169677734375 347.99395751953125
      vertex 300 1220.09716796875 341.07644653320312
      vertex 300 1221.033935546875 345.9879150390625
    endloop
  endfacet
  facet normal 1 -0 -0
    outer loop
      vertex 300 1231.551025390625 343.98184204101562
      vertex 300 1230.6141357421875 339.07040405273438
      vertex 300 1241.131103515625 337.06436157226562
    endloop
  endfacet
  facet normal 1 0 0
    outer loop
      vertex 300 1231.551025390625 343.98184204101562
      vertex 300 1241.131103515625 337.06436157226562
      vertex 300 1242.0679931640625 341.97579956054688
    endloop
  endfacet
  facet normal 0 0.9822925935496909 -0.18735330436750142
    outer loop
      vertex 210 1273.618896484375 335.95767211914062
      vertex 210 1272.68212890625 331.04620361328125
      vertex 200 1272.68212890625 331.04620361328125
    endloop
  endfacet
  facet normal 0 0.9822925935496909 -0.18735330436750142
    outer loop
      vertex 210 1273.618896484375 335.95767211914062
      vertex 200 1272.68212890625 331.04620361328125
      vertex 200 1273.618896484375 335.95767211914062
    endloop
  endfacet
  facet normal 0 0.9822925935496909 -0.18735330436750142
    outer loop
      vertex 230 1273.618896484375 335.95767211914062
      vertex 230 1272.68212890625 331.04620361328125
      vertex 220 1272.68212890625 331.04620361328125
    endloop
  endfacet
  facet normal 0 0.9822925935496909 -0.18735330436750142
    outer loop
      vertex 230 1273.618896484375 335.95767211914062
      vertex 220 1272.68212890625 331.04620361328125
      vertex 220 1273.618896484375 335.95767211914062
    endloop
  endfacet
  facet normal 0 0.9822925935496909 -0.18735330436750142
    outer loop
      vertex 240 1273.618896484375 335.95767211914062
      vertex 240 1272.68212890625 331.04620361328125
      vertex 230 1272.68212890625 331.04620361328125
    endloop
  endfacet
  facet normal 0 0.9822925935496909 -0.18735330436750142
    outer loop
      vertex 240 1273.618896484375 335.95767211914062
      vertex 230 1272.68212890625 331.04620361328125
      vertex 230 1273.618896484375 335.95767211914062
    endloop
  endfacet
  facet normal 0 0.9822925935496909 -0.18735330436750142
    outer loop
      vertex 220 1273.618896484375 335.95767211914062
      vertex 220 1272.68212890625 331.04620361328125
      vertex 210 1272.68212890625 331.04620361328125
    endloop
  endfacet
  facet normal 0 0.9822925935496909 -0.18735330436750142
    outer loop
      vertex 220 1273.618896484375 335.95767211914062
      vertex 210 1272.68212890625 331.04620361328125
      vertex 210 1273.618896484375 335.95767211914062
    endloop
  endfacet
  facet normal 0 0.9822925935496909 -0.18735330436750142
    outer loop
      vertex 260 1273.618896484375 335.95767211914062
      vertex 260 1272.68212890625 331.04620361328125
      vertex 250 1272.68212890625 331.04620361328125
    endloop
  endfacet
  facet normal 0 0.9822925935496909 -0.18735330436750142
    outer loop
      vertex 260 1273.618896484375 335.95767211914062
      vertex 250 1272.68212890625 331.04620361328125
      vertex 250 1273.618896484375 335.95767211914062
    endloop
  endfacet
  facet normal 0 0.9822925935496909 -0.18735330436750142
    outer loop
      vertex 270 1273.618896484375 335.95767211914062
      vertex 270 1272.68212890625 331.04620361328125
      vertex 260 1272.68212890625 331.04620361328125
    endloop
  endfacet
  facet normal 0 0.9822925935496909 -0.18735330436750142
    outer loop
      vertex 270 1273.618896484375 335.95767211914062
      vertex 260 1272.68212890625 331.04620361328125
      vertex 260 1273.618896484375 335.95767211914062
    endloop
  endfacet
  facet normal 0 0.9822925935496909 -0.18735330436750142
    outer loop
      vertex 290 1273.618896484375 335.95767211914062
      vertex 290 1272.68212890625 331.04620361328125
      vertex 280 1272.68212890625 331.04620361328125
    endloop
  endfacet
  facet normal 0 0.9822925935496909 -0.18735330436750142
    outer loop
      vertex 290 1273.618896484375 335.95767211914062
      vertex 280 1272.68212890625 331.04620361328125
      vertex 280 1273.618896484375 335.95767211914062
    endloop
  endfacet
  facet normal 0 0.9822925935496909 -0.18735330436750142
    outer loop
      vertex 300 1273.618896484375 335.95767211914062
      vertex 300 1272.68212890625 331.04620361328125
      vertex 290 1272.68212890625 331.04620361328125
    endloop
  endfacet
  facet normal 0 0.9822925935496909 -0.18735330436750142
    outer loop
      vertex 300 1273.618896484375 335.95767211914062
      vertex 290 1272.68212890625 331.04620361328125
      vertex 290 1273.618896484375 335.95767211914062
    endloop
  endfacet
  facet normal 0 0.9822925935496909 -0.18735330436750142
    outer loop
      vertex 280 1273.618896484375 335.95767211914062
      vertex 280 1272.68212890625 331.04620361328125
      vertex 270 1272.68212890625 331.04620361328125
    endloop
  endfacet
  facet normal 0 0.9822925935496909 -0.18735330436750142
    outer loop
      vertex 280 1273.618896484375 335.95767211914062
      vertex 270 1272.68212890625 331.04620361328125
      vertex 270 1273.618896484375 335.95767211914062
    endloop
  endfacet
  facet normal 0 0.9822925935496909 -0.18735330436750142
    outer loop
      vertex 250 1273.618896484375 335.95767211914062
      vertex 250 1272.68212890625 331.04620361328125
      vertex 240 1272.68212890625 331.04620361328125
    endloop
  endfacet
  facet normal 0 0.9822925935496909 -0.18735330436750142
    outer loop
      vertex 250 1273.618896484375 335.95767211914062
      vertex 240 1272.68212890625 331.04620361328125
      vertex 240 1273.618896484375 335.95767211914062
    endloop
  endfacet
  facet normal 1 -0 -0
    outer loop
      vertex 210 1256.441162109375 339.23419189453125
      vertex 210 1255.50439453125 334.32275390625
      vertex 210 1265.3201904296875 332.450439453125
    endloop
  endfacet
  facet normal 1 0 0
    outer loop
      vertex 210 1256.441162109375 339.23419189453125
      vertex 210 1265.3201904296875 332.450439453125
      vertex 210 1266.257080078125 337.36190795898438
    endloop
  endfacet
  facet normal 1 -0 -0
    outer loop
      vertex 210 1246.6253662109375 341.10650634765625
      vertex 210 1245.6884765625 336.195068359375
      vertex 210 1255.50439453125 334.32275390625
    endloop
  endfacet
  facet normal 1 0 0
    outer loop
      vertex 210 1246.6253662109375 341.10650634765625
      vertex 210 1255.50439453125 334.32275390625
      vertex 210 1256.441162109375 339.23419189453125
    endloop
  endfacet
  facet normal 1 -0 -0
    outer loop
      vertex 210 1226.99365234375 344.85113525390625
      vertex 210 1226.0567626953125 339.939697265625
      vertex 210 1235.8726806640625 338.0673828125
    endloop
  endfacet
  facet normal 1 0 0
    outer loop
      vertex 210 1226.99365234375 344.85113525390625
      vertex 210 1235.8726806640625 338.0673828125
      vertex 210 1236.8094482421875 342.97882080078125
    endloop
  endfacet
  facet normal 1 -0 -0
    outer loop
      vertex 210 1207.3619384765625 348.59576416015625
      vertex 210 1206.425048828125 343.684326171875
      vertex 210 1216.240966796875 341.81201171875
    endloop
  endfacet
  facet normal 1 0 0
    outer loop
      vertex 210 1207.3619384765625 348.59576416015625
      vertex 210 1216.240966796875 341.81201171875
      vertex 210 1217.177734375 346.72344970703125
    endloop
  endfacet
  facet normal 1 -0 -0
    outer loop
      vertex 210 1217.177734375 346.72344970703125
      vertex 210 1216.240966796875 341.81201171875
      vertex 210 1226.0567626953125 339.939697265625
    endloop
  endfacet
  facet normal 1 0 0
    outer loop
      vertex 210 1217.177734375 346.72344970703125
      vertex 210 1226.0567626953125 339.939697265625
      vertex 210 1226.99365234375 344.85113525390625
    endloop
  endfacet
  facet normal 1 -0 -0
    outer loop
      vertex 210 1236.8094482421875 342.97882080078125
      vertex 210 1235.8726806640625 338.0673828125
      vertex 210 1245.6884765625 336.195068359375
    endloop
  endfacet
  facet normal 1 0 0
    outer loop
      vertex 210 1236.8094482421875 342.97882080078125
      vertex 210 1245.6884765625 336.195068359375
      vertex 210 1246.6253662109375 341.10650634765625
    endloop
  endfacet
  facet normal 0 -0.98228810023221669 0.18737686127743464
    outer loop
      vertex 280 1266.257080078125 337.36190795898438
      vertex 280 1265.3201904296875 332.450439453125
      vertex 290 1265.3201904296875 332.450439453125
    endloop
  endfacet
  facet normal 0 -0.98228810023221669 0.18737686127743464
    outer loop
      vertex 280 1266.257080078125 337.36190795898438
      vertex 290 1265.3201904296875 332.450439453125
      vertex 290 1266.257080078125 337.36190795898438
    endloop
  endfacet
  facet normal 0 -0.98228810023221669 0.18737686127743464
    outer loop
      vertex 260 1266.257080078125 337.36190795898438
      vertex 260 1265.3201904296875 332.450439453125
      vertex 270 1265.3201904296875 332.450439453125
    endloop
  endfacet
  facet normal 0 -0.98228810023221669 0.18737686127743464
    outer loop
      vertex 260 1266.257080078125 337.36190795898438
      vertex 270 1265.3201904296875 332.450439453125
      vertex 270 1266.257080078125 337.36190795898438
    endloop
  endfacet
  facet normal 0 -0.98228810023221669 0.18737686127743464
    outer loop
      vertex 270 1266.257080078125 337.36190795898438
      vertex 270 1265.3201904296875 332.450439453125
      vertex 280 1265.3201904296875 332.450439453125
    endloop
  endfacet
  facet normal 0 -0.98228810023221669 0.18737686127743464
    outer loop
      vertex 270 1266.257080078125 337.36190795898438
      vertex 280 1265.3201904296875 332.450439453125
      vertex 280 1266.257080078125 337.36190795898438
    endloop
  endfacet
  facet normal 0 -0.98228810023221669 0.18737686127743464
    outer loop
      vertex 240 1266.257080078125 337.36190795898438
      vertex 240 1265.3201904296875 332.450439453125
      vertex 250 1265.3201904296875 332.450439453125
    endloop
  endfacet
  facet normal 0 -0.98228810023221669 0.18737686127743464
    outer loop
      vertex 240 1266.257080078125 337.36190795898438
      vertex 250 1265.3201904296875 332.450439453125
      vertex 250 1266.257080078125 337.36190795898438
    endloop
  endfacet
  facet normal 0 -0.98228810023221669 0.18737686127743464
    outer loop
      vertex 220 1266.257080078125 337.36190795898438
      vertex 220 1265.3201904296875 332.450439453125
      vertex 230 1265.3201904296875 332.450439453125
    endloop
  endfacet
  facet normal 0 -0.98228810023221669 0.18737686127743464
    outer loop
      vertex 220 1266.257080078125 337.36190795898438
      vertex 230 1265.3201904296875 332.450439453125
      vertex 230 1266.257080078125 337.36190795898438
    endloop
  endfacet
  facet normal 0 -0.98228810023221669 0.18737686127743464
    outer loop
      vertex 210 1266.257080078125 337.36190795898438
      vertex 210 1265.3201904296875 332.450439453125
      vertex 220 1265.3201904296875 332.450439453125
    endloop
  endfacet
  facet normal 0 -0.98228810023221669 0.18737686127743464
    outer loop
      vertex 210 1266.257080078125 337.36190795898438
      vertex 220 1265.3201904296875 332.450439453125
      vertex 220 1266.257080078125 337.36190795898438
    endloop
  endfacet
  facet normal 0 -0.98228810023221669 0.18737686127743464
    outer loop
      vertex 230 1266.257080078125 337.36190795898438
      vertex 230 1265.3201904296875 332.450439453125
      vertex 240 1265.3201904296875 332.450439453125
    endloop
  endfacet
  facet normal 0 -0.98228810023221669 0.18737686127743464
    outer loop
      vertex 230 1266.257080078125 337.36190795898438
      vertex 240 1265.3201904296875 332.450439453125
      vertex 240 1266.257080078125 337.36190795898438
    endloop
  endfacet
  facet normal 0 -0.98228810023221669 0.18737686127743464
    outer loop
      vertex 250 1266.257080078125 337.36190795898438
      vertex 250 1265.3201904296875 332.450439453125
      vertex 260 1265.3201904296875 332.450439453125
    endloop
  endfacet
  facet normal 0 -0.98228810023221669 0.18737686127743464
    outer loop
      vertex 250 1266.257080078125 337.36190795898438
      vertex 260 1265.3201904296875 332.450439453125
      vertex 260 1266.257080078125 337.36190795898438
    endloop
  endfacet
  facet normal -1 0 -0
    outer loop
      vertex 290 1217.177734375 346.72344970703125
      vertex 290 1216.240966796875 341.81201171875
      vertex 290 1206.425048828125 343.684326171875
    endloop
  endfacet
  facet normal -1 0 -0
    outer loop
      vertex 290 1217.177734375 346.72344970703125
      vertex 290 1206.425048828125 343.684326171875
      vertex 290 1207.3619384765625 348.59576416015625
    endloop
  endfacet
  facet normal -1 0 -0
    outer loop
      vertex 290 1226.99365234375 344.85113525390625
      vertex 290 1226.0567626953125 339.939697265625
      vertex 290 1216.240966796875 341.81201171875
    endloop
  endfacet
  facet normal -1 -0 0
    outer loop
      vertex 290 1226.99365234375 344.85113525390625
      vertex 290 1216.240966796875 341.81201171875
      vertex 290 1217.177734375 346.72344970703125
    endloop
  endfacet
  facet normal -1 0 -0
    outer loop
      vertex 290 1246.6253662109375 341.10650634765625
      vertex 290 1245.6884765625 336.195068359375
      vertex 290 1235.8726806640625 338.0673828125
    endloop
  endfacet
  facet normal -1 -0 0
    outer loop
      vertex 290 1246.6253662109375 341.10650634765625
      vertex 290 1235.8726806640625 338.0673828125
      vertex 290 1236.8094482421875 342.97882080078125
    endloop
  endfacet
  facet normal -1 0 -0
    outer loop
      vertex 290 1266.257080078125 337.36190795898438
      vertex 290 1265.3201904296875 332.450439453125
      vertex 290 1255.50439453125 334.32275390625
    endloop
  endfacet
  facet normal -1 -0 0
    outer loop
      vertex 290 1266.257080078125 337.36190795898438
      vertex 290 1255.50439453125 334.32275390625
      vertex 290 1256.441162109375 339.23419189453125
    endloop
  endfacet
  facet normal -1 0 -0
    outer loop
      vertex 290 1256.441162109375 339.23419189453125
      vertex 290 1255.50439453125 334.32275390625
      vertex 290 1245.6884765625 336.195068359375
    endloop
  endfacet
  facet normal -1 0 -0
    outer loop
      vertex 290 1256.441162109375 339.23419189453125
      vertex 290 1245.6884765625 336.195068359375
      vertex 290 1246.6253662109375 341.10650634765625
    endloop
  endfacet
  facet normal -1 0 -0
    outer loop
      vertex 290 1236.8094482421875 342.97882080078125
      vertex 290 1235.8726806640625 338.0673828125
      vertex 290 1226.0567626953125 339.939697265625
    endloop
  endfacet
  facet normal -1 0 -0
    outer loop
      vertex 290 1236.8094482421875 342.97882080078125
      vertex 290 1226.0567626953125 339.939697265625
      vertex 290 1226.99365234375 344.85113525390625
    endloop
  endfacet
  facet normal -5.4404533183339985e-07 -0.18736541551821187 -0.98229028350452086
    outer loop
      vertex 200 1262.1651611328125 333.05224609375
      vertex 200 1272.68212890625 331.04620361328125
      vertex 210 1265.3201904296875 332.450439453125
    endloop
  endfacet
  facet normal 0 -0.18736470246379544 -0.98229041951484664
    outer loop
      vertex 210 1272.68212890625 331.04620361328125
      vertex 210 1265.3201904296875 332.450439453125
      vertex 200 1272.68212890625 331.04620361328125
    endloop
  endfacet
  facet normal 9.207753637175624e-07 -0.18736695075122098 -0.98228999066739009
    outer loop
      vertex 210 1265.3201904296875 332.450439453125
      vertex 210 1255.50439453125 334.32275390625
      vertex 200 1251.6480712890625 335.05831909179688
    endloop
  endfacet
  facet normal -3.3089091829506288e-07 -0.18736606740243938 -0.98229015916175966
    outer loop
      vertex 210 1265.3201904296875 332.450439453125
      vertex 200 1251.6480712890625 335.05831909179688
      vertex 200 1262.1651611328125 333.05224609375
    endloop
  endfacet
  facet normal 3.0719981035859759e-07 -0.18736541551823077 -0.98229028350461989
    outer loop
      vertex 200 1241.131103515625 337.06436157226562
      vertex 200 1251.6480712890625 335.05831909179688
      vertex 210 1255.50439453125 334.32275390625
    endloop
  endfacet
  facet normal -7.5498274856281069e-07 -0.18736470246374207 -0.98229041951456686
    outer loop
      vertex 200 1241.131103515625 337.06436157226562
      vertex 210 1255.50439453125 334.32275390625
      vertex 210 1245.6884765625 336.195068359375
    endloop
  endfacet
  facet normal 3.0692512124154695e-07 -0.18736695075129162 -0.98228999066776046
    outer loop
      vertex 210 1235.8726806640625 338.0673828125
      vertex 200 1241.131103515625 337.06436157226562
      vertex 210 1245.6884765625 336.195068359375
    endloop
  endfacet
  facet normal -0 -0.18736470246379544 -0.98229041951484664
    outer loop
      vertex 220 1265.3201904296875 332.450439453125
      vertex 210 1265.3201904296875 332.450439453125
      vertex 210 1272.68212890625 331.04620361328125
    endloop
  endfacet
  facet normal 0 -0.18736470246379544 -0.98229041951484664
    outer loop
      vertex 220 1265.3201904296875 332.450439453125
      vertex 210 1272.68212890625 331.04620361328125
      vertex 220 1272.68212890625 331.04620361328125
    endloop
  endfacet
  facet normal 0 -0.18736470246379544 -0.98229041951484664
    outer loop
      vertex 230 1272.68212890625 331.04620361328125
      vertex 240 1272.68212890625 331.04620361328125
      vertex 240 1265.3201904296875 332.450439453125
    endloop
  endfacet
  facet normal 0 -0.18736470246379544 -0.98229041951484664
    outer loop
      vertex 230 1272.68212890625 331.04620361328125
      vertex 240 1265.3201904296875 332.450439453125
      vertex 230 1265.3201904296875 332.450439453125
    endloop
  endfacet
  facet normal 0 -0.18736470246379544 -0.98229041951484664
    outer loop
      vertex 220 1272.68212890625 331.04620361328125
      vertex 230 1272.68212890625 331.04620361328125
      vertex 230 1265.3201904296875 332.450439453125
    endloop
  endfacet
  facet normal 0 -0.18736470246379544 -0.98229041951484664
    outer loop
      vertex 220 1272.68212890625 331.04620361328125
      vertex 230 1265.3201904296875 332.450439453125
      vertex 220 1265.3201904296875 332.450439453125
    endloop
  endfacet
  facet normal 0 -0.18736470246379544 -0.98229041951484664
    outer loop
      vertex 240 1272.68212890625 331.04620361328125
      vertex 250 1272.68212890625 331.04620361328125
      vertex 250 1265.3201904296875 332.450439453125
    endloop
  endfacet
  facet normal 0 -0.18736470246379544 -0.98229041951484664
    outer loop
      vertex 240 1272.68212890625 331.04620361328125
      vertex 250 1265.3201904296875 332.450439453125
      vertex 240 1265.3201904296875 332.450439453125
    endloop
  endfacet
  facet normal 4.1819396541965681e-07 -0.18736541551822317 -0.98229028350458014
    outer loop
      vertex 200 1220.09716796875 341.07644653320312
      vertex 200 1230.6141357421875 339.07040405273438
      vertex 210 1226.0567626953125 339.939697265625
    endloop
  endfacet
  facet normal 1.3664188593166295e-06 -0.18736695075112547 -0.98228999066688949
    outer loop
      vertex 200 1220.09716796875 341.07644653320312
      vertex 210 1226.0567626953125 339.939697265625
      vertex 210 1216.240966796875 341.81201171875
    endloop
  endfacet
  facet normal 7.5498274857419047e-07 -0.18736470246374207 -0.98229041951456697
    outer loop
      vertex 200 1230.6141357421875 339.07040405273438
      vertex 210 1235.8726806640625 338.0673828125
      vertex 210 1226.0567626953125 339.939697265625
    endloop
  endfacet
  facet normal 1.1435877411994448e-06 -0.18736541551811703 -0.9822902835040237
    outer loop
      vertex 210 1235.8726806640625 338.0673828125
      vertex 200 1230.6141357421875 339.07040405273438
      vertex 200 1241.131103515625 337.06436157226562
    endloop
  endfacet
  facet normal 3.5525069528486701e-07 -0.18736816580967641 -0.98228975890059611
    outer loop
      vertex 200 1199.063232421875 345.08856201171875
      vertex 200 1209.5802001953125 343.08248901367188
      vertex 210 1206.425048828125 343.684326171875
    endloop
  endfacet
  facet normal 0 -0.18736770019224108 -0.98228984771536276
    outer loop
      vertex 200 1199.063232421875 345.08856201171875
      vertex 210 1206.425048828125 343.684326171875
      vertex 210 1199.063232421875 345.08856201171875
    endloop
  endfacet
  facet normal 1.4877469647478781e-06 -0.18736470246358805 -0.98229041951375951
    outer loop
      vertex 210 1216.240966796875 341.81201171875
      vertex 210 1206.425048828125 343.684326171875
      vertex 200 1209.5802001953125 343.08248901367188
    endloop
  endfacet
  facet normal 1.9799756720368078e-06 -0.18736541551787228 -0.98229028350274061
    outer loop
      vertex 210 1216.240966796875 341.81201171875
      vertex 200 1209.5802001953125 343.08248901367188
      vertex 200 1220.09716796875 341.07644653320312
    endloop
  endfacet
  facet normal 0 -0.18736770019224108 -0.98228984771536276
    outer loop
      vertex 220 1206.425048828125 343.684326171875
      vertex 230 1206.425048828125 343.684326171875
      vertex 230 1199.063232421875 345.08856201171875
    endloop
  endfacet
  facet normal 0 -0.18736770019224108 -0.98228984771536276
    outer loop
      vertex 220 1206.425048828125 343.684326171875
      vertex 230 1199.063232421875 345.08856201171875
      vertex 220 1199.063232421875 345.08856201171875
    endloop
  endfacet
  facet normal 0 -0.18736770019224108 -0.98228984771536276
    outer loop
      vertex 240 1199.063232421875 345.08856201171875
      vertex 240 1206.425048828125 343.684326171875
      vertex 250 1206.425048828125 343.684326171875
    endloop
  endfacet
  facet normal 0 -0.18736770019224108 -0.98228984771536276
    outer loop
      vertex 240 1199.063232421875 345.08856201171875
      vertex 250 1206.425048828125 343.684326171875
      vertex 250 1199.063232421875 345.08856201171875
    endloop
  endfacet
  facet normal 0 -0.18736770019224108 -0.98228984771536276
    outer loop
      vertex 230 1206.425048828125 343.684326171875
      vertex 240 1206.425048828125 343.684326171875
      vertex 240 1199.063232421875 345.08856201171875
    endloop
  endfacet
  facet normal 0 -0.18736770019224108 -0.98228984771536276
    outer loop
      vertex 230 1206.425048828125 343.684326171875
      vertex 240 1199.063232421875 345.08856201171875
      vertex 230 1199.063232421875 345.08856201171875
    endloop
  endfacet
  facet normal -0 -0.18736770019224108 -0.98228984771536276
    outer loop
      vertex 220 1206.425048828125 343.684326171875
      vertex 220 1199.063232421875 345.08856201171875
      vertex 210 1199.063232421875 345.08856201171875
    endloop
  endfacet
  facet normal 0 -0.18736770019224108 -0.98228984771536276
    outer loop
      vertex 220 1206.425048828125 343.684326171875
      vertex 210 1199.063232421875 345.08856201171875
      vertex 210 1206.425048828125 343.684326171875
    endloop
  endfacet
  facet normal 0 -0.18736470246379544 -0.98229041951484664
    outer loop
      vertex 260 1272.68212890625 331.04620361328125
      vertex 270 1272.68212890625 331.04620361328125
      vertex 270 1265.3201904296875 332.450439453125
    endloop
  endfacet
  facet normal 0 -0.18736470246379544 -0.98229041951484664
    outer loop
      vertex 260 1272.68212890625 331.04620361328125
      vertex 270 1265.3201904296875 332.450439453125
      vertex 260 1265.3201904296875 332.450439453125
    endloop
  endfacet
  facet normal 0 -0.18736470246379544 -0.98229041951484664
    outer loop
      vertex 270 1272.68212890625 331.04620361328125
      vertex 280 1272.68212890625 331.04620361328125
      vertex 280 1265.3201904296875 332.450439453125
    endloop
  endfacet
  facet normal 0 -0.18736470246379544 -0.98229041951484664
    outer loop
      vertex 270 1272.68212890625 331.04620361328125
      vertex 280 1265.3201904296875 332.450439453125
      vertex 270 1265.3201904296875 332.450439453125
    endloop
  endfacet
  facet normal -0 -0.18736470246379544 -0.98229041951484664
    outer loop
      vertex 260 1265.3201904296875 332.450439453125
      vertex 250 1265.3201904296875 332.450439453125
      vertex 250 1272.68212890625 331.04620361328125
    endloop
  endfacet
  facet normal 0 -0.18736470246379544 -0.98229041951484664
    outer loop
      vertex 260 1265.3201904296875 332.450439453125
      vertex 250 1272.68212890625 331.04620361328125
      vertex 260 1272.68212890625 331.04620361328125
    endloop
  endfacet
  facet normal 0 -0.18736470246379544 -0.98229041951484664
    outer loop
      vertex 280 1272.68212890625 331.04620361328125
      vertex 290 1272.68212890625 331.04620361328125
      vertex 290 1265.3201904296875 332.450439453125
    endloop
  endfacet
  facet normal 0 -0.18736470246379544 -0.98229041951484664
    outer loop
      vertex 280 1272.68212890625 331.04620361328125
      vertex 290 1265.3201904296875 332.450439453125
      vertex 280 1265.3201904296875 332.450439453125
    endloop
  endfacet
  facet normal 0 -0.18736470246379544 -0.98229041951484664
    outer loop
      vertex 290 1265.3201904296875 332.450439453125
      vertex 290 1272.68212890625 331.04620361328125
      vertex 300 1272.68212890625 331.04620361328125
    endloop
  endfacet
  facet normal 5.4404533183339985e-07 -0.18736541551821187 -0.98229028350452086
    outer loop
      vertex 290 1265.3201904296875 332.450439453125
      vertex 300 1272.68212890625 331.04620361328125
      vertex 300 1262.1651611328125 333.05224609375
    endloop
  endfacet
  facet normal 4.2051686719051375e-08 -0.18736695075130025 -0.98228999066780576
    outer loop
      vertex 290 1255.50439453125 334.32275390625
      vertex 290 1265.3201904296875 332.450439453125
      vertex 300 1262.1651611328125 333.05224609375
    endloop
  endfacet
  facet normal -5.6773366075919733e-07 -0.18736606740241946 -0.98229015916165519
    outer loop
      vertex 290 1255.50439453125 334.32275390625
      vertex 300 1262.1651611328125 333.05224609375
      vertex 300 1251.6480712890625 335.05831909179688
    endloop
  endfacet
  facet normal -2.2218532399286271e-08 -0.18736470246379539 -0.98229041951484641
    outer loop
      vertex 290 1245.6884765625 336.195068359375
      vertex 290 1255.50439453125 334.32275390625
      vertex 300 1251.6480712890625 335.05831909179688
    endloop
  endfacet
  facet normal 4.1819396541965681e-07 -0.18736541551822317 -0.98229028350458014
    outer loop
      vertex 290 1245.6884765625 336.195068359375
      vertex 300 1251.6480712890625 335.05831909179688
      vertex 300 1241.131103515625 337.06436157226562
    endloop
  endfacet
  facet normal -3.0692512124154695e-07 -0.18736695075129162 -0.98228999066776046
    outer loop
      vertex 290 1235.8726806640625 338.0673828125
      vertex 290 1245.6884765625 336.195068359375
      vertex 300 1241.131103515625 337.06436157226562
    endloop
  endfacet
  facet normal 0 -0.18736770019224108 -0.98228984771536276
    outer loop
      vertex 260 1206.425048828125 343.684326171875
      vertex 270 1206.425048828125 343.684326171875
      vertex 270 1199.063232421875 345.08856201171875
    endloop
  endfacet
  facet normal 0 -0.18736770019224108 -0.98228984771536276
    outer loop
      vertex 260 1206.425048828125 343.684326171875
      vertex 270 1199.063232421875 345.08856201171875
      vertex 260 1199.063232421875 345.08856201171875
    endloop
  endfacet
  facet normal 0 -0.18736770019224108 -0.98228984771536276
    outer loop
      vertex 280 1199.063232421875 345.08856201171875
      vertex 280 1206.425048828125 343.684326171875
      vertex 290 1206.425048828125 343.684326171875
    endloop
  endfacet
  facet normal 0 -0.18736770019224108 -0.98228984771536276
    outer loop
      vertex 280 1199.063232421875 345.08856201171875
      vertex 290 1206.425048828125 343.684326171875
      vertex 290 1199.063232421875 345.08856201171875
    endloop
  endfacet
  facet normal 0 -0.18736770019224108 -0.98228984771536276
    outer loop
      vertex 250 1206.425048828125 343.684326171875
      vertex 260 1206.425048828125 343.684326171875
      vertex 260 1199.063232421875 345.08856201171875
    endloop
  endfacet
  facet normal 0 -0.18736770019224108 -0.98228984771536276
    outer loop
      vertex 250 1206.425048828125 343.684326171875
      vertex 260 1199.063232421875 345.08856201171875
      vertex 250 1199.063232421875 345.08856201171875
    endloop
  endfacet
  facet normal 0 -0.18736770019224108 -0.98228984771536276
    outer loop
      vertex 270 1206.425048828125 343.684326171875
      vertex 280 1206.425048828125 343.684326171875
      vertex 280 1199.063232421875 345.08856201171875
    endloop
  endfacet
  facet normal 0 -0.18736770019224108 -0.98228984771536276
    outer loop
      vertex 270 1206.425048828125 343.684326171875
      vertex 280 1199.063232421875 345.08856201171875
      vertex 270 1199.063232421875 345.08856201171875
    endloop
  endfacet
  facet normal 3.0692512124294434e-07 -0.18736695075129162 -0.98228999066776046
    outer loop
      vertex 290 1216.240966796875 341.81201171875
      vertex 290 1226.0567626953125 339.939697265625
      vertex 300 1230.6141357421875 339.07040405273438
    endloop
  endfacet
  facet normal -1.9799756720364681e-06 -0.18736541551787228 -0.98229028350274061
    outer loop
      vertex 290 1216.240966796875 341.81201171875
      vertex 300 1230.6141357421875 339.07040405273438
      vertex 300 1220.09716796875 341.07644653320312
    endloop
  endfacet
  facet normal -7.5498274857419047e-07 -0.18736470246374207 -0.98229041951456697
    outer loop
      vertex 300 1230.6141357421875 339.07040405273438
      vertex 290 1226.0567626953125 339.939697265625
      vertex 290 1235.8726806640625 338.0673828125
    endloop
  endfacet
  facet normal -1.2545818962497504e-06 -0.18736541551809213 -0.98229028350389302
    outer loop
      vertex 300 1220.09716796875 341.07644653320312
      vertex 300 1209.5802001953125 343.08248901367188
      vertex 290 1206.425048828125 343.684326171875
    endloop
  endfacet
  facet normal -2.2649482457152263e-06 -0.18736470246331485 -0.9822904195123271
    outer loop
      vertex 300 1220.09716796875 341.07644653320312
      vertex 290 1206.425048828125 343.684326171875
      vertex 290 1216.240966796875 341.81201171875
    endloop
  endfacet
  facet normal -5.0750524671268662e-07 -0.18736770019221699 -0.98228984771523631
    outer loop
      vertex 290 1199.063232421875 345.08856201171875
      vertex 290 1206.425048828125 343.684326171875
      vertex 300 1209.5802001953125 343.08248901367188
    endloop
  endfacet
  facet normal 0 -0.18736816580968824 -0.98228975890065817
    outer loop
      vertex 290 1199.063232421875 345.08856201171875
      vertex 300 1209.5802001953125 343.08248901367188
      vertex 300 1199.063232421875 345.08856201171875
    endloop
  endfacet
  facet normal -1.1435877411994448e-06 -0.18736541551811703 -0.9822902835040237
    outer loop
      vertex 300 1230.6141357421875 339.07040405273438
      vertex 290 1235.8726806640625 338.0673828125
      vertex 300 1241.131103515625 337.06436157226562
    endloop
  endfacet
  facet normal -5.1014218054036457e-07 0.54900822258658377 0.83581694857908917
    outer loop
      vertex 310 1334.64111328125 295.875
      vertex 300 1341.42138671875 291.42135620117188
      vertex 300 1332.946044921875 296.9884033203125
    endloop
  endfacet
  facet normal 0 0.54900612012811612 0.83581832957998248
    outer loop
      vertex 310 1334.64111328125 295.875
      vertex 300 1332.946044921875 296.9884033203125
      vertex 300 1324.470703125 302.555419921875
    endloop
  endfacet
  facet normal 1.2565733116229627e-06 0.54900525700348324 0.83581889652062813
    outer loop
      vertex 310 1334.64111328125 295.875
      vertex 300 1324.470703125 302.555419921875
      vertex 310 1326.8922119140625 300.96484375
    endloop
  endfacet
  facet normal 0 0.5490087481996615 0.83581660332888852
    outer loop
      vertex 310 1334.64111328125 295.875
      vertex 310 1341.42138671875 291.42135620117188
      vertex 300 1341.42138671875 291.42135620117188
    endloop
  endfacet
  facet normal -1.4550860608913138e-06 0.54901359848389697 0.83581341738311743
    outer loop
      vertex 300 1315.9954833984375 308.12246704101562
      vertex 310 1319.1434326171875 306.05471801757812
      vertex 310 1326.8922119140625 300.96484375
    endloop
  endfacet
  facet normal -1.6861753743518489e-06 0.54901374663405444 0.83581332006853959
    outer loop
      vertex 300 1315.9954833984375 308.12246704101562
      vertex 310 1326.8922119140625 300.96484375
      vertex 300 1324.470703125 302.555419921875
    endloop
  endfacet
  facet normal 9.6738181603822971e-07 0.54900822258639825 0.83581694857880684
    outer loop
      vertex 310 1319.1434326171875 306.05471801757812
      vertex 300 1315.9954833984375 308.12246704101562
      vertex 300 1307.5201416015625 313.68951416015625
    endloop
  endfacet
  facet normal 5.9015790115217432e-06 0.54900525699435609 0.8358188965067328
    outer loop
      vertex 310 1319.1434326171875 306.05471801757812
      vertex 300 1307.5201416015625 313.68951416015625
      vertex 310 1311.39453125 311.14456176757812
    endloop
  endfacet
  facet normal -0 0.5490087481996615 0.83581660332888852
    outer loop
      vertex 310 1341.42138671875 291.42135620117188
      vertex 310 1334.64111328125 295.875
      vertex 320 1334.64111328125 295.875
    endloop
  endfacet
  facet normal 0 0.5490087481996615 0.83581660332888852
    outer loop
      vertex 310 1341.42138671875 291.42135620117188
      vertex 320 1334.64111328125 295.875
      vertex 320 1341.42138671875 291.42135620117188
    endloop
  endfacet
  facet normal -0 0.5490087481996615 0.83581660332888852
    outer loop
      vertex 330 1341.42138671875 291.42135620117188
      vertex 330 1334.64111328125 295.875
      vertex 340 1334.64111328125 295.875
    endloop
  endfacet
  facet normal 0 0.5490087481996615 0.83581660332888852
    outer loop
      vertex 330 1341.42138671875 291.42135620117188
      vertex 340 1334.64111328125 295.875
      vertex 340 1341.42138671875 291.42135620117188
    endloop
  endfacet
  facet normal -0 0.5490087481996615 0.83581660332888852
    outer loop
      vertex 320 1341.42138671875 291.42135620117188
      vertex 320 1334.64111328125 295.875
      vertex 330 1334.64111328125 295.875
    endloop
  endfacet
  facet normal 0 0.5490087481996615 0.83581660332888852
    outer loop
      vertex 320 1341.42138671875 291.42135620117188
      vertex 330 1334.64111328125 295.875
      vertex 330 1341.42138671875 291.42135620117188
    endloop
  endfacet
  facet normal -0 0.5490087481996615 0.83581660332888852
    outer loop
      vertex 340 1341.42138671875 291.42135620117188
      vertex 340 1334.64111328125 295.875
      vertex 350 1334.64111328125 295.875
    endloop
  endfacet
  facet normal 0 0.5490087481996615 0.83581660332888852
    outer loop
      vertex 340 1341.42138671875 291.42135620117188
      vertex 350 1334.64111328125 295.875
      vertex 350 1341.42138671875 291.42135620117188
    endloop
  endfacet
  facet normal -1.2675005407532408e-06 0.54900755656647271 0.83581738605469602
    outer loop
      vertex 300 1299.0447998046875 319.25656127929688
      vertex 310 1295.8968505859375 321.32431030273438
      vertex 310 1303.645751953125 316.23443603515625
    endloop
  endfacet
  facet normal -1.7061438143462609e-06 0.54900822258585613 0.8358169485779815
    outer loop
      vertex 300 1299.0447998046875 319.25656127929688
      vertex 310 1303.645751953125 316.23443603515625
      vertex 300 1307.5201416015625 313.68951416015625
    endloop
  endfacet
  facet normal 1.2753500631273801e-06 0.54901359848403164 0.83581341738332249
    outer loop
      vertex 310 1303.645751953125 316.23443603515625
      vertex 310 1311.39453125 311.14456176757812
      vertex 300 1307.5201416015625 313.68951416015625
    endloop
  endfacet
  facet normal 8.3772476031946289e-07 0.54901129891781919 0.83581492787570344
    outer loop
      vertex 300 1290.569580078125 324.82357788085938
      vertex 310 1288.1480712890625 326.41415405273438
      vertex 310 1295.8968505859375 321.32431030273438
    endloop
  endfacet
  facet normal 5.7444019688892166e-07 0.54901164417330539 0.83581470109217015
    outer loop
      vertex 300 1290.569580078125 324.82357788085938
      vertex 310 1295.8968505859375 321.32431030273438
      vertex 300 1299.0447998046875 319.25656127929688
    endloop
  endfacet
  facet normal 3.4853853951604187e-07 0.54900755656688038 0.83581738605531664
    outer loop
      vertex 300 1282.09423828125 330.390625
      vertex 310 1280.399169921875 331.5040283203125
      vertex 310 1288.1480712890625 326.41415405273438
    endloop
  endfacet
  facet normal -2.2861981775595474e-07 0.54900822258664084 0.8358169485791761
    outer loop
      vertex 300 1282.09423828125 330.390625
      vertex 310 1288.1480712890625 326.41415405273438
      vertex 300 1290.569580078125 324.82357788085938
    endloop
  endfacet
  facet normal 5.1014218054036457e-07 0.54900822258658377 0.83581694857908917
    outer loop
      vertex 300 1273.618896484375 335.95767211914062
      vertex 310 1280.399169921875 331.5040283203125
      vertex 300 1282.09423828125 330.390625
    endloop
  endfacet
  facet normal -0 0.5490087481996615 0.83581660332888852
    outer loop
      vertex 310 1280.399169921875 331.5040283203125
      vertex 310 1273.618896484375 335.95767211914062
      vertex 320 1273.618896484375 335.95767211914062
    endloop
  endfacet
  facet normal 0 0.5490087481996615 0.83581660332888852
    outer loop
      vertex 310 1280.399169921875 331.5040283203125
      vertex 320 1273.618896484375 335.95767211914062
      vertex 320 1280.399169921875 331.5040283203125
    endloop
  endfacet
  facet normal -0 0.5490087481996615 0.83581660332888852
    outer loop
      vertex 330 1280.399169921875 331.5040283203125
      vertex 330 1273.618896484375 335.95767211914062
      vertex 340 1273.618896484375 335.95767211914062
    endloop
  endfacet
  facet normal 0 0.5490087481996615 0.83581660332888852
    outer loop
      vertex 330 1280.399169921875 331.5040283203125
      vertex 340 1273.618896484375 335.95767211914062
      vertex 340 1280.399169921875 331.5040283203125
    endloop
  endfacet
  facet normal -0 0.5490087481996615 0.83581660332888852
    outer loop
      vertex 320 1280.399169921875 331.5040283203125
      vertex 320 1273.618896484375 335.95767211914062
      vertex 330 1273.618896484375 335.95767211914062
    endloop
  endfacet
  facet normal 0 0.5490087481996615 0.83581660332888852
    outer loop
      vertex 320 1280.399169921875 331.5040283203125
      vertex 330 1273.618896484375 335.95767211914062
      vertex 330 1280.399169921875 331.5040283203125
    endloop
  endfacet
  facet normal 0 0.5490087481996615 0.83581660332888852
    outer loop
      vertex 350 1273.618896484375 335.95767211914062
      vertex 350 1280.399169921875 331.5040283203125
      vertex 340 1280.399169921875 331.5040283203125
    endloop
  endfacet
  facet normal -0 0.5490087481996615 0.83581660332888852
    outer loop
      vertex 350 1273.618896484375 335.95767211914062
      vertex 340 1280.399169921875 331.5040283203125
      vertex 340 1273.618896484375 335.95767211914062
    endloop
  endfacet
  facet normal -0 0.5490087481996615 0.83581660332888852
    outer loop
      vertex 300 1273.618896484375 335.95767211914062
      vertex 310 1273.618896484375 335.95767211914062
      vertex 310 1280.399169921875 331.5040283203125
    endloop
  endfacet
  facet normal -0 0.5490087481996615 0.83581660332888852
    outer loop
      vertex 360 1341.42138671875 291.42135620117188
      vertex 360 1334.64111328125 295.875
      vertex 370 1334.64111328125 295.875
    endloop
  endfacet
  facet normal 0 0.5490087481996615 0.83581660332888852
    outer loop
      vertex 360 1341.42138671875 291.42135620117188
      vertex 370 1334.64111328125 295.875
      vertex 370 1341.42138671875 291.42135620117188
    endloop
  endfacet
  facet normal -0 0.5490087481996615 0.83581660332888852
    outer loop
      vertex 380 1341.42138671875 291.42135620117188
      vertex 380 1334.64111328125 295.875
      vertex 390 1334.64111328125 295.875
    endloop
  endfacet
  facet normal 0 0.5490087481996615 0.83581660332888852
    outer loop
      vertex 380 1341.42138671875 291.42135620117188
      vertex 390 1334.64111328125 295.875
      vertex 390 1341.42138671875 291.42135620117188
    endloop
  endfacet
  facet normal -0 0.5490087481996615 0.83581660332888852
    outer loop
      vertex 370 1341.42138671875 291.42135620117188
      vertex 370 1334.64111328125 295.875
      vertex 380 1334.64111328125 295.875
    endloop
  endfacet
  facet normal 0 0.5490087481996615 0.83581660332888852
    outer loop
      vertex 370 1341.42138671875 291.42135620117188
      vertex 380 1334.64111328125 295.875
      vertex 380 1341.42138671875 291.42135620117188
    endloop
  endfacet
  facet normal 0 0.5490087481996615 0.83581660332888852
    outer loop
      vertex 360 1334.64111328125 295.875
      vertex 360 1341.42138671875 291.42135620117188
      vertex 350 1341.42138671875 291.42135620117188
    endloop
  endfacet
  facet normal -0 0.5490087481996615 0.83581660332888852
    outer loop
      vertex 360 1334.64111328125 295.875
      vertex 350 1341.42138671875 291.42135620117188
      vertex 350 1334.64111328125 295.875
    endloop
  endfacet
  facet normal -9.5739069497744241e-07 0.54900612012786454 0.83581832957959956
    outer loop
      vertex 390 1326.8922119140625 300.96484375
      vertex 400 1324.470703125 302.555419921875
      vertex 400 1332.946044921875 296.9884033203125
    endloop
  endfacet
  facet normal -2.0942888527065447e-07 0.54900525700390446 0.83581889652126939
    outer loop
      vertex 390 1326.8922119140625 300.96484375
      vertex 400 1332.946044921875 296.9884033203125
      vertex 390 1334.64111328125 295.875
    endloop
  endfacet
  facet normal 0 0.5490087481996615 0.83581660332888852
    outer loop
      vertex 400 1341.42138671875 291.42135620117188
      vertex 390 1341.42138671875 291.42135620117188
      vertex 390 1334.64111328125 295.875
    endloop
  endfacet
  facet normal 5.1014218054036457e-07 0.54900822258658377 0.83581694857908917
    outer loop
      vertex 400 1341.42138671875 291.42135620117188
      vertex 390 1334.64111328125 295.875
      vertex 400 1332.946044921875 296.9884033203125
    endloop
  endfacet
  facet normal -4.2568547169504865e-06 0.54900822258168103 0.83581694857162525
    outer loop
      vertex 390 1311.39453125 311.14456176757812
      vertex 400 1307.5201416015625 313.68951416015625
      vertex 400 1315.9954833984375 308.12246704101562
    endloop
  endfacet
  facet normal -2.3037177379711376e-06 0.54900525700245983 0.83581889651907015
    outer loop
      vertex 390 1311.39453125 311.14456176757812
      vertex 400 1315.9954833984375 308.12246704101562
      vertex 390 1319.1434326171875 306.05471801757812
    endloop
  endfacet
  facet normal 1.6348220586372131e-06 0.54901359848374431 0.83581341738288517
    outer loop
      vertex 400 1324.470703125 302.555419921875
      vertex 390 1326.8922119140625 300.96484375
      vertex 390 1319.1434326171875 306.05471801757812
    endloop
  endfacet
  facet normal 1.5218451904736562e-06 0.54901374663419911 0.83581332006875986
    outer loop
      vertex 400 1324.470703125 302.555419921875
      vertex 390 1319.1434326171875 306.05471801757812
      vertex 400 1315.9954833984375 308.12246704101562
    endloop
  endfacet
  facet normal -0 0.5490087481996615 0.83581660332888852
    outer loop
      vertex 360 1280.399169921875 331.5040283203125
      vertex 360 1273.618896484375 335.95767211914062
      vertex 370 1273.618896484375 335.95767211914062
    endloop
  endfacet
  facet normal 0 0.5490087481996615 0.83581660332888852
    outer loop
      vertex 360 1280.399169921875 331.5040283203125
      vertex 370 1273.618896484375 335.95767211914062
      vertex 370 1280.399169921875 331.5040283203125
    endloop
  endfacet
  facet normal -0 0.5490087481996615 0.83581660332888852
    outer loop
      vertex 380 1280.399169921875 331.5040283203125
      vertex 380 1273.618896484375 335.95767211914062
      vertex 390 1273.618896484375 335.95767211914062
    endloop
  endfacet
  facet normal 0 0.5490087481996615 0.83581660332888852
    outer loop
      vertex 380 1280.399169921875 331.5040283203125
      vertex 390 1273.618896484375 335.95767211914062
      vertex 390 1280.399169921875 331.5040283203125
    endloop
  endfacet
  facet normal -0 0.5490087481996615 0.83581660332888852
    outer loop
      vertex 350 1280.399169921875 331.5040283203125
      vertex 350 1273.618896484375 335.95767211914062
      vertex 360 1273.618896484375 335.95767211914062
    endloop
  endfacet
  facet normal 0 0.5490087481996615 0.83581660332888852
    outer loop
      vertex 350 1280.399169921875 331.5040283203125
      vertex 360 1273.618896484375 335.95767211914062
      vertex 360 1280.399169921875 331.5040283203125
    endloop
  endfacet
  facet normal -0 0.5490087481996615 0.83581660332888852
    outer loop
      vertex 370 1280.399169921875 331.5040283203125
      vertex 370 1273.618896484375 335.95767211914062
      vertex 380 1273.618896484375 335.95767211914062
    endloop
  endfacet
  facet normal 0 0.5490087481996615 0.83581660332888852
    outer loop
      vertex 370 1280.399169921875 331.5040283203125
      vertex 380 1273.618896484375 335.95767211914062
      vertex 380 1280.399169921875 331.5040283203125
    endloop
  endfacet
  facet normal 9.6738181603822971e-07 0.54900822258639825 0.83581694857880684
    outer loop
      vertex 390 1295.8968505859375 321.32431030273438
      vertex 400 1299.0447998046875 319.25656127929688
      vertex 400 1307.5201416015625 313.68951416015625
    endloop
  endfacet
  facet normal 2.0755200808849087e-06 0.54900755656573119 0.83581738605356715
    outer loop
      vertex 390 1295.8968505859375 321.32431030273438
      vertex 400 1307.5201416015625 313.68951416015625
      vertex 390 1303.645751953125 316.23443603515625
    endloop
  endfacet
  facet normal -4.188623801559171e-07 0.54901129891796363 0.83581492787592326
    outer loop
      vertex 400 1299.0447998046875 319.25656127929688
      vertex 390 1295.8968505859375 321.32431030273438
      vertex 390 1288.1480712890625 326.41415405273438
    endloop
  endfacet
  facet normal -9.5740032815605466e-07 0.54901164417314441 0.83581470109192513
    outer loop
      vertex 400 1299.0447998046875 319.25656127929688
      vertex 390 1288.1480712890625 326.41415405273438
      vertex 400 1290.569580078125 324.82357788085938
    endloop
  endfacet
  facet normal -5.1014218054407627e-07 0.54900822258658377 0.83581694857908917
    outer loop
      vertex 390 1280.399169921875 331.5040283203125
      vertex 400 1282.09423828125 330.390625
      vertex 400 1290.569580078125 324.82357788085938
    endloop
  endfacet
  facet normal 4.5948100061910116e-07 0.54900755656685585 0.83581738605527933
    outer loop
      vertex 390 1280.399169921875 331.5040283203125
      vertex 400 1290.569580078125 324.82357788085938
      vertex 390 1288.1480712890625 326.41415405273438
    endloop
  endfacet
  facet normal -0 0.54900822258665516 0.83581694857919797
    outer loop
      vertex 390 1273.618896484375 335.95767211914062
      vertex 400 1273.618896484375 335.95767211914062
      vertex 400 1282.09423828125 330.390625
    endloop
  endfacet
  facet normal -6.3767746229352533e-07 0.54900874819955003 0.83581660332871865
    outer loop
      vertex 390 1273.618896484375 335.95767211914062
      vertex 400 1282.09423828125 330.390625
      vertex 390 1280.399169921875 331.5040283203125
    endloop
  endfacet
  facet normal -1.2753500631273801e-06 0.54901359848403164 0.83581341738332249
    outer loop
      vertex 400 1307.5201416015625 313.68951416015625
      vertex 390 1311.39453125 311.14456176757812
      vertex 390 1303.645751953125 316.23443603515625
    endloop
  endfacet
  facet normal -1 0 -0
    outer loop
      vertex 300 1282.09423828125 330.390625
      vertex 300 1279.3492431640625 326.2115478515625
      vertex 300 1270.8739013671875 331.778564453125
    endloop
  endfacet
  facet normal -1 -0 -0
    outer loop
      vertex 300 1282.09423828125 330.390625
      vertex 300 1270.8739013671875 331.778564453125
      vertex 300 1273.618896484375 335.95767211914062
    endloop
  endfacet
  facet normal -1 0 -0
    outer loop
      vertex 300 1299.0447998046875 319.25656127929688
      vertex 300 1296.2998046875 315.07745361328125
      vertex 300 1287.824462890625 320.64450073242188
    endloop
  endfacet
  facet normal -1 -0 -0
    outer loop
      vertex 300 1299.0447998046875 319.25656127929688
      vertex 300 1287.824462890625 320.64450073242188
      vertex 300 1290.569580078125 324.82357788085938
    endloop
  endfacet
  facet normal -1 0 -0
    outer loop
      vertex 300 1290.569580078125 324.82357788085938
      vertex 300 1287.824462890625 320.64450073242188
      vertex 300 1279.3492431640625 326.2115478515625
    endloop
  endfacet
  facet normal -1 -0 -0
    outer loop
      vertex 300 1290.569580078125 324.82357788085938
      vertex 300 1279.3492431640625 326.2115478515625
      vertex 300 1282.09423828125 330.390625
    endloop
  endfacet
  facet normal -1 0 -0
    outer loop
      vertex 300 1315.9954833984375 308.12246704101562
      vertex 300 1313.2503662109375 303.94338989257812
      vertex 300 1304.775146484375 309.51043701171875
    endloop
  endfacet
  facet normal -1 -0 -0
    outer loop
      vertex 300 1315.9954833984375 308.12246704101562
      vertex 300 1304.775146484375 309.51043701171875
      vertex 300 1307.5201416015625 313.68951416015625
    endloop
  endfacet
  facet normal -1 0 -0
    outer loop
      vertex 300 1332.946044921875 296.9884033203125
      vertex 300 1330.2010498046875 292.809326171875
      vertex 300 1321.7257080078125 298.3763427734375
    endloop
  endfacet
  facet normal -1 -0 -0
    outer loop
      vertex 300 1332.946044921875 296.9884033203125
      vertex 300 1321.7257080078125 298.3763427734375
      vertex 300 1324.470703125 302.555419921875
    endloop
  endfacet
  facet normal -1 0 -0
    outer loop
      vertex 300 1341.42138671875 291.42135620117188
      vertex 300 1338.67626953125 287.24227905273438
      vertex 300 1330.2010498046875 292.809326171875
    endloop
  endfacet
  facet normal -1 -0 -0
    outer loop
      vertex 300 1341.42138671875 291.42135620117188
      vertex 300 1330.2010498046875 292.809326171875
      vertex 300 1332.946044921875 296.9884033203125
    endloop
  endfacet
  facet normal -1 0 -0
    outer loop
      vertex 300 1324.470703125 302.555419921875
      vertex 300 1321.7257080078125 298.3763427734375
      vertex 300 1313.2503662109375 303.94338989257812
    endloop
  endfacet
  facet normal -1 -0 -0
    outer loop
      vertex 300 1324.470703125 302.555419921875
      vertex 300 1313.2503662109375 303.94338989257812
      vertex 300 1315.9954833984375 308.12246704101562
    endloop
  endfacet
  facet normal -1 0 -0
    outer loop
      vertex 300 1307.5201416015625 313.68951416015625
      vertex 300 1304.775146484375 309.51043701171875
      vertex 300 1296.2998046875 315.07745361328125
    endloop
  endfacet
  facet normal -1 -0 -0
    outer loop
      vertex 300 1307.5201416015625 313.68951416015625
      vertex 300 1296.2998046875 315.07745361328125
      vertex 300 1299.0447998046875 319.25656127929688
    endloop
  endfacet
  facet normal 0 0.83582071199119889 -0.54900249307860638
    outer loop
      vertex 320 1280.399169921875 331.5040283203125
      vertex 320 1277.6541748046875 327.324951171875
      vertex 310 1277.6541748046875 327.324951171875
    endloop
  endfacet
  facet normal 0 0.83582071199119889 -0.54900249307860638
    outer loop
      vertex 320 1280.399169921875 331.5040283203125
      vertex 310 1277.6541748046875 327.324951171875
      vertex 310 1280.399169921875 331.5040283203125
    endloop
  endfacet
  facet normal 0 0.83582071199119889 -0.54900249307860638
    outer loop
      vertex 340 1280.399169921875 331.5040283203125
      vertex 340 1277.6541748046875 327.324951171875
      vertex 330 1277.6541748046875 327.324951171875
    endloop
  endfacet
  facet normal 0 0.83582071199119889 -0.54900249307860638
    outer loop
      vertex 340 1280.399169921875 331.5040283203125
      vertex 330 1277.6541748046875 327.324951171875
      vertex 330 1280.399169921875 331.5040283203125
    endloop
  endfacet
  facet normal 0 0.83582071199119889 -0.54900249307860638
    outer loop
      vertex 330 1280.399169921875 331.5040283203125
      vertex 330 1277.6541748046875 327.324951171875
      vertex 320 1277.6541748046875 327.324951171875
    endloop
  endfacet
  facet normal 0 0.83582071199119889 -0.54900249307860638
    outer loop
      vertex 330 1280.399169921875 331.5040283203125
      vertex 320 1277.6541748046875 327.324951171875
      vertex 320 1280.399169921875 331.5040283203125
    endloop
  endfacet
  facet normal 0 0.83582071199119889 -0.54900249307860638
    outer loop
      vertex 360 1280.399169921875 331.5040283203125
      vertex 360 1277.6541748046875 327.324951171875
      vertex 350 1277.6541748046875 327.324951171875
    endloop
  endfacet
  facet normal 0 0.83582071199119889 -0.54900249307860638
    outer loop
      vertex 360 1280.399169921875 331.5040283203125
      vertex 350 1277.6541748046875 327.324951171875
      vertex 350 1280.399169921875 331.5040283203125
    endloop
  endfacet
  facet normal 0 0.83582071199119889 -0.54900249307860638
    outer loop
      vertex 380 1280.399169921875 331.5040283203125
      vertex 380 1277.6541748046875 327.324951171875
      vertex 370 1277.6541748046875 327.324951171875
    endloop
  endfacet
  facet normal 0 0.83582071199119889 -0.54900249307860638
    outer loop
      vertex 380 1280.399169921875 331.5040283203125
      vertex 370 1277.6541748046875 327.324951171875
      vertex 370 1280.399169921875 331.5040283203125
    endloop
  endfacet
  facet normal 0 0.83582071199119889 -0.54900249307860638
    outer loop
      vertex 390 1280.399169921875 331.5040283203125
      vertex 390 1277.6541748046875 327.324951171875
      vertex 380 1277.6541748046875 327.324951171875
    endloop
  endfacet
  facet normal 0 0.83582071199119889 -0.54900249307860638
    outer loop
      vertex 390 1280.399169921875 331.5040283203125
      vertex 380 1277.6541748046875 327.324951171875
      vertex 380 1280.399169921875 331.5040283203125
    endloop
  endfacet
  facet normal 0 0.83582071199119889 -0.54900249307860638
    outer loop
      vertex 370 1280.399169921875 331.5040283203125
      vertex 370 1277.6541748046875 327.324951171875
      vertex 360 1277.6541748046875 327.324951171875
    endloop
  endfacet
  facet normal 0 0.83582071199119889 -0.54900249307860638
    outer loop
      vertex 370 1280.399169921875 331.5040283203125
      vertex 360 1277.6541748046875 327.324951171875
      vertex 360 1280.399169921875 331.5040283203125
    endloop
  endfacet
  facet normal 0 0.83582071199119889 -0.54900249307860638
    outer loop
      vertex 350 1280.399169921875 331.5040283203125
      vertex 350 1277.6541748046875 327.324951171875
      vertex 340 1277.6541748046875 327.324951171875
    endloop
  endfacet
  facet normal 0 0.83582071199119889 -0.54900249307860638
    outer loop
      vertex 350 1280.399169921875 331.5040283203125
      vertex 340 1277.6541748046875 327.324951171875
      vertex 340 1280.399169921875 331.5040283203125
    endloop
  endfacet
  facet normal 0 -0.83582255161116881 0.54899969236621182
    outer loop
      vertex 390 1273.618896484375 335.95767211914062
      vertex 390 1270.8739013671875 331.778564453125
      vertex 400 1270.8739013671875 331.778564453125
    endloop
  endfacet
  facet normal 4.6397472064983392e-17 -0.83582255161116881 0.54899969236621182
    outer loop
      vertex 390 1273.618896484375 335.95767211914062
      vertex 400 1270.8739013671875 331.778564453125
      vertex 400 1273.618896484375 335.95767211914062
    endloop
  endfacet
  facet normal 0 -0.83582255161116881 0.54899969236621182
    outer loop
      vertex 370 1273.618896484375 335.95767211914062
      vertex 370 1270.8739013671875 331.778564453125
      vertex 380 1270.8739013671875 331.778564453125
    endloop
  endfacet
  facet normal 4.6397472064983392e-17 -0.83582255161116881 0.54899969236621182
    outer loop
      vertex 370 1273.618896484375 335.95767211914062
      vertex 380 1270.8739013671875 331.778564453125
      vertex 380 1273.618896484375 335.95767211914062
    endloop
  endfacet
  facet normal 0 -0.83582255161116881 0.54899969236621182
    outer loop
      vertex 360 1273.618896484375 335.95767211914062
      vertex 360 1270.8739013671875 331.778564453125
      vertex 370 1270.8739013671875 331.778564453125
    endloop
  endfacet
  facet normal 4.6397472064983392e-17 -0.83582255161116881 0.54899969236621182
    outer loop
      vertex 360 1273.618896484375 335.95767211914062
      vertex 370 1270.8739013671875 331.778564453125
      vertex 370 1273.618896484375 335.95767211914062
    endloop
  endfacet
  facet normal 0 -0.83582255161116881 0.54899969236621182
    outer loop
      vertex 380 1273.618896484375 335.95767211914062
      vertex 380 1270.8739013671875 331.778564453125
      vertex 390 1270.8739013671875 331.778564453125
    endloop
  endfacet
  facet normal 4.6397472064983392e-17 -0.83582255161116881 0.54899969236621182
    outer loop
      vertex 380 1273.618896484375 335.95767211914062
      vertex 390 1270.8739013671875 331.778564453125
      vertex 390 1273.618896484375 335.95767211914062
    endloop
  endfacet
  facet normal 0 -0.83582255161116881 0.54899969236621182
    outer loop
      vertex 340 1273.618896484375 335.95767211914062
      vertex 340 1270.8739013671875 331.778564453125
      vertex 350 1270.8739013671875 331.778564453125
    endloop
  endfacet
  facet normal 4.6397472064983392e-17 -0.83582255161116881 0.54899969236621182
    outer loop
      vertex 340 1273.618896484375 335.95767211914062
      vertex 350 1270.8739013671875 331.778564453125
      vertex 350 1273.618896484375 335.95767211914062
    endloop
  endfacet
  facet normal 0 -0.83582255161116881 0.54899969236621182
    outer loop
      vertex 330 1273.618896484375 335.95767211914062
      vertex 330 1270.8739013671875 331.778564453125
      vertex 340 1270.8739013671875 331.778564453125
    endloop
  endfacet
  facet normal 4.6397472064983392e-17 -0.83582255161116881 0.54899969236621182
    outer loop
      vertex 330 1273.618896484375 335.95767211914062
      vertex 340 1270.8739013671875 331.778564453125
      vertex 340 1273.618896484375 335.95767211914062
    endloop
  endfacet
  facet normal 0 -0.83582255161116881 0.54899969236621182
    outer loop
      vertex 310 1273.618896484375 335.95767211914062
      vertex 310 1270.8739013671875 331.778564453125
      vertex 320 1270.8739013671875 331.778564453125
    endloop
  endfacet
  facet normal 4.6397472064983392e-17 -0.83582255161116881 0.54899969236621182
    outer loop
      vertex 310 1273.618896484375 335.95767211914062
      vertex 320 1270.8739013671875 331.778564453125
      vertex 320 1273.618896484375 335.95767211914062
    endloop
  endfacet
  facet normal 0 -0.83582255161116881 0.54899969236621182
    outer loop
      vertex 300 1273.618896484375 335.95767211914062
      vertex 300 1270.8739013671875 331.778564453125
      vertex 310 1270.8739013671875 331.778564453125
    endloop
  endfacet
  facet normal 4.6397472064983392e-17 -0.83582255161116881 0.54899969236621182
    outer loop
      vertex 300 1273.618896484375 335.95767211914062
      vertex 310 1270.8739013671875 331.778564453125
      vertex 310 1273.618896484375 335.95767211914062
    endloop
  endfacet
  facet normal 0 -0.83582255161116881 0.54899969236621182
    outer loop
      vertex 320 1273.618896484375 335.95767211914062
      vertex 320 1270.8739013671875 331.778564453125
      vertex 330 1270.8739013671875 331.778564453125
    endloop
  endfacet
  facet normal 4.6397472064983392e-17 -0.83582255161116881 0.54899969236621182
    outer loop
      vertex 320 1273.618896484375 335.95767211914062
      vertex 330 1270.8739013671875 331.778564453125
      vertex 330 1273.618896484375 335.95767211914062
    endloop
  endfacet
  facet normal 0 -0.83582255161116881 0.54899969236621182
    outer loop
      vertex 350 1273.618896484375 335.95767211914062
      vertex 350 1270.8739013671875 331.778564453125
      vertex 360 1270.8739013671875 331.778564453125
    endloop
  endfacet
  facet normal 4.6397472064983392e-17 -0.83582255161116881 0.54899969236621182
    outer loop
      vertex 350 1273.618896484375 335.95767211914062
      vertex 360 1270.8739013671875 331.778564453125
      vertex 360 1273.618896484375 335.95767211914062
    endloop
  endfacet
  facet normal 1 0 0
    outer loop
      vertex 400 1332.946044921875 296.9884033203125
      vertex 400 1330.2010498046875 292.809326171875
      vertex 400 1338.67626953125 287.24227905273438
    endloop
  endfacet
  facet normal 1 0 0
    outer loop
      vertex 400 1332.946044921875 296.9884033203125
      vertex 400 1338.67626953125 287.24227905273438
      vertex 400 1341.42138671875 291.42135620117188
    endloop
  endfacet
  facet normal 1 0 0
    outer loop
      vertex 400 1315.9954833984375 308.12246704101562
      vertex 400 1313.2503662109375 303.94338989257812
      vertex 400 1321.7257080078125 298.3763427734375
    endloop
  endfacet
  facet normal 1 0 0
    outer loop
      vertex 400 1315.9954833984375 308.12246704101562
      vertex 400 1321.7257080078125 298.3763427734375
      vertex 400 1324.470703125 302.555419921875
    endloop
  endfacet
  facet normal 1 0 0
    outer loop
      vertex 400 1324.470703125 302.555419921875
      vertex 400 1321.7257080078125 298.3763427734375
      vertex 400 1330.2010498046875 292.809326171875
    endloop
  endfacet
  facet normal 1 0 0
    outer loop
      vertex 400 1324.470703125 302.555419921875
      vertex 400 1330.2010498046875 292.809326171875
      vertex 400 1332.946044921875 296.9884033203125
    endloop
  endfacet
  facet normal 1 0 0
    outer loop
      vertex 400 1299.0447998046875 319.25656127929688
      vertex 400 1296.2998046875 315.07745361328125
      vertex 400 1304.775146484375 309.51043701171875
    endloop
  endfacet
  facet normal 1 0 0
    outer loop
      vertex 400 1299.0447998046875 319.25656127929688
      vertex 400 1304.775146484375 309.51043701171875
      vertex 400 1307.5201416015625 313.68951416015625
    endloop
  endfacet
  facet normal 1 0 0
    outer loop
      vertex 400 1282.09423828125 330.390625
      vertex 400 1279.3492431640625 326.2115478515625
      vertex 400 1287.824462890625 320.64450073242188
    endloop
  endfacet
  facet normal 1 0 0
    outer loop
      vertex 400 1282.09423828125 330.390625
      vertex 400 1287.824462890625 320.64450073242188
      vertex 400 1290.569580078125 324.82357788085938
    endloop
  endfacet
  facet normal 1 0 0
    outer loop
      vertex 400 1273.618896484375 335.95767211914062
      vertex 400 1270.8739013671875 331.778564453125
      vertex 400 1279.3492431640625 326.2115478515625
    endloop
  endfacet
  facet normal 1 0 0
    outer loop
      vertex 400 1273.618896484375 335.95767211914062
      vertex 400 1279.3492431640625 326.2115478515625
      vertex 400 1282.09423828125 330.390625
    endloop
  endfacet
  facet normal 1 0 0
    outer loop
      vertex 400 1290.569580078125 324.82357788085938
      vertex 400 1287.824462890625 320.64450073242188
      vertex 400 1296.2998046875 315.07745361328125
    endloop
  endfacet
  facet normal 1 0 0
    outer loop
      vertex 400 1290.569580078125 324.82357788085938
      vertex 400 1296.2998046875 315.07745361328125
      vertex 400 1299.0447998046875 319.25656127929688
    endloop
  endfacet
  facet normal 1 0 0
    outer loop
      vertex 400 1307.5201416015625 313.68951416015625
      vertex 400 1304.775146484375 309.51043701171875
      vertex 400 1313.2503662109375 303.94338989257812
    endloop
  endfacet
  facet normal 1 0 0
    outer loop
      vertex 400 1307.5201416015625 313.68951416015625
      vertex 400 1313.2503662109375 303.94338989257812
      vertex 400 1315.9954833984375 308.12246704101562
    endloop
  endfacet
  facet normal 0 0.83580950907294205 -0.54901954841630851
    outer loop
      vertex 310 1341.42138671875 291.42135620117188
      vertex 310 1338.67626953125 287.24227905273438
      vertex 300 1338.67626953125 287.24227905273438
    endloop
  endfacet
  facet normal 0 0.83580950907294205 -0.54901954841630851
    outer loop
      vertex 310 1341.42138671875 291.42135620117188
      vertex 300 1338.67626953125 287.24227905273438
      vertex 300 1341.42138671875 291.42135620117188
    endloop
  endfacet
  facet normal 0 0.83580950907294205 -0.54901954841630851
    outer loop
      vertex 330 1341.42138671875 291.42135620117188
      vertex 330 1338.67626953125 287.24227905273438
      vertex 320 1338.67626953125 287.24227905273438
    endloop
  endfacet
  facet normal 0 0.83580950907294205 -0.54901954841630851
    outer loop
      vertex 330 1341.42138671875 291.42135620117188
      vertex 320 1338.67626953125 287.24227905273438
      vertex 320 1341.42138671875 291.42135620117188
    endloop
  endfacet
  facet normal 0 0.83580950907294205 -0.54901954841630851
    outer loop
      vertex 340 1341.42138671875 291.42135620117188
      vertex 340 1338.67626953125 287.24227905273438
      vertex 330 1338.67626953125 287.24227905273438
    endloop
  endfacet
  facet normal 0 0.83580950907294205 -0.54901954841630851
    outer loop
      vertex 340 1341.42138671875 291.42135620117188
      vertex 330 1338.67626953125 287.24227905273438
      vertex 330 1341.42138671875 291.42135620117188
    endloop
  endfacet
  facet normal 0 0.83580950907294205 -0.54901954841630851
    outer loop
      vertex 320 1341.42138671875 291.42135620117188
      vertex 320 1338.67626953125 287.24227905273438
      vertex 310 1338.67626953125 287.24227905273438
    endloop
  endfacet
  facet normal 0 0.83580950907294205 -0.54901954841630851
    outer loop
      vertex 320 1341.42138671875 291.42135620117188
      vertex 310 1338.67626953125 287.24227905273438
      vertex 310 1341.42138671875 291.42135620117188
    endloop
  endfacet
  facet normal 0 0.83580950907294205 -0.54901954841630851
    outer loop
      vertex 360 1341.42138671875 291.42135620117188
      vertex 360 1338.67626953125 287.24227905273438
      vertex 350 1338.67626953125 287.24227905273438
    endloop
  endfacet
  facet normal 0 0.83580950907294205 -0.54901954841630851
    outer loop
      vertex 360 1341.42138671875 291.42135620117188
      vertex 350 1338.67626953125 287.24227905273438
      vertex 350 1341.42138671875 291.42135620117188
    endloop
  endfacet
  facet normal 0 0.83580950907294205 -0.54901954841630851
    outer loop
      vertex 370 1341.42138671875 291.42135620117188
      vertex 370 1338.67626953125 287.24227905273438
      vertex 360 1338.67626953125 287.24227905273438
    endloop
  endfacet
  facet normal 0 0.83580950907294205 -0.54901954841630851
    outer loop
      vertex 370 1341.42138671875 291.42135620117188
      vertex 360 1338.67626953125 287.24227905273438
      vertex 360 1341.42138671875 291.42135620117188
    endloop
  endfacet
  facet normal 0 0.83580950907294205 -0.54901954841630851
    outer loop
      vertex 390 1341.42138671875 291.42135620117188
      vertex 390 1338.67626953125 287.24227905273438
      vertex 380 1338.67626953125 287.24227905273438
    endloop
  endfacet
  facet normal 0 0.83580950907294205 -0.54901954841630851
    outer loop
      vertex 390 1341.42138671875 291.42135620117188
      vertex 380 1338.67626953125 287.24227905273438
      vertex 380 1341.42138671875 291.42135620117188
    endloop
  endfacet
  facet normal 0 0.83580950907294205 -0.54901954841630851
    outer loop
      vertex 400 1341.42138671875 291.42135620117188
      vertex 400 1338.67626953125 287.24227905273438
      vertex 390 1338.67626953125 287.24227905273438
    endloop
  endfacet
  facet normal 0 0.83580950907294205 -0.54901954841630851
    outer loop
      vertex 400 1341.42138671875 291.42135620117188
      vertex 390 1338.67626953125 287.24227905273438
      vertex 390 1341.42138671875 291.42135620117188
    endloop
  endfacet
  facet normal 0 0.83580950907294205 -0.54901954841630851
    outer loop
      vertex 380 1341.42138671875 291.42135620117188
      vertex 380 1338.67626953125 287.24227905273438
      vertex 370 1338.67626953125 287.24227905273438
    endloop
  endfacet
  facet normal 0 0.83580950907294205 -0.54901954841630851
    outer loop
      vertex 380 1341.42138671875 291.42135620117188
      vertex 370 1338.67626953125 287.24227905273438
      vertex 370 1341.42138671875 291.42135620117188
    endloop
  endfacet
  facet normal 0 0.83580950907294205 -0.54901954841630851
    outer loop
      vertex 350 1341.42138671875 291.42135620117188
      vertex 350 1338.67626953125 287.24227905273438
      vertex 340 1338.67626953125 287.24227905273438
    endloop
  endfacet
  facet normal 0 0.83580950907294205 -0.54901954841630851
    outer loop
      vertex 350 1341.42138671875 291.42135620117188
      vertex 340 1338.67626953125 287.24227905273438
      vertex 340 1341.42138671875 291.42135620117188
    endloop
  endfacet
  facet normal 1 0 0
    outer loop
      vertex 310 1326.8922119140625 300.96484375
      vertex 310 1324.147216796875 296.7857666015625
      vertex 310 1331.8961181640625 291.69589233398438
    endloop
  endfacet
  facet normal 1 0 0
    outer loop
      vertex 310 1326.8922119140625 300.96484375
      vertex 310 1331.8961181640625 291.69589233398438
      vertex 310 1334.64111328125 295.875
    endloop
  endfacet
  facet normal 1 0 0
    outer loop
      vertex 310 1311.39453125 311.14456176757812
      vertex 310 1308.6495361328125 306.96548461914062
      vertex 310 1316.3983154296875 301.87564086914062
    endloop
  endfacet
  facet normal 1 0 0
    outer loop
      vertex 310 1311.39453125 311.14456176757812
      vertex 310 1316.3983154296875 301.87564086914062
      vertex 310 1319.1434326171875 306.05471801757812
    endloop
  endfacet
  facet normal 1 0 0
    outer loop
      vertex 310 1319.1434326171875 306.05471801757812
      vertex 310 1316.3983154296875 301.87564086914062
      vertex 310 1324.147216796875 296.7857666015625
    endloop
  endfacet
  facet normal 1 0 0
    outer loop
      vertex 310 1319.1434326171875 306.05471801757812
      vertex 310 1324.147216796875 296.7857666015625
      vertex 310 1326.8922119140625 300.96484375
    endloop
  endfacet
  facet normal 1 0 0
    outer loop
      vertex 310 1295.8968505859375 321.32431030273438
      vertex 310 1293.15185546875 317.14523315429688
      vertex 310 1300.900634765625 312.05535888671875
    endloop
  endfacet
  facet normal 1 0 0
    outer loop
      vertex 310 1295.8968505859375 321.32431030273438
      vertex 310 1300.900634765625 312.05535888671875
      vertex 310 1303.645751953125 316.23443603515625
    endloop
  endfacet
  facet normal 1 0 0
    outer loop
      vertex 310 1280.399169921875 331.5040283203125
      vertex 310 1277.6541748046875 327.324951171875
      vertex 310 1285.4029541015625 322.23507690429688
    endloop
  endfacet
  facet normal 1 0 0
    outer loop
      vertex 310 1280.399169921875 331.5040283203125
      vertex 310 1285.4029541015625 322.23507690429688
      vertex 310 1288.1480712890625 326.41415405273438
    endloop
  endfacet
  facet normal 1 0 0
    outer loop
      vertex 310 1288.1480712890625 326.41415405273438
      vertex 310 1285.4029541015625 322.23507690429688
      vertex 310 1293.15185546875 317.14523315429688
    endloop
  endfacet
  facet normal 1 0 0
    outer loop
      vertex 310 1288.1480712890625 326.41415405273438
      vertex 310 1293.15185546875 317.14523315429688
      vertex 310 1295.8968505859375 321.32431030273438
    endloop
  endfacet
  facet normal 1 0 0
    outer loop
      vertex 310 1303.645751953125 316.23443603515625
      vertex 310 1300.900634765625 312.05535888671875
      vertex 310 1308.6495361328125 306.96548461914062
    endloop
  endfacet
  facet normal 1 0 0
    outer loop
      vertex 310 1303.645751953125 316.23443603515625
      vertex 310 1308.6495361328125 306.96548461914062
      vertex 310 1311.39453125 311.14456176757812
    endloop
  endfacet
  facet normal 0 -0.83582255161116881 0.54899969236621182
    outer loop
      vertex 380 1334.64111328125 295.875
      vertex 380 1331.8961181640625 291.69589233398438
      vertex 390 1331.8961181640625 291.69589233398438
    endloop
  endfacet
  facet normal 4.6397472064983392e-17 -0.83582255161116881 0.54899969236621182
    outer loop
      vertex 380 1334.64111328125 295.875
      vertex 390 1331.8961181640625 291.69589233398438
      vertex 390 1334.64111328125 295.875
    endloop
  endfacet
  facet normal 0 -0.83582255161116881 0.54899969236621182
    outer loop
      vertex 360 1334.64111328125 295.875
      vertex 360 1331.8961181640625 291.69589233398438
      vertex 370 1331.8961181640625 291.69589233398438
    endloop
  endfacet
  facet normal 4.6397472064983392e-17 -0.83582255161116881 0.54899969236621182
    outer loop
      vertex 360 1334.64111328125 295.875
      vertex 370 1331.8961181640625 291.69589233398438
      vertex 370 1334.64111328125 295.875
    endloop
  endfacet
  facet normal 0 -0.83582255161116881 0.54899969236621182
    outer loop
      vertex 370 1334.64111328125 295.875
      vertex 370 1331.8961181640625 291.69589233398438
      vertex 380 1331.8961181640625 291.69589233398438
    endloop
  endfacet
  facet normal 4.6397472064983392e-17 -0.83582255161116881 0.54899969236621182
    outer loop
      vertex 370 1334.64111328125 295.875
      vertex 380 1331.8961181640625 291.69589233398438
      vertex 380 1334.64111328125 295.875
    endloop
  endfacet
  facet normal 0 -0.83582255161116881 0.54899969236621182
    outer loop
      vertex 340 1334.64111328125 295.875
      vertex 340 1331.8961181640625 291.69589233398438
      vertex 350 1331.8961181640625 291.69589233398438
    endloop
  endfacet
  facet normal 4.6397472064983392e-17 -0.83582255161116881 0.54899969236621182
    outer loop
      vertex 340 1334.64111328125 295.875
      vertex 350 1331.8961181640625 291.69589233398438
      vertex 350 1334.64111328125 295.875
    endloop
  endfacet
  facet normal 0 -0.83582255161116881 0.54899969236621182
    outer loop
      vertex 320 1334.64111328125 295.875
      vertex 320 1331.8961181640625 291.69589233398438
      vertex 330 1331.8961181640625 291.69589233398438
    endloop
  endfacet
  facet normal 4.6397472064983392e-17 -0.83582255161116881 0.54899969236621182
    outer loop
      vertex 320 1334.64111328125 295.875
      vertex 330 1331.8961181640625 291.69589233398438
      vertex 330 1334.64111328125 295.875
    endloop
  endfacet
  facet normal 0 -0.83582255161116881 0.54899969236621182
    outer loop
      vertex 310 1334.64111328125 295.875
      vertex 310 1331.8961181640625 291.69589233398438
      vertex 320 1331.8961181640625 291.69589233398438
    endloop
  endfacet
  facet normal 4.6397472064983392e-17 -0.83582255161116881 0.54899969236621182
    outer loop
      vertex 310 1334.64111328125 295.875
      vertex 320 1331.8961181640625 291.69589233398438
      vertex 320 1334.64111328125 295.875
    endloop
  endfacet
  facet normal 0 -0.83582255161116881 0.54899969236621182
    outer loop
      vertex 330 1334.64111328125 295.875
      vertex 330 1331.8961181640625 291.69589233398438
      vertex 340 1331.8961181640625 291.69589233398438
    endloop
  endfacet
  facet normal 4.6397472064983392e-17 -0.83582255161116881 0.54899969236621182
    outer loop
      vertex 330 1334.64111328125 295.875
      vertex 340 1331.8961181640625 291.69589233398438
      vertex 340 1334.64111328125 295.875
    endloop
  endfacet
  facet normal 0 -0.83582255161116881 0.54899969236621182
    outer loop
      vertex 350 1334.64111328125 295.875
      vertex 350 1331.8961181640625 291.69589233398438
      vertex 360 1331.8961181640625 291.69589233398438
    endloop
  endfacet
  facet normal 4.6397472064983392e-17 -0.83582255161116881 0.54899969236621182
    outer loop
      vertex 350 1334.64111328125 295.875
      vertex 360 1331.8961181640625 291.69589233398438
      vertex 360 1334.64111328125 295.875
    endloop
  endfacet
  facet normal -1 0 -0
    outer loop
      vertex 390 1288.1480712890625 326.41415405273438
      vertex 390 1285.4029541015625 322.23507690429688
      vertex 390 1277.6541748046875 327.324951171875
    endloop
  endfacet
  facet normal -1 -0 -0
    outer loop
      vertex 390 1288.1480712890625 326.41415405273438
      vertex 390 1277.6541748046875 327.324951171875
      vertex 390 1280.399169921875 331.5040283203125
    endloop
  endfacet
  facet normal -1 0 -0
    outer loop
      vertex 390 1303.645751953125 316.23443603515625
      vertex 390 1300.900634765625 312.05535888671875
      vertex 390 1293.15185546875 317.14523315429688
    endloop
  endfacet
  facet normal -1 -0 -0
    outer loop
      vertex 390 1303.645751953125 316.23443603515625
      vertex 390 1293.15185546875 317.14523315429688
      vertex 390 1295.8968505859375 321.32431030273438
    endloop
  endfacet
  facet normal -1 0 -0
    outer loop
      vertex 390 1295.8968505859375 321.32431030273438
      vertex 390 1293.15185546875 317.14523315429688
      vertex 390 1285.4029541015625 322.23507690429688
    endloop
  endfacet
  facet normal -1 -0 -0
    outer loop
      vertex 390 1295.8968505859375 321.32431030273438
      vertex 390 1285.4029541015625 322.23507690429688
      vertex 390 1288.1480712890625 326.41415405273438
    endloop
  endfacet
  facet normal -1 0 -0
    outer loop
      vertex 390 1319.1434326171875 306.05471801757812
      vertex 390 1316.3983154296875 301.87564086914062
      vertex 390 1308.6495361328125 306.96548461914062
    endloop
  endfacet
  facet normal -1 -0 -0
    outer loop
      vertex 390 1319.1434326171875 306.05471801757812
      vertex 390 1308.6495361328125 306.96548461914062
      vertex 390 1311.39453125 311.14456176757812
    endloop
  endfacet
  facet normal -1 0 -0
    outer loop
      vertex 390 1334.64111328125 295.875
      vertex 390 1331.8961181640625 291.69589233398438
      vertex 390 1324.147216796875 296.7857666015625
    endloop
  endfacet
  facet normal -1 -0 -0
    outer loop
      vertex 390 1334.64111328125 295.875
      vertex 390 1324.147216796875 296.7857666015625
      vertex 390 1326.8922119140625 300.96484375
    endloop
  endfacet
  facet normal -1 0 -0
    outer loop
      vertex 390 1326.8922119140625 300.96484375
      vertex 390 1324.147216796875 296.7857666015625
      vertex 390 1316.3983154296875 301.87564086914062
    endloop
  endfacet
  facet normal -1 -0 -0
    outer loop
      vertex 390 1326.8922119140625 300.96484375
      vertex 390 1316.3983154296875 301.87564086914062
      vertex 390 1319.1434326171875 306.05471801757812
    endloop
  endfacet
  facet normal -1 0 -0
    outer loop
      vertex 390 1311.39453125 311.14456176757812
      vertex 390 1308.6495361328125 306.96548461914062
      vertex 390 1300.900634765625 312.05535888671875
    endloop
  endfacet
  facet normal -1 -0 -0
    outer loop
      vertex 390 1311.39453125 311.14456176757812
      vertex 390 1300.900634765625 312.05535888671875
      vertex 390 1303.645751953125 316.23443603515625
    endloop
  endfacet
  facet normal -7.0019427108463845e-07 -0.54901374663470037 -0.83581332006952291
    outer loop
      vertex 310 1331.8961181640625 291.69589233398438
      vertex 300 1330.2010498046875 292.809326171875
      vertex 300 1338.67626953125 287.24227905273438
    endloop
  endfacet
  facet normal -4.5948100061910116e-07 -0.54900755656685585 -0.83581738605527933
    outer loop
      vertex 310 1331.8961181640625 291.69589233398438
      vertex 310 1324.147216796875 296.7857666015625
      vertex 300 1321.7257080078125 298.3763427734375
    endloop
  endfacet
  facet normal -2.5507151171181142e-06 -0.54900612012633021 -0.83581832957726365
    outer loop
      vertex 310 1331.8961181640625 291.69589233398438
      vertex 300 1321.7257080078125 298.3763427734375
      vertex 300 1330.2010498046875 292.809326171875
    endloop
  endfacet
  facet normal 0 -0.54901302519833839 -0.83581379395327571
    outer loop
      vertex 310 1331.8961181640625 291.69589233398438
      vertex 300 1338.67626953125 287.24227905273438
      vertex 310 1338.67626953125 287.24227905273438
    endloop
  endfacet
  facet normal -2.2861981776132247e-07 -0.54900822258664084 -0.8358169485791761
    outer loop
      vertex 300 1313.2503662109375 303.94338989257812
      vertex 300 1321.7257080078125 298.3763427734375
      vertex 310 1324.147216796875 296.7857666015625
    endloop
  endfacet
  facet normal -1.2675005407537219e-06 -0.5490075565664726 -0.83581738605469591
    outer loop
      vertex 300 1313.2503662109375 303.94338989257812
      vertex 310 1324.147216796875 296.7857666015625
      vertex 310 1316.3983154296875 301.87564086914062
    endloop
  endfacet
  facet normal -2.5507047359413991e-06 -0.5490112989162258 -0.8358149278732776
    outer loop
      vertex 310 1316.3983154296875 301.87564086914062
      vertex 310 1308.6495361328125 306.96548461914062
      vertex 300 1304.775146484375 309.51043701171875
    endloop
  endfacet
  facet normal 1.5218451904736562e-06 -0.54901374663419911 -0.83581332006875986
    outer loop
      vertex 310 1316.3983154296875 301.87564086914062
      vertex 300 1304.775146484375 309.51043701171875
      vertex 300 1313.2503662109375 303.94338989257812
    endloop
  endfacet
  facet normal 0 -0.54901302519833839 -0.83581379395327571
    outer loop
      vertex 310 1338.67626953125 287.24227905273438
      vertex 320 1338.67626953125 287.24227905273438
      vertex 320 1331.8961181640625 291.69589233398438
    endloop
  endfacet
  facet normal -0 -0.54901302519833839 -0.83581379395327571
    outer loop
      vertex 310 1338.67626953125 287.24227905273438
      vertex 320 1331.8961181640625 291.69589233398438
      vertex 310 1331.8961181640625 291.69589233398438
    endloop
  endfacet
  facet normal 0 -0.54901302519833839 -0.83581379395327571
    outer loop
      vertex 330 1338.67626953125 287.24227905273438
      vertex 340 1338.67626953125 287.24227905273438
      vertex 340 1331.8961181640625 291.69589233398438
    endloop
  endfacet
  facet normal -0 -0.54901302519833839 -0.83581379395327571
    outer loop
      vertex 330 1338.67626953125 287.24227905273438
      vertex 340 1331.8961181640625 291.69589233398438
      vertex 330 1331.8961181640625 291.69589233398438
    endloop
  endfacet
  facet normal 0 -0.54901302519833839 -0.83581379395327571
    outer loop
      vertex 320 1338.67626953125 287.24227905273438
      vertex 330 1338.67626953125 287.24227905273438
      vertex 330 1331.8961181640625 291.69589233398438
    endloop
  endfacet
  facet normal -0 -0.54901302519833839 -0.83581379395327571
    outer loop
      vertex 320 1338.67626953125 287.24227905273438
      vertex 330 1331.8961181640625 291.69589233398438
      vertex 320 1331.8961181640625 291.69589233398438
    endloop
  endfacet
  facet normal 0 -0.54901302519833839 -0.83581379395327571
    outer loop
      vertex 340 1338.67626953125 287.24227905273438
      vertex 350 1338.67626953125 287.24227905273438
      vertex 350 1331.8961181640625 291.69589233398438
    endloop
  endfacet
  facet normal -0 -0.54901302519833839 -0.83581379395327571
    outer loop
      vertex 340 1338.67626953125 287.24227905273438
      vertex 350 1331.8961181640625 291.69589233398438
      vertex 340 1331.8961181640625 291.69589233398438
    endloop
  endfacet
  facet normal -3.829562779883443e-06 -0.54900612012409045 -0.83581832957385371
    outer loop
      vertex 300 1296.2998046875 315.07745361328125
      vertex 300 1304.775146484375 309.51043701171875
      vertex 310 1300.900634765625 312.05535888671875
    endloop
  endfacet
  facet normal 1.0956140654004404e-06 -0.54901359848414855 -0.83581341738350057
    outer loop
      vertex 300 1296.2998046875 315.07745361328125
      vertex 310 1300.900634765625 312.05535888671875
      vertex 310 1293.15185546875 317.14523315429688
    endloop
  endfacet
  facet normal -4.6262323185553914e-06 -0.54900755656103883 -0.83581738604642342
    outer loop
      vertex 310 1300.900634765625 312.05535888671875
      vertex 300 1304.775146484375 309.51043701171875
      vertex 310 1308.6495361328125 306.96548461914062
    endloop
  endfacet
  facet normal 3.5180927186766593e-06 -0.54900822258325765 -0.83581694857402555
    outer loop
      vertex 300 1287.824462890625 320.64450073242188
      vertex 300 1296.2998046875 315.07745361328125
      vertex 310 1293.15185546875 317.14523315429688
    endloop
  endfacet
  facet normal 1.2565733116229627e-06 -0.54900525700348324 -0.83581889652062813
    outer loop
      vertex 300 1287.824462890625 320.64450073242188
      vertex 310 1293.15185546875 317.14523315429688
      vertex 310 1285.4029541015625 322.23507690429688
    endloop
  endfacet
  facet normal -1.6861753743518489e-06 -0.54901374663405444 -0.83581332006853959
    outer loop
      vertex 300 1279.3492431640625 326.2115478515625
      vertex 300 1287.824462890625 320.64450073242188
      vertex 310 1285.4029541015625 322.23507690429688
    endloop
  endfacet
  facet normal -1.8145580563816227e-06 -0.54901359848357423 -0.83581341738262616
    outer loop
      vertex 300 1279.3492431640625 326.2115478515625
      vertex 310 1285.4029541015625 322.23507690429688
      vertex 310 1277.6541748046875 327.324951171875
    endloop
  endfacet
  facet normal 0 -0.54900612012811612 -0.83581832957998248
    outer loop
      vertex 300 1270.8739013671875 331.778564453125
      vertex 300 1279.3492431640625 326.2115478515625
      vertex 310 1277.6541748046875 327.324951171875
    endloop
  endfacet
  facet normal 0 -0.54900612012811623 -0.83581832957998259
    outer loop
      vertex 310 1277.6541748046875 327.324951171875
      vertex 320 1277.6541748046875 327.324951171875
      vertex 320 1270.8739013671875 331.778564453125
    endloop
  endfacet
  facet normal 0 -0.54900612012811623 -0.83581832957998259
    outer loop
      vertex 310 1277.6541748046875 327.324951171875
      vertex 320 1270.8739013671875 331.778564453125
      vertex 310 1270.8739013671875 331.778564453125
    endloop
  endfacet
  facet normal 0 -0.54900612012811623 -0.83581832957998259
    outer loop
      vertex 330 1277.6541748046875 327.324951171875
      vertex 340 1277.6541748046875 327.324951171875
      vertex 340 1270.8739013671875 331.778564453125
    endloop
  endfacet
  facet normal 0 -0.54900612012811623 -0.83581832957998259
    outer loop
      vertex 330 1277.6541748046875 327.324951171875
      vertex 340 1270.8739013671875 331.778564453125
      vertex 330 1270.8739013671875 331.778564453125
    endloop
  endfacet
  facet normal 0 -0.54900612012811623 -0.83581832957998259
    outer loop
      vertex 320 1277.6541748046875 327.324951171875
      vertex 330 1277.6541748046875 327.324951171875
      vertex 330 1270.8739013671875 331.778564453125
    endloop
  endfacet
  facet normal 0 -0.54900612012811623 -0.83581832957998259
    outer loop
      vertex 320 1277.6541748046875 327.324951171875
      vertex 330 1270.8739013671875 331.778564453125
      vertex 320 1270.8739013671875 331.778564453125
    endloop
  endfacet
  facet normal -0 -0.54900612012811623 -0.83581832957998259
    outer loop
      vertex 350 1270.8739013671875 331.778564453125
      vertex 340 1270.8739013671875 331.778564453125
      vertex 340 1277.6541748046875 327.324951171875
    endloop
  endfacet
  facet normal 0 -0.54900612012811623 -0.83581832957998259
    outer loop
      vertex 350 1270.8739013671875 331.778564453125
      vertex 340 1277.6541748046875 327.324951171875
      vertex 350 1277.6541748046875 327.324951171875
    endloop
  endfacet
  facet normal 0 -0.54900612012811623 -0.83581832957998259
    outer loop
      vertex 300 1270.8739013671875 331.778564453125
      vertex 310 1277.6541748046875 327.324951171875
      vertex 310 1270.8739013671875 331.778564453125
    endloop
  endfacet
  facet normal 0 -0.54901302519833839 -0.83581379395327571
    outer loop
      vertex 360 1338.67626953125 287.24227905273438
      vertex 370 1338.67626953125 287.24227905273438
      vertex 370 1331.8961181640625 291.69589233398438
    endloop
  endfacet
  facet normal -0 -0.54901302519833839 -0.83581379395327571
    outer loop
      vertex 360 1338.67626953125 287.24227905273438
      vertex 370 1331.8961181640625 291.69589233398438
      vertex 360 1331.8961181640625 291.69589233398438
    endloop
  endfacet
  facet normal 0 -0.54901302519833839 -0.83581379395327571
    outer loop
      vertex 380 1338.67626953125 287.24227905273438
      vertex 390 1338.67626953125 287.24227905273438
      vertex 390 1331.8961181640625 291.69589233398438
    endloop
  endfacet
  facet normal -0 -0.54901302519833839 -0.83581379395327571
    outer loop
      vertex 380 1338.67626953125 287.24227905273438
      vertex 390 1331.8961181640625 291.69589233398438
      vertex 380 1331.8961181640625 291.69589233398438
    endloop
  endfacet
  facet normal 0 -0.54901302519833839 -0.83581379395327571
    outer loop
      vertex 370 1338.67626953125 287.24227905273438
      vertex 380 1338.67626953125 287.24227905273438
      vertex 380 1331.8961181640625 291.69589233398438
    endloop
  endfacet
  facet normal -0 -0.54901302519833839 -0.83581379395327571
    outer loop
      vertex 370 1338.67626953125 287.24227905273438
      vertex 380 1331.8961181640625 291.69589233398438
      vertex 370 1331.8961181640625 291.69589233398438
    endloop
  endfacet
  facet normal -0 -0.54901302519833839 -0.83581379395327571
    outer loop
      vertex 360 1331.8961181640625 291.69589233398438
      vertex 350 1331.8961181640625 291.69589233398438
      vertex 350 1338.67626953125 287.24227905273438
    endloop
  endfacet
  facet normal 0 -0.54901302519833839 -0.83581379395327571
    outer loop
      vertex 360 1331.8961181640625 291.69589233398438
      vertex 350 1338.67626953125 287.24227905273438
      vertex 360 1338.67626953125 287.24227905273438
    endloop
  endfacet
  facet normal 2.2021736981940734e-06 -0.54900755656558253 -0.83581738605334077
    outer loop
      vertex 390 1324.147216796875 296.7857666015625
      vertex 390 1331.8961181640625 291.69589233398438
      vertex 400 1330.2010498046875 292.809326171875
    endloop
  endfacet
  facet normal 9.5739069497744241e-07 -0.54900612012786454 -0.83581832957959956
    outer loop
      vertex 390 1324.147216796875 296.7857666015625
      vertex 400 1330.2010498046875 292.809326171875
      vertex 400 1321.7257080078125 298.3763427734375
    endloop
  endfacet
  facet normal 7.0019427108463845e-07 -0.54901374663470037 -0.83581332006952291
    outer loop
      vertex 400 1338.67626953125 287.24227905273438
      vertex 400 1330.2010498046875 292.809326171875
      vertex 390 1331.8961181640625 291.69589233398438
    endloop
  endfacet
  facet normal 0 -0.54901302519833839 -0.83581379395327571
    outer loop
      vertex 400 1338.67626953125 287.24227905273438
      vertex 390 1331.8961181640625 291.69589233398438
      vertex 390 1338.67626953125 287.24227905273438
    endloop
  endfacet
  facet normal -4.188623801559171e-07 -0.54901129891796363 -0.83581492787592326
    outer loop
      vertex 390 1308.6495361328125 306.96548461914062
      vertex 390 1316.3983154296875 301.87564086914062
      vertex 400 1313.2503662109375 303.94338989257812
    endloop
  endfacet
  facet normal 1.1931848227169144e-06 -0.54901374663444413 -0.83581332006913289
    outer loop
      vertex 390 1308.6495361328125 306.96548461914062
      vertex 400 1313.2503662109375 303.94338989257812
      vertex 400 1304.775146484375 309.51043701171875
    endloop
  endfacet
  facet normal 9.6738181605189977e-07 -0.54900822258639825 -0.83581694857880684
    outer loop
      vertex 400 1321.7257080078125 298.3763427734375
      vertex 400 1313.2503662109375 303.94338989257812
      vertex 390 1316.3983154296875 301.87564086914062
    endloop
  endfacet
  facet normal 4.594810006306487e-07 -0.54900755656685574 -0.83581738605527922
    outer loop
      vertex 400 1321.7257080078125 298.3763427734375
      vertex 390 1316.3983154296875 301.87564086914062
      vertex 390 1324.147216796875 296.7857666015625
    endloop
  endfacet
  facet normal 0 -0.54900612012811623 -0.83581832957998259
    outer loop
      vertex 360 1277.6541748046875 327.324951171875
      vertex 370 1277.6541748046875 327.324951171875
      vertex 370 1270.8739013671875 331.778564453125
    endloop
  endfacet
  facet normal 0 -0.54900612012811623 -0.83581832957998259
    outer loop
      vertex 360 1277.6541748046875 327.324951171875
      vertex 370 1270.8739013671875 331.778564453125
      vertex 360 1270.8739013671875 331.778564453125
    endloop
  endfacet
  facet normal 0 -0.54900612012811623 -0.83581832957998259
    outer loop
      vertex 380 1277.6541748046875 327.324951171875
      vertex 390 1277.6541748046875 327.324951171875
      vertex 390 1270.8739013671875 331.778564453125
    endloop
  endfacet
  facet normal 0 -0.54900612012811623 -0.83581832957998259
    outer loop
      vertex 380 1277.6541748046875 327.324951171875
      vertex 390 1270.8739013671875 331.778564453125
      vertex 380 1270.8739013671875 331.778564453125
    endloop
  endfacet
  facet normal 0 -0.54900612012811623 -0.83581832957998259
    outer loop
      vertex 350 1277.6541748046875 327.324951171875
      vertex 360 1277.6541748046875 327.324951171875
      vertex 360 1270.8739013671875 331.778564453125
    endloop
  endfacet
  facet normal 0 -0.54900612012811623 -0.83581832957998259
    outer loop
      vertex 350 1277.6541748046875 327.324951171875
      vertex 360 1270.8739013671875 331.778564453125
      vertex 350 1270.8739013671875 331.778564453125
    endloop
  endfacet
  facet normal 0 -0.54900612012811623 -0.83581832957998259
    outer loop
      vertex 370 1277.6541748046875 327.324951171875
      vertex 380 1277.6541748046875 327.324951171875
      vertex 380 1270.8739013671875 331.778564453125
    endloop
  endfacet
  facet normal 0 -0.54900612012811623 -0.83581832957998259
    outer loop
      vertex 370 1277.6541748046875 327.324951171875
      vertex 380 1270.8739013671875 331.778564453125
      vertex 370 1270.8739013671875 331.778564453125
    endloop
  endfacet
  facet normal -1.0956140654004404e-06 -0.54901359848414855 -0.83581341738350057
    outer loop
      vertex 390 1293.15185546875 317.14523315429688
      vertex 390 1300.900634765625 312.05535888671875
      vertex 400 1296.2998046875 315.07745361328125
    endloop
  endfacet
  facet normal 3.8295627798478973e-06 -0.54900612012409045 -0.83581832957385371
    outer loop
      vertex 400 1304.775146484375 309.51043701171875
      vertex 400 1296.2998046875 315.07745361328125
      vertex 390 1300.900634765625 312.05535888671875
    endloop
  endfacet
  facet normal -2.2861981776132247e-07 -0.54900822258664084 -0.8358169485791761
    outer loop
      vertex 400 1296.2998046875 315.07745361328125
      vertex 400 1287.824462890625 320.64450073242188
      vertex 390 1285.4029541015625 322.23507690429688
    endloop
  endfacet
  facet normal -4.8544345852140207e-06 -0.54900525699744773 -0.83581889651143959
    outer loop
      vertex 400 1296.2998046875 315.07745361328125
      vertex 390 1285.4029541015625 322.23507690429688
      vertex 390 1293.15185546875 317.14523315429688
    endloop
  endfacet
  facet normal 1.6348220586365473e-06 -0.54901359848374442 -0.83581341738288517
    outer loop
      vertex 390 1277.6541748046875 327.324951171875
      vertex 390 1285.4029541015625 322.23507690429688
      vertex 400 1287.824462890625 320.64450073242188
    endloop
  endfacet
  facet normal 1.850505558229905e-06 -0.54901374663389491 -0.83581332006829678
    outer loop
      vertex 390 1277.6541748046875 327.324951171875
      vertex 400 1287.824462890625 320.64450073242188
      vertex 400 1279.3492431640625 326.2115478515625
    endloop
  endfacet
  facet normal 0 -0.54900612012811612 -0.83581832957998259
    outer loop
      vertex 390 1270.8739013671875 331.778564453125
      vertex 390 1277.6541748046875 327.324951171875
      vertex 400 1279.3492431640625 326.2115478515625
    endloop
  endfacet
  facet normal 0 -0.54900612012811612 -0.83581832957998248
    outer loop
      vertex 390 1270.8739013671875 331.778564453125
      vertex 400 1279.3492431640625 326.2115478515625
      vertex 400 1270.8739013671875 331.778564453125
    endloop
  endfacet
  facet normal 4.6262323185553914e-06 -0.54900755656103883 -0.83581738604642342
    outer loop
      vertex 400 1304.775146484375 309.51043701171875
      vertex 390 1300.900634765625 312.05535888671875
      vertex 390 1308.6495361328125 306.96548461914062
    endloop
  endfacet
  facet normal 0 0.18736770019224108 0.98228984771536276
    outer loop
      vertex 310 1266.257080078125 337.36190795898438
      vertex 310 1273.618896484375 335.95767211914062
      vertex 300 1273.618896484375 335.95767211914062
    endloop
  endfacet
  facet normal -1.7431301505631856e-06 0.18736541551795494 0.98229028350317393
    outer loop
      vertex 300 1263.1019287109375 337.96371459960938
      vertex 310 1266.257080078125 337.36190795898438
      vertex 300 1273.618896484375 335.95767211914062
    endloop
  endfacet
  facet normal 3.442606991538136e-06 0.18736175574016395 0.98229098157018224
    outer loop
      vertex 300 1252.5849609375 339.96975708007812
      vertex 310 1256.441162109375 339.23419189453125
      vertex 310 1266.257080078125 337.36190795898438
    endloop
  endfacet
  facet normal -1.7431301505595555e-06 0.18736541551795494 0.98229028350317382
    outer loop
      vertex 300 1252.5849609375 339.96975708007812
      vertex 310 1266.257080078125 337.36190795898438
      vertex 300 1263.1019287109375 337.96371459960938
    endloop
  endfacet
  facet normal 1.9799756720364681e-06 0.18736541551787228 0.98229028350274061
    outer loop
      vertex 310 1256.441162109375 339.23419189453125
      vertex 300 1252.5849609375 339.96975708007812
      vertex 300 1242.0679931640625 341.97579956054688
    endloop
  endfacet
  facet normal -3.0692512124294434e-07 0.18736695075129162 0.98228999066776046
    outer loop
      vertex 310 1256.441162109375 339.23419189453125
      vertex 300 1242.0679931640625 341.97579956054688
      vertex 310 1246.6253662109375 341.10650634765625
    endloop
  endfacet
  facet normal 0 0.18736770019224108 0.98228984771536276
    outer loop
      vertex 320 1266.257080078125 337.36190795898438
      vertex 320 1273.618896484375 335.95767211914062
      vertex 310 1273.618896484375 335.95767211914062
    endloop
  endfacet
  facet normal 0 0.18736770019224108 0.98228984771536276
    outer loop
      vertex 320 1266.257080078125 337.36190795898438
      vertex 310 1273.618896484375 335.95767211914062
      vertex 310 1266.257080078125 337.36190795898438
    endloop
  endfacet
  facet normal -0 0.18736770019224108 0.98228984771536276
    outer loop
      vertex 320 1273.618896484375 335.95767211914062
      vertex 320 1266.257080078125 337.36190795898438
      vertex 330 1266.257080078125 337.36190795898438
    endloop
  endfacet
  facet normal 0 0.18736770019224108 0.98228984771536276
    outer loop
      vertex 320 1273.618896484375 335.95767211914062
      vertex 330 1266.257080078125 337.36190795898438
      vertex 330 1273.618896484375 335.95767211914062
    endloop
  endfacet
  facet normal -0 0.18736770019224108 0.98228984771536276
    outer loop
      vertex 340 1273.618896484375 335.95767211914062
      vertex 340 1266.257080078125 337.36190795898438
      vertex 350 1266.257080078125 337.36190795898438
    endloop
  endfacet
  facet normal 0 0.18736770019224108 0.98228984771536276
    outer loop
      vertex 340 1273.618896484375 335.95767211914062
      vertex 350 1266.257080078125 337.36190795898438
      vertex 350 1273.618896484375 335.95767211914062
    endloop
  endfacet
  facet normal -0 0.18736770019224108 0.98228984771536276
    outer loop
      vertex 330 1273.618896484375 335.95767211914062
      vertex 330 1266.257080078125 337.36190795898438
      vertex 340 1266.257080078125 337.36190795898438
    endloop
  endfacet
  facet normal 0 0.18736770019224108 0.98228984771536276
    outer loop
      vertex 330 1273.618896484375 335.95767211914062
      vertex 340 1266.257080078125 337.36190795898438
      vertex 340 1273.618896484375 335.95767211914062
    endloop
  endfacet
  facet normal -0 0.18736770019224108 0.98228984771536276
    outer loop
      vertex 350 1273.618896484375 335.95767211914062
      vertex 350 1266.257080078125 337.36190795898438
      vertex 360 1266.257080078125 337.36190795898438
    endloop
  endfacet
  facet normal 0 0.18736770019224108 0.98228984771536276
    outer loop
      vertex 350 1273.618896484375 335.95767211914062
      vertex 360 1266.257080078125 337.36190795898438
      vertex 360 1273.618896484375 335.95767211914062
    endloop
  endfacet
  facet normal 3.0692512124154695e-07 0.18736695075129162 0.98228999066776046
    outer loop
      vertex 300 1231.551025390625 343.98184204101562
      vertex 310 1226.99365234375 344.85113525390625
      vertex 310 1236.8094482421875 342.97882080078125
    endloop
  endfacet
  facet normal 1.1435877411994448e-06 0.18736541551811703 0.9822902835040237
    outer loop
      vertex 300 1231.551025390625 343.98184204101562
      vertex 310 1236.8094482421875 342.97882080078125
      vertex 300 1242.0679931640625 341.97579956054688
    endloop
  endfacet
  facet normal 7.5498274857419047e-07 0.18736470246374207 0.98229041951456697
    outer loop
      vertex 310 1236.8094482421875 342.97882080078125
      vertex 310 1246.6253662109375 341.10650634765625
      vertex 300 1242.0679931640625 341.97579956054688
    endloop
  endfacet
  facet normal 7.3276421618475525e-07 0.18736470246374515 0.98229041951458296
    outer loop
      vertex 300 1221.033935546875 345.9879150390625
      vertex 310 1217.177734375 346.72344970703125
      vertex 310 1226.99365234375 344.85113525390625
    endloop
  endfacet
  facet normal -1.1029697276502632e-07 0.18736606740244849 0.98229015916180729
    outer loop
      vertex 300 1221.033935546875 345.9879150390625
      vertex 310 1226.99365234375 344.85113525390625
      vertex 300 1231.551025390625 343.98184204101562
    endloop
  endfacet
  facet normal -4.2051686719051375e-08 0.18736695075130025 0.98228999066780576
    outer loop
      vertex 300 1210.5169677734375 347.99395751953125
      vertex 310 1207.3619384765625 348.59576416015625
      vertex 310 1217.177734375 346.72344970703125
    endloop
  endfacet
  facet normal 1.0177363747978941e-06 0.18736541551814256 0.98229028350415748
    outer loop
      vertex 300 1210.5169677734375 347.99395751953125
      vertex 310 1217.177734375 346.72344970703125
      vertex 300 1221.033935546875 345.9879150390625
    endloop
  endfacet
  facet normal -0 0.18736470246379544 0.98229041951484664
    outer loop
      vertex 300 1200 350
      vertex 310 1200 350
      vertex 310 1207.3619384765625 348.59576416015625
    endloop
  endfacet
  facet normal -5.4404533183339985e-07 0.18736541551821187 0.98229028350452086
    outer loop
      vertex 300 1200 350
      vertex 310 1207.3619384765625 348.59576416015625
      vertex 300 1210.5169677734375 347.99395751953125
    endloop
  endfacet
  facet normal 0 0.18736470246379544 0.98229041951484664
    outer loop
      vertex 320 1207.3619384765625 348.59576416015625
      vertex 310 1207.3619384765625 348.59576416015625
      vertex 310 1200 350
    endloop
  endfacet
  facet normal 0 0.18736470246379544 0.98229041951484664
    outer loop
      vertex 320 1207.3619384765625 348.59576416015625
      vertex 310 1200 350
      vertex 320 1200 350
    endloop
  endfacet
  facet normal -0 0.18736470246379544 0.98229041951484664
    outer loop
      vertex 330 1207.3619384765625 348.59576416015625
      vertex 330 1200 350
      vertex 340 1200 350
    endloop
  endfacet
  facet normal 0 0.18736470246379544 0.98229041951484664
    outer loop
      vertex 330 1207.3619384765625 348.59576416015625
      vertex 340 1200 350
      vertex 340 1207.3619384765625 348.59576416015625
    endloop
  endfacet
  facet normal -0 0.18736470246379544 0.98229041951484664
    outer loop
      vertex 320 1207.3619384765625 348.59576416015625
      vertex 320 1200 350
      vertex 330 1200 350
    endloop
  endfacet
  facet normal 0 0.18736470246379544 0.98229041951484664
    outer loop
      vertex 320 1207.3619384765625 348.59576416015625
      vertex 330 1200 350
      vertex 330 1207.3619384765625 348.59576416015625
    endloop
  endfacet
  facet normal -0 0.18736470246379544 0.98229041951484664
    outer loop
      vertex 340 1200 350
      vertex 350 1200 350
      vertex 350 1207.3619384765625 348.59576416015625
    endloop
  endfacet
  facet normal 0 0.18736470246379544 0.98229041951484664
    outer loop
      vertex 340 1200 350
      vertex 350 1207.3619384765625 348.59576416015625
      vertex 340 1207.3619384765625 348.59576416015625
    endloop
  endfacet
  facet normal -0 0.18736770019224108 0.98228984771536276
    outer loop
      vertex 360 1273.618896484375 335.95767211914062
      vertex 360 1266.257080078125 337.36190795898438
      vertex 370 1266.257080078125 337.36190795898438
    endloop
  endfacet
  facet normal 0 0.18736770019224108 0.98228984771536276
    outer loop
      vertex 360 1273.618896484375 335.95767211914062
      vertex 370 1266.257080078125 337.36190795898438
      vertex 370 1273.618896484375 335.95767211914062
    endloop
  endfacet
  facet normal -0 0.18736770019224108 0.98228984771536276
    outer loop
      vertex 370 1273.618896484375 335.95767211914062
      vertex 370 1266.257080078125 337.36190795898438
      vertex 380 1266.257080078125 337.36190795898438
    endloop
  endfacet
  facet normal 0 0.18736770019224108 0.98228984771536276
    outer loop
      vertex 370 1273.618896484375 335.95767211914062
      vertex 380 1266.257080078125 337.36190795898438
      vertex 380 1273.618896484375 335.95767211914062
    endloop
  endfacet
  facet normal 0 0.18736770019224108 0.98228984771536276
    outer loop
      vertex 390 1266.257080078125 337.36190795898438
      vertex 390 1273.618896484375 335.95767211914062
      vertex 380 1273.618896484375 335.95767211914062
    endloop
  endfacet
  facet normal 0 0.18736770019224108 0.98228984771536276
    outer loop
      vertex 390 1266.257080078125 337.36190795898438
      vertex 380 1273.618896484375 335.95767211914062
      vertex 380 1266.257080078125 337.36190795898438
    endloop
  endfacet
  facet normal -1.9799756720259026e-06 0.18736541551787228 0.98229028350274061
    outer loop
      vertex 390 1256.441162109375 339.23419189453125
      vertex 400 1252.5849609375 339.96975708007812
      vertex 400 1263.1019287109375 337.96371459960938
    endloop
  endfacet
  facet normal 5.4640472435477356e-07 0.18736175574124617 0.98229098157585615
    outer loop
      vertex 390 1256.441162109375 339.23419189453125
      vertex 400 1263.1019287109375 337.96371459960938
      vertex 390 1266.257080078125 337.36190795898438
    endloop
  endfacet
  facet normal 0 0.18736770019224108 0.98228984771536276
    outer loop
      vertex 400 1273.618896484375 335.95767211914062
      vertex 390 1273.618896484375 335.95767211914062
      vertex 390 1266.257080078125 337.36190795898438
    endloop
  endfacet
  facet normal 1.7431301505631856e-06 0.18736541551795494 0.98229028350317393
    outer loop
      vertex 400 1273.618896484375 335.95767211914062
      vertex 390 1266.257080078125 337.36190795898438
      vertex 400 1263.1019287109375 337.96371459960938
    endloop
  endfacet
  facet normal -7.5498274857419047e-07 0.18736470246374207 0.98229041951456697
    outer loop
      vertex 400 1242.0679931640625 341.97579956054688
      vertex 390 1246.6253662109375 341.10650634765625
      vertex 390 1236.8094482421875 342.97882080078125
    endloop
  endfacet
  facet normal -1.3664188593302616e-06 0.18736695075112547 0.98228999066688949
    outer loop
      vertex 400 1252.5849609375 339.96975708007812
      vertex 390 1256.441162109375 339.23419189453125
      vertex 390 1246.6253662109375 341.10650634765625
    endloop
  endfacet
  facet normal -4.1819396541965681e-07 0.18736541551822317 0.98229028350458014
    outer loop
      vertex 400 1252.5849609375 339.96975708007812
      vertex 390 1246.6253662109375 341.10650634765625
      vertex 400 1242.0679931640625 341.97579956054688
    endloop
  endfacet
  facet normal -1.980269101787459e-06 0.18736695075093304 0.98228999066588063
    outer loop
      vertex 400 1242.0679931640625 341.97579956054688
      vertex 390 1236.8094482421875 342.97882080078125
      vertex 390 1226.99365234375 344.85113525390625
    endloop
  endfacet
  facet normal 4.1819396541934817e-07 0.18736541551822317 0.98229028350458014
    outer loop
      vertex 400 1242.0679931640625 341.97579956054688
      vertex 390 1226.99365234375 344.85113525390625
      vertex 400 1231.551025390625 343.98184204101562
    endloop
  endfacet
  facet normal -0 0.18736470246379544 0.98229041951484664
    outer loop
      vertex 350 1207.3619384765625 348.59576416015625
      vertex 350 1200 350
      vertex 360 1200 350
    endloop
  endfacet
  facet normal 0 0.18736470246379544 0.98229041951484664
    outer loop
      vertex 350 1207.3619384765625 348.59576416015625
      vertex 360 1200 350
      vertex 360 1207.3619384765625 348.59576416015625
    endloop
  endfacet
  facet normal -0 0.18736470246379544 0.98229041951484664
    outer loop
      vertex 370 1207.3619384765625 348.59576416015625
      vertex 370 1200 350
      vertex 380 1200 350
    endloop
  endfacet
  facet normal 0 0.18736470246379544 0.98229041951484664
    outer loop
      vertex 370 1207.3619384765625 348.59576416015625
      vertex 380 1200 350
      vertex 380 1207.3619384765625 348.59576416015625
    endloop
  endfacet
  facet normal -0 0.18736470246379544 0.98229041951484664
    outer loop
      vertex 360 1207.3619384765625 348.59576416015625
      vertex 360 1200 350
      vertex 370 1200 350
    endloop
  endfacet
  facet normal 0 0.18736470246379544 0.98229041951484664
    outer loop
      vertex 360 1207.3619384765625 348.59576416015625
      vertex 370 1200 350
      vertex 370 1207.3619384765625 348.59576416015625
    endloop
  endfacet
  facet normal -0 0.18736470246379544 0.98229041951484664
    outer loop
      vertex 380 1200 350
      vertex 390 1200 350
      vertex 390 1207.3619384765625 348.59576416015625
    endloop
  endfacet
  facet normal 0 0.18736470246379544 0.98229041951484664
    outer loop
      vertex 380 1200 350
      vertex 390 1207.3619384765625 348.59576416015625
      vertex 380 1207.3619384765625 348.59576416015625
    endloop
  endfacet
  facet normal -1.2782618881486394e-06 0.18736606740229661 0.98229015916101103
    outer loop
      vertex 390 1217.177734375 346.72344970703125
      vertex 400 1221.033935546875 345.9879150390625
      vertex 400 1231.551025390625 343.98184204101562
    endloop
  endfacet
  facet normal 7.5498274856281069e-07 0.18736470246374207 0.98229041951456686
    outer loop
      vertex 390 1217.177734375 346.72344970703125
      vertex 400 1231.551025390625 343.98184204101562
      vertex 390 1226.99365234375 344.85113525390625
    endloop
  endfacet
  facet normal -1.631292293838478e-06 0.18736695075105111 0.98228999066649958
    outer loop
      vertex 400 1221.033935546875 345.9879150390625
      vertex 390 1217.177734375 346.72344970703125
      vertex 390 1207.3619384765625 348.59576416015625
    endloop
  endfacet
  facet normal 5.4404533183447135e-07 0.18736541551821187 0.98229028350452086
    outer loop
      vertex 400 1221.033935546875 345.9879150390625
      vertex 390 1207.3619384765625 348.59576416015625
      vertex 400 1210.5169677734375 347.99395751953125
    endloop
  endfacet
  facet normal -0 0.18736541551823957 0.98229028350466607
    outer loop
      vertex 390 1200 350
      vertex 400 1200 350
      vertex 400 1210.5169677734375 347.99395751953125
    endloop
  endfacet
  facet normal 7.772012809734571e-07 0.18736470246373885 0.98229041951454998
    outer loop
      vertex 390 1200 350
      vertex 400 1210.5169677734375 347.99395751953125
      vertex 390 1207.3619384765625 348.59576416015625
    endloop
  endfacet
  facet normal -1 0 -0
    outer loop
      vertex 300 1210.5169677734375 347.99395751953125
      vertex 300 1209.5802001953125 343.08248901367188
      vertex 300 1199.063232421875 345.08856201171875
    endloop
  endfacet
  facet normal -1 -0 0
    outer loop
      vertex 300 1210.5169677734375 347.99395751953125
      vertex 300 1199.063232421875 345.08856201171875
      vertex 300 1200 350
    endloop
  endfacet
  facet normal -1 0 -0
    outer loop
      vertex 300 1231.551025390625 343.98184204101562
      vertex 300 1230.6141357421875 339.07040405273438
      vertex 300 1220.09716796875 341.07644653320312
    endloop
  endfacet
  facet normal -1 0 -0
    outer loop
      vertex 300 1231.551025390625 343.98184204101562
      vertex 300 1220.09716796875 341.07644653320312
      vertex 300 1221.033935546875 345.9879150390625
    endloop
  endfacet
  facet normal -1 0 -0
    outer loop
      vertex 300 1221.033935546875 345.9879150390625
      vertex 300 1220.09716796875 341.07644653320312
      vertex 300 1209.5802001953125 343.08248901367188
    endloop
  endfacet
  facet normal -1 0 -0
    outer loop
      vertex 300 1221.033935546875 345.9879150390625
      vertex 300 1209.5802001953125 343.08248901367188
      vertex 300 1210.5169677734375 347.99395751953125
    endloop
  endfacet
  facet normal -1 0 -0
    outer loop
      vertex 300 1252.5849609375 339.96975708007812
      vertex 300 1251.6480712890625 335.05831909179688
      vertex 300 1241.131103515625 337.06436157226562
    endloop
  endfacet
  facet normal -1 0 -0
    outer loop
      vertex 300 1252.5849609375 339.96975708007812
      vertex 300 1241.131103515625 337.06436157226562
      vertex 300 1242.0679931640625 341.97579956054688
    endloop
  endfacet
  facet normal -1 0 -0
    outer loop
      vertex 300 1273.618896484375 335.95767211914062
      vertex 300 1272.68212890625 331.04620361328125
      vertex 300 1262.1651611328125 333.05224609375
    endloop
  endfacet
  facet normal -1 0 -0
    outer loop
      vertex 300 1273.618896484375 335.95767211914062
      vertex 300 1262.1651611328125 333.05224609375
      vertex 300 1263.1019287109375 337.96371459960938
    endloop
  endfacet
  facet normal -1 0 0
    outer loop
      vertex 300 1263.1019287109375 337.96371459960938
      vertex 300 1262.1651611328125 333.05224609375
      vertex 300 1251.6480712890625 335.05831909179688
    endloop
  endfacet
  facet normal -1 0 -0
    outer loop
      vertex 300 1263.1019287109375 337.96371459960938
      vertex 300 1251.6480712890625 335.05831909179688
      vertex 300 1252.5849609375 339.96975708007812
    endloop
  endfacet
  facet normal -1 0 -0
    outer loop
      vertex 300 1242.0679931640625 341.97579956054688
      vertex 300 1241.131103515625 337.06436157226562
      vertex 300 1230.6141357421875 339.07040405273438
    endloop
  endfacet
  facet normal -1 0 -0
    outer loop
      vertex 300 1242.0679931640625 341.97579956054688
      vertex 300 1230.6141357421875 339.07040405273438
      vertex 300 1231.551025390625 343.98184204101562
    endloop
  endfacet
  facet normal 0 0.98228788593653971 -0.18737798467889352
    outer loop
      vertex 320 1207.3619384765625 348.59576416015625
      vertex 320 1206.425048828125 343.684326171875
      vertex 310 1206.425048828125 343.684326171875
    endloop
  endfacet
  facet normal 0 0.98228788593653971 -0.18737798467889355
    outer loop
      vertex 320 1207.3619384765625 348.59576416015625
      vertex 310 1206.425048828125 343.684326171875
      vertex 310 1207.3619384765625 348.59576416015625
    endloop
  endfacet
  facet normal 0 0.98228788593653971 -0.18737798467889352
    outer loop
      vertex 340 1207.3619384765625 348.59576416015625
      vertex 340 1206.425048828125 343.684326171875
      vertex 330 1206.425048828125 343.684326171875
    endloop
  endfacet
  facet normal 0 0.98228788593653971 -0.18737798467889355
    outer loop
      vertex 340 1207.3619384765625 348.59576416015625
      vertex 330 1206.425048828125 343.684326171875
      vertex 330 1207.3619384765625 348.59576416015625
    endloop
  endfacet
  facet normal 0 0.98228788593653971 -0.18737798467889352
    outer loop
      vertex 330 1207.3619384765625 348.59576416015625
      vertex 330 1206.425048828125 343.684326171875
      vertex 320 1206.425048828125 343.684326171875
    endloop
  endfacet
  facet normal 0 0.98228788593653971 -0.18737798467889355
    outer loop
      vertex 330 1207.3619384765625 348.59576416015625
      vertex 320 1206.425048828125 343.684326171875
      vertex 320 1207.3619384765625 348.59576416015625
    endloop
  endfacet
  facet normal 0 0.98228788593653971 -0.18737798467889352
    outer loop
      vertex 360 1207.3619384765625 348.59576416015625
      vertex 360 1206.425048828125 343.684326171875
      vertex 350 1206.425048828125 343.684326171875
    endloop
  endfacet
  facet normal 0 0.98228788593653971 -0.18737798467889355
    outer loop
      vertex 360 1207.3619384765625 348.59576416015625
      vertex 350 1206.425048828125 343.684326171875
      vertex 350 1207.3619384765625 348.59576416015625
    endloop
  endfacet
  facet normal 0 0.98228788593653971 -0.18737798467889352
    outer loop
      vertex 380 1207.3619384765625 348.59576416015625
      vertex 380 1206.425048828125 343.684326171875
      vertex 370 1206.425048828125 343.684326171875
    endloop
  endfacet
  facet normal 0 0.98228788593653971 -0.18737798467889355
    outer loop
      vertex 380 1207.3619384765625 348.59576416015625
      vertex 370 1206.425048828125 343.684326171875
      vertex 370 1207.3619384765625 348.59576416015625
    endloop
  endfacet
  facet normal 0 0.98228788593653971 -0.18737798467889352
    outer loop
      vertex 390 1207.3619384765625 348.59576416015625
      vertex 390 1206.425048828125 343.684326171875
      vertex 380 1206.425048828125 343.684326171875
    endloop
  endfacet
  facet normal 0 0.98228788593653971 -0.18737798467889355
    outer loop
      vertex 390 1207.3619384765625 348.59576416015625
      vertex 380 1206.425048828125 343.684326171875
      vertex 380 1207.3619384765625 348.59576416015625
    endloop
  endfacet
  facet normal 0 0.98228788593653971 -0.18737798467889352
    outer loop
      vertex 370 1207.3619384765625 348.59576416015625
      vertex 370 1206.425048828125 343.684326171875
      vertex 360 1206.425048828125 343.684326171875
    endloop
  endfacet
  facet normal 0 0.98228788593653971 -0.18737798467889355
    outer loop
      vertex 370 1207.3619384765625 348.59576416015625
      vertex 360 1206.425048828125 343.684326171875
      vertex 360 1207.3619384765625 348.59576416015625
    endloop
  endfacet
  facet normal 0 0.98228788593653971 -0.18737798467889352
    outer loop
      vertex 350 1207.3619384765625 348.59576416015625
      vertex 350 1206.425048828125 343.684326171875
      vertex 340 1206.425048828125 343.684326171875
    endloop
  endfacet
  facet normal 0 0.98228788593653971 -0.18737798467889355
    outer loop
      vertex 350 1207.3619384765625 348.59576416015625
      vertex 340 1206.425048828125 343.684326171875
      vertex 340 1207.3619384765625 348.59576416015625
    endloop
  endfacet
  facet normal 0 -0.98229237930691293 0.18735442763800345
    outer loop
      vertex 390 1200 350
      vertex 390 1199.063232421875 345.08856201171875
      vertex 400 1199.063232421875 345.08856201171875
    endloop
  endfacet
  facet normal 0 -0.98229237930691293 0.18735442763800345
    outer loop
      vertex 390 1200 350
      vertex 400 1199.063232421875 345.08856201171875
      vertex 400 1200 350
    endloop
  endfacet
  facet normal 0 -0.98229237930691293 0.18735442763800345
    outer loop
      vertex 370 1200 350
      vertex 370 1199.063232421875 345.08856201171875
      vertex 380 1199.063232421875 345.08856201171875
    endloop
  endfacet
  facet normal 0 -0.98229237930691293 0.18735442763800345
    outer loop
      vertex 370 1200 350
      vertex 380 1199.063232421875 345.08856201171875
      vertex 380 1200 350
    endloop
  endfacet
  facet normal 0 -0.98229237930691293 0.18735442763800345
    outer loop
      vertex 360 1200 350
      vertex 360 1199.063232421875 345.08856201171875
      vertex 370 1199.063232421875 345.08856201171875
    endloop
  endfacet
  facet normal 0 -0.98229237930691293 0.18735442763800345
    outer loop
      vertex 360 1200 350
      vertex 370 1199.063232421875 345.08856201171875
      vertex 370 1200 350
    endloop
  endfacet
  facet normal 0 -0.98229237930691293 0.18735442763800345
    outer loop
      vertex 380 1200 350
      vertex 380 1199.063232421875 345.08856201171875
      vertex 390 1199.063232421875 345.08856201171875
    endloop
  endfacet
  facet normal 0 -0.98229237930691293 0.18735442763800345
    outer loop
      vertex 380 1200 350
      vertex 390 1199.063232421875 345.08856201171875
      vertex 390 1200 350
    endloop
  endfacet
  facet normal 0 -0.98229237930691293 0.18735442763800345
    outer loop
      vertex 340 1200 350
      vertex 340 1199.063232421875 345.08856201171875
      vertex 350 1199.063232421875 345.08856201171875
    endloop
  endfacet
  facet normal 0 -0.98229237930691293 0.18735442763800345
    outer loop
      vertex 340 1200 350
      vertex 350 1199.063232421875 345.08856201171875
      vertex 350 1200 350
    endloop
  endfacet
  facet normal 0 -0.98229237930691293 0.18735442763800345
    outer loop
      vertex 330 1200 350
      vertex 330 1199.063232421875 345.08856201171875
      vertex 340 1199.063232421875 345.08856201171875
    endloop
  endfacet
  facet normal 0 -0.98229237930691293 0.18735442763800345
    outer loop
      vertex 330 1200 350
      vertex 340 1199.063232421875 345.08856201171875
      vertex 340 1200 350
    endloop
  endfacet
  facet normal 0 -0.98229237930691293 0.18735442763800345
    outer loop
      vertex 310 1200 350
      vertex 310 1199.063232421875 345.08856201171875
      vertex 320 1199.063232421875 345.08856201171875
    endloop
  endfacet
  facet normal 0 -0.98229237930691293 0.18735442763800345
    outer loop
      vertex 310 1200 350
      vertex 320 1199.063232421875 345.08856201171875
      vertex 320 1200 350
    endloop
  endfacet
  facet normal 0 -0.98229237930691293 0.18735442763800345
    outer loop
      vertex 300 1200 350
      vertex 300 1199.063232421875 345.08856201171875
      vertex 310 1199.063232421875 345.08856201171875
    endloop
  endfacet
  facet normal 0 -0.98229237930691293 0.18735442763800345
    outer loop
      vertex 300 1200 350
      vertex 310 1199.063232421875 345.08856201171875
      vertex 310 1200 350
    endloop
  endfacet
  facet normal 0 -0.98229237930691293 0.18735442763800345
    outer loop
      vertex 320 1200 350
      vertex 320 1199.063232421875 345.08856201171875
      vertex 330 1199.063232421875 345.08856201171875
    endloop
  endfacet
  facet normal 0 -0.98229237930691293 0.18735442763800345
    outer loop
      vertex 320 1200 350
      vertex 330 1199.063232421875 345.08856201171875
      vertex 330 1200 350
    endloop
  endfacet
  facet normal 0 -0.98229237930691293 0.18735442763800345
    outer loop
      vertex 350 1200 350
      vertex 350 1199.063232421875 345.08856201171875
      vertex 360 1199.063232421875 345.08856201171875
    endloop
  endfacet
  facet normal 0 -0.98229237930691293 0.18735442763800345
    outer loop
      vertex 350 1200 350
      vertex 360 1199.063232421875 345.08856201171875
      vertex 360 1200 350
    endloop
  endfacet
  facet normal 1 -0 -0
    outer loop
      vertex 400 1263.1019287109375 337.96371459960938
      vertex 400 1262.1651611328125 333.05224609375
      vertex 400 1272.68212890625 331.04620361328125
    endloop
  endfacet
  facet normal 1 0 0
    outer loop
      vertex 400 1263.1019287109375 337.96371459960938
      vertex 400 1272.68212890625 331.04620361328125
      vertex 400 1273.618896484375 335.95767211914062
    endloop
  endfacet
  facet normal 1 -0 -0
    outer loop
      vertex 400 1242.0679931640625 341.97579956054688
      vertex 400 1241.131103515625 337.06436157226562
      vertex 400 1251.6480712890625 335.05831909179688
    endloop
  endfacet
  facet normal 1 0 0
    outer loop
      vertex 400 1242.0679931640625 341.97579956054688
      vertex 400 1251.6480712890625 335.05831909179688
      vertex 400 1252.5849609375 339.96975708007812
    endloop
  endfacet
  facet normal 1 -0 -0
    outer loop
      vertex 400 1252.5849609375 339.96975708007812
      vertex 400 1251.6480712890625 335.05831909179688
      vertex 400 1262.1651611328125 333.05224609375
    endloop
  endfacet
  facet normal 1 0 0
    outer loop
      vertex 400 1252.5849609375 339.96975708007812
      vertex 400 1262.1651611328125 333.05224609375
      vertex 400 1263.1019287109375 337.96371459960938
    endloop
  endfacet
  facet normal 1 -0 -0
    outer loop
      vertex 400 1221.033935546875 345.9879150390625
      vertex 400 1220.09716796875 341.07644653320312
      vertex 400 1230.6141357421875 339.07040405273438
    endloop
  endfacet
  facet normal 1 0 0
    outer loop
      vertex 400 1221.033935546875 345.9879150390625
      vertex 400 1230.6141357421875 339.07040405273438
      vertex 400 1231.551025390625 343.98184204101562
    endloop
  endfacet
  facet normal 1 -0 -0
    outer loop
      vertex 400 1200 350
      vertex 400 1199.063232421875 345.08856201171875
      vertex 400 1209.5802001953125 343.08248901367188
    endloop
  endfacet
  facet normal 1 0 0
    outer loop
      vertex 400 1200 350
      vertex 400 1209.5802001953125 343.08248901367188
      vertex 400 1210.5169677734375 347.99395751953125
    endloop
  endfacet
  facet normal 1 -0 -0
    outer loop
      vertex 400 1210.5169677734375 347.99395751953125
      vertex 400 1209.5802001953125 343.08248901367188
      vertex 400 1220.09716796875 341.07644653320312
    endloop
  endfacet
  facet normal 1 0 0
    outer loop
      vertex 400 1210.5169677734375 347.99395751953125
      vertex 400 1220.09716796875 341.07644653320312
      vertex 400 1221.033935546875 345.9879150390625
    endloop
  endfacet
  facet normal 1 -0 -0
    outer loop
      vertex 400 1231.551025390625 343.98184204101562
      vertex 400 1230.6141357421875 339.07040405273438
      vertex 400 1241.131103515625 337.06436157226562
    endloop
  endfacet
  facet normal 1 0 0
    outer loop
      vertex 400 1231.551025390625 343.98184204101562
      vertex 400 1241.131103515625 337.06436157226562
      vertex 400 1242.0679931640625 341.97579956054688
    endloop
  endfacet
  facet normal 0 0.9822925935496909 -0.18735330436750142
    outer loop
      vertex 310 1273.618896484375 335.95767211914062
      vertex 310 1272.68212890625 331.04620361328125
      vertex 300 1272.68212890625 331.04620361328125
    endloop
  endfacet
  facet normal 0 0.9822925935496909 -0.18735330436750142
    outer loop
      vertex 310 1273.618896484375 335.95767211914062
      vertex 300 1272.68212890625 331.04620361328125
      vertex 300 1273.618896484375 335.95767211914062
    endloop
  endfacet
  facet normal 0 0.9822925935496909 -0.18735330436750142
    outer loop
      vertex 330 1273.618896484375 335.95767211914062
      vertex 330 1272.68212890625 331.04620361328125
      vertex 320 1272.68212890625 331.04620361328125
    endloop
  endfacet
  facet normal 0 0.9822925935496909 -0.18735330436750142
    outer loop
      vertex 330 1273.618896484375 335.95767211914062
      vertex 320 1272.68212890625 331.04620361328125
      vertex 320 1273.618896484375 335.95767211914062
    endloop
  endfacet
  facet normal 0 0.9822925935496909 -0.18735330436750142
    outer loop
      vertex 340 1273.618896484375 335.95767211914062
      vertex 340 1272.68212890625 331.04620361328125
      vertex 330 1272.68212890625 331.04620361328125
    endloop
  endfacet
  facet normal 0 0.9822925935496909 -0.18735330436750142
    outer loop
      vertex 340 1273.618896484375 335.95767211914062
      vertex 330 1272.68212890625 331.04620361328125
      vertex 330 1273.618896484375 335.95767211914062
    endloop
  endfacet
  facet normal 0 0.9822925935496909 -0.18735330436750142
    outer loop
      vertex 320 1273.618896484375 335.95767211914062
      vertex 320 1272.68212890625 331.04620361328125
      vertex 310 1272.68212890625 331.04620361328125
    endloop
  endfacet
  facet normal 0 0.9822925935496909 -0.18735330436750142
    outer loop
      vertex 320 1273.618896484375 335.95767211914062
      vertex 310 1272.68212890625 331.04620361328125
      vertex 310 1273.618896484375 335.95767211914062
    endloop
  endfacet
  facet normal 0 0.9822925935496909 -0.18735330436750142
    outer loop
      vertex 360 1273.618896484375 335.95767211914062
      vertex 360 1272.68212890625 331.04620361328125
      vertex 350 1272.68212890625 331.04620361328125
    endloop
  endfacet
  facet normal 0 0.9822925935496909 -0.18735330436750142
    outer loop
      vertex 360 1273.618896484375 335.95767211914062
      vertex 350 1272.68212890625 331.04620361328125
      vertex 350 1273.618896484375 335.95767211914062
    endloop
  endfacet
  facet normal 0 0.9822925935496909 -0.18735330436750142
    outer loop
      vertex 370 1273.618896484375 335.95767211914062
      vertex 370 1272.68212890625 331.04620361328125
      vertex 360 1272.68212890625 331.04620361328125
    endloop
  endfacet
  facet normal 0 0.9822925935496909 -0.18735330436750142
    outer loop
      vertex 370 1273.618896484375 335.95767211914062
      vertex 360 1272.68212890625 331.04620361328125
      vertex 360 1273.618896484375 335.95767211914062
    endloop
  endfacet
  facet normal 0 0.9822925935496909 -0.18735330436750142
    outer loop
      vertex 390 1273.618896484375 335.95767211914062
      vertex 390 1272.68212890625 331.04620361328125
      vertex 380 1272.68212890625 331.04620361328125
    endloop
  endfacet
  facet normal 0 0.9822925935496909 -0.18735330436750142
    outer loop
      vertex 390 1273.618896484375 335.95767211914062
      vertex 380 1272.68212890625 331.04620361328125
      vertex 380 1273.618896484375 335.95767211914062
    endloop
  endfacet
  facet normal 0 0.9822925935496909 -0.18735330436750142
    outer loop
      vertex 400 1273.618896484375 335.95767211914062
      vertex 400 1272.68212890625 331.04620361328125
      vertex 390 1272.68212890625 331.04620361328125
    endloop
  endfacet
  facet normal 0 0.9822925935496909 -0.18735330436750142
    outer loop
      vertex 400 1273.618896484375 335.95767211914062
      vertex 390 1272.68212890625 331.04620361328125
      vertex 390 1273.618896484375 335.95767211914062
    endloop
  endfacet
  facet normal 0 0.9822925935496909 -0.18735330436750142
    outer loop
      vertex 380 1273.618896484375 335.95767211914062
      vertex 380 1272.68212890625 331.04620361328125
      vertex 370 1272.68212890625 331.04620361328125
    endloop
  endfacet
  facet normal 0 0.9822925935496909 -0.18735330436750142
    outer loop
      vertex 380 1273.618896484375 335.95767211914062
      vertex 370 1272.68212890625 331.04620361328125
      vertex 370 1273.618896484375 335.95767211914062
    endloop
  endfacet
  facet normal 0 0.9822925935496909 -0.18735330436750142
    outer loop
      vertex 350 1273.618896484375 335.95767211914062
      vertex 350 1272.68212890625 331.04620361328125
      vertex 340 1272.68212890625 331.04620361328125
    endloop
  endfacet
  facet normal 0 0.9822925935496909 -0.18735330436750142
    outer loop
      vertex 350 1273.618896484375 335.95767211914062
      vertex 340 1272.68212890625 331.04620361328125
      vertex 340 1273.618896484375 335.95767211914062
    endloop
  endfacet
  facet normal 1 -0 -0
    outer loop
      vertex 310 1256.441162109375 339.23419189453125
      vertex 310 1255.50439453125 334.32275390625
      vertex 310 1265.3201904296875 332.450439453125
    endloop
  endfacet
  facet normal 1 0 0
    outer loop
      vertex 310 1256.441162109375 339.23419189453125
      vertex 310 1265.3201904296875 332.450439453125
      vertex 310 1266.257080078125 337.36190795898438
    endloop
  endfacet
  facet normal 1 -0 -0
    outer loop
      vertex 310 1246.6253662109375 341.10650634765625
      vertex 310 1245.6884765625 336.195068359375
      vertex 310 1255.50439453125 334.32275390625
    endloop
  endfacet
  facet normal 1 0 0
    outer loop
      vertex 310 1246.6253662109375 341.10650634765625
      vertex 310 1255.50439453125 334.32275390625
      vertex 310 1256.441162109375 339.23419189453125
    endloop
  endfacet
  facet normal 1 -0 -0
    outer loop
      vertex 310 1226.99365234375 344.85113525390625
      vertex 310 1226.0567626953125 339.939697265625
      vertex 310 1235.8726806640625 338.0673828125
    endloop
  endfacet
  facet normal 1 0 0
    outer loop
      vertex 310 1226.99365234375 344.85113525390625
      vertex 310 1235.8726806640625 338.0673828125
      vertex 310 1236.8094482421875 342.97882080078125
    endloop
  endfacet
  facet normal 1 -0 -0
    outer loop
      vertex 310 1207.3619384765625 348.59576416015625
      vertex 310 1206.425048828125 343.684326171875
      vertex 310 1216.240966796875 341.81201171875
    endloop
  endfacet
  facet normal 1 0 0
    outer loop
      vertex 310 1207.3619384765625 348.59576416015625
      vertex 310 1216.240966796875 341.81201171875
      vertex 310 1217.177734375 346.72344970703125
    endloop
  endfacet
  facet normal 1 -0 -0
    outer loop
      vertex 310 1217.177734375 346.72344970703125
      vertex 310 1216.240966796875 341.81201171875
      vertex 310 1226.0567626953125 339.939697265625
    endloop
  endfacet
  facet normal 1 0 0
    outer loop
      vertex 310 1217.177734375 346.72344970703125
      vertex 310 1226.0567626953125 339.939697265625
      vertex 310 1226.99365234375 344.85113525390625
    endloop
  endfacet
  facet normal 1 -0 -0
    outer loop
      vertex 310 1236.8094482421875 342.97882080078125
      vertex 310 1235.8726806640625 338.0673828125
      vertex 310 1245.6884765625 336.195068359375
    endloop
  endfacet
  facet normal 1 0 0
    outer loop
      vertex 310 1236.8094482421875 342.97882080078125
      vertex 310 1245.6884765625 336.195068359375
      vertex 310 1246.6253662109375 341.10650634765625
    endloop
  endfacet
  facet normal 0 -0.98228810023221669 0.18737686127743464
    outer loop
      vertex 380 1266.257080078125 337.36190795898438
      vertex 380 1265.3201904296875 332.450439453125
      vertex 390 1265.3201904296875 332.450439453125
    endloop
  endfacet
  facet normal 0 -0.98228810023221669 0.18737686127743464
    outer loop
      vertex 380 1266.257080078125 337.36190795898438
      vertex 390 1265.3201904296875 332.450439453125
      vertex 390 1266.257080078125 337.36190795898438
    endloop
  endfacet
  facet normal 0 -0.98228810023221669 0.18737686127743464
    outer loop
      vertex 360 1266.257080078125 337.36190795898438
      vertex 360 1265.3201904296875 332.450439453125
      vertex 370 1265.3201904296875 332.450439453125
    endloop
  endfacet
  facet normal 0 -0.98228810023221669 0.18737686127743464
    outer loop
      vertex 360 1266.257080078125 337.36190795898438
      vertex 370 1265.3201904296875 332.450439453125
      vertex 370 1266.257080078125 337.36190795898438
    endloop
  endfacet
  facet normal 0 -0.98228810023221669 0.18737686127743464
    outer loop
      vertex 370 1266.257080078125 337.36190795898438
      vertex 370 1265.3201904296875 332.450439453125
      vertex 380 1265.3201904296875 332.450439453125
    endloop
  endfacet
  facet normal 0 -0.98228810023221669 0.18737686127743464
    outer loop
      vertex 370 1266.257080078125 337.36190795898438
      vertex 380 1265.3201904296875 332.450439453125
      vertex 380 1266.257080078125 337.36190795898438
    endloop
  endfacet
  facet normal 0 -0.98228810023221669 0.18737686127743464
    outer loop
      vertex 340 1266.257080078125 337.36190795898438
      vertex 340 1265.3201904296875 332.450439453125
      vertex 350 1265.3201904296875 332.450439453125
    endloop
  endfacet
  facet normal 0 -0.98228810023221669 0.18737686127743464
    outer loop
      vertex 340 1266.257080078125 337.36190795898438
      vertex 350 1265.3201904296875 332.450439453125
      vertex 350 1266.257080078125 337.36190795898438
    endloop
  endfacet
  facet normal 0 -0.98228810023221669 0.18737686127743464
    outer loop
      vertex 320 1266.257080078125 337.36190795898438
      vertex 320 1265.3201904296875 332.450439453125
      vertex 330 1265.3201904296875 332.450439453125
    endloop
  endfacet
  facet normal 0 -0.98228810023221669 0.18737686127743464
    outer loop
      vertex 320 1266.257080078125 337.36190795898438
      vertex 330 1265.3201904296875 332.450439453125
      vertex 330 1266.257080078125 337.36190795898438
    endloop
  endfacet
  facet normal 0 -0.98228810023221669 0.18737686127743464
    outer loop
      vertex 310 1266.257080078125 337.36190795898438
      vertex 310 1265.3201904296875 332.450439453125
      vertex 320 1265.3201904296875 332.450439453125
    endloop
  endfacet
  facet normal 0 -0.98228810023221669 0.18737686127743464
    outer loop
      vertex 310 1266.257080078125 337.36190795898438
      vertex 320 1265.3201904296875 332.450439453125
      vertex 320 1266.257080078125 337.36190795898438
    endloop
  endfacet
  facet normal 0 -0.98228810023221669 0.18737686127743464
    outer loop
      vertex 330 1266.257080078125 337.36190795898438
      vertex 330 1265.3201904296875 332.450439453125
      vertex 340 1265.3201904296875 332.450439453125
    endloop
  endfacet
  facet normal 0 -0.98228810023221669 0.18737686127743464
    outer loop
      vertex 330 1266.257080078125 337.36190795898438
      vertex 340 1265.3201904296875 332.450439453125
      vertex 340 1266.257080078125 337.36190795898438
    endloop
  endfacet
  facet normal 0 -0.98228810023221669 0.18737686127743464
    outer loop
      vertex 350 1266.257080078125 337.36190795898438
      vertex 350 1265.3201904296875 332.450439453125
      vertex 360 1265.3201904296875 332.450439453125
    endloop
  endfacet
  facet normal 0 -0.98228810023221669 0.18737686127743464
    outer loop
      vertex 350 1266.257080078125 337.36190795898438
      vertex 360 1265.3201904296875 332.450439453125
      vertex 360 1266.257080078125 337.36190795898438
    endloop
  endfacet
  facet normal -1 0 -0
    outer loop
      vertex 390 1217.177734375 346.72344970703125
      vertex 390 1216.240966796875 341.81201171875
      vertex 390 1206.425048828125 343.684326171875
    endloop
  endfacet
  facet normal -1 0 -0
    outer loop
      vertex 390 1217.177734375 346.72344970703125
      vertex 390 1206.425048828125 343.684326171875
      vertex 390 1207.3619384765625 348.59576416015625
    endloop
  endfacet
  facet normal -1 0 -0
    outer loop
      vertex 390 1226.99365234375 344.85113525390625
      vertex 390 1226.0567626953125 339.939697265625
      vertex 390 1216.240966796875 341.81201171875
    endloop
  endfacet
  facet normal -1 -0 0
    outer loop
      vertex 390 1226.99365234375 344.85113525390625
      vertex 390 1216.240966796875 341.81201171875
      vertex 390 1217.177734375 346.72344970703125
    endloop
  endfacet
  facet normal -1 0 -0
    outer loop
      vertex 390 1246.6253662109375 341.10650634765625
      vertex 390 1245.6884765625 336.195068359375
      vertex 390 1235.8726806640625 338.0673828125
    endloop
  endfacet
  facet normal -1 -0 0
    outer loop
      vertex 390 1246.6253662109375 341.10650634765625
      vertex 390 1235.8726806640625 338.0673828125
      vertex 390 1236.8094482421875 342.97882080078125
    endloop
  endfacet
  facet normal -1 0 -0
    outer loop
      vertex 390 1266.257080078125 337.36190795898438
      vertex 390 1265.3201904296875 332.450439453125
      vertex 390 1255.50439453125 334.32275390625
    endloop
  endfacet
  facet normal -1 -0 0
    outer loop
      vertex 390 1266.257080078125 337.36190795898438
      vertex 390 1255.50439453125 334.32275390625
      vertex 390 1256.441162109375 339.23419189453125
    endloop
  endfacet
  facet normal -1 0 -0
    outer loop
      vertex 390 1256.441162109375 339.23419189453125
      vertex 390 1255.50439453125 334.32275390625
      vertex 390 1245.6884765625 336.195068359375
    endloop
  endfacet
  facet normal -1 0 -0
    outer loop
      vertex 390 1256.441162109375 339.23419189453125
      vertex 390 1245.6884765625 336.195068359375
      vertex 390 1246.6253662109375 341.10650634765625
    endloop
  endfacet
  facet normal -1 0 -0
    outer loop
      vertex 390 1236.8094482421875 342.97882080078125
      vertex 390 1235.8726806640625 338.0673828125
      vertex 390 1226.0567626953125 339.939697265625
    endloop
  endfacet
  facet normal -1 0 -0
    outer loop
      vertex 390 1236.8094482421875 342.97882080078125
      vertex 390 1226.0567626953125 339.939697265625
      vertex 390 1226.99365234375 344.85113525390625
    endloop
  endfacet
  facet normal 0 -0.18736470246379544 -0.98229041951484664
    outer loop
      vertex 310 1265.3201904296875 332.450439453125
      vertex 300 1272.68212890625 331.04620361328125
      vertex 310 1272.68212890625 331.04620361328125
    endloop
  endfacet
  facet normal -5.4404533183339985e-07 -0.18736541551821187 -0.98229028350452086
    outer loop
      vertex 300 1262.1651611328125 333.05224609375
      vertex 300 1272.68212890625 331.04620361328125
      vertex 310 1265.3201904296875 332.450439453125
    endloop
  endfacet
  facet normal -3.3089091829506288e-07 -0.18736606740243938 -0.98229015916175966
    outer loop
      vertex 300 1251.6480712890625 335.05831909179688
      vertex 300 1262.1651611328125 333.05224609375
      vertex 310 1265.3201904296875 332.450439453125
    endloop
  endfacet
  facet normal 9.207753637175624e-07 -0.18736695075122098 -0.98228999066739009
    outer loop
      vertex 300 1251.6480712890625 335.05831909179688
      vertex 310 1265.3201904296875 332.450439453125
      vertex 310 1255.50439453125 334.32275390625
    endloop
  endfacet
  facet normal -7.5498274856281069e-07 -0.18736470246374207 -0.98229041951456686
    outer loop
      vertex 310 1255.50439453125 334.32275390625
      vertex 310 1245.6884765625 336.195068359375
      vertex 300 1241.131103515625 337.06436157226562
    endloop
  endfacet
  facet normal 3.0719981035859759e-07 -0.18736541551823077 -0.98229028350461989
    outer loop
      vertex 310 1255.50439453125 334.32275390625
      vertex 300 1241.131103515625 337.06436157226562
      vertex 300 1251.6480712890625 335.05831909179688
    endloop
  endfacet
  facet normal -0 -0.18736470246379544 -0.98229041951484664
    outer loop
      vertex 320 1265.3201904296875 332.450439453125
      vertex 310 1265.3201904296875 332.450439453125
      vertex 310 1272.68212890625 331.04620361328125
    endloop
  endfacet
  facet normal 0 -0.18736470246379544 -0.98229041951484664
    outer loop
      vertex 320 1265.3201904296875 332.450439453125
      vertex 310 1272.68212890625 331.04620361328125
      vertex 320 1272.68212890625 331.04620361328125
    endloop
  endfacet
  facet normal 0 -0.18736470246379544 -0.98229041951484664
    outer loop
      vertex 320 1272.68212890625 331.04620361328125
      vertex 330 1272.68212890625 331.04620361328125
      vertex 330 1265.3201904296875 332.450439453125
    endloop
  endfacet
  facet normal 0 -0.18736470246379544 -0.98229041951484664
    outer loop
      vertex 320 1272.68212890625 331.04620361328125
      vertex 330 1265.3201904296875 332.450439453125
      vertex 320 1265.3201904296875 332.450439453125
    endloop
  endfacet
  facet normal 0 -0.18736470246379544 -0.98229041951484664
    outer loop
      vertex 340 1272.68212890625 331.04620361328125
      vertex 350 1272.68212890625 331.04620361328125
      vertex 350 1265.3201904296875 332.450439453125
    endloop
  endfacet
  facet normal 0 -0.18736470246379544 -0.98229041951484664
    outer loop
      vertex 340 1272.68212890625 331.04620361328125
      vertex 350 1265.3201904296875 332.450439453125
      vertex 340 1265.3201904296875 332.450439453125
    endloop
  endfacet
  facet normal 0 -0.18736470246379544 -0.98229041951484664
    outer loop
      vertex 330 1272.68212890625 331.04620361328125
      vertex 340 1272.68212890625 331.04620361328125
      vertex 340 1265.3201904296875 332.450439453125
    endloop
  endfacet
  facet normal 0 -0.18736470246379544 -0.98229041951484664
    outer loop
      vertex 330 1272.68212890625 331.04620361328125
      vertex 340 1265.3201904296875 332.450439453125
      vertex 330 1265.3201904296875 332.450439453125
    endloop
  endfacet
  facet normal 0 -0.18736470246379544 -0.98229041951484664
    outer loop
      vertex 350 1272.68212890625 331.04620361328125
      vertex 360 1272.68212890625 331.04620361328125
      vertex 360 1265.3201904296875 332.450439453125
    endloop
  endfacet
  facet normal 0 -0.18736470246379544 -0.98229041951484664
    outer loop
      vertex 350 1272.68212890625 331.04620361328125
      vertex 360 1265.3201904296875 332.450439453125
      vertex 350 1265.3201904296875 332.450439453125
    endloop
  endfacet
  facet normal -4.1819396541934817e-07 -0.18736541551822317 -0.98229028350458014
    outer loop
      vertex 300 1230.6141357421875 339.07040405273438
      vertex 300 1241.131103515625 337.06436157226562
      vertex 310 1245.6884765625 336.195068359375
    endloop
  endfacet
  facet normal 1.980269101787459e-06 -0.18736695075093304 -0.98228999066588063
    outer loop
      vertex 300 1230.6141357421875 339.07040405273438
      vertex 310 1245.6884765625 336.195068359375
      vertex 310 1235.8726806640625 338.0673828125
    endloop
  endfacet
  facet normal 7.5498274857419047e-07 -0.18736470246374207 -0.98229041951456697
    outer loop
      vertex 300 1230.6141357421875 339.07040405273438
      vertex 310 1235.8726806640625 338.0673828125
      vertex 310 1226.0567626953125 339.939697265625
    endloop
  endfacet
  facet normal 4.1819396541965681e-07 -0.18736541551822317 -0.98229028350458014
    outer loop
      vertex 300 1220.09716796875 341.07644653320312
      vertex 300 1230.6141357421875 339.07040405273438
      vertex 310 1226.0567626953125 339.939697265625
    endloop
  endfacet
  facet normal 1.3664188593166295e-06 -0.18736695075112547 -0.98228999066688949
    outer loop
      vertex 300 1220.09716796875 341.07644653320312
      vertex 310 1226.0567626953125 339.939697265625
      vertex 310 1216.240966796875 341.81201171875
    endloop
  endfacet
  facet normal 1.9799756720259026e-06 -0.18736541551787228 -0.98229028350274061
    outer loop
      vertex 300 1209.5802001953125 343.08248901367188
      vertex 300 1220.09716796875 341.07644653320312
      vertex 310 1216.240966796875 341.81201171875
    endloop
  endfacet
  facet normal 1.4877469647478781e-06 -0.18736470246358805 -0.98229041951375951
    outer loop
      vertex 300 1209.5802001953125 343.08248901367188
      vertex 310 1216.240966796875 341.81201171875
      vertex 310 1206.425048828125 343.684326171875
    endloop
  endfacet
  facet normal 3.5525069528486701e-07 -0.18736816580967641 -0.98228975890059611
    outer loop
      vertex 300 1199.063232421875 345.08856201171875
      vertex 300 1209.5802001953125 343.08248901367188
      vertex 310 1206.425048828125 343.684326171875
    endloop
  endfacet
  facet normal 0 -0.18736770019224108 -0.98228984771536276
    outer loop
      vertex 300 1199.063232421875 345.08856201171875
      vertex 310 1206.425048828125 343.684326171875
      vertex 310 1199.063232421875 345.08856201171875
    endloop
  endfacet
  facet normal -0 -0.18736770019224108 -0.98228984771536276
    outer loop
      vertex 320 1206.425048828125 343.684326171875
      vertex 320 1199.063232421875 345.08856201171875
      vertex 310 1199.063232421875 345.08856201171875
    endloop
  endfacet
  facet normal 0 -0.18736770019224108 -0.98228984771536276
    outer loop
      vertex 320 1206.425048828125 343.684326171875
      vertex 310 1199.063232421875 345.08856201171875
      vertex 310 1206.425048828125 343.684326171875
    endloop
  endfacet
  facet normal 0 -0.18736770019224108 -0.98228984771536276
    outer loop
      vertex 330 1206.425048828125 343.684326171875
      vertex 340 1206.425048828125 343.684326171875
      vertex 340 1199.063232421875 345.08856201171875
    endloop
  endfacet
  facet normal 0 -0.18736770019224108 -0.98228984771536276
    outer loop
      vertex 330 1206.425048828125 343.684326171875
      vertex 340 1199.063232421875 345.08856201171875
      vertex 330 1199.063232421875 345.08856201171875
    endloop
  endfacet
  facet normal 0 -0.18736770019224108 -0.98228984771536276
    outer loop
      vertex 320 1206.425048828125 343.684326171875
      vertex 330 1206.425048828125 343.684326171875
      vertex 330 1199.063232421875 345.08856201171875
    endloop
  endfacet
  facet normal 0 -0.18736770019224108 -0.98228984771536276
    outer loop
      vertex 320 1206.425048828125 343.684326171875
      vertex 330 1199.063232421875 345.08856201171875
      vertex 320 1199.063232421875 345.08856201171875
    endloop
  endfacet
  facet normal 0 -0.18736770019224108 -0.98228984771536276
    outer loop
      vertex 340 1199.063232421875 345.08856201171875
      vertex 340 1206.425048828125 343.684326171875
      vertex 350 1206.425048828125 343.684326171875
    endloop
  endfacet
  facet normal 0 -0.18736770019224108 -0.98228984771536276
    outer loop
      vertex 340 1199.063232421875 345.08856201171875
      vertex 350 1206.425048828125 343.684326171875
      vertex 350 1199.063232421875 345.08856201171875
    endloop
  endfacet
  facet normal 0 -0.18736470246379544 -0.98229041951484664
    outer loop
      vertex 360 1272.68212890625 331.04620361328125
      vertex 370 1272.68212890625 331.04620361328125
      vertex 370 1265.3201904296875 332.450439453125
    endloop
  endfacet
  facet normal 0 -0.18736470246379544 -0.98229041951484664
    outer loop
      vertex 360 1272.68212890625 331.04620361328125
      vertex 370 1265.3201904296875 332.450439453125
      vertex 360 1265.3201904296875 332.450439453125
    endloop
  endfacet
  facet normal 0 -0.18736470246379544 -0.98229041951484664
    outer loop
      vertex 370 1272.68212890625 331.04620361328125
      vertex 380 1272.68212890625 331.04620361328125
      vertex 380 1265.3201904296875 332.450439453125
    endloop
  endfacet
  facet normal 0 -0.18736470246379544 -0.98229041951484664
    outer loop
      vertex 370 1272.68212890625 331.04620361328125
      vertex 380 1265.3201904296875 332.450439453125
      vertex 370 1265.3201904296875 332.450439453125
    endloop
  endfacet
  facet normal -0 -0.18736470246379544 -0.98229041951484664
    outer loop
      vertex 390 1265.3201904296875 332.450439453125
      vertex 380 1265.3201904296875 332.450439453125
      vertex 380 1272.68212890625 331.04620361328125
    endloop
  endfacet
  facet normal 0 -0.18736470246379544 -0.98229041951484664
    outer loop
      vertex 390 1265.3201904296875 332.450439453125
      vertex 380 1272.68212890625 331.04620361328125
      vertex 390 1272.68212890625 331.04620361328125
    endloop
  endfacet
  facet normal 4.2051686719051375e-08 -0.18736695075130025 -0.98228999066780576
    outer loop
      vertex 390 1255.50439453125 334.32275390625
      vertex 390 1265.3201904296875 332.450439453125
      vertex 400 1262.1651611328125 333.05224609375
    endloop
  endfacet
  facet normal -5.6773366075919733e-07 -0.18736606740241946 -0.98229015916165519
    outer loop
      vertex 390 1255.50439453125 334.32275390625
      vertex 400 1262.1651611328125 333.05224609375
      vertex 400 1251.6480712890625 335.05831909179688
    endloop
  endfacet
  facet normal 5.4404533183339985e-07 -0.18736541551821187 -0.98229028350452086
    outer loop
      vertex 400 1272.68212890625 331.04620361328125
      vertex 400 1262.1651611328125 333.05224609375
      vertex 390 1265.3201904296875 332.450439453125
    endloop
  endfacet
  facet normal 0 -0.18736470246379544 -0.98229041951484664
    outer loop
      vertex 400 1272.68212890625 331.04620361328125
      vertex 390 1265.3201904296875 332.450439453125
      vertex 390 1272.68212890625 331.04620361328125
    endloop
  endfacet
  facet normal -3.0692512124154695e-07 -0.18736695075129162 -0.98228999066776046
    outer loop
      vertex 400 1241.131103515625 337.06436157226562
      vertex 390 1235.8726806640625 338.0673828125
      vertex 390 1245.6884765625 336.195068359375
    endloop
  endfacet
  facet normal 4.1819396541965681e-07 -0.18736541551822317 -0.98229028350458014
    outer loop
      vertex 400 1251.6480712890625 335.05831909179688
      vertex 400 1241.131103515625 337.06436157226562
      vertex 390 1245.6884765625 336.195068359375
    endloop
  endfacet
  facet normal -2.2218532399286271e-08 -0.18736470246379539 -0.98229041951484641
    outer loop
      vertex 400 1251.6480712890625 335.05831909179688
      vertex 390 1245.6884765625 336.195068359375
      vertex 390 1255.50439453125 334.32275390625
    endloop
  endfacet
  facet normal -1.1435877411994448e-06 -0.18736541551811703 -0.9822902835040237
    outer loop
      vertex 400 1230.6141357421875 339.07040405273438
      vertex 390 1235.8726806640625 338.0673828125
      vertex 400 1241.131103515625 337.06436157226562
    endloop
  endfacet
  facet normal 0 -0.18736770019224108 -0.98228984771536276
    outer loop
      vertex 350 1206.425048828125 343.684326171875
      vertex 360 1206.425048828125 343.684326171875
      vertex 360 1199.063232421875 345.08856201171875
    endloop
  endfacet
  facet normal 0 -0.18736770019224108 -0.98228984771536276
    outer loop
      vertex 350 1206.425048828125 343.684326171875
      vertex 360 1199.063232421875 345.08856201171875
      vertex 350 1199.063232421875 345.08856201171875
    endloop
  endfacet
  facet normal 0 -0.18736770019224108 -0.98228984771536276
    outer loop
      vertex 370 1206.425048828125 343.684326171875
      vertex 380 1206.425048828125 343.684326171875
      vertex 380 1199.063232421875 345.08856201171875
    endloop
  endfacet
  facet normal 0 -0.18736770019224108 -0.98228984771536276
    outer loop
      vertex 370 1206.425048828125 343.684326171875
      vertex 380 1199.063232421875 345.08856201171875
      vertex 370 1199.063232421875 345.08856201171875
    endloop
  endfacet
  facet normal 0 -0.18736770019224108 -0.98228984771536276
    outer loop
      vertex 360 1206.425048828125 343.684326171875
      vertex 370 1206.425048828125 343.684326171875
      vertex 370 1199.063232421875 345.08856201171875
    endloop
  endfacet
  facet normal 0 -0.18736770019224108 -0.98228984771536276
    outer loop
      vertex 360 1206.425048828125 343.684326171875
      vertex 370 1199.063232421875 345.08856201171875
      vertex 360 1199.063232421875 345.08856201171875
    endloop
  endfacet
  facet normal 0 -0.18736770019224108 -0.98228984771536276
    outer loop
      vertex 380 1199.063232421875 345.08856201171875
      vertex 380 1206.425048828125 343.684326171875
      vertex 390 1206.425048828125 343.684326171875
    endloop
  endfacet
  facet normal 0 -0.18736770019224108 -0.98228984771536276
    outer loop
      vertex 380 1199.063232421875 345.08856201171875
      vertex 390 1206.425048828125 343.684326171875
      vertex 390 1199.063232421875 345.08856201171875
    endloop
  endfacet
  facet normal 3.0692512124294434e-07 -0.18736695075129162 -0.98228999066776046
    outer loop
      vertex 390 1216.240966796875 341.81201171875
      vertex 390 1226.0567626953125 339.939697265625
      vertex 400 1230.6141357421875 339.07040405273438
    endloop
  endfacet
  facet normal -1.9799756720364681e-06 -0.18736541551787228 -0.98229028350274061
    outer loop
      vertex 390 1216.240966796875 341.81201171875
      vertex 400 1230.6141357421875 339.07040405273438
      vertex 400 1220.09716796875 341.07644653320312
    endloop
  endfacet
  facet normal -7.5498274857419047e-07 -0.18736470246374207 -0.98229041951456697
    outer loop
      vertex 400 1230.6141357421875 339.07040405273438
      vertex 390 1226.0567626953125 339.939697265625
      vertex 390 1235.8726806640625 338.0673828125
    endloop
  endfacet
  facet normal -1.2545818962497504e-06 -0.18736541551809213 -0.98229028350389302
    outer loop
      vertex 400 1220.09716796875 341.07644653320312
      vertex 400 1209.5802001953125 343.08248901367188
      vertex 390 1206.425048828125 343.684326171875
    endloop
  endfacet
  facet normal -2.2649482457152263e-06 -0.18736470246331485 -0.9822904195123271
    outer loop
      vertex 400 1220.09716796875 341.07644653320312
      vertex 390 1206.425048828125 343.684326171875
      vertex 390 1216.240966796875 341.81201171875
    endloop
  endfacet
  facet normal -5.0750524671268662e-07 -0.18736770019221699 -0.98228984771523631
    outer loop
      vertex 390 1199.063232421875 345.08856201171875
      vertex 390 1206.425048828125 343.684326171875
      vertex 400 1209.5802001953125 343.08248901367188
    endloop
  endfacet
  facet normal 0 -0.18736816580968824 -0.98228975890065817
    outer loop
      vertex 390 1199.063232421875 345.08856201171875
      vertex 400 1209.5802001953125 343.08248901367188
      vertex 400 1199.063232421875 345.08856201171875
    endloop
  endfacet
  facet normal -8.672512040439511e-06 0.54901152239687245 0.83581478103719586
    outer loop
      vertex 210 1327.86083984375 300.32861328125
      vertex 213.19999694824219 1325.342529296875 301.98281860351562
      vertex 213.19999694824219 1332.471435546875 297.30014038085938
    endloop
  endfacet
  facet normal 2.46948070419192e-06 0.54900612012644223 0.83581832957743418
    outer loop
      vertex 210 1327.86083984375 300.32861328125
      vertex 213.19999694824219 1332.471435546875 297.30014038085938
      vertex 210 1334.64111328125 295.875
    endloop
  endfacet
  facet normal 0 0.54900357573006853 0.83582000085879671
    outer loop
      vertex 210 1334.64111328125 295.875
      vertex 213.19999694824219 1332.471435546875 297.30014038085938
      vertex 220.55999755859375 1332.471435546875 297.30014038085938
    endloop
  endfacet
  facet normal 0 0.54900357573006853 0.83582000085879671
    outer loop
      vertex 210 1334.64111328125 295.875
      vertex 220.55999755859375 1332.471435546875 297.30014038085938
      vertex 218 1334.64111328125 295.875
    endloop
  endfacet
  facet normal 1.6376575105285111e-05 0.54900495507752067 0.8358190946802645
    outer loop
      vertex 210 1321.0806884765625 304.78225708007812
      vertex 213.19999694824219 1318.2135009765625 306.66549682617188
      vertex 213.19999694824219 1325.342529296875 301.98281860351562
    endloop
  endfacet
  facet normal -4.0189757150683616e-06 0.54901565326998081 0.83581206766137572
    outer loop
      vertex 210 1321.0806884765625 304.78225708007812
      vertex 213.19999694824219 1325.342529296875 301.98281860351562
      vertex 210 1327.86083984375 300.32861328125
    endloop
  endfacet
  facet normal 8.4142748233161067e-06 0.54901152239808371 0.83581478103903983
    outer loop
      vertex 210 1314.3004150390625 309.23587036132812
      vertex 213.19999694824219 1311.0845947265625 311.34817504882812
      vertex 213.19999694824219 1318.2135009765625 306.66549682617188
    endloop
  endfacet
  facet normal 1.7870728328884467e-05 0.54900612004045013 0.8358183294465179
    outer loop
      vertex 210 1314.3004150390625 309.23587036132812
      vertex 213.19999694824219 1318.2135009765625 306.66549682617188
      vertex 210 1321.0806884765625 304.78225708007812
    endloop
  endfacet
  facet normal 4.4234725716603484e-06 0.54900874819429035 0.83581660332071139
    outer loop
      vertex 210 1307.5201416015625 313.68951416015625
      vertex 213.19999694824219 1311.0845947265625 311.34817504882812
      vertex 210 1314.3004150390625 309.23587036132812
    endloop
  endfacet
  facet normal 0 0.54900357573006853 0.83582000085879671
    outer loop
      vertex 218 1334.64111328125 295.875
      vertex 220.55999755859375 1332.471435546875 297.30014038085938
      vertex 227.91999816894531 1332.471435546875 297.30014038085938
    endloop
  endfacet
  facet normal 0 0.54900357573006853 0.83582000085879671
    outer loop
      vertex 218 1334.64111328125 295.875
      vertex 227.91999816894531 1332.471435546875 297.30014038085938
      vertex 226 1334.64111328125 295.875
    endloop
  endfacet
  facet normal 0 0.54900357573006853 0.83582000085879671
    outer loop
      vertex 234 1334.64111328125 295.875
      vertex 235.27999877929688 1332.471435546875 297.30014038085938
      vertex 242.63999938964844 1332.471435546875 297.30014038085938
    endloop
  endfacet
  facet normal 0 0.54900357573006853 0.83582000085879671
    outer loop
      vertex 234 1334.64111328125 295.875
      vertex 242.63999938964844 1332.471435546875 297.30014038085938
      vertex 242 1334.64111328125 295.875
    endloop
  endfacet
  facet normal -0 0.54900357573006842 0.83582000085879671
    outer loop
      vertex 226 1334.64111328125 295.875
      vertex 227.91999816894531 1332.471435546875 297.30014038085938
      vertex 235.27999877929688 1332.471435546875 297.30014038085938
    endloop
  endfacet
  facet normal 0 0.54900357573006853 0.83582000085879671
    outer loop
      vertex 226 1334.64111328125 295.875
      vertex 235.27999877929688 1332.471435546875 297.30014038085938
      vertex 234 1334.64111328125 295.875
    endloop
  endfacet
  facet normal 0 0.54900357573006853 0.83582000085879671
    outer loop
      vertex 242 1334.64111328125 295.875
      vertex 242.63999938964844 1332.471435546875 297.30014038085938
      vertex 250 1332.471435546875 297.30014038085938
    endloop
  endfacet
  facet normal 0 0.54900357573006853 0.83582000085879671
    outer loop
      vertex 242 1334.64111328125 295.875
      vertex 250 1332.471435546875 297.30014038085938
      vertex 250 1334.64111328125 295.875
    endloop
  endfacet
  facet normal -8.6139068911976097e-06 0.5490061201077483 0.83581832954897406
    outer loop
      vertex 213.19999694824219 1303.9556884765625 316.03085327148438
      vertex 210 1307.5201416015625 313.68951416015625
      vertex 210 1300.7398681640625 318.14312744140625
    endloop
  endfacet
  facet normal -2.232759502008314e-05 0.54901565313756673 0.83581206745979064
    outer loop
      vertex 213.19999694824219 1303.9556884765625 316.03085327148438
      vertex 210 1300.7398681640625 318.14312744140625
      vertex 210 1293.959716796875 322.59677124023438
    endloop
  endfacet
  facet normal -3.8563606421071473e-06 0.54901152241343643 0.8358147810624128
    outer loop
      vertex 213.19999694824219 1303.9556884765625 316.03085327148438
      vertex 210 1293.959716796875 322.59677124023438
      vertex 213.19999694824219 1296.8267822265625 320.71353149414062
    endloop
  endfacet
  facet normal -0 0.54901152241751872 0.83581478106862772
    outer loop
      vertex 210 1307.5201416015625 313.68951416015625
      vertex 213.19999694824219 1303.9556884765625 316.03085327148438
      vertex 213.19999694824219 1311.0845947265625 311.34817504882812
    endloop
  endfacet
  facet normal 1.8886478684320916e-05 0.54900245552600568 0.83582073644395594
    outer loop
      vertex 210 1287.179443359375 327.05038452148438
      vertex 213.19999694824219 1289.69775390625 325.39617919921875
      vertex 213.19999694824219 1296.8267822265625 320.71353149414062
    endloop
  endfacet
  facet normal 3.0722130936339105e-06 0.54900612012552541 0.8358183295760383
    outer loop
      vertex 210 1287.179443359375 327.05038452148438
      vertex 213.19999694824219 1296.8267822265625 320.71353149414062
      vertex 210 1293.959716796875 322.59677124023438
    endloop
  endfacet
  facet normal 2.5823721720537741e-07 0.54901152241750051 0.83581478106860008
    outer loop
      vertex 210 1280.399169921875 331.5040283203125
      vertex 213.19999694824219 1282.56884765625 330.078857421875
      vertex 213.19999694824219 1289.69775390625 325.39617919921875
    endloop
  endfacet
  facet normal 1.1797744617650114e-05 0.54900874816145417 0.83581660327072127
    outer loop
      vertex 210 1280.399169921875 331.5040283203125
      vertex 213.19999694824219 1289.69775390625 325.39617919921875
      vertex 210 1287.179443359375 327.05038452148438
    endloop
  endfacet
  facet normal 0 0.54901178848581178 0.83581460629951332
    outer loop
      vertex 218 1280.399169921875 331.5040283203125
      vertex 220.55999755859375 1282.56884765625 330.078857421875
      vertex 213.19999694824219 1282.56884765625 330.078857421875
    endloop
  endfacet
  facet normal -0 0.54901178848581178 0.83581460629951332
    outer loop
      vertex 218 1280.399169921875 331.5040283203125
      vertex 213.19999694824219 1282.56884765625 330.078857421875
      vertex 210 1280.399169921875 331.5040283203125
    endloop
  endfacet
  facet normal -0 0.54901178848581178 0.83581460629951332
    outer loop
      vertex 220.55999755859375 1282.56884765625 330.078857421875
      vertex 218 1280.399169921875 331.5040283203125
      vertex 226 1280.399169921875 331.5040283203125
    endloop
  endfacet
  facet normal 0 0.54901178848581178 0.83581460629951332
    outer loop
      vertex 220.55999755859375 1282.56884765625 330.078857421875
      vertex 226 1280.399169921875 331.5040283203125
      vertex 227.91999816894531 1282.56884765625 330.078857421875
    endloop
  endfacet
  facet normal -0 0.54901178848581178 0.83581460629951332
    outer loop
      vertex 235.27999877929688 1282.56884765625 330.078857421875
      vertex 234 1280.399169921875 331.5040283203125
      vertex 242 1280.399169921875 331.5040283203125
    endloop
  endfacet
  facet normal 0 0.54901178848581178 0.83581460629951332
    outer loop
      vertex 235.27999877929688 1282.56884765625 330.078857421875
      vertex 242 1280.399169921875 331.5040283203125
      vertex 242.63999938964844 1282.56884765625 330.078857421875
    endloop
  endfacet
  facet normal -0 0.54901178848581178 0.83581460629951332
    outer loop
      vertex 227.91999816894531 1282.56884765625 330.078857421875
      vertex 226 1280.399169921875 331.5040283203125
      vertex 234 1280.399169921875 331.5040283203125
    endloop
  endfacet
  facet normal 0 0.54901178848581178 0.83581460629951332
    outer loop
      vertex 227.91999816894531 1282.56884765625 330.078857421875
      vertex 234 1280.399169921875 331.5040283203125
      vertex 235.27999877929688 1282.56884765625 330.078857421875
    endloop
  endfacet
  facet normal -0 0.54901178848581178 0.83581460629951332
    outer loop
      vertex 242.63999938964844 1282.56884765625 330.078857421875
      vertex 242 1280.399169921875 331.5040283203125
      vertex 250 1280.399169921875 331.5040283203125
    endloop
  endfacet
  facet normal 0 0.54901178848581178 0.83581460629951332
    outer loop
      vertex 242.63999938964844 1282.56884765625 330.078857421875
      vertex 250 1280.399169921875 331.5040283203125
      vertex 250 1282.56884765625 330.078857421875
    endloop
  endfacet
  facet normal 0 0.54900357573006853 0.83582000085879671
    outer loop
      vertex 257.3599853515625 1332.471435546875 297.30014038085938
      vertex 258 1334.64111328125 295.875
      vertex 250 1334.64111328125 295.875
    endloop
  endfacet
  facet normal 2.3198665234891355e-17 0.54900357573006853 0.83582000085879671
    outer loop
      vertex 257.3599853515625 1332.471435546875 297.30014038085938
      vertex 250 1334.64111328125 295.875
      vertex 250 1332.471435546875 297.30014038085938
    endloop
  endfacet
  facet normal -0 0.54900357573006853 0.83582000085879671
    outer loop
      vertex 258 1334.64111328125 295.875
      vertex 257.3599853515625 1332.471435546875 297.30014038085938
      vertex 264.72000122070312 1332.471435546875 297.30014038085938
    endloop
  endfacet
  facet normal 0 0.54900357573006853 0.83582000085879671
    outer loop
      vertex 258 1334.64111328125 295.875
      vertex 264.72000122070312 1332.471435546875 297.30014038085938
      vertex 266 1334.64111328125 295.875
    endloop
  endfacet
  facet normal -0 0.54900357573006853 0.83582000085879671
    outer loop
      vertex 266 1334.64111328125 295.875
      vertex 264.72000122070312 1332.471435546875 297.30014038085938
      vertex 272.07998657226562 1332.471435546875 297.30014038085938
    endloop
  endfacet
  facet normal 0 0.54900357573006853 0.83582000085879671
    outer loop
      vertex 266 1334.64111328125 295.875
      vertex 272.07998657226562 1332.471435546875 297.30014038085938
      vertex 274 1334.64111328125 295.875
    endloop
  endfacet
  facet normal 0 0.54900357573006853 0.83582000085879671
    outer loop
      vertex 279.44000244140625 1332.471435546875 297.30014038085938
      vertex 282 1334.64111328125 295.875
      vertex 274 1334.64111328125 295.875
    endloop
  endfacet
  facet normal -0 0.54900357573006853 0.83582000085879671
    outer loop
      vertex 279.44000244140625 1332.471435546875 297.30014038085938
      vertex 274 1334.64111328125 295.875
      vertex 272.07998657226562 1332.471435546875 297.30014038085938
    endloop
  endfacet
  facet normal -0 0.54900357573006853 0.83582000085879671
    outer loop
      vertex 282 1334.64111328125 295.875
      vertex 279.44000244140625 1332.471435546875 297.30014038085938
      vertex 286.79998779296875 1332.471435546875 297.30014038085938
    endloop
  endfacet
  facet normal 0 0.54900357573006853 0.83582000085879671
    outer loop
      vertex 282 1334.64111328125 295.875
      vertex 286.79998779296875 1332.471435546875 297.30014038085938
      vertex 290 1334.64111328125 295.875
    endloop
  endfacet
  facet normal -7.7126845070872491e-06 0.54901152240118967 0.83581478104376838
    outer loop
      vertex 290 1334.64111328125 295.875
      vertex 286.79998779296875 1332.471435546875 297.30014038085938
      vertex 286.79998779296875 1325.342529296875 301.98281860351562
    endloop
  endfacet
  facet normal 1.4758262704155591e-05 0.54900612006832772 0.8358183294889594
    outer loop
      vertex 290 1334.64111328125 295.875
      vertex 286.79998779296875 1325.342529296875 301.98281860351562
      vertex 290 1327.86083984375 300.32861328125
    endloop
  endfacet
  facet normal -3.0097471211948411e-05 0.54901565302574962 0.83581206728956225
    outer loop
      vertex 286.79998779296875 1318.2135009765625 306.66549682617188
      vertex 290 1321.0806884765625 304.78225708007812
      vertex 290 1327.86083984375 300.32861328125
    endloop
  endfacet
  facet normal 1.6070630249837796e-05 0.54900495508024583 0.83581909468441329
    outer loop
      vertex 286.79998779296875 1318.2135009765625 306.66549682617188
      vertex 290 1327.86083984375 300.32861328125
      vertex 286.79998779296875 1325.342529296875 301.98281860351562
    endloop
  endfacet
  facet normal -6.4291148310165397e-07 0.54900612012800265 0.83581832957980973
    outer loop
      vertex 286.79998779296875 1311.0845947265625 311.34817504882812
      vertex 290 1314.3004150390625 309.23587036132812
      vertex 290 1321.0806884765625 304.78225708007812
    endloop
  endfacet
  facet normal -2.4799389888218544e-05 0.54901152224869498 0.83581478081161065
    outer loop
      vertex 286.79998779296875 1311.0845947265625 311.34817504882812
      vertex 290 1321.0806884765625 304.78225708007812
      vertex 286.79998779296875 1318.2135009765625 306.66549682617188
    endloop
  endfacet
  facet normal -4.4234514789799058e-06 0.54900874819429035 0.83581660332071128
    outer loop
      vertex 290 1307.5201416015625 313.68951416015625
      vertex 290 1314.3004150390625 309.23587036132812
      vertex 286.79998779296875 1311.0845947265625 311.34817504882812
    endloop
  endfacet
  facet normal -0 0.54901178848581178 0.83581460629951332
    outer loop
      vertex 257.3599853515625 1282.56884765625 330.078857421875
      vertex 258 1280.399169921875 331.5040283203125
      vertex 266 1280.399169921875 331.5040283203125
    endloop
  endfacet
  facet normal 0 0.54901178848581178 0.83581460629951332
    outer loop
      vertex 257.3599853515625 1282.56884765625 330.078857421875
      vertex 266 1280.399169921875 331.5040283203125
      vertex 264.72000122070312 1282.56884765625 330.078857421875
    endloop
  endfacet
  facet normal 0 0.54901178848581178 0.83581460629951332
    outer loop
      vertex 272.07998657226562 1282.56884765625 330.078857421875
      vertex 274 1280.399169921875 331.5040283203125
      vertex 282 1280.399169921875 331.5040283203125
    endloop
  endfacet
  facet normal 0 0.54901178848581178 0.83581460629951332
    outer loop
      vertex 272.07998657226562 1282.56884765625 330.078857421875
      vertex 282 1280.399169921875 331.5040283203125
      vertex 279.44000244140625 1282.56884765625 330.078857421875
    endloop
  endfacet
  facet normal 0 0.54901178848581178 0.83581460629951332
    outer loop
      vertex 264.72000122070312 1282.56884765625 330.078857421875
      vertex 266 1280.399169921875 331.5040283203125
      vertex 274 1280.399169921875 331.5040283203125
    endloop
  endfacet
  facet normal 0 0.54901178848581178 0.83581460629951332
    outer loop
      vertex 264.72000122070312 1282.56884765625 330.078857421875
      vertex 274 1280.399169921875 331.5040283203125
      vertex 272.07998657226562 1282.56884765625 330.078857421875
    endloop
  endfacet
  facet normal 0 0.54901178848581178 0.83581460629951332
    outer loop
      vertex 258 1280.399169921875 331.5040283203125
      vertex 257.3599853515625 1282.56884765625 330.078857421875
      vertex 250 1282.56884765625 330.078857421875
    endloop
  endfacet
  facet normal 0 0.54901178848581178 0.83581460629951332
    outer loop
      vertex 258 1280.399169921875 331.5040283203125
      vertex 250 1282.56884765625 330.078857421875
      vertex 250 1280.399169921875 331.5040283203125
    endloop
  endfacet
  facet normal 0 0.54901178848581178 0.83581460629951332
    outer loop
      vertex 279.44000244140625 1282.56884765625 330.078857421875
      vertex 282 1280.399169921875 331.5040283203125
      vertex 290 1280.399169921875 331.5040283203125
    endloop
  endfacet
  facet normal 0 0.54901178848581178 0.83581460629951332
    outer loop
      vertex 279.44000244140625 1282.56884765625 330.078857421875
      vertex 290 1280.399169921875 331.5040283203125
      vertex 286.79998779296875 1282.56884765625 330.078857421875
    endloop
  endfacet
  facet normal 9.1542660038474016e-06 0.54901565325141077 0.835812067633105
    outer loop
      vertex 286.79998779296875 1296.8267822265625 320.71353149414062
      vertex 290 1293.959716796875 322.59677124023438
      vertex 290 1300.7398681640625 318.14312744140625
    endloop
  endfacet
  facet normal 1.6385155192336954e-05 0.54901152234382133 0.8358147809564308
    outer loop
      vertex 286.79998779296875 1296.8267822265625 320.71353149414062
      vertex 290 1300.7398681640625 318.14312744140625
      vertex 286.79998779296875 1303.9556884765625 316.03085327148438
    endloop
  endfacet
  facet normal 8.6138658170245519e-06 0.54900612010774841 0.83581832954897428
    outer loop
      vertex 286.79998779296875 1303.9556884765625 316.03085327148438
      vertex 290 1300.7398681640625 318.14312744140625
      vertex 290 1307.5201416015625 313.68951416015625
    endloop
  endfacet
  facet normal -2.9507854045963762e-06 0.54900874819727141 0.83581660332524976
    outer loop
      vertex 286.79998779296875 1282.56884765625 330.078857421875
      vertex 290 1280.399169921875 331.5040283203125
      vertex 290 1287.179443359375 327.05038452148438
    endloop
  endfacet
  facet normal -8.6724706868910144e-06 0.54901152239687268 0.8358147810371962
    outer loop
      vertex 286.79998779296875 1282.56884765625 330.078857421875
      vertex 290 1287.179443359375 327.05038452148438
      vertex 286.79998779296875 1289.69775390625 325.39617919921875
    endloop
  endfacet
  facet normal -7.7719792429157919e-06 0.54900245560733918 0.83582073656778089
    outer loop
      vertex 290 1293.959716796875 322.59677124023438
      vertex 286.79998779296875 1296.8267822265625 320.71353149414062
      vertex 286.79998779296875 1289.69775390625 325.39617919921875
    endloop
  endfacet
  facet normal -1.4758262704266865e-05 0.54900612006832772 0.8358183294889594
    outer loop
      vertex 290 1293.959716796875 322.59677124023438
      vertex 286.79998779296875 1289.69775390625 325.39617919921875
      vertex 290 1287.179443359375 327.05038452148438
    endloop
  endfacet
  facet normal 0 0.54901152241751872 0.83581478106862772
    outer loop
      vertex 286.79998779296875 1303.9556884765625 316.03085327148438
      vertex 290 1307.5201416015625 313.68951416015625
      vertex 286.79998779296875 1311.0845947265625 311.34817504882812
    endloop
  endfacet
  facet normal -1 0 0
    outer loop
      vertex 210 1287.179443359375 327.05038452148438
      vertex 210 1285.3280029296875 325.87362670898438
      vertex 210 1279.3011474609375 329.8323974609375
    endloop
  endfacet
  facet normal -1 -0 -0
    outer loop
      vertex 210 1287.179443359375 327.05038452148438
      vertex 210 1279.3011474609375 329.8323974609375
      vertex 210 1280.399169921875 331.5040283203125
    endloop
  endfacet
  facet normal -1 0 0
    outer loop
      vertex 210 1300.7398681640625 318.14312744140625
      vertex 210 1297.3818359375 317.9560546875
      vertex 210 1291.35498046875 321.91482543945312
    endloop
  endfacet
  facet normal -1 -0 -0
    outer loop
      vertex 210 1300.7398681640625 318.14312744140625
      vertex 210 1291.35498046875 321.91482543945312
      vertex 210 1293.959716796875 322.59677124023438
    endloop
  endfacet
  facet normal -1 0 -0
    outer loop
      vertex 210 1293.959716796875 322.59677124023438
      vertex 210 1291.35498046875 321.91482543945312
      vertex 210 1285.3280029296875 325.87362670898438
    endloop
  endfacet
  facet normal -1 0 0
    outer loop
      vertex 210 1293.959716796875 322.59677124023438
      vertex 210 1285.3280029296875 325.87362670898438
      vertex 210 1287.179443359375 327.05038452148438
    endloop
  endfacet
  facet normal -1 0 0
    outer loop
      vertex 210 1314.3004150390625 309.23587036132812
      vertex 210 1315.46240234375 306.0797119140625
      vertex 210 1309.435546875 310.03848266601562
    endloop
  endfacet
  facet normal -1 0 -0
    outer loop
      vertex 210 1314.3004150390625 309.23587036132812
      vertex 210 1309.435546875 310.03848266601562
      vertex 210 1307.5201416015625 313.68951416015625
    endloop
  endfacet
  facet normal -1 0 -0
    outer loop
      vertex 210 1327.86083984375 300.32861328125
      vertex 210 1327.5162353515625 298.16213989257812
      vertex 210 1321.4893798828125 302.12091064453125
    endloop
  endfacet
  facet normal -1 0 -0
    outer loop
      vertex 210 1327.86083984375 300.32861328125
      vertex 210 1321.4893798828125 302.12091064453125
      vertex 210 1321.0806884765625 304.78225708007812
    endloop
  endfacet
  facet normal -1 0 0
    outer loop
      vertex 210 1334.64111328125 295.875
      vertex 210 1333.5430908203125 294.203369140625
      vertex 210 1327.5162353515625 298.16213989257812
    endloop
  endfacet
  facet normal -1 -0 -0
    outer loop
      vertex 210 1334.64111328125 295.875
      vertex 210 1327.5162353515625 298.16213989257812
      vertex 210 1327.86083984375 300.32861328125
    endloop
  endfacet
  facet normal -1 0 0
    outer loop
      vertex 210 1321.0806884765625 304.78225708007812
      vertex 210 1321.4893798828125 302.12091064453125
      vertex 210 1315.46240234375 306.0797119140625
    endloop
  endfacet
  facet normal -1 0 -0
    outer loop
      vertex 210 1321.0806884765625 304.78225708007812
      vertex 210 1315.46240234375 306.0797119140625
      vertex 210 1314.3004150390625 309.23587036132812
    endloop
  endfacet
  facet normal -1 0 -0
    outer loop
      vertex 210 1307.5201416015625 313.68951416015625
      vertex 210 1303.40869140625 313.99725341796875
      vertex 210 1297.3818359375 317.9560546875
    endloop
  endfacet
  facet normal -1 -0 -0
    outer loop
      vertex 210 1307.5201416015625 313.68951416015625
      vertex 210 1297.3818359375 317.9560546875
      vertex 210 1300.7398681640625 318.14312744140625
    endloop
  endfacet
  facet normal -1 0 0
    outer loop
      vertex 210 1307.5201416015625 313.68951416015625
      vertex 210 1309.435546875 310.03848266601562
      vertex 210 1303.40869140625 313.99725341796875
    endloop
  endfacet
  facet normal 0 0.83581511053803392 -0.54901102083318354
    outer loop
      vertex 218 1334.64111328125 295.875
      vertex 218 1333.5430908203125 294.203369140625
      vertex 210 1333.5430908203125 294.203369140625
    endloop
  endfacet
  facet normal 0 0.83581511053803392 -0.54901102083318354
    outer loop
      vertex 218 1334.64111328125 295.875
      vertex 210 1333.5430908203125 294.203369140625
      vertex 210 1334.64111328125 295.875
    endloop
  endfacet
  facet normal 0 0.83581511053803392 -0.54901102083318354
    outer loop
      vertex 234 1334.64111328125 295.875
      vertex 234 1333.5430908203125 294.203369140625
      vertex 226 1333.5430908203125 294.203369140625
    endloop
  endfacet
  facet normal 0 0.83581511053803392 -0.54901102083318354
    outer loop
      vertex 234 1334.64111328125 295.875
      vertex 226 1333.5430908203125 294.203369140625
      vertex 226 1334.64111328125 295.875
    endloop
  endfacet
  facet normal 0 0.83581511053803392 -0.54901102083318354
    outer loop
      vertex 242 1334.64111328125 295.875
      vertex 242 1333.5430908203125 294.203369140625
      vertex 234 1333.5430908203125 294.203369140625
    endloop
  endfacet
  facet normal 0 0.83581511053803392 -0.54901102083318354
    outer loop
      vertex 242 1334.64111328125 295.875
      vertex 234 1333.5430908203125 294.203369140625
      vertex 234 1334.64111328125 295.875
    endloop
  endfacet
  facet normal 0 0.83581511053803392 -0.54901102083318354
    outer loop
      vertex 226 1334.64111328125 295.875
      vertex 226 1333.5430908203125 294.203369140625
      vertex 218 1333.5430908203125 294.203369140625
    endloop
  endfacet
  facet normal 0 0.83581511053803392 -0.54901102083318354
    outer loop
      vertex 226 1334.64111328125 295.875
      vertex 218 1333.5430908203125 294.203369140625
      vertex 218 1334.64111328125 295.875
    endloop
  endfacet
  facet normal 0 0.83581511053803392 -0.54901102083318354
    outer loop
      vertex 258 1334.64111328125 295.875
      vertex 258 1333.5430908203125 294.203369140625
      vertex 250 1333.5430908203125 294.203369140625
    endloop
  endfacet
  facet normal 0 0.83581511053803392 -0.54901102083318354
    outer loop
      vertex 258 1334.64111328125 295.875
      vertex 250 1333.5430908203125 294.203369140625
      vertex 250 1334.64111328125 295.875
    endloop
  endfacet
  facet normal 0 0.83581511053803392 -0.54901102083318354
    outer loop
      vertex 266 1334.64111328125 295.875
      vertex 266 1333.5430908203125 294.203369140625
      vertex 258 1333.5430908203125 294.203369140625
    endloop
  endfacet
  facet normal 0 0.83581511053803392 -0.54901102083318354
    outer loop
      vertex 266 1334.64111328125 295.875
      vertex 258 1333.5430908203125 294.203369140625
      vertex 258 1334.64111328125 295.875
    endloop
  endfacet
  facet normal 0 0.83581511053803392 -0.54901102083318354
    outer loop
      vertex 282 1334.64111328125 295.875
      vertex 282 1333.5430908203125 294.203369140625
      vertex 274 1333.5430908203125 294.203369140625
    endloop
  endfacet
  facet normal 0 0.83581511053803392 -0.54901102083318354
    outer loop
      vertex 282 1334.64111328125 295.875
      vertex 274 1333.5430908203125 294.203369140625
      vertex 274 1334.64111328125 295.875
    endloop
  endfacet
  facet normal 0 0.83581511053803392 -0.54901102083318354
    outer loop
      vertex 290 1334.64111328125 295.875
      vertex 290 1333.5430908203125 294.203369140625
      vertex 282 1333.5430908203125 294.203369140625
    endloop
  endfacet
  facet normal 0 0.83581511053803392 -0.54901102083318354
    outer loop
      vertex 290 1334.64111328125 295.875
      vertex 282 1333.5430908203125 294.203369140625
      vertex 282 1334.64111328125 295.875
    endloop
  endfacet
  facet normal 0 0.83581511053803392 -0.54901102083318354
    outer loop
      vertex 274 1334.64111328125 295.875
      vertex 274 1333.5430908203125 294.203369140625
      vertex 266 1333.5430908203125 294.203369140625
    endloop
  endfacet
  facet normal 0 0.83581511053803392 -0.54901102083318354
    outer loop
      vertex 274 1334.64111328125 295.875
      vertex 266 1333.5430908203125 294.203369140625
      vertex 266 1334.64111328125 295.875
    endloop
  endfacet
  facet normal 0 0.83581511053803392 -0.54901102083318354
    outer loop
      vertex 250 1334.64111328125 295.875
      vertex 250 1333.5430908203125 294.203369140625
      vertex 242 1333.5430908203125 294.203369140625
    endloop
  endfacet
  facet normal 0 0.83581511053803392 -0.54901102083318354
    outer loop
      vertex 250 1334.64111328125 295.875
      vertex 242 1333.5430908203125 294.203369140625
      vertex 242 1334.64111328125 295.875
    endloop
  endfacet
  facet normal 1 0 0
    outer loop
      vertex 290 1327.86083984375 300.32861328125
      vertex 290 1327.5162353515625 298.16213989257812
      vertex 290 1333.5430908203125 294.203369140625
    endloop
  endfacet
  facet normal 1 0 0
    outer loop
      vertex 290 1327.86083984375 300.32861328125
      vertex 290 1333.5430908203125 294.203369140625
      vertex 290 1334.64111328125 295.875
    endloop
  endfacet
  facet normal 1 0 0
    outer loop
      vertex 290 1314.3004150390625 309.23587036132812
      vertex 290 1315.46240234375 306.0797119140625
      vertex 290 1321.4893798828125 302.12091064453125
    endloop
  endfacet
  facet normal 1 -0 -0
    outer loop
      vertex 290 1314.3004150390625 309.23587036132812
      vertex 290 1321.4893798828125 302.12091064453125
      vertex 290 1321.0806884765625 304.78225708007812
    endloop
  endfacet
  facet normal 1 0 0
    outer loop
      vertex 290 1321.0806884765625 304.78225708007812
      vertex 290 1321.4893798828125 302.12091064453125
      vertex 290 1327.5162353515625 298.16213989257812
    endloop
  endfacet
  facet normal 1 0 0
    outer loop
      vertex 290 1321.0806884765625 304.78225708007812
      vertex 290 1327.5162353515625 298.16213989257812
      vertex 290 1327.86083984375 300.32861328125
    endloop
  endfacet
  facet normal 1 -0 -0
    outer loop
      vertex 290 1300.7398681640625 318.14312744140625
      vertex 290 1297.3818359375 317.9560546875
      vertex 290 1303.40869140625 313.99725341796875
    endloop
  endfacet
  facet normal 1 0 0
    outer loop
      vertex 290 1300.7398681640625 318.14312744140625
      vertex 290 1303.40869140625 313.99725341796875
      vertex 290 1307.5201416015625 313.68951416015625
    endloop
  endfacet
  facet normal 1 -0 -0
    outer loop
      vertex 290 1287.179443359375 327.05038452148438
      vertex 290 1285.3280029296875 325.87362670898438
      vertex 290 1291.35498046875 321.91482543945312
    endloop
  endfacet
  facet normal 1 0 0
    outer loop
      vertex 290 1287.179443359375 327.05038452148438
      vertex 290 1291.35498046875 321.91482543945312
      vertex 290 1293.959716796875 322.59677124023438
    endloop
  endfacet
  facet normal 1 0 0
    outer loop
      vertex 290 1280.399169921875 331.5040283203125
      vertex 290 1279.3011474609375 329.8323974609375
      vertex 290 1285.3280029296875 325.87362670898438
    endloop
  endfacet
  facet normal 1 0 -0
    outer loop
      vertex 290 1280.399169921875 331.5040283203125
      vertex 290 1285.3280029296875 325.87362670898438
      vertex 290 1287.179443359375 327.05038452148438
    endloop
  endfacet
  facet normal 1 0 0
    outer loop
      vertex 290 1293.959716796875 322.59677124023438
      vertex 290 1291.35498046875 321.91482543945312
      vertex 290 1297.3818359375 317.9560546875
    endloop
  endfacet
  facet normal 1 0 0
    outer loop
      vertex 290 1293.959716796875 322.59677124023438
      vertex 290 1297.3818359375 317.9560546875
      vertex 290 1300.7398681640625 318.14312744140625
    endloop
  endfacet
  facet normal 1 0 -0
    outer loop
      vertex 290 1307.5201416015625 313.68951416015625
      vertex 290 1309.435546875 310.03848266601562
      vertex 290 1315.46240234375 306.0797119140625
    endloop
  endfacet
  facet normal 1 0 0
    outer loop
      vertex 290 1307.5201416015625 313.68951416015625
      vertex 290 1315.46240234375 306.0797119140625
      vertex 290 1314.3004150390625 309.23587036132812
    endloop
  endfacet
  facet normal 1 -0 -0
    outer loop
      vertex 290 1307.5201416015625 313.68951416015625
      vertex 290 1303.40869140625 313.99725341796875
      vertex 290 1309.435546875 310.03848266601562
    endloop
  endfacet
  facet normal 0 -0.83581511053803392 0.54901102083318354
    outer loop
      vertex 282 1280.399169921875 331.5040283203125
      vertex 282 1279.3011474609375 329.8323974609375
      vertex 290 1279.3011474609375 329.8323974609375
    endloop
  endfacet
  facet normal 0 -0.83581511053803392 0.54901102083318354
    outer loop
      vertex 282 1280.399169921875 331.5040283203125
      vertex 290 1279.3011474609375 329.8323974609375
      vertex 290 1280.399169921875 331.5040283203125
    endloop
  endfacet
  facet normal 0 -0.83581511053803392 0.54901102083318354
    outer loop
      vertex 266 1280.399169921875 331.5040283203125
      vertex 266 1279.3011474609375 329.8323974609375
      vertex 274 1279.3011474609375 329.8323974609375
    endloop
  endfacet
  facet normal 0 -0.83581511053803392 0.54901102083318354
    outer loop
      vertex 266 1280.399169921875 331.5040283203125
      vertex 274 1279.3011474609375 329.8323974609375
      vertex 274 1280.399169921875 331.5040283203125
    endloop
  endfacet
  facet normal 0 -0.83581511053803392 0.54901102083318354
    outer loop
      vertex 258 1280.399169921875 331.5040283203125
      vertex 258 1279.3011474609375 329.8323974609375
      vertex 266 1279.3011474609375 329.8323974609375
    endloop
  endfacet
  facet normal 0 -0.83581511053803392 0.54901102083318354
    outer loop
      vertex 258 1280.399169921875 331.5040283203125
      vertex 266 1279.3011474609375 329.8323974609375
      vertex 266 1280.399169921875 331.5040283203125
    endloop
  endfacet
  facet normal 0 -0.83581511053803392 0.54901102083318354
    outer loop
      vertex 274 1280.399169921875 331.5040283203125
      vertex 274 1279.3011474609375 329.8323974609375
      vertex 282 1279.3011474609375 329.8323974609375
    endloop
  endfacet
  facet normal 0 -0.83581511053803392 0.54901102083318354
    outer loop
      vertex 274 1280.399169921875 331.5040283203125
      vertex 282 1279.3011474609375 329.8323974609375
      vertex 282 1280.399169921875 331.5040283203125
    endloop
  endfacet
  facet normal 0 -0.83581511053803392 0.54901102083318354
    outer loop
      vertex 242 1280.399169921875 331.5040283203125
      vertex 242 1279.3011474609375 329.8323974609375
      vertex 250 1279.3011474609375 329.8323974609375
    endloop
  endfacet
  facet normal 0 -0.83581511053803392 0.54901102083318354
    outer loop
      vertex 242 1280.399169921875 331.5040283203125
      vertex 250 1279.3011474609375 329.8323974609375
      vertex 250 1280.399169921875 331.5040283203125
    endloop
  endfacet
  facet normal 0 -0.83581511053803392 0.54901102083318354
    outer loop
      vertex 234 1280.399169921875 331.5040283203125
      vertex 234 1279.3011474609375 329.8323974609375
      vertex 242 1279.3011474609375 329.8323974609375
    endloop
  endfacet
  facet normal 0 -0.83581511053803392 0.54901102083318354
    outer loop
      vertex 234 1280.399169921875 331.5040283203125
      vertex 242 1279.3011474609375 329.8323974609375
      vertex 242 1280.399169921875 331.5040283203125
    endloop
  endfacet
  facet normal 0 -0.83581511053803392 0.54901102083318354
    outer loop
      vertex 218 1280.399169921875 331.5040283203125
      vertex 218 1279.3011474609375 329.8323974609375
      vertex 226 1279.3011474609375 329.8323974609375
    endloop
  endfacet
  facet normal 0 -0.83581511053803392 0.54901102083318354
    outer loop
      vertex 218 1280.399169921875 331.5040283203125
      vertex 226 1279.3011474609375 329.8323974609375
      vertex 226 1280.399169921875 331.5040283203125
    endloop
  endfacet
  facet normal 0 -0.83581511053803392 0.54901102083318354
    outer loop
      vertex 210 1280.399169921875 331.5040283203125
      vertex 210 1279.3011474609375 329.8323974609375
      vertex 218 1279.3011474609375 329.8323974609375
    endloop
  endfacet
  facet normal 0 -0.83581511053803392 0.54901102083318354
    outer loop
      vertex 210 1280.399169921875 331.5040283203125
      vertex 218 1279.3011474609375 329.8323974609375
      vertex 218 1280.399169921875 331.5040283203125
    endloop
  endfacet
  facet normal 0 -0.83581511053803392 0.54901102083318354
    outer loop
      vertex 226 1280.399169921875 331.5040283203125
      vertex 226 1279.3011474609375 329.8323974609375
      vertex 234 1279.3011474609375 329.8323974609375
    endloop
  endfacet
  facet normal 0 -0.83581511053803392 0.54901102083318354
    outer loop
      vertex 226 1280.399169921875 331.5040283203125
      vertex 234 1279.3011474609375 329.8323974609375
      vertex 234 1280.399169921875 331.5040283203125
    endloop
  endfacet
  facet normal 0 -0.83581511053803392 0.54901102083318354
    outer loop
      vertex 250 1280.399169921875 331.5040283203125
      vertex 250 1279.3011474609375 329.8323974609375
      vertex 258 1279.3011474609375 329.8323974609375
    endloop
  endfacet
  facet normal 0 -0.83581511053803392 0.54901102083318354
    outer loop
      vertex 250 1280.399169921875 331.5040283203125
      vertex 258 1279.3011474609375 329.8323974609375
      vertex 258 1280.399169921875 331.5040283203125
    endloop
  endfacet
  facet normal 1 -0 -0
    outer loop
      vertex 213.19999694824219 1289.69775390625 325.39617919921875
      vertex 213.19999694824219 1282.56884765625 330.078857421875
      vertex 213.19999694824219 1281.4708251953125 328.4072265625
    endloop
  endfacet
  facet normal 1 0 -0
    outer loop
      vertex 213.19999694824219 1289.69775390625 325.39617919921875
      vertex 213.19999694824219 1281.4708251953125 328.4072265625
      vertex 213.19999694824219 1288.5997314453125 323.72454833984375
    endloop
  endfacet
  facet normal 1 -0 -0
    outer loop
      vertex 213.19999694824219 1303.9556884765625 316.03085327148438
      vertex 213.19999694824219 1296.8267822265625 320.71353149414062
      vertex 213.19999694824219 1295.728759765625 319.04190063476562
    endloop
  endfacet
  facet normal 1 0 -0
    outer loop
      vertex 213.19999694824219 1303.9556884765625 316.03085327148438
      vertex 213.19999694824219 1295.728759765625 319.04190063476562
      vertex 213.19999694824219 1302.857666015625 314.35922241210938
    endloop
  endfacet
  facet normal 1 -0 -0
    outer loop
      vertex 213.19999694824219 1296.8267822265625 320.71353149414062
      vertex 213.19999694824219 1289.69775390625 325.39617919921875
      vertex 213.19999694824219 1288.5997314453125 323.72454833984375
    endloop
  endfacet
  facet normal 1 0 -0
    outer loop
      vertex 213.19999694824219 1296.8267822265625 320.71353149414062
      vertex 213.19999694824219 1288.5997314453125 323.72454833984375
      vertex 213.19999694824219 1295.728759765625 319.04190063476562
    endloop
  endfacet
  facet normal 1 -0 -0
    outer loop
      vertex 213.19999694824219 1318.2135009765625 306.66549682617188
      vertex 213.19999694824219 1311.0845947265625 311.34817504882812
      vertex 213.19999694824219 1309.986572265625 309.67654418945312
    endloop
  endfacet
  facet normal 1 0 -0
    outer loop
      vertex 213.19999694824219 1318.2135009765625 306.66549682617188
      vertex 213.19999694824219 1309.986572265625 309.67654418945312
      vertex 213.19999694824219 1317.1156005859375 304.99386596679688
    endloop
  endfacet
  facet normal 1 -0 -0
    outer loop
      vertex 213.19999694824219 1332.471435546875 297.30014038085938
      vertex 213.19999694824219 1325.342529296875 301.98281860351562
      vertex 213.19999694824219 1324.2445068359375 300.31118774414062
    endloop
  endfacet
  facet normal 1 0 -0
    outer loop
      vertex 213.19999694824219 1332.471435546875 297.30014038085938
      vertex 213.19999694824219 1324.2445068359375 300.31118774414062
      vertex 213.19999694824219 1331.3734130859375 295.62850952148438
    endloop
  endfacet
  facet normal 1 -0 -0
    outer loop
      vertex 213.19999694824219 1325.342529296875 301.98281860351562
      vertex 213.19999694824219 1318.2135009765625 306.66549682617188
      vertex 213.19999694824219 1317.1156005859375 304.99386596679688
    endloop
  endfacet
  facet normal 1 0 -0
    outer loop
      vertex 213.19999694824219 1325.342529296875 301.98281860351562
      vertex 213.19999694824219 1317.1156005859375 304.99386596679688
      vertex 213.19999694824219 1324.2445068359375 300.31118774414062
    endloop
  endfacet
  facet normal 1 -0 -0
    outer loop
      vertex 213.19999694824219 1311.0845947265625 311.34817504882812
      vertex 213.19999694824219 1303.9556884765625 316.03085327148438
      vertex 213.19999694824219 1302.857666015625 314.35922241210938
    endloop
  endfacet
  facet normal 1 0 -0
    outer loop
      vertex 213.19999694824219 1311.0845947265625 311.34817504882812
      vertex 213.19999694824219 1302.857666015625 314.35922241210938
      vertex 213.19999694824219 1309.986572265625 309.67654418945312
    endloop
  endfacet
  facet normal -0 0.83581511053803392 -0.54901102083318354
    outer loop
      vertex 279.44000244140625 1282.56884765625 330.078857421875
      vertex 286.79998779296875 1282.56884765625 330.078857421875
      vertex 286.79998779296875 1281.4708251953125 328.4072265625
    endloop
  endfacet
  facet normal 0 0.83581511053803392 -0.54901102083318354
    outer loop
      vertex 279.44000244140625 1282.56884765625 330.078857421875
      vertex 286.79998779296875 1281.4708251953125 328.4072265625
      vertex 279.44000244140625 1281.4708251953125 328.4072265625
    endloop
  endfacet
  facet normal -0 0.83581511053803392 -0.54901102083318354
    outer loop
      vertex 264.72000122070312 1282.56884765625 330.078857421875
      vertex 272.07998657226562 1282.56884765625 330.078857421875
      vertex 272.07998657226562 1281.4708251953125 328.4072265625
    endloop
  endfacet
  facet normal 0 0.83581511053803392 -0.54901102083318354
    outer loop
      vertex 264.72000122070312 1282.56884765625 330.078857421875
      vertex 272.07998657226562 1281.4708251953125 328.4072265625
      vertex 264.72000122070312 1281.4708251953125 328.4072265625
    endloop
  endfacet
  facet normal -0 0.83581511053803392 -0.54901102083318354
    outer loop
      vertex 257.3599853515625 1282.56884765625 330.078857421875
      vertex 264.72000122070312 1282.56884765625 330.078857421875
      vertex 264.72000122070312 1281.4708251953125 328.4072265625
    endloop
  endfacet
  facet normal 0 0.83581511053803392 -0.54901102083318354
    outer loop
      vertex 257.3599853515625 1282.56884765625 330.078857421875
      vertex 264.72000122070312 1281.4708251953125 328.4072265625
      vertex 257.3599853515625 1281.4708251953125 328.4072265625
    endloop
  endfacet
  facet normal -0 0.83581511053803392 -0.54901102083318354
    outer loop
      vertex 272.07998657226562 1282.56884765625 330.078857421875
      vertex 279.44000244140625 1282.56884765625 330.078857421875
      vertex 279.44000244140625 1281.4708251953125 328.4072265625
    endloop
  endfacet
  facet normal 0 0.83581511053803392 -0.54901102083318354
    outer loop
      vertex 272.07998657226562 1282.56884765625 330.078857421875
      vertex 279.44000244140625 1281.4708251953125 328.4072265625
      vertex 272.07998657226562 1281.4708251953125 328.4072265625
    endloop
  endfacet
  facet normal -0 0.83581511053803392 -0.54901102083318354
    outer loop
      vertex 242.63999938964844 1282.56884765625 330.078857421875
      vertex 250 1282.56884765625 330.078857421875
      vertex 250 1281.4708251953125 328.4072265625
    endloop
  endfacet
  facet normal 0 0.83581511053803392 -0.54901102083318354
    outer loop
      vertex 242.63999938964844 1282.56884765625 330.078857421875
      vertex 250 1281.4708251953125 328.4072265625
      vertex 242.63999938964844 1281.4708251953125 328.4072265625
    endloop
  endfacet
  facet normal -0 0.83581511053803392 -0.54901102083318354
    outer loop
      vertex 235.27999877929688 1282.56884765625 330.078857421875
      vertex 242.63999938964844 1282.56884765625 330.078857421875
      vertex 242.63999938964844 1281.4708251953125 328.4072265625
    endloop
  endfacet
  facet normal 0 0.83581511053803392 -0.54901102083318354
    outer loop
      vertex 235.27999877929688 1282.56884765625 330.078857421875
      vertex 242.63999938964844 1281.4708251953125 328.4072265625
      vertex 235.27999877929688 1281.4708251953125 328.4072265625
    endloop
  endfacet
  facet normal -0 0.83581511053803392 -0.54901102083318354
    outer loop
      vertex 220.55999755859375 1282.56884765625 330.078857421875
      vertex 227.91999816894531 1282.56884765625 330.078857421875
      vertex 227.91999816894531 1281.4708251953125 328.4072265625
    endloop
  endfacet
  facet normal 0 0.83581511053803392 -0.54901102083318354
    outer loop
      vertex 220.55999755859375 1282.56884765625 330.078857421875
      vertex 227.91999816894531 1281.4708251953125 328.4072265625
      vertex 220.55999755859375 1281.4708251953125 328.4072265625
    endloop
  endfacet
  facet normal -0 0.83581511053803392 -0.54901102083318354
    outer loop
      vertex 213.19999694824219 1282.56884765625 330.078857421875
      vertex 220.55999755859375 1282.56884765625 330.078857421875
      vertex 220.55999755859375 1281.4708251953125 328.4072265625
    endloop
  endfacet
  facet normal 0 0.83581511053803392 -0.54901102083318354
    outer loop
      vertex 213.19999694824219 1282.56884765625 330.078857421875
      vertex 220.55999755859375 1281.4708251953125 328.4072265625
      vertex 213.19999694824219 1281.4708251953125 328.4072265625
    endloop
  endfacet
  facet normal -0 0.83581511053803392 -0.54901102083318354
    outer loop
      vertex 227.91999816894531 1282.56884765625 330.078857421875
      vertex 235.27999877929688 1282.56884765625 330.078857421875
      vertex 235.27999877929688 1281.4708251953125 328.4072265625
    endloop
  endfacet
  facet normal 0 0.83581511053803392 -0.54901102083318354
    outer loop
      vertex 227.91999816894531 1282.56884765625 330.078857421875
      vertex 235.27999877929688 1281.4708251953125 328.4072265625
      vertex 227.91999816894531 1281.4708251953125 328.4072265625
    endloop
  endfacet
  facet normal -0 0.83581511053803392 -0.54901102083318354
    outer loop
      vertex 250 1282.56884765625 330.078857421875
      vertex 257.3599853515625 1282.56884765625 330.078857421875
      vertex 257.3599853515625 1281.4708251953125 328.4072265625
    endloop
  endfacet
  facet normal 0 0.83581511053803392 -0.54901102083318354
    outer loop
      vertex 250 1282.56884765625 330.078857421875
      vertex 257.3599853515625 1281.4708251953125 328.4072265625
      vertex 250 1281.4708251953125 328.4072265625
    endloop
  endfacet
  facet normal -1 0 0
    outer loop
      vertex 286.79998779296875 1325.342529296875 301.98281860351562
      vertex 286.79998779296875 1332.471435546875 297.30014038085938
      vertex 286.79998779296875 1331.3734130859375 295.62850952148438
    endloop
  endfacet
  facet normal -1 -0 -0
    outer loop
      vertex 286.79998779296875 1325.342529296875 301.98281860351562
      vertex 286.79998779296875 1331.3734130859375 295.62850952148438
      vertex 286.79998779296875 1324.2445068359375 300.31118774414062
    endloop
  endfacet
  facet normal -1 0 0
    outer loop
      vertex 286.79998779296875 1311.0845947265625 311.34817504882812
      vertex 286.79998779296875 1318.2135009765625 306.66549682617188
      vertex 286.79998779296875 1317.1156005859375 304.99386596679688
    endloop
  endfacet
  facet normal -1 0 0
    outer loop
      vertex 286.79998779296875 1311.0845947265625 311.34817504882812
      vertex 286.79998779296875 1317.1156005859375 304.99386596679688
      vertex 286.79998779296875 1309.986572265625 309.67654418945312
    endloop
  endfacet
  facet normal -1 0 0
    outer loop
      vertex 286.79998779296875 1318.2135009765625 306.66549682617188
      vertex 286.79998779296875 1325.342529296875 301.98281860351562
      vertex 286.79998779296875 1324.2445068359375 300.31118774414062
    endloop
  endfacet
  facet normal -1 0 0
    outer loop
      vertex 286.79998779296875 1318.2135009765625 306.66549682617188
      vertex 286.79998779296875 1324.2445068359375 300.31118774414062
      vertex 286.79998779296875 1317.1156005859375 304.99386596679688
    endloop
  endfacet
  facet normal -1 0 0
    outer loop
      vertex 286.79998779296875 1296.8267822265625 320.71353149414062
      vertex 286.79998779296875 1303.9556884765625 316.03085327148438
      vertex 286.79998779296875 1302.857666015625 314.35922241210938
    endloop
  endfacet
  facet normal -1 -0 -0
    outer loop
      vertex 286.79998779296875 1296.8267822265625 320.71353149414062
      vertex 286.79998779296875 1302.857666015625 314.35922241210938
      vertex 286.79998779296875 1295.728759765625 319.04190063476562
    endloop
  endfacet
  facet normal -1 0 0
    outer loop
      vertex 286.79998779296875 1282.56884765625 330.078857421875
      vertex 286.79998779296875 1289.69775390625 325.39617919921875
      vertex 286.79998779296875 1288.5997314453125 323.72454833984375
    endloop
  endfacet
  facet normal -1 -0 -0
    outer loop
      vertex 286.79998779296875 1282.56884765625 330.078857421875
      vertex 286.79998779296875 1288.5997314453125 323.72454833984375
      vertex 286.79998779296875 1281.4708251953125 328.4072265625
    endloop
  endfacet
  facet normal -1 0 0
    outer loop
      vertex 286.79998779296875 1289.69775390625 325.39617919921875
      vertex 286.79998779296875 1296.8267822265625 320.71353149414062
      vertex 286.79998779296875 1295.728759765625 319.04190063476562
    endloop
  endfacet
  facet normal -1 0 0
    outer loop
      vertex 286.79998779296875 1289.69775390625 325.39617919921875
      vertex 286.79998779296875 1295.728759765625 319.04190063476562
      vertex 286.79998779296875 1288.5997314453125 323.72454833984375
    endloop
  endfacet
  facet normal -1 0 0
    outer loop
      vertex 286.79998779296875 1303.9556884765625 316.03085327148438
      vertex 286.79998779296875 1311.0845947265625 311.34817504882812
      vertex 286.79998779296875 1309.986572265625 309.67654418945312
    endloop
  endfacet
  facet normal -1 -0 -0
    outer loop
      vertex 286.79998779296875 1303.9556884765625 316.03085327148438
      vertex 286.79998779296875 1309.986572265625 309.67654418945312
      vertex 286.79998779296875 1302.857666015625 314.35922241210938
    endloop
  endfacet
  facet normal -0 -0.83581511053803392 0.54901102083318354
    outer loop
      vertex 220.55999755859375 1332.471435546875 297.30014038085938
      vertex 213.19999694824219 1332.471435546875 297.30014038085938
      vertex 213.19999694824219 1331.3734130859375 295.62850952148438
    endloop
  endfacet
  facet normal 0 -0.83581511053803392 0.54901102083318354
    outer loop
      vertex 220.55999755859375 1332.471435546875 297.30014038085938
      vertex 213.19999694824219 1331.3734130859375 295.62850952148438
      vertex 220.55999755859375 1331.3734130859375 295.62850952148438
    endloop
  endfacet
  facet normal -0 -0.83581511053803392 0.54901102083318354
    outer loop
      vertex 235.27999877929688 1332.471435546875 297.30014038085938
      vertex 227.91999816894531 1332.471435546875 297.30014038085938
      vertex 227.91999816894531 1331.3734130859375 295.62850952148438
    endloop
  endfacet
  facet normal 0 -0.83581511053803392 0.54901102083318354
    outer loop
      vertex 235.27999877929688 1332.471435546875 297.30014038085938
      vertex 227.91999816894531 1331.3734130859375 295.62850952148438
      vertex 235.27999877929688 1331.3734130859375 295.62850952148438
    endloop
  endfacet
  facet normal -0 -0.83581511053803392 0.54901102083318354
    outer loop
      vertex 242.63999938964844 1332.471435546875 297.30014038085938
      vertex 235.27999877929688 1332.471435546875 297.30014038085938
      vertex 235.27999877929688 1331.3734130859375 295.62850952148438
    endloop
  endfacet
  facet normal 0 -0.83581511053803392 0.54901102083318354
    outer loop
      vertex 242.63999938964844 1332.471435546875 297.30014038085938
      vertex 235.27999877929688 1331.3734130859375 295.62850952148438
      vertex 242.63999938964844 1331.3734130859375 295.62850952148438
    endloop
  endfacet
  facet normal -0 -0.83581511053803392 0.54901102083318354
    outer loop
      vertex 227.91999816894531 1332.471435546875 297.30014038085938
      vertex 220.55999755859375 1332.471435546875 297.30014038085938
      vertex 220.55999755859375 1331.3734130859375 295.62850952148438
    endloop
  endfacet
  facet normal 0 -0.83581511053803392 0.54901102083318354
    outer loop
      vertex 227.91999816894531 1332.471435546875 297.30014038085938
      vertex 220.55999755859375 1331.3734130859375 295.62850952148438
      vertex 227.91999816894531 1331.3734130859375 295.62850952148438
    endloop
  endfacet
  facet normal -0 -0.83581511053803392 0.54901102083318354
    outer loop
      vertex 257.3599853515625 1332.471435546875 297.30014038085938
      vertex 250 1332.471435546875 297.30014038085938
      vertex 250 1331.3734130859375 295.62850952148438
    endloop
  endfacet
  facet normal 0 -0.83581511053803392 0.54901102083318354
    outer loop
      vertex 257.3599853515625 1332.471435546875 297.30014038085938
      vertex 250 1331.3734130859375 295.62850952148438
      vertex 257.3599853515625 1331.3734130859375 295.62850952148438
    endloop
  endfacet
  facet normal -0 -0.83581511053803392 0.54901102083318354
    outer loop
      vertex 264.72000122070312 1332.471435546875 297.30014038085938
      vertex 257.3599853515625 1332.471435546875 297.30014038085938
      vertex 257.3599853515625 1331.3734130859375 295.62850952148438
    endloop
  endfacet
  facet normal 0 -0.83581511053803392 0.54901102083318354
    outer loop
      vertex 264.72000122070312 1332.471435546875 297.30014038085938
      vertex 257.3599853515625 1331.3734130859375 295.62850952148438
      vertex 264.72000122070312 1331.3734130859375 295.62850952148438
    endloop
  endfacet
  facet normal -0 -0.83581511053803392 0.54901102083318354
    outer loop
      vertex 279.44000244140625 1332.471435546875 297.30014038085938
      vertex 272.07998657226562 1332.471435546875 297.30014038085938
      vertex 272.07998657226562 1331.3734130859375 295.62850952148438
    endloop
  endfacet
  facet normal 0 -0.83581511053803392 0.54901102083318354
    outer loop
      vertex 279.44000244140625 1332.471435546875 297.30014038085938
      vertex 272.07998657226562 1331.3734130859375 295.62850952148438
      vertex 279.44000244140625 1331.3734130859375 295.62850952148438
    endloop
  endfacet
  facet normal -0 -0.83581511053803392 0.54901102083318354
    outer loop
      vertex 286.79998779296875 1332.471435546875 297.30014038085938
      vertex 279.44000244140625 1332.471435546875 297.30014038085938
      vertex 279.44000244140625 1331.3734130859375 295.62850952148438
    endloop
  endfacet
  facet normal 0 -0.83581511053803392 0.54901102083318354
    outer loop
      vertex 286.79998779296875 1332.471435546875 297.30014038085938
      vertex 279.44000244140625 1331.3734130859375 295.62850952148438
      vertex 286.79998779296875 1331.3734130859375 295.62850952148438
    endloop
  endfacet
  facet normal -0 -0.83581511053803392 0.54901102083318354
    outer loop
      vertex 272.07998657226562 1332.471435546875 297.30014038085938
      vertex 264.72000122070312 1332.471435546875 297.30014038085938
      vertex 264.72000122070312 1331.3734130859375 295.62850952148438
    endloop
  endfacet
  facet normal 0 -0.83581511053803392 0.54901102083318354
    outer loop
      vertex 272.07998657226562 1332.471435546875 297.30014038085938
      vertex 264.72000122070312 1331.3734130859375 295.62850952148438
      vertex 272.07998657226562 1331.3734130859375 295.62850952148438
    endloop
  endfacet
  facet normal -0 -0.83581511053803392 0.54901102083318354
    outer loop
      vertex 250 1332.471435546875 297.30014038085938
      vertex 242.63999938964844 1332.471435546875 297.30014038085938
      vertex 242.63999938964844 1331.3734130859375 295.62850952148438
    endloop
  endfacet
  facet normal 0 -0.83581511053803392 0.54901102083318354
    outer loop
      vertex 250 1332.471435546875 297.30014038085938
      vertex 242.63999938964844 1331.3734130859375 295.62850952148438
      vertex 250 1331.3734130859375 295.62850952148438
    endloop
  endfacet
  facet normal -6.1391893009126511e-06 -0.54900990114597037 -0.83581584598881753
    outer loop
      vertex 213.19999694824219 1331.3734130859375 295.62850952148438
      vertex 210 1327.5162353515625 298.16213989257812
      vertex 210 1333.5430908203125 294.203369140625
    endloop
  endfacet
  facet normal -3.3417970539224982e-06 -0.54901152241445317 -0.83581478106396079
    outer loop
      vertex 210 1327.5162353515625 298.16213989257812
      vertex 213.19999694824219 1331.3734130859375 295.62850952148438
      vertex 213.19999694824219 1324.2445068359375 300.31118774414062
    endloop
  endfacet
  facet normal 0 -0.54900357573006853 -0.83582000085879671
    outer loop
      vertex 210 1333.5430908203125 294.203369140625
      vertex 218 1333.5430908203125 294.203369140625
      vertex 220.55999755859375 1331.3734130859375 295.62850952148438
    endloop
  endfacet
  facet normal 0 -0.54900357573006853 -0.83582000085879671
    outer loop
      vertex 210 1333.5430908203125 294.203369140625
      vertex 220.55999755859375 1331.3734130859375 295.62850952148438
      vertex 213.19999694824219 1331.3734130859375 295.62850952148438
    endloop
  endfacet
  facet normal -9.6900579038322502e-07 -0.54900990115605852 -0.8358158460041758
    outer loop
      vertex 210 1321.4893798828125 302.12091064453125
      vertex 210 1327.5162353515625 298.16213989257812
      vertex 213.19999694824219 1324.2445068359375 300.31118774414062
    endloop
  endfacet
  facet normal -6.8990073852374643e-06 -0.54900508959868455 -0.83581900645243989
    outer loop
      vertex 210 1315.46240234375 306.0797119140625
      vertex 210 1321.4893798828125 302.12091064453125
      vertex 213.19999694824219 1324.2445068359375 300.31118774414062
    endloop
  endfacet
  facet normal 1.8372240408687339e-05 -0.54901152232486228 -0.83581478092756767
    outer loop
      vertex 210 1315.46240234375 306.0797119140625
      vertex 213.19999694824219 1324.2445068359375 300.31118774414062
      vertex 213.19999694824219 1317.1156005859375 304.99386596679688
    endloop
  endfacet
  facet normal 1.7173294720543549e-05 -0.54900990107535863 -0.83581584588131774
    outer loop
      vertex 210 1309.435546875 310.03848266601562
      vertex 210 1315.46240234375 306.0797119140625
      vertex 213.19999694824219 1317.1156005859375 304.99386596679688
    endloop
  endfacet
  facet normal 1.8125524430630922e-07 -0.54900495515113124 -0.83581909479233096
    outer loop
      vertex 210 1309.435546875 310.03848266601562
      vertex 213.19999694824219 1317.1156005859375 304.99386596679688
      vertex 213.19999694824219 1309.986572265625 309.67654418945312
    endloop
  endfacet
  facet normal 1.4003925734252254e-06 -0.54900990115577786 -0.83581584600374847
    outer loop
      vertex 210 1303.40869140625 313.99725341796875
      vertex 210 1309.435546875 310.03848266601562
      vertex 213.19999694824219 1309.986572265625 309.67654418945312
    endloop
  endfacet
  facet normal 6.1709413657921576e-06 -0.54901152240706541 -0.83581478105271367
    outer loop
      vertex 210 1303.40869140625 313.99725341796875
      vertex 213.19999694824219 1309.986572265625 309.67654418945312
      vertex 213.19999694824219 1302.857666015625 314.35922241210938
    endloop
  endfacet
  facet normal 0 -0.54900357573006853 -0.83582000085879671
    outer loop
      vertex 218 1333.5430908203125 294.203369140625
      vertex 226 1333.5430908203125 294.203369140625
      vertex 227.91999816894531 1331.3734130859375 295.62850952148438
    endloop
  endfacet
  facet normal 0 -0.54900357573006853 -0.83582000085879671
    outer loop
      vertex 218 1333.5430908203125 294.203369140625
      vertex 227.91999816894531 1331.3734130859375 295.62850952148438
      vertex 220.55999755859375 1331.3734130859375 295.62850952148438
    endloop
  endfacet
  facet normal 0 -0.54900357573006853 -0.83582000085879671
    outer loop
      vertex 234 1333.5430908203125 294.203369140625
      vertex 242 1333.5430908203125 294.203369140625
      vertex 242.63999938964844 1331.3734130859375 295.62850952148438
    endloop
  endfacet
  facet normal 0 -0.54900357573006853 -0.83582000085879671
    outer loop
      vertex 234 1333.5430908203125 294.203369140625
      vertex 242.63999938964844 1331.3734130859375 295.62850952148438
      vertex 235.27999877929688 1331.3734130859375 295.62850952148438
    endloop
  endfacet
  facet normal 0 -0.54900357573006853 -0.83582000085879671
    outer loop
      vertex 226 1333.5430908203125 294.203369140625
      vertex 234 1333.5430908203125 294.203369140625
      vertex 235.27999877929688 1331.3734130859375 295.62850952148438
    endloop
  endfacet
  facet normal -0 -0.54900357573006842 -0.83582000085879671
    outer loop
      vertex 226 1333.5430908203125 294.203369140625
      vertex 235.27999877929688 1331.3734130859375 295.62850952148438
      vertex 227.91999816894531 1331.3734130859375 295.62850952148438
    endloop
  endfacet
  facet normal 0 -0.54900357573006853 -0.83582000085879671
    outer loop
      vertex 242 1333.5430908203125 294.203369140625
      vertex 250 1333.5430908203125 294.203369140625
      vertex 250 1331.3734130859375 295.62850952148438
    endloop
  endfacet
  facet normal 0 -0.54900357573006853 -0.83582000085879671
    outer loop
      vertex 242 1333.5430908203125 294.203369140625
      vertex 250 1331.3734130859375 295.62850952148438
      vertex 242.63999938964844 1331.3734130859375 295.62850952148438
    endloop
  endfacet
  facet normal 5.8417900781667278e-06 -0.54901285772655084 -0.83581390393843036
    outer loop
      vertex 210 1297.3818359375 317.9560546875
      vertex 210 1303.40869140625 313.99725341796875
      vertex 213.19999694824219 1302.857666015625 314.35922241210938
    endloop
  endfacet
  facet normal 2.570907094748719e-06 -0.5490115224157045 -0.83581478106586571
    outer loop
      vertex 210 1297.3818359375 317.9560546875
      vertex 213.19999694824219 1302.857666015625 314.35922241210938
      vertex 213.19999694824219 1295.728759765625 319.04190063476562
    endloop
  endfacet
  facet normal 3.7697909371831285e-06 -0.5490099011524151 -0.83581584599862901
    outer loop
      vertex 210 1291.35498046875 321.91482543945312
      vertex 210 1297.3818359375 317.9560546875
      vertex 213.19999694824219 1295.728759765625 319.04190063476562
    endloop
  endfacet
  facet normal -1.0797538058854936e-05 -0.54900245559191685 -0.83582073654430133
    outer loop
      vertex 210 1291.35498046875 321.91482543945312
      vertex 213.19999694824219 1295.728759765625 319.04190063476562
      vertex 213.19999694824219 1288.5997314453125 323.72454833984375
    endloop
  endfacet
  facet normal -1.4043894727510222e-05 -0.54900508955760952 -0.83581900638990625
    outer loop
      vertex 213.19999694824219 1288.5997314453125 323.72454833984375
      vertex 210 1285.3280029296875 325.87362670898438
      vertex 210 1291.35498046875 321.91482543945312
    endloop
  endfacet
  facet normal -1.8317793564758509e-06 -0.54900990115539516 -0.83581584600316583
    outer loop
      vertex 210 1279.3011474609375 329.8323974609375
      vertex 210 1285.3280029296875 325.87362670898438
      vertex 213.19999694824219 1281.4708251953125 328.4072265625
    endloop
  endfacet
  facet normal -4.6291614474862741e-06 -0.54901152241163642 -0.83581478105967244
    outer loop
      vertex 213.19999694824219 1288.5997314453125 323.72454833984375
      vertex 213.19999694824219 1281.4708251953125 328.4072265625
      vertex 210 1285.3280029296875 325.87362670898438
    endloop
  endfacet
  facet normal -0 -0.54901178848581178 -0.83581460629951332
    outer loop
      vertex 218 1279.3011474609375 329.8323974609375
      vertex 210 1279.3011474609375 329.8323974609375
      vertex 213.19999694824219 1281.4708251953125 328.4072265625
    endloop
  endfacet
  facet normal 0 -0.54901178848581178 -0.83581460629951332
    outer loop
      vertex 218 1279.3011474609375 329.8323974609375
      vertex 213.19999694824219 1281.4708251953125 328.4072265625
      vertex 220.55999755859375 1281.4708251953125 328.4072265625
    endloop
  endfacet
  facet normal 0 -0.54901178848581178 -0.83581460629951332
    outer loop
      vertex 220.55999755859375 1281.4708251953125 328.4072265625
      vertex 227.91999816894531 1281.4708251953125 328.4072265625
      vertex 226 1279.3011474609375 329.8323974609375
    endloop
  endfacet
  facet normal -0 -0.54901178848581178 -0.83581460629951332
    outer loop
      vertex 220.55999755859375 1281.4708251953125 328.4072265625
      vertex 226 1279.3011474609375 329.8323974609375
      vertex 218 1279.3011474609375 329.8323974609375
    endloop
  endfacet
  facet normal 0 -0.54901178848581178 -0.83581460629951332
    outer loop
      vertex 235.27999877929688 1281.4708251953125 328.4072265625
      vertex 242.63999938964844 1281.4708251953125 328.4072265625
      vertex 242 1279.3011474609375 329.8323974609375
    endloop
  endfacet
  facet normal -0 -0.54901178848581178 -0.83581460629951332
    outer loop
      vertex 235.27999877929688 1281.4708251953125 328.4072265625
      vertex 242 1279.3011474609375 329.8323974609375
      vertex 234 1279.3011474609375 329.8323974609375
    endloop
  endfacet
  facet normal 0 -0.54901178848581178 -0.83581460629951332
    outer loop
      vertex 227.91999816894531 1281.4708251953125 328.4072265625
      vertex 235.27999877929688 1281.4708251953125 328.4072265625
      vertex 234 1279.3011474609375 329.8323974609375
    endloop
  endfacet
  facet normal -0 -0.54901178848581178 -0.83581460629951332
    outer loop
      vertex 227.91999816894531 1281.4708251953125 328.4072265625
      vertex 234 1279.3011474609375 329.8323974609375
      vertex 226 1279.3011474609375 329.8323974609375
    endloop
  endfacet
  facet normal 0 -0.54901178848581178 -0.83581460629951332
    outer loop
      vertex 242.63999938964844 1281.4708251953125 328.4072265625
      vertex 250 1281.4708251953125 328.4072265625
      vertex 250 1279.3011474609375 329.8323974609375
    endloop
  endfacet
  facet normal -0 -0.54901178848581178 -0.83581460629951332
    outer loop
      vertex 242.63999938964844 1281.4708251953125 328.4072265625
      vertex 250 1279.3011474609375 329.8323974609375
      vertex 242 1279.3011474609375 329.8323974609375
    endloop
  endfacet
  facet normal 0 -0.54900357573006853 -0.83582000085879671
    outer loop
      vertex 258 1333.5430908203125 294.203369140625
      vertex 266 1333.5430908203125 294.203369140625
      vertex 264.72000122070312 1331.3734130859375 295.62850952148438
    endloop
  endfacet
  facet normal -0 -0.54900357573006853 -0.83582000085879671
    outer loop
      vertex 258 1333.5430908203125 294.203369140625
      vertex 264.72000122070312 1331.3734130859375 295.62850952148438
      vertex 257.3599853515625 1331.3734130859375 295.62850952148438
    endloop
  endfacet
  facet normal 0 -0.54900357573006853 -0.83582000085879671
    outer loop
      vertex 274 1333.5430908203125 294.203369140625
      vertex 282 1333.5430908203125 294.203369140625
      vertex 279.44000244140625 1331.3734130859375 295.62850952148438
    endloop
  endfacet
  facet normal -0 -0.54900357573006853 -0.83582000085879671
    outer loop
      vertex 274 1333.5430908203125 294.203369140625
      vertex 279.44000244140625 1331.3734130859375 295.62850952148438
      vertex 272.07998657226562 1331.3734130859375 295.62850952148438
    endloop
  endfacet
  facet normal 0 -0.54900357573006853 -0.83582000085879671
    outer loop
      vertex 266 1333.5430908203125 294.203369140625
      vertex 274 1333.5430908203125 294.203369140625
      vertex 272.07998657226562 1331.3734130859375 295.62850952148438
    endloop
  endfacet
  facet normal -0 -0.54900357573006853 -0.83582000085879671
    outer loop
      vertex 266 1333.5430908203125 294.203369140625
      vertex 272.07998657226562 1331.3734130859375 295.62850952148438
      vertex 264.72000122070312 1331.3734130859375 295.62850952148438
    endloop
  endfacet
  facet normal -0 -0.54900357573006853 -0.83582000085879671
    outer loop
      vertex 257.3599853515625 1331.3734130859375 295.62850952148438
      vertex 250 1331.3734130859375 295.62850952148438
      vertex 250 1333.5430908203125 294.203369140625
    endloop
  endfacet
  facet normal 0 -0.54900357573006853 -0.83582000085879671
    outer loop
      vertex 257.3599853515625 1331.3734130859375 295.62850952148438
      vertex 250 1333.5430908203125 294.203369140625
      vertex 258 1333.5430908203125 294.203369140625
    endloop
  endfacet
  facet normal -0 -0.54900357573006853 -0.83582000085879671
    outer loop
      vertex 286.79998779296875 1331.3734130859375 295.62850952148438
      vertex 279.44000244140625 1331.3734130859375 295.62850952148438
      vertex 282 1333.5430908203125 294.203369140625
    endloop
  endfacet
  facet normal 0 -0.54900357573006853 -0.83582000085879671
    outer loop
      vertex 286.79998779296875 1331.3734130859375 295.62850952148438
      vertex 282 1333.5430908203125 294.203369140625
      vertex 290 1333.5430908203125 294.203369140625
    endloop
  endfacet
  facet normal 7.7126845070615485e-06 -0.54901152240118956 -0.83581478104376827
    outer loop
      vertex 286.79998779296875 1324.2445068359375 300.31118774414062
      vertex 286.79998779296875 1331.3734130859375 295.62850952148438
      vertex 290 1333.5430908203125 294.203369140625
    endloop
  endfacet
  facet normal 9.6900116985848511e-07 -0.54900990115605852 -0.8358158460041758
    outer loop
      vertex 286.79998779296875 1324.2445068359375 300.31118774414062
      vertex 290 1333.5430908203125 294.203369140625
      vertex 290 1327.5162353515625 298.16213989257812
    endloop
  endfacet
  facet normal 9.6900116982117733e-07 -0.54900990115605852 -0.8358158460041758
    outer loop
      vertex 290 1321.4893798828125 302.12091064453125
      vertex 286.79998779296875 1324.2445068359375 300.31118774414062
      vertex 290 1327.5162353515625 298.16213989257812
    endloop
  endfacet
  facet normal -1.35155986287492e-05 -0.54900495510099645 -0.83581909471600457
    outer loop
      vertex 286.79998779296875 1309.986572265625 309.67654418945312
      vertex 286.79998779296875 1317.1156005859375 304.99386596679688
      vertex 290 1315.46240234375 306.0797119140625
    endloop
  endfacet
  facet normal -1.4003858958585475e-06 -0.54900990115577786 -0.83581584600374859
    outer loop
      vertex 286.79998779296875 1309.986572265625 309.67654418945312
      vertex 290 1315.46240234375 306.0797119140625
      vertex 290 1309.435546875 310.03848266601562
    endloop
  endfacet
  facet normal -1.3615033240924818e-05 -0.54900508956086558 -0.8358190063948634
    outer loop
      vertex 290 1321.4893798828125 302.12091064453125
      vertex 290 1315.46240234375 306.0797119140625
      vertex 286.79998779296875 1317.1156005859375 304.99386596679688
    endloop
  endfacet
  facet normal -1.0291222691462449e-06 -0.54901152241722806 -0.83581478106818519
    outer loop
      vertex 290 1321.4893798828125 302.12091064453125
      vertex 286.79998779296875 1317.1156005859375 304.99386596679688
      vertex 286.79998779296875 1324.2445068359375 300.31118774414062
    endloop
  endfacet
  facet normal -1.8000085524525414e-06 -0.54901152241662932 -0.83581478106727369
    outer loop
      vertex 286.79998779296875 1302.857666015625 314.35922241210938
      vertex 286.79998779296875 1309.986572265625 309.67654418945312
      vertex 290 1309.435546875 310.03848266601562
    endloop
  endfacet
  facet normal -6.5705447531206709e-06 -0.54900990114446524 -0.83581584598652614
    outer loop
      vertex 286.79998779296875 1302.857666015625 314.35922241210938
      vertex 290 1309.435546875 310.03848266601562
      vertex 290 1303.40869140625 313.99725341796875
    endloop
  endfacet
  facet normal 0 -0.54901178848581178 -0.83581460629951332
    outer loop
      vertex 257.3599853515625 1281.4708251953125 328.4072265625
      vertex 264.72000122070312 1281.4708251953125 328.4072265625
      vertex 266 1279.3011474609375 329.8323974609375
    endloop
  endfacet
  facet normal -0 -0.54901178848581178 -0.83581460629951332
    outer loop
      vertex 257.3599853515625 1281.4708251953125 328.4072265625
      vertex 266 1279.3011474609375 329.8323974609375
      vertex 258 1279.3011474609375 329.8323974609375
    endloop
  endfacet
  facet normal 0 -0.54901178848581178 -0.83581460629951332
    outer loop
      vertex 272.07998657226562 1281.4708251953125 328.4072265625
      vertex 279.44000244140625 1281.4708251953125 328.4072265625
      vertex 282 1279.3011474609375 329.8323974609375
    endloop
  endfacet
  facet normal 0 -0.54901178848581178 -0.83581460629951332
    outer loop
      vertex 272.07998657226562 1281.4708251953125 328.4072265625
      vertex 282 1279.3011474609375 329.8323974609375
      vertex 274 1279.3011474609375 329.8323974609375
    endloop
  endfacet
  facet normal 0 -0.54901178848581178 -0.83581460629951332
    outer loop
      vertex 264.72000122070312 1281.4708251953125 328.4072265625
      vertex 272.07998657226562 1281.4708251953125 328.4072265625
      vertex 274 1279.3011474609375 329.8323974609375
    endloop
  endfacet
  facet normal 0 -0.54901178848581178 -0.83581460629951332
    outer loop
      vertex 264.72000122070312 1281.4708251953125 328.4072265625
      vertex 274 1279.3011474609375 329.8323974609375
      vertex 266 1279.3011474609375 329.8323974609375
    endloop
  endfacet
  facet normal -0 -0.54901178848581178 -0.83581460629951332
    outer loop
      vertex 258 1279.3011474609375 329.8323974609375
      vertex 250 1279.3011474609375 329.8323974609375
      vertex 250 1281.4708251953125 328.4072265625
    endloop
  endfacet
  facet normal 0 -0.54901178848581178 -0.83581460629951332
    outer loop
      vertex 258 1279.3011474609375 329.8323974609375
      vertex 250 1281.4708251953125 328.4072265625
      vertex 257.3599853515625 1281.4708251953125 328.4072265625
    endloop
  endfacet
  facet normal 0 -0.54901178848581178 -0.83581460629951332
    outer loop
      vertex 279.44000244140625 1281.4708251953125 328.4072265625
      vertex 286.79998779296875 1281.4708251953125 328.4072265625
      vertex 290 1279.3011474609375 329.8323974609375
    endloop
  endfacet
  facet normal 0 -0.54901178848581178 -0.83581460629951332
    outer loop
      vertex 279.44000244140625 1281.4708251953125 328.4072265625
      vertex 290 1279.3011474609375 329.8323974609375
      vertex 282 1279.3011474609375 329.8323974609375
    endloop
  endfacet
  facet normal -6.1709119405570692e-06 -0.54901152240706552 -0.83581478105271378
    outer loop
      vertex 286.79998779296875 1295.728759765625 319.04190063476562
      vertex 286.79998779296875 1302.857666015625 314.35922241210938
      vertex 290 1303.40869140625 313.99725341796875
    endloop
  endfacet
  facet normal -1.5834624109630841e-06 -0.54901285773523045 -0.83581390395164423
    outer loop
      vertex 286.79998779296875 1295.728759765625 319.04190063476562
      vertex 290 1303.40869140625 313.99725341796875
      vertex 290 1297.3818359375 317.9560546875
    endloop
  endfacet
  facet normal 1.9973984622455123e-05 -0.54900990104679981 -0.83581584583783963
    outer loop
      vertex 290 1297.3818359375 317.9560546875
      vertex 290 1291.35498046875 321.91482543945312
      vertex 286.79998779296875 1288.5997314453125 323.72454833984375
    endloop
  endfacet
  facet normal -9.275520035201318e-06 -0.54900245560030325 -0.83582073655706912
    outer loop
      vertex 290 1297.3818359375 317.9560546875
      vertex 286.79998779296875 1288.5997314453125 323.72454833984375
      vertex 286.79998779296875 1295.728759765625 319.04190063476562
    endloop
  endfacet
  facet normal 4.6291393739963164e-06 -0.54901152241163642 -0.83581478105967255
    outer loop
      vertex 286.79998779296875 1281.4708251953125 328.4072265625
      vertex 286.79998779296875 1288.5997314453125 323.72454833984375
      vertex 290 1285.3280029296875 325.87362670898438
    endloop
  endfacet
  facet normal 1.8317706219045427e-06 -0.54900990115539516 -0.83581584600316594
    outer loop
      vertex 286.79998779296875 1281.4708251953125 328.4072265625
      vertex 290 1285.3280029296875 325.87362670898438
      vertex 290 1279.3011474609375 329.8323974609375
    endloop
  endfacet
  facet normal 1.4043827761229716e-05 -0.54900508955760996 -0.83581900638990692
    outer loop
      vertex 286.79998779296875 1288.5997314453125 323.72454833984375
      vertex 290 1291.35498046875 321.91482543945312
      vertex 290 1285.3280029296875 325.87362670898438
    endloop
  endfacet
  facet normal -8.6724706868910144e-06 0.54901152239687268 0.8358147810371962
    outer loop
      vertex 310 1327.86083984375 300.32861328125
      vertex 313.20001220703125 1325.342529296875 301.98281860351562
      vertex 313.20001220703125 1332.471435546875 297.30014038085938
    endloop
  endfacet
  facet normal 2.4694689288352272e-06 0.54900612012644223 0.83581832957743418
    outer loop
      vertex 310 1327.86083984375 300.32861328125
      vertex 313.20001220703125 1332.471435546875 297.30014038085938
      vertex 310 1334.64111328125 295.875
    endloop
  endfacet
  facet normal -0 0.54900357573006842 0.83582000085879671
    outer loop
      vertex 310 1334.64111328125 295.875
      vertex 313.20001220703125 1332.471435546875 297.30014038085938
      vertex 320.55999755859375 1332.471435546875 297.30014038085938
    endloop
  endfacet
  facet normal 0 0.54900357573006853 0.83582000085879671
    outer loop
      vertex 310 1334.64111328125 295.875
      vertex 320.55999755859375 1332.471435546875 297.30014038085938
      vertex 318 1334.64111328125 295.875
    endloop
  endfacet
  facet normal 8.4142347011085585e-06 0.54901152239808393 0.83581478103904017
    outer loop
      vertex 310 1314.3004150390625 309.23587036132812
      vertex 313.20001220703125 1311.0845947265625 311.34817504882812
      vertex 313.20001220703125 1318.2135009765625 306.66549682617188
    endloop
  endfacet
  facet normal 1.7870643114936447e-05 0.54900612004045091 0.83581832944651924
    outer loop
      vertex 310 1314.3004150390625 309.23587036132812
      vertex 313.20001220703125 1318.2135009765625 306.66549682617188
      vertex 310 1321.0806884765625 304.78225708007812
    endloop
  endfacet
  facet normal -4.018956551171877e-06 0.54901565326998081 0.83581206766137572
    outer loop
      vertex 313.20001220703125 1325.342529296875 301.98281860351562
      vertex 310 1327.86083984375 300.32861328125
      vertex 310 1321.0806884765625 304.78225708007812
    endloop
  endfacet
  facet normal 1.6376497015901773e-05 0.54900495507752145 0.83581909468026561
    outer loop
      vertex 313.20001220703125 1325.342529296875 301.98281860351562
      vertex 310 1321.0806884765625 304.78225708007812
      vertex 313.20001220703125 1318.2135009765625 306.66549682617188
    endloop
  endfacet
  facet normal -0 0.54900357573006842 0.83582000085879671
    outer loop
      vertex 326 1334.64111328125 295.875
      vertex 327.92001342773438 1332.471435546875 297.30014038085938
      vertex 335.27999877929688 1332.471435546875 297.30014038085938
    endloop
  endfacet
  facet normal 0 0.54900357573006853 0.83582000085879671
    outer loop
      vertex 326 1334.64111328125 295.875
      vertex 335.27999877929688 1332.471435546875 297.30014038085938
      vertex 334 1334.64111328125 295.875
    endloop
  endfacet
  facet normal 0 0.54900357573006853 0.83582000085879671
    outer loop
      vertex 342 1334.64111328125 295.875
      vertex 342.6400146484375 1332.471435546875 297.30014038085938
      vertex 350 1332.471435546875 297.30014038085938
    endloop
  endfacet
  facet normal 0 0.54900357573006853 0.83582000085879671
    outer loop
      vertex 342 1334.64111328125 295.875
      vertex 350 1332.471435546875 297.30014038085938
      vertex 350 1334.64111328125 295.875
    endloop
  endfacet
  facet normal -0 0.54900357573006853 0.83582000085879671
    outer loop
      vertex 334 1334.64111328125 295.875
      vertex 335.27999877929688 1332.471435546875 297.30014038085938
      vertex 342.6400146484375 1332.471435546875 297.30014038085938
    endloop
  endfacet
  facet normal 0 0.54900357573006853 0.83582000085879671
    outer loop
      vertex 334 1334.64111328125 295.875
      vertex 342.6400146484375 1332.471435546875 297.30014038085938
      vertex 342 1334.64111328125 295.875
    endloop
  endfacet
  facet normal 0 0.54900357573006853 0.83582000085879671
    outer loop
      vertex 327.92001342773438 1332.471435546875 297.30014038085938
      vertex 326 1334.64111328125 295.875
      vertex 318 1334.64111328125 295.875
    endloop
  endfacet
  facet normal -0 0.54900357573006853 0.83582000085879671
    outer loop
      vertex 327.92001342773438 1332.471435546875 297.30014038085938
      vertex 318 1334.64111328125 295.875
      vertex 320.55999755859375 1332.471435546875 297.30014038085938
    endloop
  endfacet
  facet normal 0 0.54900357573006853 0.83582000085879671
    outer loop
      vertex 357.3599853515625 1332.471435546875 297.30014038085938
      vertex 358 1334.64111328125 295.875
      vertex 350 1334.64111328125 295.875
    endloop
  endfacet
  facet normal 2.3198665234891355e-17 0.54900357573006853 0.83582000085879671
    outer loop
      vertex 357.3599853515625 1332.471435546875 297.30014038085938
      vertex 350 1334.64111328125 295.875
      vertex 350 1332.471435546875 297.30014038085938
    endloop
  endfacet
  facet normal -8.6138658170245519e-06 0.54900612010774841 0.83581832954897428
    outer loop
      vertex 313.20001220703125 1303.9556884765625 316.03085327148438
      vertex 310 1307.5201416015625 313.68951416015625
      vertex 310 1300.7398681640625 318.14312744140625
    endloop
  endfacet
  facet normal -0 0.54901152241751872 0.83581478106862772
    outer loop
      vertex 310 1307.5201416015625 313.68951416015625
      vertex 313.20001220703125 1303.9556884765625 316.03085327148438
      vertex 313.20001220703125 1311.0845947265625 311.34817504882812
    endloop
  endfacet
  facet normal 4.4234514789799058e-06 0.54900874819429035 0.83581660332071128
    outer loop
      vertex 313.20001220703125 1311.0845947265625 311.34817504882812
      vertex 310 1314.3004150390625 309.23587036132812
      vertex 310 1307.5201416015625 313.68951416015625
    endloop
  endfacet
  facet normal -2.2327488554219735e-05 0.54901565313756795 0.83581206745979253
    outer loop
      vertex 313.20001220703125 1303.9556884765625 316.03085327148438
      vertex 310 1300.7398681640625 318.14312744140625
      vertex 310 1293.959716796875 322.59677124023438
    endloop
  endfacet
  facet normal -3.856342253534552e-06 0.54901152241343654 0.83581478106241303
    outer loop
      vertex 313.20001220703125 1303.9556884765625 316.03085327148438
      vertex 310 1293.959716796875 322.59677124023438
      vertex 313.20001220703125 1296.8267822265625 320.71353149414062
    endloop
  endfacet
  facet normal 1.8886388626916243e-05 0.54900245552600668 0.83582073644395738
    outer loop
      vertex 310 1287.179443359375 327.05038452148438
      vertex 313.20001220703125 1289.69775390625 325.39617919921875
      vertex 313.20001220703125 1296.8267822265625 320.71353149414062
    endloop
  endfacet
  facet normal 3.0721984442361836e-06 0.5490061201255253 0.83581832957603819
    outer loop
      vertex 310 1287.179443359375 327.05038452148438
      vertex 313.20001220703125 1296.8267822265625 320.71353149414062
      vertex 310 1293.959716796875 322.59677124023438
    endloop
  endfacet
  facet normal 2.5823598583906672e-07 0.5490115224175004 0.83581478106859985
    outer loop
      vertex 310 1280.399169921875 331.5040283203125
      vertex 313.20001220703125 1282.56884765625 330.078857421875
      vertex 313.20001220703125 1289.69775390625 325.39617919921875
    endloop
  endfacet
  facet normal 1.1797688361834555e-05 0.54900874816145451 0.83581660327072171
    outer loop
      vertex 310 1280.399169921875 331.5040283203125
      vertex 313.20001220703125 1289.69775390625 325.39617919921875
      vertex 310 1287.179443359375 327.05038452148438
    endloop
  endfacet
  facet normal -0 0.54901178848581178 0.83581460629951332
    outer loop
      vertex 313.20001220703125 1282.56884765625 330.078857421875
      vertex 310 1280.399169921875 331.5040283203125
      vertex 318 1280.399169921875 331.5040283203125
    endloop
  endfacet
  facet normal 0 0.54901178848581178 0.83581460629951332
    outer loop
      vertex 313.20001220703125 1282.56884765625 330.078857421875
      vertex 318 1280.399169921875 331.5040283203125
      vertex 320.55999755859375 1282.56884765625 330.078857421875
    endloop
  endfacet
  facet normal -0 0.54901178848581178 0.83581460629951332
    outer loop
      vertex 327.92001342773438 1282.56884765625 330.078857421875
      vertex 326 1280.399169921875 331.5040283203125
      vertex 334 1280.399169921875 331.5040283203125
    endloop
  endfacet
  facet normal 0 0.54901178848581178 0.83581460629951332
    outer loop
      vertex 327.92001342773438 1282.56884765625 330.078857421875
      vertex 334 1280.399169921875 331.5040283203125
      vertex 335.27999877929688 1282.56884765625 330.078857421875
    endloop
  endfacet
  facet normal -0 0.54901178848581178 0.83581460629951332
    outer loop
      vertex 320.55999755859375 1282.56884765625 330.078857421875
      vertex 318 1280.399169921875 331.5040283203125
      vertex 326 1280.399169921875 331.5040283203125
    endloop
  endfacet
  facet normal 0 0.54901178848581178 0.83581460629951332
    outer loop
      vertex 320.55999755859375 1282.56884765625 330.078857421875
      vertex 326 1280.399169921875 331.5040283203125
      vertex 327.92001342773438 1282.56884765625 330.078857421875
    endloop
  endfacet
  facet normal 0 0.54901178848581178 0.83581460629951332
    outer loop
      vertex 342 1280.399169921875 331.5040283203125
      vertex 342.6400146484375 1282.56884765625 330.078857421875
      vertex 335.27999877929688 1282.56884765625 330.078857421875
    endloop
  endfacet
  facet normal -0 0.54901178848581178 0.83581460629951332
    outer loop
      vertex 342 1280.399169921875 331.5040283203125
      vertex 335.27999877929688 1282.56884765625 330.078857421875
      vertex 334 1280.399169921875 331.5040283203125
    endloop
  endfacet
  facet normal 0 0.54901178848581178 0.83581460629951332
    outer loop
      vertex 350 1280.399169921875 331.5040283203125
      vertex 350 1282.56884765625 330.078857421875
      vertex 342.6400146484375 1282.56884765625 330.078857421875
    endloop
  endfacet
  facet normal -0 0.54901178848581178 0.83581460629951332
    outer loop
      vertex 350 1280.399169921875 331.5040283203125
      vertex 342.6400146484375 1282.56884765625 330.078857421875
      vertex 342 1280.399169921875 331.5040283203125
    endloop
  endfacet
  facet normal -0 0.54900357573006853 0.83582000085879671
    outer loop
      vertex 358 1334.64111328125 295.875
      vertex 357.3599853515625 1332.471435546875 297.30014038085938
      vertex 364.72000122070312 1332.471435546875 297.30014038085938
    endloop
  endfacet
  facet normal 0 0.54900357573006853 0.83582000085879671
    outer loop
      vertex 358 1334.64111328125 295.875
      vertex 364.72000122070312 1332.471435546875 297.30014038085938
      vertex 366 1334.64111328125 295.875
    endloop
  endfacet
  facet normal -0 0.54900357573006853 0.83582000085879671
    outer loop
      vertex 374 1334.64111328125 295.875
      vertex 372.07998657226562 1332.471435546875 297.30014038085938
      vertex 379.44000244140625 1332.471435546875 297.30014038085938
    endloop
  endfacet
  facet normal 0 0.54900357573006853 0.83582000085879671
    outer loop
      vertex 374 1334.64111328125 295.875
      vertex 379.44000244140625 1332.471435546875 297.30014038085938
      vertex 382 1334.64111328125 295.875
    endloop
  endfacet
  facet normal -0 0.54900357573006853 0.83582000085879671
    outer loop
      vertex 366 1334.64111328125 295.875
      vertex 364.72000122070312 1332.471435546875 297.30014038085938
      vertex 372.07998657226562 1332.471435546875 297.30014038085938
    endloop
  endfacet
  facet normal 0 0.54900357573006853 0.83582000085879671
    outer loop
      vertex 366 1334.64111328125 295.875
      vertex 372.07998657226562 1332.471435546875 297.30014038085938
      vertex 374 1334.64111328125 295.875
    endloop
  endfacet
  facet normal 0 0.54900357573006853 0.83582000085879671
    outer loop
      vertex 386.79998779296875 1332.471435546875 297.30014038085938
      vertex 390 1334.64111328125 295.875
      vertex 382 1334.64111328125 295.875
    endloop
  endfacet
  facet normal -0 0.54900357573006853 0.83582000085879671
    outer loop
      vertex 386.79998779296875 1332.471435546875 297.30014038085938
      vertex 382 1334.64111328125 295.875
      vertex 379.44000244140625 1332.471435546875 297.30014038085938
    endloop
  endfacet
  facet normal 1.4758262704235129e-05 0.54900612006832772 0.8358183294889594
    outer loop
      vertex 386.79998779296875 1325.342529296875 301.98281860351562
      vertex 390 1327.86083984375 300.32861328125
      vertex 390 1334.64111328125 295.875
    endloop
  endfacet
  facet normal -7.7126845070615485e-06 0.54901152240118956 0.83581478104376827
    outer loop
      vertex 386.79998779296875 1325.342529296875 301.98281860351562
      vertex 390 1334.64111328125 295.875
      vertex 386.79998779296875 1332.471435546875 297.30014038085938
    endloop
  endfacet
  facet normal 1.6070630249837796e-05 0.54900495508024583 0.83581909468441329
    outer loop
      vertex 390 1327.86083984375 300.32861328125
      vertex 386.79998779296875 1325.342529296875 301.98281860351562
      vertex 386.79998779296875 1318.2135009765625 306.66549682617188
    endloop
  endfacet
  facet normal -3.0097471211948411e-05 0.54901565302574962 0.83581206728956225
    outer loop
      vertex 390 1327.86083984375 300.32861328125
      vertex 386.79998779296875 1318.2135009765625 306.66549682617188
      vertex 390 1321.0806884765625 304.78225708007812
    endloop
  endfacet
  facet normal -6.4291148310165397e-07 0.54900612012800265 0.83581832957980973
    outer loop
      vertex 386.79998779296875 1311.0845947265625 311.34817504882812
      vertex 390 1314.3004150390625 309.23587036132812
      vertex 390 1321.0806884765625 304.78225708007812
    endloop
  endfacet
  facet normal -2.4799389888218544e-05 0.54901152224869498 0.83581478081161065
    outer loop
      vertex 386.79998779296875 1311.0845947265625 311.34817504882812
      vertex 390 1321.0806884765625 304.78225708007812
      vertex 386.79998779296875 1318.2135009765625 306.66549682617188
    endloop
  endfacet
  facet normal -4.4234514789799058e-06 0.54900874819429035 0.83581660332071128
    outer loop
      vertex 386.79998779296875 1311.0845947265625 311.34817504882812
      vertex 390 1307.5201416015625 313.68951416015625
      vertex 390 1314.3004150390625 309.23587036132812
    endloop
  endfacet
  facet normal 8.6138658170245519e-06 0.54900612010774841 0.83581832954897428
    outer loop
      vertex 386.79998779296875 1303.9556884765625 316.03085327148438
      vertex 390 1300.7398681640625 318.14312744140625
      vertex 390 1307.5201416015625 313.68951416015625
    endloop
  endfacet
  facet normal 0 0.54901152241751872 0.83581478106862772
    outer loop
      vertex 386.79998779296875 1303.9556884765625 316.03085327148438
      vertex 390 1307.5201416015625 313.68951416015625
      vertex 386.79998779296875 1311.0845947265625 311.34817504882812
    endloop
  endfacet
  facet normal -0 0.54901178848581178 0.83581460629951332
    outer loop
      vertex 350 1282.56884765625 330.078857421875
      vertex 350 1280.399169921875 331.5040283203125
      vertex 358 1280.399169921875 331.5040283203125
    endloop
  endfacet
  facet normal 0 0.54901178848581178 0.83581460629951332
    outer loop
      vertex 350 1282.56884765625 330.078857421875
      vertex 358 1280.399169921875 331.5040283203125
      vertex 357.3599853515625 1282.56884765625 330.078857421875
    endloop
  endfacet
  facet normal 0 0.54901178848581178 0.83581460629951332
    outer loop
      vertex 364.72000122070312 1282.56884765625 330.078857421875
      vertex 366 1280.399169921875 331.5040283203125
      vertex 374 1280.399169921875 331.5040283203125
    endloop
  endfacet
  facet normal 0 0.54901178848581178 0.83581460629951332
    outer loop
      vertex 364.72000122070312 1282.56884765625 330.078857421875
      vertex 374 1280.399169921875 331.5040283203125
      vertex 372.07998657226562 1282.56884765625 330.078857421875
    endloop
  endfacet
  facet normal -0 0.54901178848581178 0.83581460629951332
    outer loop
      vertex 357.3599853515625 1282.56884765625 330.078857421875
      vertex 358 1280.399169921875 331.5040283203125
      vertex 366 1280.399169921875 331.5040283203125
    endloop
  endfacet
  facet normal 0 0.54901178848581178 0.83581460629951332
    outer loop
      vertex 357.3599853515625 1282.56884765625 330.078857421875
      vertex 366 1280.399169921875 331.5040283203125
      vertex 364.72000122070312 1282.56884765625 330.078857421875
    endloop
  endfacet
  facet normal 0 0.54901178848581178 0.83581460629951332
    outer loop
      vertex 382 1280.399169921875 331.5040283203125
      vertex 379.44000244140625 1282.56884765625 330.078857421875
      vertex 372.07998657226562 1282.56884765625 330.078857421875
    endloop
  endfacet
  facet normal 0 0.54901178848581178 0.83581460629951332
    outer loop
      vertex 382 1280.399169921875 331.5040283203125
      vertex 372.07998657226562 1282.56884765625 330.078857421875
      vertex 374 1280.399169921875 331.5040283203125
    endloop
  endfacet
  facet normal 9.1542660038474016e-06 0.54901565325141077 0.835812067633105
    outer loop
      vertex 386.79998779296875 1296.8267822265625 320.71353149414062
      vertex 390 1293.959716796875 322.59677124023438
      vertex 390 1300.7398681640625 318.14312744140625
    endloop
  endfacet
  facet normal 1.6385155192336954e-05 0.54901152234382133 0.8358147809564308
    outer loop
      vertex 386.79998779296875 1296.8267822265625 320.71353149414062
      vertex 390 1300.7398681640625 318.14312744140625
      vertex 386.79998779296875 1303.9556884765625 316.03085327148438
    endloop
  endfacet
  facet normal -1.4758262704266865e-05 0.54900612006832772 0.8358183294889594
    outer loop
      vertex 386.79998779296875 1289.69775390625 325.39617919921875
      vertex 390 1287.179443359375 327.05038452148438
      vertex 390 1293.959716796875 322.59677124023438
    endloop
  endfacet
  facet normal -7.7719792429157919e-06 0.54900245560733918 0.83582073656778089
    outer loop
      vertex 386.79998779296875 1289.69775390625 325.39617919921875
      vertex 390 1293.959716796875 322.59677124023438
      vertex 386.79998779296875 1296.8267822265625 320.71353149414062
    endloop
  endfacet
  facet normal 0 0.54901178848581178 0.83581460629951332
    outer loop
      vertex 379.44000244140625 1282.56884765625 330.078857421875
      vertex 382 1280.399169921875 331.5040283203125
      vertex 390 1280.399169921875 331.5040283203125
    endloop
  endfacet
  facet normal 0 0.54901178848581178 0.83581460629951332
    outer loop
      vertex 379.44000244140625 1282.56884765625 330.078857421875
      vertex 390 1280.399169921875 331.5040283203125
      vertex 386.79998779296875 1282.56884765625 330.078857421875
    endloop
  endfacet
  facet normal -8.6724706868910144e-06 0.54901152239687268 0.8358147810371962
    outer loop
      vertex 390 1287.179443359375 327.05038452148438
      vertex 386.79998779296875 1289.69775390625 325.39617919921875
      vertex 386.79998779296875 1282.56884765625 330.078857421875
    endloop
  endfacet
  facet normal -2.9507854045963762e-06 0.54900874819727141 0.83581660332524976
    outer loop
      vertex 390 1287.179443359375 327.05038452148438
      vertex 386.79998779296875 1282.56884765625 330.078857421875
      vertex 390 1280.399169921875 331.5040283203125
    endloop
  endfacet
  facet normal -1 0 0
    outer loop
      vertex 310 1287.179443359375 327.05038452148438
      vertex 310 1285.3280029296875 325.87362670898438
      vertex 310 1279.3011474609375 329.8323974609375
    endloop
  endfacet
  facet normal -1 -0 -0
    outer loop
      vertex 310 1287.179443359375 327.05038452148438
      vertex 310 1279.3011474609375 329.8323974609375
      vertex 310 1280.399169921875 331.5040283203125
    endloop
  endfacet
  facet normal -1 0 0
    outer loop
      vertex 310 1300.7398681640625 318.14312744140625
      vertex 310 1297.3818359375 317.9560546875
      vertex 310 1291.35498046875 321.91482543945312
    endloop
  endfacet
  facet normal -1 -0 -0
    outer loop
      vertex 310 1300.7398681640625 318.14312744140625
      vertex 310 1291.35498046875 321.91482543945312
      vertex 310 1293.959716796875 322.59677124023438
    endloop
  endfacet
  facet normal -1 0 -0
    outer loop
      vertex 310 1293.959716796875 322.59677124023438
      vertex 310 1291.35498046875 321.91482543945312
      vertex 310 1285.3280029296875 325.87362670898438
    endloop
  endfacet
  facet normal -1 0 0
    outer loop
      vertex 310 1293.959716796875 322.59677124023438
      vertex 310 1285.3280029296875 325.87362670898438
      vertex 310 1287.179443359375 327.05038452148438
    endloop
  endfacet
  facet normal -1 0 0
    outer loop
      vertex 310 1314.3004150390625 309.23587036132812
      vertex 310 1315.46240234375 306.0797119140625
      vertex 310 1309.435546875 310.03848266601562
    endloop
  endfacet
  facet normal -1 0 -0
    outer loop
      vertex 310 1314.3004150390625 309.23587036132812
      vertex 310 1309.435546875 310.03848266601562
      vertex 310 1307.5201416015625 313.68951416015625
    endloop
  endfacet
  facet normal -1 0 -0
    outer loop
      vertex 310 1327.86083984375 300.32861328125
      vertex 310 1327.5162353515625 298.16213989257812
      vertex 310 1321.4893798828125 302.12091064453125
    endloop
  endfacet
  facet normal -1 0 -0
    outer loop
      vertex 310 1327.86083984375 300.32861328125
      vertex 310 1321.4893798828125 302.12091064453125
      vertex 310 1321.0806884765625 304.78225708007812
    endloop
  endfacet
  facet normal -1 0 0
    outer loop
      vertex 310 1334.64111328125 295.875
      vertex 310 1333.5430908203125 294.203369140625
      vertex 310 1327.5162353515625 298.16213989257812
    endloop
  endfacet
  facet normal -1 -0 -0
    outer loop
      vertex 310 1334.64111328125 295.875
      vertex 310 1327.5162353515625 298.16213989257812
      vertex 310 1327.86083984375 300.32861328125
    endloop
  endfacet
  facet normal -1 0 0
    outer loop
      vertex 310 1321.0806884765625 304.78225708007812
      vertex 310 1321.4893798828125 302.12091064453125
      vertex 310 1315.46240234375 306.0797119140625
    endloop
  endfacet
  facet normal -1 0 -0
    outer loop
      vertex 310 1321.0806884765625 304.78225708007812
      vertex 310 1315.46240234375 306.0797119140625
      vertex 310 1314.3004150390625 309.23587036132812
    endloop
  endfacet
  facet normal -1 0 -0
    outer loop
      vertex 310 1307.5201416015625 313.68951416015625
      vertex 310 1303.40869140625 313.99725341796875
      vertex 310 1297.3818359375 317.9560546875
    endloop
  endfacet
  facet normal -1 -0 -0
    outer loop
      vertex 310 1307.5201416015625 313.68951416015625
      vertex 310 1297.3818359375 317.9560546875
      vertex 310 1300.7398681640625 318.14312744140625
    endloop
  endfacet
  facet normal -1 0 0
    outer loop
      vertex 310 1307.5201416015625 313.68951416015625
      vertex 310 1309.435546875 310.03848266601562
      vertex 310 1303.40869140625 313.99725341796875
    endloop
  endfacet
  facet normal 0 0.83581511053803392 -0.54901102083318354
    outer loop
      vertex 318 1334.64111328125 295.875
      vertex 318 1333.5430908203125 294.203369140625
      vertex 310 1333.5430908203125 294.203369140625
    endloop
  endfacet
  facet normal 0 0.83581511053803392 -0.54901102083318354
    outer loop
      vertex 318 1334.64111328125 295.875
      vertex 310 1333.5430908203125 294.203369140625
      vertex 310 1334.64111328125 295.875
    endloop
  endfacet
  facet normal 0 0.83581511053803392 -0.54901102083318354
    outer loop
      vertex 334 1334.64111328125 295.875
      vertex 334 1333.5430908203125 294.203369140625
      vertex 326 1333.5430908203125 294.203369140625
    endloop
  endfacet
  facet normal 0 0.83581511053803392 -0.54901102083318354
    outer loop
      vertex 334 1334.64111328125 295.875
      vertex 326 1333.5430908203125 294.203369140625
      vertex 326 1334.64111328125 295.875
    endloop
  endfacet
  facet normal 0 0.83581511053803392 -0.54901102083318354
    outer loop
      vertex 342 1334.64111328125 295.875
      vertex 342 1333.5430908203125 294.203369140625
      vertex 334 1333.5430908203125 294.203369140625
    endloop
  endfacet
  facet normal 0 0.83581511053803392 -0.54901102083318354
    outer loop
      vertex 342 1334.64111328125 295.875
      vertex 334 1333.5430908203125 294.203369140625
      vertex 334 1334.64111328125 295.875
    endloop
  endfacet
  facet normal 0 0.83581511053803392 -0.54901102083318354
    outer loop
      vertex 326 1334.64111328125 295.875
      vertex 326 1333.5430908203125 294.203369140625
      vertex 318 1333.5430908203125 294.203369140625
    endloop
  endfacet
  facet normal 0 0.83581511053803392 -0.54901102083318354
    outer loop
      vertex 326 1334.64111328125 295.875
      vertex 318 1333.5430908203125 294.203369140625
      vertex 318 1334.64111328125 295.875
    endloop
  endfacet
  facet normal 0 0.83581511053803392 -0.54901102083318354
    outer loop
      vertex 358 1334.64111328125 295.875
      vertex 358 1333.5430908203125 294.203369140625
      vertex 350 1333.5430908203125 294.203369140625
    endloop
  endfacet
  facet normal 0 0.83581511053803392 -0.54901102083318354
    outer loop
      vertex 358 1334.64111328125 295.875
      vertex 350 1333.5430908203125 294.203369140625
      vertex 350 1334.64111328125 295.875
    endloop
  endfacet
  facet normal 0 0.83581511053803392 -0.54901102083318354
    outer loop
      vertex 366 1334.64111328125 295.875
      vertex 366 1333.5430908203125 294.203369140625
      vertex 358 1333.5430908203125 294.203369140625
    endloop
  endfacet
  facet normal 0 0.83581511053803392 -0.54901102083318354
    outer loop
      vertex 366 1334.64111328125 295.875
      vertex 358 1333.5430908203125 294.203369140625
      vertex 358 1334.64111328125 295.875
    endloop
  endfacet
  facet normal 0 0.83581511053803392 -0.54901102083318354
    outer loop
      vertex 382 1334.64111328125 295.875
      vertex 382 1333.5430908203125 294.203369140625
      vertex 374 1333.5430908203125 294.203369140625
    endloop
  endfacet
  facet normal 0 0.83581511053803392 -0.54901102083318354
    outer loop
      vertex 382 1334.64111328125 295.875
      vertex 374 1333.5430908203125 294.203369140625
      vertex 374 1334.64111328125 295.875
    endloop
  endfacet
  facet normal 0 0.83581511053803392 -0.54901102083318354
    outer loop
      vertex 390 1334.64111328125 295.875
      vertex 390 1333.5430908203125 294.203369140625
      vertex 382 1333.5430908203125 294.203369140625
    endloop
  endfacet
  facet normal 0 0.83581511053803392 -0.54901102083318354
    outer loop
      vertex 390 1334.64111328125 295.875
      vertex 382 1333.5430908203125 294.203369140625
      vertex 382 1334.64111328125 295.875
    endloop
  endfacet
  facet normal 0 0.83581511053803392 -0.54901102083318354
    outer loop
      vertex 374 1334.64111328125 295.875
      vertex 374 1333.5430908203125 294.203369140625
      vertex 366 1333.5430908203125 294.203369140625
    endloop
  endfacet
  facet normal 0 0.83581511053803392 -0.54901102083318354
    outer loop
      vertex 374 1334.64111328125 295.875
      vertex 366 1333.5430908203125 294.203369140625
      vertex 366 1334.64111328125 295.875
    endloop
  endfacet
  facet normal 0 0.83581511053803392 -0.54901102083318354
    outer loop
      vertex 350 1334.64111328125 295.875
      vertex 350 1333.5430908203125 294.203369140625
      vertex 342 1333.5430908203125 294.203369140625
    endloop
  endfacet
  facet normal 0 0.83581511053803392 -0.54901102083318354
    outer loop
      vertex 350 1334.64111328125 295.875
      vertex 342 1333.5430908203125 294.203369140625
      vertex 342 1334.64111328125 295.875
    endloop
  endfacet
  facet normal 1 0 0
    outer loop
      vertex 390 1327.86083984375 300.32861328125
      vertex 390 1327.5162353515625 298.16213989257812
      vertex 390 1333.5430908203125 294.203369140625
    endloop
  endfacet
  facet normal 1 0 0
    outer loop
      vertex 390 1327.86083984375 300.32861328125
      vertex 390 1333.5430908203125 294.203369140625
      vertex 390 1334.64111328125 295.875
    endloop
  endfacet
  facet normal 1 0 0
    outer loop
      vertex 390 1314.3004150390625 309.23587036132812
      vertex 390 1315.46240234375 306.0797119140625
      vertex 390 1321.4893798828125 302.12091064453125
    endloop
  endfacet
  facet normal 1 -0 -0
    outer loop
      vertex 390 1314.3004150390625 309.23587036132812
      vertex 390 1321.4893798828125 302.12091064453125
      vertex 390 1321.0806884765625 304.78225708007812
    endloop
  endfacet
  facet normal 1 0 0
    outer loop
      vertex 390 1321.0806884765625 304.78225708007812
      vertex 390 1321.4893798828125 302.12091064453125
      vertex 390 1327.5162353515625 298.16213989257812
    endloop
  endfacet
  facet normal 1 0 0
    outer loop
      vertex 390 1321.0806884765625 304.78225708007812
      vertex 390 1327.5162353515625 298.16213989257812
      vertex 390 1327.86083984375 300.32861328125
    endloop
  endfacet
  facet normal 1 -0 -0
    outer loop
      vertex 390 1300.7398681640625 318.14312744140625
      vertex 390 1297.3818359375 317.9560546875
      vertex 390 1303.40869140625 313.99725341796875
    endloop
  endfacet
  facet normal 1 0 0
    outer loop
      vertex 390 1300.7398681640625 318.14312744140625
      vertex 390 1303.40869140625 313.99725341796875
      vertex 390 1307.5201416015625 313.68951416015625
    endloop
  endfacet
  facet normal 1 -0 -0
    outer loop
      vertex 390 1287.179443359375 327.05038452148438
      vertex 390 1285.3280029296875 325.87362670898438
      vertex 390 1291.35498046875 321.91482543945312
    endloop
  endfacet
  facet normal 1 0 0
    outer loop
      vertex 390 1287.179443359375 327.05038452148438
      vertex 390 1291.35498046875 321.91482543945312
      vertex 390 1293.959716796875 322.59677124023438
    endloop
  endfacet
  facet normal 1 0 0
    outer loop
      vertex 390 1280.399169921875 331.5040283203125
      vertex 390 1279.3011474609375 329.8323974609375
      vertex 390 1285.3280029296875 325.87362670898438
    endloop
  endfacet
  facet normal 1 0 -0
    outer loop
      vertex 390 1280.399169921875 331.5040283203125
      vertex 390 1285.3280029296875 325.87362670898438
      vertex 390 1287.179443359375 327.05038452148438
    endloop
  endfacet
  facet normal 1 0 0
    outer loop
      vertex 390 1293.959716796875 322.59677124023438
      vertex 390 1291.35498046875 321.91482543945312
      vertex 390 1297.3818359375 317.9560546875
    endloop
  endfacet
  facet normal 1 0 0
    outer loop
      vertex 390 1293.959716796875 322.59677124023438
      vertex 390 1297.3818359375 317.9560546875
      vertex 390 1300.7398681640625 318.14312744140625
    endloop
  endfacet
  facet normal 1 0 -0
    outer loop
      vertex 390 1307.5201416015625 313.68951416015625
      vertex 390 1309.435546875 310.03848266601562
      vertex 390 1315.46240234375 306.0797119140625
    endloop
  endfacet
  facet normal 1 0 0
    outer loop
      vertex 390 1307.5201416015625 313.68951416015625
      vertex 390 1315.46240234375 306.0797119140625
      vertex 390 1314.3004150390625 309.23587036132812
    endloop
  endfacet
  facet normal 1 -0 -0
    outer loop
      vertex 390 1307.5201416015625 313.68951416015625
      vertex 390 1303.40869140625 313.99725341796875
      vertex 390 1309.435546875 310.03848266601562
    endloop
  endfacet
  facet normal 0 -0.83581511053803392 0.54901102083318354
    outer loop
      vertex 382 1280.399169921875 331.5040283203125
      vertex 382 1279.3011474609375 329.8323974609375
      vertex 390 1279.3011474609375 329.8323974609375
    endloop
  endfacet
  facet normal 0 -0.83581511053803392 0.54901102083318354
    outer loop
      vertex 382 1280.399169921875 331.5040283203125
      vertex 390 1279.3011474609375 329.8323974609375
      vertex 390 1280.399169921875 331.5040283203125
    endloop
  endfacet
  facet normal 0 -0.83581511053803392 0.54901102083318354
    outer loop
      vertex 366 1280.399169921875 331.5040283203125
      vertex 366 1279.3011474609375 329.8323974609375
      vertex 374 1279.3011474609375 329.8323974609375
    endloop
  endfacet
  facet normal 0 -0.83581511053803392 0.54901102083318354
    outer loop
      vertex 366 1280.399169921875 331.5040283203125
      vertex 374 1279.3011474609375 329.8323974609375
      vertex 374 1280.399169921875 331.5040283203125
    endloop
  endfacet
  facet normal 0 -0.83581511053803392 0.54901102083318354
    outer loop
      vertex 358 1280.399169921875 331.5040283203125
      vertex 358 1279.3011474609375 329.8323974609375
      vertex 366 1279.3011474609375 329.8323974609375
    endloop
  endfacet
  facet normal 0 -0.83581511053803392 0.54901102083318354
    outer loop
      vertex 358 1280.399169921875 331.5040283203125
      vertex 366 1279.3011474609375 329.8323974609375
      vertex 366 1280.399169921875 331.5040283203125
    endloop
  endfacet
  facet normal 0 -0.83581511053803392 0.54901102083318354
    outer loop
      vertex 374 1280.399169921875 331.5040283203125
      vertex 374 1279.3011474609375 329.8323974609375
      vertex 382 1279.3011474609375 329.8323974609375
    endloop
  endfacet
  facet normal 0 -0.83581511053803392 0.54901102083318354
    outer loop
      vertex 374 1280.399169921875 331.5040283203125
      vertex 382 1279.3011474609375 329.8323974609375
      vertex 382 1280.399169921875 331.5040283203125
    endloop
  endfacet
  facet normal 0 -0.83581511053803392 0.54901102083318354
    outer loop
      vertex 342 1280.399169921875 331.5040283203125
      vertex 342 1279.3011474609375 329.8323974609375
      vertex 350 1279.3011474609375 329.8323974609375
    endloop
  endfacet
  facet normal 0 -0.83581511053803392 0.54901102083318354
    outer loop
      vertex 342 1280.399169921875 331.5040283203125
      vertex 350 1279.3011474609375 329.8323974609375
      vertex 350 1280.399169921875 331.5040283203125
    endloop
  endfacet
  facet normal 0 -0.83581511053803392 0.54901102083318354
    outer loop
      vertex 334 1280.399169921875 331.5040283203125
      vertex 334 1279.3011474609375 329.8323974609375
      vertex 342 1279.3011474609375 329.8323974609375
    endloop
  endfacet
  facet normal 0 -0.83581511053803392 0.54901102083318354
    outer loop
      vertex 334 1280.399169921875 331.5040283203125
      vertex 342 1279.3011474609375 329.8323974609375
      vertex 342 1280.399169921875 331.5040283203125
    endloop
  endfacet
  facet normal 0 -0.83581511053803392 0.54901102083318354
    outer loop
      vertex 318 1280.399169921875 331.5040283203125
      vertex 318 1279.3011474609375 329.8323974609375
      vertex 326 1279.3011474609375 329.8323974609375
    endloop
  endfacet
  facet normal 0 -0.83581511053803392 0.54901102083318354
    outer loop
      vertex 318 1280.399169921875 331.5040283203125
      vertex 326 1279.3011474609375 329.8323974609375
      vertex 326 1280.399169921875 331.5040283203125
    endloop
  endfacet
  facet normal 0 -0.83581511053803392 0.54901102083318354
    outer loop
      vertex 310 1280.399169921875 331.5040283203125
      vertex 310 1279.3011474609375 329.8323974609375
      vertex 318 1279.3011474609375 329.8323974609375
    endloop
  endfacet
  facet normal 0 -0.83581511053803392 0.54901102083318354
    outer loop
      vertex 310 1280.399169921875 331.5040283203125
      vertex 318 1279.3011474609375 329.8323974609375
      vertex 318 1280.399169921875 331.5040283203125
    endloop
  endfacet
  facet normal 0 -0.83581511053803392 0.54901102083318354
    outer loop
      vertex 326 1280.399169921875 331.5040283203125
      vertex 326 1279.3011474609375 329.8323974609375
      vertex 334 1279.3011474609375 329.8323974609375
    endloop
  endfacet
  facet normal 0 -0.83581511053803392 0.54901102083318354
    outer loop
      vertex 326 1280.399169921875 331.5040283203125
      vertex 334 1279.3011474609375 329.8323974609375
      vertex 334 1280.399169921875 331.5040283203125
    endloop
  endfacet
  facet normal 0 -0.83581511053803392 0.54901102083318354
    outer loop
      vertex 350 1280.399169921875 331.5040283203125
      vertex 350 1279.3011474609375 329.8323974609375
      vertex 358 1279.3011474609375 329.8323974609375
    endloop
  endfacet
  facet normal 0 -0.83581511053803392 0.54901102083318354
    outer loop
      vertex 350 1280.399169921875 331.5040283203125
      vertex 358 1279.3011474609375 329.8323974609375
      vertex 358 1280.399169921875 331.5040283203125
    endloop
  endfacet
  facet normal 1 -0 -0
    outer loop
      vertex 313.20001220703125 1289.69775390625 325.39617919921875
      vertex 313.20001220703125 1282.56884765625 330.078857421875
      vertex 313.20001220703125 1281.4708251953125 328.4072265625
    endloop
  endfacet
  facet normal 1 0 -0
    outer loop
      vertex 313.20001220703125 1289.69775390625 325.39617919921875
      vertex 313.20001220703125 1281.4708251953125 328.4072265625
      vertex 313.20001220703125 1288.5997314453125 323.72454833984375
    endloop
  endfacet
  facet normal 1 -0 -0
    outer loop
      vertex 313.20001220703125 1303.9556884765625 316.03085327148438
      vertex 313.20001220703125 1296.8267822265625 320.71353149414062
      vertex 313.20001220703125 1295.728759765625 319.04190063476562
    endloop
  endfacet
  facet normal 1 0 -0
    outer loop
      vertex 313.20001220703125 1303.9556884765625 316.03085327148438
      vertex 313.20001220703125 1295.728759765625 319.04190063476562
      vertex 313.20001220703125 1302.857666015625 314.35922241210938
    endloop
  endfacet
  facet normal 1 -0 -0
    outer loop
      vertex 313.20001220703125 1296.8267822265625 320.71353149414062
      vertex 313.20001220703125 1289.69775390625 325.39617919921875
      vertex 313.20001220703125 1288.5997314453125 323.72454833984375
    endloop
  endfacet
  facet normal 1 0 -0
    outer loop
      vertex 313.20001220703125 1296.8267822265625 320.71353149414062
      vertex 313.20001220703125 1288.5997314453125 323.72454833984375
      vertex 313.20001220703125 1295.728759765625 319.04190063476562
    endloop
  endfacet
  facet normal 1 -0 -0
    outer loop
      vertex 313.20001220703125 1318.2135009765625 306.66549682617188
      vertex 313.20001220703125 1311.0845947265625 311.34817504882812
      vertex 313.20001220703125 1309.986572265625 309.67654418945312
    endloop
  endfacet
  facet normal 1 0 -0
    outer loop
      vertex 313.20001220703125 1318.2135009765625 306.66549682617188
      vertex 313.20001220703125 1309.986572265625 309.67654418945312
      vertex 313.20001220703125 1317.1156005859375 304.99386596679688
    endloop
  endfacet
  facet normal 1 -0 -0
    outer loop
      vertex 313.20001220703125 1332.471435546875 297.30014038085938
      vertex 313.20001220703125 1325.342529296875 301.98281860351562
      vertex 313.20001220703125 1324.2445068359375 300.31118774414062
    endloop
  endfacet
  facet normal 1 0 -0
    outer loop
      vertex 313.20001220703125 1332.471435546875 297.30014038085938
      vertex 313.20001220703125 1324.2445068359375 300.31118774414062
      vertex 313.20001220703125 1331.3734130859375 295.62850952148438
    endloop
  endfacet
  facet normal 1 -0 -0
    outer loop
      vertex 313.20001220703125 1325.342529296875 301.98281860351562
      vertex 313.20001220703125 1318.2135009765625 306.66549682617188
      vertex 313.20001220703125 1317.1156005859375 304.99386596679688
    endloop
  endfacet
  facet normal 1 0 -0
    outer loop
      vertex 313.20001220703125 1325.342529296875 301.98281860351562
      vertex 313.20001220703125 1317.1156005859375 304.99386596679688
      vertex 313.20001220703125 1324.2445068359375 300.31118774414062
    endloop
  endfacet
  facet normal 1 -0 -0
    outer loop
      vertex 313.20001220703125 1311.0845947265625 311.34817504882812
      vertex 313.20001220703125 1303.9556884765625 316.03085327148438
      vertex 313.20001220703125 1302.857666015625 314.35922241210938
    endloop
  endfacet
  facet normal 1 0 -0
    outer loop
      vertex 313.20001220703125 1311.0845947265625 311.34817504882812
      vertex 313.20001220703125 1302.857666015625 314.35922241210938
      vertex 313.20001220703125 1309.986572265625 309.67654418945312
    endloop
  endfacet
  facet normal -0 0.83581511053803392 -0.54901102083318354
    outer loop
      vertex 379.44000244140625 1282.56884765625 330.078857421875
      vertex 386.79998779296875 1282.56884765625 330.078857421875
      vertex 386.79998779296875 1281.4708251953125 328.4072265625
    endloop
  endfacet
  facet normal 0 0.83581511053803392 -0.54901102083318354
    outer loop
      vertex 379.44000244140625 1282.56884765625 330.078857421875
      vertex 386.79998779296875 1281.4708251953125 328.4072265625
      vertex 379.44000244140625 1281.4708251953125 328.4072265625
    endloop
  endfacet
  facet normal -0 0.83581511053803392 -0.54901102083318354
    outer loop
      vertex 364.72000122070312 1282.56884765625 330.078857421875
      vertex 372.07998657226562 1282.56884765625 330.078857421875
      vertex 372.07998657226562 1281.4708251953125 328.4072265625
    endloop
  endfacet
  facet normal 0 0.83581511053803392 -0.54901102083318354
    outer loop
      vertex 364.72000122070312 1282.56884765625 330.078857421875
      vertex 372.07998657226562 1281.4708251953125 328.4072265625
      vertex 364.72000122070312 1281.4708251953125 328.4072265625
    endloop
  endfacet
  facet normal -0 0.83581511053803392 -0.54901102083318354
    outer loop
      vertex 357.3599853515625 1282.56884765625 330.078857421875
      vertex 364.72000122070312 1282.56884765625 330.078857421875
      vertex 364.72000122070312 1281.4708251953125 328.4072265625
    endloop
  endfacet
  facet normal 0 0.83581511053803392 -0.54901102083318354
    outer loop
      vertex 357.3599853515625 1282.56884765625 330.078857421875
      vertex 364.72000122070312 1281.4708251953125 328.4072265625
      vertex 357.3599853515625 1281.4708251953125 328.4072265625
    endloop
  endfacet
  facet normal -0 0.83581511053803392 -0.54901102083318354
    outer loop
      vertex 372.07998657226562 1282.56884765625 330.078857421875
      vertex 379.44000244140625 1282.56884765625 330.078857421875
      vertex 379.44000244140625 1281.4708251953125 328.4072265625
    endloop
  endfacet
  facet normal 0 0.83581511053803392 -0.54901102083318354
    outer loop
      vertex 372.07998657226562 1282.56884765625 330.078857421875
      vertex 379.44000244140625 1281.4708251953125 328.4072265625
      vertex 372.07998657226562 1281.4708251953125 328.4072265625
    endloop
  endfacet
  facet normal -0 0.83581511053803392 -0.54901102083318354
    outer loop
      vertex 342.6400146484375 1282.56884765625 330.078857421875
      vertex 350 1282.56884765625 330.078857421875
      vertex 350 1281.4708251953125 328.4072265625
    endloop
  endfacet
  facet normal 0 0.83581511053803392 -0.54901102083318354
    outer loop
      vertex 342.6400146484375 1282.56884765625 330.078857421875
      vertex 350 1281.4708251953125 328.4072265625
      vertex 342.6400146484375 1281.4708251953125 328.4072265625
    endloop
  endfacet
  facet normal -0 0.83581511053803392 -0.54901102083318354
    outer loop
      vertex 335.27999877929688 1282.56884765625 330.078857421875
      vertex 342.6400146484375 1282.56884765625 330.078857421875
      vertex 342.6400146484375 1281.4708251953125 328.4072265625
    endloop
  endfacet
  facet normal 0 0.83581511053803392 -0.54901102083318354
    outer loop
      vertex 335.27999877929688 1282.56884765625 330.078857421875
      vertex 342.6400146484375 1281.4708251953125 328.4072265625
      vertex 335.27999877929688 1281.4708251953125 328.4072265625
    endloop
  endfacet
  facet normal -0 0.83581511053803392 -0.54901102083318354
    outer loop
      vertex 320.55999755859375 1282.56884765625 330.078857421875
      vertex 327.92001342773438 1282.56884765625 330.078857421875
      vertex 327.92001342773438 1281.4708251953125 328.4072265625
    endloop
  endfacet
  facet normal 0 0.83581511053803392 -0.54901102083318354
    outer loop
      vertex 320.55999755859375 1282.56884765625 330.078857421875
      vertex 327.92001342773438 1281.4708251953125 328.4072265625
      vertex 320.55999755859375 1281.4708251953125 328.4072265625
    endloop
  endfacet
  facet normal -0 0.83581511053803392 -0.54901102083318354
    outer loop
      vertex 313.20001220703125 1282.56884765625 330.078857421875
      vertex 320.55999755859375 1282.56884765625 330.078857421875
      vertex 320.55999755859375 1281.4708251953125 328.4072265625
    endloop
  endfacet
  facet normal 0 0.83581511053803392 -0.54901102083318354
    outer loop
      vertex 313.20001220703125 1282.56884765625 330.078857421875
      vertex 320.55999755859375 1281.4708251953125 328.4072265625
      vertex 313.20001220703125 1281.4708251953125 328.4072265625
    endloop
  endfacet
  facet normal -0 0.83581511053803392 -0.54901102083318354
    outer loop
      vertex 327.92001342773438 1282.56884765625 330.078857421875
      vertex 335.27999877929688 1282.56884765625 330.078857421875
      vertex 335.27999877929688 1281.4708251953125 328.4072265625
    endloop
  endfacet
  facet normal 0 0.83581511053803392 -0.54901102083318354
    outer loop
      vertex 327.92001342773438 1282.56884765625 330.078857421875
      vertex 335.27999877929688 1281.4708251953125 328.4072265625
      vertex 327.92001342773438 1281.4708251953125 328.4072265625
    endloop
  endfacet
  facet normal -0 0.83581511053803392 -0.54901102083318354
    outer loop
      vertex 350 1282.56884765625 330.078857421875
      vertex 357.3599853515625 1282.56884765625 330.078857421875
      vertex 357.3599853515625 1281.4708251953125 328.4072265625
    endloop
  endfacet
  facet normal 0 0.83581511053803392 -0.54901102083318354
    outer loop
      vertex 350 1282.56884765625 330.078857421875
      vertex 357.3599853515625 1281.4708251953125 328.4072265625
      vertex 350 1281.4708251953125 328.4072265625
    endloop
  endfacet
  facet normal -1 0 0
    outer loop
      vertex 386.79998779296875 1325.342529296875 301.98281860351562
      vertex 386.79998779296875 1332.471435546875 297.30014038085938
      vertex 386.79998779296875 1331.3734130859375 295.62850952148438
    endloop
  endfacet
  facet normal -1 -0 -0
    outer loop
      vertex 386.79998779296875 1325.342529296875 301.98281860351562
      vertex 386.79998779296875 1331.3734130859375 295.62850952148438
      vertex 386.79998779296875 1324.2445068359375 300.31118774414062
    endloop
  endfacet
  facet normal -1 0 0
    outer loop
      vertex 386.79998779296875 1311.0845947265625 311.34817504882812
      vertex 386.79998779296875 1318.2135009765625 306.66549682617188
      vertex 386.79998779296875 1317.1156005859375 304.99386596679688
    endloop
  endfacet
  facet normal -1 0 0
    outer loop
      vertex 386.79998779296875 1311.0845947265625 311.34817504882812
      vertex 386.79998779296875 1317.1156005859375 304.99386596679688
      vertex 386.79998779296875 1309.986572265625 309.67654418945312
    endloop
  endfacet
  facet normal -1 0 0
    outer loop
      vertex 386.79998779296875 1318.2135009765625 306.66549682617188
      vertex 386.79998779296875 1325.342529296875 301.98281860351562
      vertex 386.79998779296875 1324.2445068359375 300.31118774414062
    endloop
  endfacet
  facet normal -1 0 0
    outer loop
      vertex 386.79998779296875 1318.2135009765625 306.66549682617188
      vertex 386.79998779296875 1324.2445068359375 300.31118774414062
      vertex 386.79998779296875 1317.1156005859375 304.99386596679688
    endloop
  endfacet
  facet normal -1 0 0
    outer loop
      vertex 386.79998779296875 1296.8267822265625 320.71353149414062
      vertex 386.79998779296875 1303.9556884765625 316.03085327148438
      vertex 386.79998779296875 1302.857666015625 314.35922241210938
    endloop
  endfacet
  facet normal -1 -0 -0
    outer loop
      vertex 386.79998779296875 1296.8267822265625 320.71353149414062
      vertex 386.79998779296875 1302.857666015625 314.35922241210938
      vertex 386.79998779296875 1295.728759765625 319.04190063476562
    endloop
  endfacet
  facet normal -1 0 0
    outer loop
      vertex 386.79998779296875 1282.56884765625 330.078857421875
      vertex 386.79998779296875 1289.69775390625 325.39617919921875
      vertex 386.79998779296875 1288.5997314453125 323.72454833984375
    endloop
  endfacet
  facet normal -1 -0 -0
    outer loop
      vertex 386.79998779296875 1282.56884765625 330.078857421875
      vertex 386.79998779296875 1288.5997314453125 323.72454833984375
      vertex 386.79998779296875 1281.4708251953125 328.4072265625
    endloop
  endfacet
  facet normal -1 0 0
    outer loop
      vertex 386.79998779296875 1289.69775390625 325.39617919921875
      vertex 386.79998779296875 1296.8267822265625 320.71353149414062
      vertex 386.79998779296875 1295.728759765625 319.04190063476562
    endloop
  endfacet
  facet normal -1 0 0
    outer loop
      vertex 386.79998779296875 1289.69775390625 325.39617919921875
      vertex 386.79998779296875 1295.728759765625 319.04190063476562
      vertex 386.79998779296875 1288.5997314453125 323.72454833984375
    endloop
  endfacet
  facet normal -1 0 0
    outer loop
      vertex 386.79998779296875 1303.9556884765625 316.03085327148438
      vertex 386.79998779296875 1311.0845947265625 311.34817504882812
      vertex 386.79998779296875 1309.986572265625 309.67654418945312
    endloop
  endfacet
  facet normal -1 -0 -0
    outer loop
      vertex 386.79998779296875 1303.9556884765625 316.03085327148438
      vertex 386.79998779296875 1309.986572265625 309.67654418945312
      vertex 386.79998779296875 1302.857666015625 314.35922241210938
    endloop
  endfacet
  facet normal -0 -0.83581511053803392 0.54901102083318354
    outer loop
      vertex 320.55999755859375 1332.471435546875 297.30014038085938
      vertex 313.20001220703125 1332.471435546875 297.30014038085938
      vertex 313.20001220703125 1331.3734130859375 295.62850952148438
    endloop
  endfacet
  facet normal 0 -0.83581511053803392 0.54901102083318354
    outer loop
      vertex 320.55999755859375 1332.471435546875 297.30014038085938
      vertex 313.20001220703125 1331.3734130859375 295.62850952148438
      vertex 320.55999755859375 1331.3734130859375 295.62850952148438
    endloop
  endfacet
  facet normal -0 -0.83581511053803392 0.54901102083318354
    outer loop
      vertex 335.27999877929688 1332.471435546875 297.30014038085938
      vertex 327.92001342773438 1332.471435546875 297.30014038085938
      vertex 327.92001342773438 1331.3734130859375 295.62850952148438
    endloop
  endfacet
  facet normal 0 -0.83581511053803392 0.54901102083318354
    outer loop
      vertex 335.27999877929688 1332.471435546875 297.30014038085938
      vertex 327.92001342773438 1331.3734130859375 295.62850952148438
      vertex 335.27999877929688 1331.3734130859375 295.62850952148438
    endloop
  endfacet
  facet normal -0 -0.83581511053803392 0.54901102083318354
    outer loop
      vertex 342.6400146484375 1332.471435546875 297.30014038085938
      vertex 335.27999877929688 1332.471435546875 297.30014038085938
      vertex 335.27999877929688 1331.3734130859375 295.62850952148438
    endloop
  endfacet
  facet normal 0 -0.83581511053803392 0.54901102083318354
    outer loop
      vertex 342.6400146484375 1332.471435546875 297.30014038085938
      vertex 335.27999877929688 1331.3734130859375 295.62850952148438
      vertex 342.6400146484375 1331.3734130859375 295.62850952148438
    endloop
  endfacet
  facet normal -0 -0.83581511053803392 0.54901102083318354
    outer loop
      vertex 327.92001342773438 1332.471435546875 297.30014038085938
      vertex 320.55999755859375 1332.471435546875 297.30014038085938
      vertex 320.55999755859375 1331.3734130859375 295.62850952148438
    endloop
  endfacet
  facet normal 0 -0.83581511053803392 0.54901102083318354
    outer loop
      vertex 327.92001342773438 1332.471435546875 297.30014038085938
      vertex 320.55999755859375 1331.3734130859375 295.62850952148438
      vertex 327.92001342773438 1331.3734130859375 295.62850952148438
    endloop
  endfacet
  facet normal -0 -0.83581511053803392 0.54901102083318354
    outer loop
      vertex 357.3599853515625 1332.471435546875 297.30014038085938
      vertex 350 1332.471435546875 297.30014038085938
      vertex 350 1331.3734130859375 295.62850952148438
    endloop
  endfacet
  facet normal 0 -0.83581511053803392 0.54901102083318354
    outer loop
      vertex 357.3599853515625 1332.471435546875 297.30014038085938
      vertex 350 1331.3734130859375 295.62850952148438
      vertex 357.3599853515625 1331.3734130859375 295.62850952148438
    endloop
  endfacet
  facet normal -0 -0.83581511053803392 0.54901102083318354
    outer loop
      vertex 364.72000122070312 1332.471435546875 297.30014038085938
      vertex 357.3599853515625 1332.471435546875 297.30014038085938
      vertex 357.3599853515625 1331.3734130859375 295.62850952148438
    endloop
  endfacet
  facet normal 0 -0.83581511053803392 0.54901102083318354
    outer loop
      vertex 364.72000122070312 1332.471435546875 297.30014038085938
      vertex 357.3599853515625 1331.3734130859375 295.62850952148438
      vertex 364.72000122070312 1331.3734130859375 295.62850952148438
    endloop
  endfacet
  facet normal -0 -0.83581511053803392 0.54901102083318354
    outer loop
      vertex 379.44000244140625 1332.471435546875 297.30014038085938
      vertex 372.07998657226562 1332.471435546875 297.30014038085938
      vertex 372.07998657226562 1331.3734130859375 295.62850952148438
    endloop
  endfacet
  facet normal 0 -0.83581511053803392 0.54901102083318354
    outer loop
      vertex 379.44000244140625 1332.471435546875 297.30014038085938
      vertex 372.07998657226562 1331.3734130859375 295.62850952148438
      vertex 379.44000244140625 1331.3734130859375 295.62850952148438
    endloop
  endfacet
  facet normal -0 -0.83581511053803392 0.54901102083318354
    outer loop
      vertex 386.79998779296875 1332.471435546875 297.30014038085938
      vertex 379.44000244140625 1332.471435546875 297.30014038085938
      vertex 379.44000244140625 1331.3734130859375 295.62850952148438
    endloop
  endfacet
  facet normal 0 -0.83581511053803392 0.54901102083318354
    outer loop
      vertex 386.79998779296875 1332.471435546875 297.30014038085938
      vertex 379.44000244140625 1331.3734130859375 295.62850952148438
      vertex 386.79998779296875 1331.3734130859375 295.62850952148438
    endloop
  endfacet
  facet normal -0 -0.83581511053803392 0.54901102083318354
    outer loop
      vertex 372.07998657226562 1332.471435546875 297.30014038085938
      vertex 364.72000122070312 1332.471435546875 297.30014038085938
      vertex 364.72000122070312 1331.3734130859375 295.62850952148438
    endloop
  endfacet
  facet normal 0 -0.83581511053803392 0.54901102083318354
    outer loop
      vertex 372.07998657226562 1332.471435546875 297.30014038085938
      vertex 364.72000122070312 1331.3734130859375 295.62850952148438
      vertex 372.07998657226562 1331.3734130859375 295.62850952148438
    endloop
  endfacet
  facet normal -0 -0.83581511053803392 0.54901102083318354
    outer loop
      vertex 350 1332.471435546875 297.30014038085938
      vertex 342.6400146484375 1332.471435546875 297.30014038085938
      vertex 342.6400146484375 1331.3734130859375 295.62850952148438
    endloop
  endfacet
  facet normal 0 -0.83581511053803392 0.54901102083318354
    outer loop
      vertex 350 1332.471435546875 297.30014038085938
      vertex 342.6400146484375 1331.3734130859375 295.62850952148438
      vertex 350 1331.3734130859375 295.62850952148438
    endloop
  endfacet
  facet normal -6.1391600271248903e-06 -0.54900990114597037 -0.83581584598881742
    outer loop
      vertex 313.20001220703125 1331.3734130859375 295.62850952148438
      vertex 310 1327.5162353515625 298.16213989257812
      vertex 310 1333.5430908203125 294.203369140625
    endloop
  endfacet
  facet normal -3.3417811190531798e-06 -0.54901152241445317 -0.83581478106396079
    outer loop
      vertex 313.20001220703125 1324.2445068359375 300.31118774414062
      vertex 310 1327.5162353515625 298.16213989257812
      vertex 313.20001220703125 1331.3734130859375 295.62850952148438
    endloop
  endfacet
  facet normal 0 -0.54900357573006853 -0.83582000085879671
    outer loop
      vertex 310 1333.5430908203125 294.203369140625
      vertex 318 1333.5430908203125 294.203369140625
      vertex 320.55999755859375 1331.3734130859375 295.62850952148438
    endloop
  endfacet
  facet normal -0 -0.54900357573006842 -0.83582000085879671
    outer loop
      vertex 310 1333.5430908203125 294.203369140625
      vertex 320.55999755859375 1331.3734130859375 295.62850952148438
      vertex 313.20001220703125 1331.3734130859375 295.62850952148438
    endloop
  endfacet
  facet normal -6.8989744882724364e-06 -0.54900508959868477 -0.83581900645244023
    outer loop
      vertex 310 1315.46240234375 306.0797119140625
      vertex 310 1321.4893798828125 302.12091064453125
      vertex 313.20001220703125 1324.2445068359375 300.31118774414062
    endloop
  endfacet
  facet normal 1.837215280335249e-05 -0.54901152232486317 -0.835814780927569
    outer loop
      vertex 310 1315.46240234375 306.0797119140625
      vertex 313.20001220703125 1324.2445068359375 300.31118774414062
      vertex 313.20001220703125 1317.1156005859375 304.99386596679688
    endloop
  endfacet
  facet normal 1.812543800122312e-07 -0.54900495515113124 -0.83581909479233096
    outer loop
      vertex 313.20001220703125 1317.1156005859375 304.99386596679688
      vertex 313.20001220703125 1309.986572265625 309.67654418945312
      vertex 310 1309.435546875 310.03848266601562
    endloop
  endfacet
  facet normal 1.7173212832215386e-05 -0.54900990107535941 -0.83581584588131896
    outer loop
      vertex 313.20001220703125 1317.1156005859375 304.99386596679688
      vertex 310 1309.435546875 310.03848266601562
      vertex 310 1315.46240234375 306.0797119140625
    endloop
  endfacet
  facet normal -9.6900116982117733e-07 -0.54900990115605852 -0.8358158460041758
    outer loop
      vertex 313.20001220703125 1324.2445068359375 300.31118774414062
      vertex 310 1321.4893798828125 302.12091064453125
      vertex 310 1327.5162353515625 298.16213989257812
    endloop
  endfacet
  facet normal 0 -0.54900357573006853 -0.83582000085879671
    outer loop
      vertex 326 1333.5430908203125 294.203369140625
      vertex 334 1333.5430908203125 294.203369140625
      vertex 335.27999877929688 1331.3734130859375 295.62850952148438
    endloop
  endfacet
  facet normal -0 -0.54900357573006842 -0.83582000085879671
    outer loop
      vertex 326 1333.5430908203125 294.203369140625
      vertex 335.27999877929688 1331.3734130859375 295.62850952148438
      vertex 327.92001342773438 1331.3734130859375 295.62850952148438
    endloop
  endfacet
  facet normal 0 -0.54900357573006853 -0.83582000085879671
    outer loop
      vertex 342 1333.5430908203125 294.203369140625
      vertex 350 1333.5430908203125 294.203369140625
      vertex 350 1331.3734130859375 295.62850952148438
    endloop
  endfacet
  facet normal 0 -0.54900357573006853 -0.83582000085879671
    outer loop
      vertex 342 1333.5430908203125 294.203369140625
      vertex 350 1331.3734130859375 295.62850952148438
      vertex 342.6400146484375 1331.3734130859375 295.62850952148438
    endloop
  endfacet
  facet normal 0 -0.54900357573006853 -0.83582000085879671
    outer loop
      vertex 334 1333.5430908203125 294.203369140625
      vertex 342 1333.5430908203125 294.203369140625
      vertex 342.6400146484375 1331.3734130859375 295.62850952148438
    endloop
  endfacet
  facet normal -0 -0.54900357573006853 -0.83582000085879671
    outer loop
      vertex 334 1333.5430908203125 294.203369140625
      vertex 342.6400146484375 1331.3734130859375 295.62850952148438
      vertex 335.27999877929688 1331.3734130859375 295.62850952148438
    endloop
  endfacet
  facet normal -0 -0.54900357573006853 -0.83582000085879671
    outer loop
      vertex 327.92001342773438 1331.3734130859375 295.62850952148438
      vertex 320.55999755859375 1331.3734130859375 295.62850952148438
      vertex 318 1333.5430908203125 294.203369140625
    endloop
  endfacet
  facet normal 0 -0.54900357573006853 -0.83582000085879671
    outer loop
      vertex 327.92001342773438 1331.3734130859375 295.62850952148438
      vertex 318 1333.5430908203125 294.203369140625
      vertex 326 1333.5430908203125 294.203369140625
    endloop
  endfacet
  facet normal -0 -0.54900357573006853 -0.83582000085879671
    outer loop
      vertex 357.3599853515625 1331.3734130859375 295.62850952148438
      vertex 350 1331.3734130859375 295.62850952148438
      vertex 350 1333.5430908203125 294.203369140625
    endloop
  endfacet
  facet normal 0 -0.54900357573006853 -0.83582000085879671
    outer loop
      vertex 357.3599853515625 1331.3734130859375 295.62850952148438
      vertex 350 1333.5430908203125 294.203369140625
      vertex 358 1333.5430908203125 294.203369140625
    endloop
  endfacet
  facet normal 1.4003858958585475e-06 -0.54900990115577786 -0.83581584600374859
    outer loop
      vertex 310 1303.40869140625 313.99725341796875
      vertex 310 1309.435546875 310.03848266601562
      vertex 313.20001220703125 1309.986572265625 309.67654418945312
    endloop
  endfacet
  facet normal 6.1709119405629637e-06 -0.54901152240706552 -0.83581478105271378
    outer loop
      vertex 310 1303.40869140625 313.99725341796875
      vertex 313.20001220703125 1309.986572265625 309.67654418945312
      vertex 313.20001220703125 1302.857666015625 314.35922241210938
    endloop
  endfacet
  facet normal 2.5708948357551526e-06 -0.5490115224157045 -0.83581478106586571
    outer loop
      vertex 313.20001220703125 1302.857666015625 314.35922241210938
      vertex 313.20001220703125 1295.728759765625 319.04190063476562
      vertex 310 1297.3818359375 317.9560546875
    endloop
  endfacet
  facet normal 5.8417622224536269e-06 -0.54901285772655084 -0.83581390393843036
    outer loop
      vertex 313.20001220703125 1302.857666015625 314.35922241210938
      vertex 310 1297.3818359375 317.9560546875
      vertex 310 1303.40869140625 313.99725341796875
    endloop
  endfacet
  facet normal -1.4043827761229716e-05 -0.54900508955760996 -0.83581900638990692
    outer loop
      vertex 313.20001220703125 1288.5997314453125 323.72454833984375
      vertex 310 1285.3280029296875 325.87362670898438
      vertex 310 1291.35498046875 321.91482543945312
    endloop
  endfacet
  facet normal -1.8317706219045427e-06 -0.54900990115539516 -0.83581584600316594
    outer loop
      vertex 313.20001220703125 1281.4708251953125 328.4072265625
      vertex 310 1279.3011474609375 329.8323974609375
      vertex 310 1285.3280029296875 325.87362670898438
    endloop
  endfacet
  facet normal -1.0797486572415411e-05 -0.54900245559191718 -0.83582073654430189
    outer loop
      vertex 313.20001220703125 1295.728759765625 319.04190063476562
      vertex 313.20001220703125 1288.5997314453125 323.72454833984375
      vertex 310 1291.35498046875 321.91482543945312
    endloop
  endfacet
  facet normal 3.7697729614877253e-06 -0.5490099011524151 -0.83581584599862901
    outer loop
      vertex 313.20001220703125 1295.728759765625 319.04190063476562
      vertex 310 1291.35498046875 321.91482543945312
      vertex 310 1297.3818359375 317.9560546875
    endloop
  endfacet
  facet normal -4.6291393739963164e-06 -0.54901152241163642 -0.83581478105967255
    outer loop
      vertex 313.20001220703125 1288.5997314453125 323.72454833984375
      vertex 313.20001220703125 1281.4708251953125 328.4072265625
      vertex 310 1285.3280029296875 325.87362670898438
    endloop
  endfacet
  facet normal 0 -0.54901178848581178 -0.83581460629951332
    outer loop
      vertex 313.20001220703125 1281.4708251953125 328.4072265625
      vertex 320.55999755859375 1281.4708251953125 328.4072265625
      vertex 318 1279.3011474609375 329.8323974609375
    endloop
  endfacet
  facet normal -0 -0.54901178848581178 -0.83581460629951332
    outer loop
      vertex 313.20001220703125 1281.4708251953125 328.4072265625
      vertex 318 1279.3011474609375 329.8323974609375
      vertex 310 1279.3011474609375 329.8323974609375
    endloop
  endfacet
  facet normal 0 -0.54901178848581178 -0.83581460629951332
    outer loop
      vertex 327.92001342773438 1281.4708251953125 328.4072265625
      vertex 335.27999877929688 1281.4708251953125 328.4072265625
      vertex 334 1279.3011474609375 329.8323974609375
    endloop
  endfacet
  facet normal -0 -0.54901178848581178 -0.83581460629951332
    outer loop
      vertex 327.92001342773438 1281.4708251953125 328.4072265625
      vertex 334 1279.3011474609375 329.8323974609375
      vertex 326 1279.3011474609375 329.8323974609375
    endloop
  endfacet
  facet normal 0 -0.54901178848581178 -0.83581460629951332
    outer loop
      vertex 320.55999755859375 1281.4708251953125 328.4072265625
      vertex 327.92001342773438 1281.4708251953125 328.4072265625
      vertex 326 1279.3011474609375 329.8323974609375
    endloop
  endfacet
  facet normal -0 -0.54901178848581178 -0.83581460629951332
    outer loop
      vertex 320.55999755859375 1281.4708251953125 328.4072265625
      vertex 326 1279.3011474609375 329.8323974609375
      vertex 318 1279.3011474609375 329.8323974609375
    endloop
  endfacet
  facet normal -0 -0.54901178848581178 -0.83581460629951332
    outer loop
      vertex 342 1279.3011474609375 329.8323974609375
      vertex 334 1279.3011474609375 329.8323974609375
      vertex 335.27999877929688 1281.4708251953125 328.4072265625
    endloop
  endfacet
  facet normal 0 -0.54901178848581178 -0.83581460629951332
    outer loop
      vertex 342 1279.3011474609375 329.8323974609375
      vertex 335.27999877929688 1281.4708251953125 328.4072265625
      vertex 342.6400146484375 1281.4708251953125 328.4072265625
    endloop
  endfacet
  facet normal -0 -0.54901178848581178 -0.83581460629951332
    outer loop
      vertex 350 1279.3011474609375 329.8323974609375
      vertex 342 1279.3011474609375 329.8323974609375
      vertex 342.6400146484375 1281.4708251953125 328.4072265625
    endloop
  endfacet
  facet normal 0 -0.54901178848581178 -0.83581460629951332
    outer loop
      vertex 350 1279.3011474609375 329.8323974609375
      vertex 342.6400146484375 1281.4708251953125 328.4072265625
      vertex 350 1281.4708251953125 328.4072265625
    endloop
  endfacet
  facet normal 0 -0.54900357573006853 -0.83582000085879671
    outer loop
      vertex 358 1333.5430908203125 294.203369140625
      vertex 366 1333.5430908203125 294.203369140625
      vertex 364.72000122070312 1331.3734130859375 295.62850952148438
    endloop
  endfacet
  facet normal -0 -0.54900357573006853 -0.83582000085879671
    outer loop
      vertex 358 1333.5430908203125 294.203369140625
      vertex 364.72000122070312 1331.3734130859375 295.62850952148438
      vertex 357.3599853515625 1331.3734130859375 295.62850952148438
    endloop
  endfacet
  facet normal 0 -0.54900357573006853 -0.83582000085879671
    outer loop
      vertex 374 1333.5430908203125 294.203369140625
      vertex 382 1333.5430908203125 294.203369140625
      vertex 379.44000244140625 1331.3734130859375 295.62850952148438
    endloop
  endfacet
  facet normal -0 -0.54900357573006853 -0.83582000085879671
    outer loop
      vertex 374 1333.5430908203125 294.203369140625
      vertex 379.44000244140625 1331.3734130859375 295.62850952148438
      vertex 372.07998657226562 1331.3734130859375 295.62850952148438
    endloop
  endfacet
  facet normal 0 -0.54900357573006853 -0.83582000085879671
    outer loop
      vertex 366 1333.5430908203125 294.203369140625
      vertex 374 1333.5430908203125 294.203369140625
      vertex 372.07998657226562 1331.3734130859375 295.62850952148438
    endloop
  endfacet
  facet normal -0 -0.54900357573006853 -0.83582000085879671
    outer loop
      vertex 366 1333.5430908203125 294.203369140625
      vertex 372.07998657226562 1331.3734130859375 295.62850952148438
      vertex 364.72000122070312 1331.3734130859375 295.62850952148438
    endloop
  endfacet
  facet normal -0 -0.54900357573006853 -0.83582000085879671
    outer loop
      vertex 386.79998779296875 1331.3734130859375 295.62850952148438
      vertex 379.44000244140625 1331.3734130859375 295.62850952148438
      vertex 382 1333.5430908203125 294.203369140625
    endloop
  endfacet
  facet normal 0 -0.54900357573006853 -0.83582000085879671
    outer loop
      vertex 386.79998779296875 1331.3734130859375 295.62850952148438
      vertex 382 1333.5430908203125 294.203369140625
      vertex 390 1333.5430908203125 294.203369140625
    endloop
  endfacet
  facet normal 7.7126845070615485e-06 -0.54901152240118956 -0.83581478104376827
    outer loop
      vertex 386.79998779296875 1324.2445068359375 300.31118774414062
      vertex 386.79998779296875 1331.3734130859375 295.62850952148438
      vertex 390 1333.5430908203125 294.203369140625
    endloop
  endfacet
  facet normal 9.6900116985848511e-07 -0.54900990115605852 -0.8358158460041758
    outer loop
      vertex 386.79998779296875 1324.2445068359375 300.31118774414062
      vertex 390 1333.5430908203125 294.203369140625
      vertex 390 1327.5162353515625 298.16213989257812
    endloop
  endfacet
  facet normal 9.6900116982117733e-07 -0.54900990115605852 -0.8358158460041758
    outer loop
      vertex 386.79998779296875 1324.2445068359375 300.31118774414062
      vertex 390 1327.5162353515625 298.16213989257812
      vertex 390 1321.4893798828125 302.12091064453125
    endloop
  endfacet
  facet normal -1.0291222691467216e-06 -0.54901152241722817 -0.8358147810681853
    outer loop
      vertex 386.79998779296875 1317.1156005859375 304.99386596679688
      vertex 386.79998779296875 1324.2445068359375 300.31118774414062
      vertex 390 1321.4893798828125 302.12091064453125
    endloop
  endfacet
  facet normal -1.3615033240924818e-05 -0.54900508956086558 -0.8358190063948634
    outer loop
      vertex 386.79998779296875 1317.1156005859375 304.99386596679688
      vertex 390 1321.4893798828125 302.12091064453125
      vertex 390 1315.46240234375 306.0797119140625
    endloop
  endfacet
  facet normal -1.35155986287492e-05 -0.54900495510099645 -0.83581909471600457
    outer loop
      vertex 386.79998779296875 1309.986572265625 309.67654418945312
      vertex 386.79998779296875 1317.1156005859375 304.99386596679688
      vertex 390 1315.46240234375 306.0797119140625
    endloop
  endfacet
  facet normal -1.4003858958585475e-06 -0.54900990115577786 -0.83581584600374859
    outer loop
      vertex 386.79998779296875 1309.986572265625 309.67654418945312
      vertex 390 1315.46240234375 306.0797119140625
      vertex 390 1309.435546875 310.03848266601562
    endloop
  endfacet
  facet normal -6.5705447531100754e-06 -0.54900990114446524 -0.83581584598652614
    outer loop
      vertex 390 1309.435546875 310.03848266601562
      vertex 390 1303.40869140625 313.99725341796875
      vertex 386.79998779296875 1302.857666015625 314.35922241210938
    endloop
  endfacet
  facet normal -1.8000085524466464e-06 -0.54901152241662932 -0.83581478106727369
    outer loop
      vertex 390 1309.435546875 310.03848266601562
      vertex 386.79998779296875 1302.857666015625 314.35922241210938
      vertex 386.79998779296875 1309.986572265625 309.67654418945312
    endloop
  endfacet
  facet normal 0 -0.54901178848581178 -0.83581460629951332
    outer loop
      vertex 350 1281.4708251953125 328.4072265625
      vertex 357.3599853515625 1281.4708251953125 328.4072265625
      vertex 358 1279.3011474609375 329.8323974609375
    endloop
  endfacet
  facet normal 0 -0.54901178848581178 -0.83581460629951332
    outer loop
      vertex 350 1281.4708251953125 328.4072265625
      vertex 358 1279.3011474609375 329.8323974609375
      vertex 350 1279.3011474609375 329.8323974609375
    endloop
  endfacet
  facet normal 0 -0.54901178848581178 -0.83581460629951332
    outer loop
      vertex 364.72000122070312 1281.4708251953125 328.4072265625
      vertex 372.07998657226562 1281.4708251953125 328.4072265625
      vertex 374 1279.3011474609375 329.8323974609375
    endloop
  endfacet
  facet normal 0 -0.54901178848581178 -0.83581460629951332
    outer loop
      vertex 364.72000122070312 1281.4708251953125 328.4072265625
      vertex 374 1279.3011474609375 329.8323974609375
      vertex 366 1279.3011474609375 329.8323974609375
    endloop
  endfacet
  facet normal 0 -0.54901178848581178 -0.83581460629951332
    outer loop
      vertex 357.3599853515625 1281.4708251953125 328.4072265625
      vertex 364.72000122070312 1281.4708251953125 328.4072265625
      vertex 366 1279.3011474609375 329.8323974609375
    endloop
  endfacet
  facet normal -0 -0.54901178848581178 -0.83581460629951332
    outer loop
      vertex 357.3599853515625 1281.4708251953125 328.4072265625
      vertex 366 1279.3011474609375 329.8323974609375
      vertex 358 1279.3011474609375 329.8323974609375
    endloop
  endfacet
  facet normal 0 -0.54901178848581178 -0.83581460629951332
    outer loop
      vertex 382 1279.3011474609375 329.8323974609375
      vertex 374 1279.3011474609375 329.8323974609375
      vertex 372.07998657226562 1281.4708251953125 328.4072265625
    endloop
  endfacet
  facet normal 0 -0.54901178848581178 -0.83581460629951332
    outer loop
      vertex 382 1279.3011474609375 329.8323974609375
      vertex 372.07998657226562 1281.4708251953125 328.4072265625
      vertex 379.44000244140625 1281.4708251953125 328.4072265625
    endloop
  endfacet
  facet normal -6.1709119405570692e-06 -0.54901152240706552 -0.83581478105271378
    outer loop
      vertex 386.79998779296875 1295.728759765625 319.04190063476562
      vertex 386.79998779296875 1302.857666015625 314.35922241210938
      vertex 390 1303.40869140625 313.99725341796875
    endloop
  endfacet
  facet normal -1.5834624109630841e-06 -0.54901285773523045 -0.83581390395164423
    outer loop
      vertex 386.79998779296875 1295.728759765625 319.04190063476562
      vertex 390 1303.40869140625 313.99725341796875
      vertex 390 1297.3818359375 317.9560546875
    endloop
  endfacet
  facet normal 1.9973984622455123e-05 -0.54900990104679981 -0.83581584583783963
    outer loop
      vertex 390 1297.3818359375 317.9560546875
      vertex 390 1291.35498046875 321.91482543945312
      vertex 386.79998779296875 1288.5997314453125 323.72454833984375
    endloop
  endfacet
  facet normal -9.275520035201318e-06 -0.54900245560030325 -0.83582073655706912
    outer loop
      vertex 390 1297.3818359375 317.9560546875
      vertex 386.79998779296875 1288.5997314453125 323.72454833984375
      vertex 386.79998779296875 1295.728759765625 319.04190063476562
    endloop
  endfacet
  facet normal 0 -0.54901178848581178 -0.83581460629951332
    outer loop
      vertex 379.44000244140625 1281.4708251953125 328.4072265625
      vertex 386.79998779296875 1281.4708251953125 328.4072265625
      vertex 390 1279.3011474609375 329.8323974609375
    endloop
  endfacet
  facet normal 0 -0.54901178848581178 -0.83581460629951332
    outer loop
      vertex 379.44000244140625 1281.4708251953125 328.4072265625
      vertex 390 1279.3011474609375 329.8323974609375
      vertex 382 1279.3011474609375 329.8323974609375
    endloop
  endfacet
  facet normal 1.8317706219045427e-06 -0.54900990115539516 -0.83581584600316594
    outer loop
      vertex 390 1279.3011474609375 329.8323974609375
      vertex 386.79998779296875 1281.4708251953125 328.4072265625
      vertex 390 1285.3280029296875 325.87362670898438
    endloop
  endfacet
  facet normal 4.6291393739963164e-06 -0.54901152241163642 -0.83581478105967255
    outer loop
      vertex 386.79998779296875 1288.5997314453125 323.72454833984375
      vertex 390 1285.3280029296875 325.87362670898438
      vertex 386.79998779296875 1281.4708251953125 328.4072265625
    endloop
  endfacet
  facet normal 1.4043827761229716e-05 -0.54900508955760996 -0.83581900638990692
    outer loop
      vertex 390 1285.3280029296875 325.87362670898438
      vertex 386.79998779296875 1288.5997314453125 323.72454833984375
      vertex 390 1291.35498046875 321.91482543945312
    endloop
  endfacet
  facet normal 5.2194685450007313e-06 0.187364806556064 0.98229039964613629
    outer loop
      vertex 210 1257.843505859375 338.96673583984375
      vertex 213.19999694824219 1256.1607666015625 339.28768920898438
      vertex 213.19999694824219 1263.9012451171875 337.81124877929688
    endloop
  endfacet
  facet normal 5.3737028306564126e-06 0.18736472794198364 0.9822904146403697
    outer loop
      vertex 210 1257.843505859375 338.96673583984375
      vertex 213.19999694824219 1263.9012451171875 337.81124877929688
      vertex 210 1266.257080078125 337.36190795898438
    endloop
  endfacet
  facet normal -0 0.18735768492259339 0.98229175803345004
    outer loop
      vertex 210 1266.257080078125 337.36190795898438
      vertex 213.19999694824219 1263.9012451171875 337.81124877929688
      vertex 220.55999755859375 1263.9012451171875 337.81124877929688
    endloop
  endfacet
  facet normal 0 0.18735768492259339 0.98229175803345004
    outer loop
      vertex 210 1266.257080078125 337.36190795898438
      vertex 220.55999755859375 1263.9012451171875 337.81124877929688
      vertex 218 1266.257080078125 337.36190795898438
    endloop
  endfacet
  facet normal 4.4802834397701815e-06 0.18736195551498874 0.98229094346101287
    outer loop
      vertex 210 1241.0162353515625 342.17642211914062
      vertex 213.19999694824219 1240.6796875 342.2406005859375
      vertex 213.19999694824219 1248.4202880859375 340.76416015625
    endloop
  endfacet
  facet normal -1.0411686693915248e-05 0.18736816579953261 0.98228975884741654
    outer loop
      vertex 210 1241.0162353515625 342.17642211914062
      vertex 213.19999694824219 1248.4202880859375 340.76416015625
      vertex 210 1249.4298095703125 340.57156372070312
    endloop
  endfacet
  facet normal 3.7471460408801399e-06 0.18736210498616099 0.98229091495397314
    outer loop
      vertex 213.19999694824219 1256.1607666015625 339.28768920898438
      vertex 210 1257.843505859375 338.96673583984375
      vertex 210 1249.4298095703125 340.57156372070312
    endloop
  endfacet
  facet normal -1.0288240184064478e-05 0.18736854336269973 0.98228968682985385
    outer loop
      vertex 213.19999694824219 1256.1607666015625 339.28768920898438
      vertex 210 1249.4298095703125 340.57156372070312
      vertex 213.19999694824219 1248.4202880859375 340.76416015625
    endloop
  endfacet
  facet normal -0 0.18735768492259339 0.98229175803345004
    outer loop
      vertex 226 1266.257080078125 337.36190795898438
      vertex 227.91999816894531 1263.9012451171875 337.81124877929688
      vertex 235.27999877929688 1263.9012451171875 337.81124877929688
    endloop
  endfacet
  facet normal 0 0.18735768492259339 0.98229175803345004
    outer loop
      vertex 226 1266.257080078125 337.36190795898438
      vertex 235.27999877929688 1263.9012451171875 337.81124877929688
      vertex 234 1266.257080078125 337.36190795898438
    endloop
  endfacet
  facet normal -0 0.18735768492259339 0.98229175803345004
    outer loop
      vertex 242 1266.257080078125 337.36190795898438
      vertex 242.63999938964844 1263.9012451171875 337.81124877929688
      vertex 250 1263.9012451171875 337.81124877929688
    endloop
  endfacet
  facet normal 0 0.18735768492259339 0.98229175803345004
    outer loop
      vertex 242 1266.257080078125 337.36190795898438
      vertex 250 1263.9012451171875 337.81124877929688
      vertex 250 1266.257080078125 337.36190795898438
    endloop
  endfacet
  facet normal -0 0.18735768492259339 0.98229175803345004
    outer loop
      vertex 234 1266.257080078125 337.36190795898438
      vertex 235.27999877929688 1263.9012451171875 337.81124877929688
      vertex 242.63999938964844 1263.9012451171875 337.81124877929688
    endloop
  endfacet
  facet normal 0 0.18735768492259339 0.98229175803345004
    outer loop
      vertex 234 1266.257080078125 337.36190795898438
      vertex 242.63999938964844 1263.9012451171875 337.81124877929688
      vertex 242 1266.257080078125 337.36190795898438
    endloop
  endfacet
  facet normal 0 0.18735768492259339 0.98229175803345004
    outer loop
      vertex 227.91999816894531 1263.9012451171875 337.81124877929688
      vertex 226 1266.257080078125 337.36190795898438
      vertex 218 1266.257080078125 337.36190795898438
    endloop
  endfacet
  facet normal -0 0.18735768492259339 0.98229175803345004
    outer loop
      vertex 227.91999816894531 1263.9012451171875 337.81124877929688
      vertex 218 1266.257080078125 337.36190795898438
      vertex 220.55999755859375 1263.9012451171875 337.81124877929688
    endloop
  endfacet
  facet normal 0 0.18735768492259339 0.98229175803345004
    outer loop
      vertex 257.3599853515625 1263.9012451171875 337.81124877929688
      vertex 258 1266.257080078125 337.36190795898438
      vertex 250 1266.257080078125 337.36190795898438
    endloop
  endfacet
  facet normal -0 0.18735768492259341 0.98229175803345026
    outer loop
      vertex 257.3599853515625 1263.9012451171875 337.81124877929688
      vertex 250 1266.257080078125 337.36190795898438
      vertex 250 1263.9012451171875 337.81124877929688
    endloop
  endfacet
  facet normal 4.7824691176081875e-06 0.18736472794254619 0.98229041464331901
    outer loop
      vertex 213.19999694824219 1240.6796875 342.2406005859375
      vertex 210 1241.0162353515625 342.17642211914062
      vertex 210 1232.6026611328125 343.78125
    endloop
  endfacet
  facet normal 4.5768224037230782e-06 0.18736480655665372 0.98229039964922804
    outer loop
      vertex 213.19999694824219 1240.6796875 342.2406005859375
      vertex 210 1232.6026611328125 343.78125
      vertex 213.19999694824219 1232.939208984375 343.717041015625
    endloop
  endfacet
  facet normal 4.5853912132576331e-06 0.18736472794271913 0.98229041464422562
    outer loop
      vertex 213.19999694824219 1232.939208984375 343.717041015625
      vertex 210 1232.6026611328125 343.78125
      vertex 210 1224.1890869140625 345.38607788085938
    endloop
  endfacet
  facet normal -6.2271627227577188e-06 0.18736854336898312 0.98228968686279494
    outer loop
      vertex 213.19999694824219 1232.939208984375 343.717041015625
      vertex 210 1224.1890869140625 345.38607788085938
      vertex 213.19999694824219 1225.19873046875 345.19351196289062
    endloop
  endfacet
  facet normal 4.1483916428920899e-06 0.18736480655700397 0.98229039965106413
    outer loop
      vertex 210 1215.7755126953125 346.99093627929688
      vertex 213.19999694824219 1217.458251953125 346.66995239257812
      vertex 213.19999694824219 1225.19873046875 345.19351196289062
    endloop
  endfacet
  facet normal -6.1037024968275709e-06 0.18736816580619806 0.98228975888236059
    outer loop
      vertex 210 1215.7755126953125 346.99093627929688
      vertex 213.19999694824219 1225.19873046875 345.19351196289062
      vertex 210 1224.1890869140625 345.38607788085938
    endloop
  endfacet
  facet normal 4.1912354045514912e-06 0.18736472794304321 0.9822904146459247
    outer loop
      vertex 213.19999694824219 1217.458251953125 346.66995239257812
      vertex 210 1215.7755126953125 346.99093627929688
      vertex 210 1207.3619384765625 348.59576416015625
    endloop
  endfacet
  facet normal 1.0379677715286991e-06 0.18736569227804431 0.9822902307139636
    outer loop
      vertex 213.19999694824219 1217.458251953125 346.66995239257812
      vertex 210 1207.3619384765625 348.59576416015625
      vertex 213.19999694824219 1209.7176513671875 348.14642333984375
    endloop
  endfacet
  facet normal -0 0.18736705275310361 0.98228997121146255
    outer loop
      vertex 213.19999694824219 1209.7176513671875 348.14642333984375
      vertex 210 1207.3619384765625 348.59576416015625
      vertex 218 1207.3619384765625 348.59576416015625
    endloop
  endfacet
  facet normal 0 0.18736705275310361 0.98228997121146255
    outer loop
      vertex 213.19999694824219 1209.7176513671875 348.14642333984375
      vertex 218 1207.3619384765625 348.59576416015625
      vertex 220.55999755859375 1209.7176513671875 348.14642333984375
    endloop
  endfacet
  facet normal -0 0.18736705275310361 0.98228997121146255
    outer loop
      vertex 227.91999816894531 1209.7176513671875 348.14642333984375
      vertex 226 1207.3619384765625 348.59576416015625
      vertex 234 1207.3619384765625 348.59576416015625
    endloop
  endfacet
  facet normal 0 0.18736705275310361 0.98228997121146255
    outer loop
      vertex 227.91999816894531 1209.7176513671875 348.14642333984375
      vertex 234 1207.3619384765625 348.59576416015625
      vertex 235.27999877929688 1209.7176513671875 348.14642333984375
    endloop
  endfacet
  facet normal -0 0.18736705275310361 0.98228997121146255
    outer loop
      vertex 220.55999755859375 1209.7176513671875 348.14642333984375
      vertex 218 1207.3619384765625 348.59576416015625
      vertex 226 1207.3619384765625 348.59576416015625
    endloop
  endfacet
  facet normal 0 0.18736705275310361 0.98228997121146255
    outer loop
      vertex 220.55999755859375 1209.7176513671875 348.14642333984375
      vertex 226 1207.3619384765625 348.59576416015625
      vertex 227.91999816894531 1209.7176513671875 348.14642333984375
    endloop
  endfacet
  facet normal 0 0.18736705275310361 0.98228997121146255
    outer loop
      vertex 242 1207.3619384765625 348.59576416015625
      vertex 242.63999938964844 1209.7176513671875 348.14642333984375
      vertex 235.27999877929688 1209.7176513671875 348.14642333984375
    endloop
  endfacet
  facet normal -0 0.18736705275310361 0.98228997121146255
    outer loop
      vertex 242 1207.3619384765625 348.59576416015625
      vertex 235.27999877929688 1209.7176513671875 348.14642333984375
      vertex 234 1207.3619384765625 348.59576416015625
    endloop
  endfacet
  facet normal 0 0.18736705275310361 0.98228997121146255
    outer loop
      vertex 250 1207.3619384765625 348.59576416015625
      vertex 250 1209.7176513671875 348.14642333984375
      vertex 242.63999938964844 1209.7176513671875 348.14642333984375
    endloop
  endfacet
  facet normal -0 0.18736705275310361 0.98228997121146255
    outer loop
      vertex 250 1207.3619384765625 348.59576416015625
      vertex 242.63999938964844 1209.7176513671875 348.14642333984375
      vertex 242 1207.3619384765625 348.59576416015625
    endloop
  endfacet
  facet normal -0 0.18735768492259339 0.98229175803345015
    outer loop
      vertex 258 1266.257080078125 337.36190795898438
      vertex 257.3599853515625 1263.9012451171875 337.81124877929688
      vertex 264.72000122070312 1263.9012451171875 337.81124877929688
    endloop
  endfacet
  facet normal 0 0.18735768492259339 0.98229175803345004
    outer loop
      vertex 258 1266.257080078125 337.36190795898438
      vertex 264.72000122070312 1263.9012451171875 337.81124877929688
      vertex 266 1266.257080078125 337.36190795898438
    endloop
  endfacet
  facet normal -0 0.18735768492259339 0.98229175803345015
    outer loop
      vertex 274 1266.257080078125 337.36190795898438
      vertex 272.07998657226562 1263.9012451171875 337.81124877929688
      vertex 279.44000244140625 1263.9012451171875 337.81124877929688
    endloop
  endfacet
  facet normal 0 0.18735768492259339 0.98229175803345004
    outer loop
      vertex 274 1266.257080078125 337.36190795898438
      vertex 279.44000244140625 1263.9012451171875 337.81124877929688
      vertex 282 1266.257080078125 337.36190795898438
    endloop
  endfacet
  facet normal -0 0.18735768492259339 0.98229175803345015
    outer loop
      vertex 266 1266.257080078125 337.36190795898438
      vertex 264.72000122070312 1263.9012451171875 337.81124877929688
      vertex 272.07998657226562 1263.9012451171875 337.81124877929688
    endloop
  endfacet
  facet normal 0 0.18735768492259339 0.98229175803345004
    outer loop
      vertex 266 1266.257080078125 337.36190795898438
      vertex 272.07998657226562 1263.9012451171875 337.81124877929688
      vertex 274 1266.257080078125 337.36190795898438
    endloop
  endfacet
  facet normal 0 0.18735768492259339 0.98229175803345004
    outer loop
      vertex 286.79998779296875 1263.9012451171875 337.81124877929688
      vertex 290 1266.257080078125 337.36190795898438
      vertex 282 1266.257080078125 337.36190795898438
    endloop
  endfacet
  facet normal -0 0.18735768492259339 0.98229175803345015
    outer loop
      vertex 286.79998779296875 1263.9012451171875 337.81124877929688
      vertex 282 1266.257080078125 337.36190795898438
      vertex 279.44000244140625 1263.9012451171875 337.81124877929688
    endloop
  endfacet
  facet normal -5.1766002423480081e-06 0.18736472794217848 0.98229041464139111
    outer loop
      vertex 286.79998779296875 1256.1607666015625 339.28768920898438
      vertex 290 1257.843505859375 338.96673583984375
      vertex 290 1266.257080078125 337.36190795898438
    endloop
  endfacet
  facet normal -5.4336580156534393e-06 0.18736480655585022 0.98229039964501552
    outer loop
      vertex 286.79998779296875 1256.1607666015625 339.28768920898438
      vertex 290 1266.257080078125 337.36190795898438
      vertex 286.79998779296875 1263.9012451171875 337.81124877929688
    endloop
  endfacet
  facet normal -7.2559521420401222e-06 0.18736854336768363 0.98228968685598217
    outer loop
      vertex 290 1257.843505859375 338.96673583984375
      vertex 286.79998779296875 1256.1607666015625 339.28768920898438
      vertex 286.79998779296875 1248.4202880859375 340.76416015625
    endloop
  endfacet
  facet normal 1.2393249272618141e-05 0.18736210497308767 0.98229091488543308
    outer loop
      vertex 290 1257.843505859375 338.96673583984375
      vertex 286.79998779296875 1248.4202880859375 340.76416015625
      vertex 290 1249.4298095703125 340.57156372070312
    endloop
  endfacet
  facet normal -5.1571609333641801e-06 0.18736816580719662 0.98228975888759562
    outer loop
      vertex 286.79998779296875 1240.6796875 342.2406005859375
      vertex 290 1241.0162353515625 342.17642211914062
      vertex 290 1249.4298095703125 340.57156372070312
    endloop
  endfacet
  facet normal 1.2442119309322938e-05 0.18736195550236676 0.98229094339483902
    outer loop
      vertex 286.79998779296875 1240.6796875 342.2406005859375
      vertex 290 1249.4298095703125 340.57156372070312
      vertex 286.79998779296875 1248.4202880859375 340.76416015625
    endloop
  endfacet
  facet normal -4.5853693484918877e-06 0.18736472794271916 0.98229041464422573
    outer loop
      vertex 286.79998779296875 1232.939208984375 343.717041015625
      vertex 290 1232.6026611328125 343.78125
      vertex 290 1241.0162353515625 342.17642211914062
    endloop
  endfacet
  facet normal -4.7910149387770521e-06 0.18736480655646581 0.98229039964824283
    outer loop
      vertex 286.79998779296875 1232.939208984375 343.717041015625
      vertex 290 1241.0162353515625 342.17642211914062
      vertex 286.79998779296875 1240.6796875 342.2406005859375
    endloop
  endfacet
  facet normal -0 0.18736705275310361 0.98228997121146255
    outer loop
      vertex 250 1209.7176513671875 348.14642333984375
      vertex 250 1207.3619384765625 348.59576416015625
      vertex 258 1207.3619384765625 348.59576416015625
    endloop
  endfacet
  facet normal 0 0.18736705275310361 0.98228997121146255
    outer loop
      vertex 250 1209.7176513671875 348.14642333984375
      vertex 258 1207.3619384765625 348.59576416015625
      vertex 257.3599853515625 1209.7176513671875 348.14642333984375
    endloop
  endfacet
  facet normal 0 0.18736705275310361 0.98228997121146255
    outer loop
      vertex 264.72000122070312 1209.7176513671875 348.14642333984375
      vertex 266 1207.3619384765625 348.59576416015625
      vertex 274 1207.3619384765625 348.59576416015625
    endloop
  endfacet
  facet normal 0 0.18736705275310359 0.98228997121146244
    outer loop
      vertex 264.72000122070312 1209.7176513671875 348.14642333984375
      vertex 274 1207.3619384765625 348.59576416015625
      vertex 272.07998657226562 1209.7176513671875 348.14642333984375
    endloop
  endfacet
  facet normal -0 0.18736705275310361 0.98228997121146255
    outer loop
      vertex 257.3599853515625 1209.7176513671875 348.14642333984375
      vertex 258 1207.3619384765625 348.59576416015625
      vertex 266 1207.3619384765625 348.59576416015625
    endloop
  endfacet
  facet normal 0 0.18736705275310361 0.98228997121146255
    outer loop
      vertex 257.3599853515625 1209.7176513671875 348.14642333984375
      vertex 266 1207.3619384765625 348.59576416015625
      vertex 264.72000122070312 1209.7176513671875 348.14642333984375
    endloop
  endfacet
  facet normal 0 0.18736705275310361 0.98228997121146255
    outer loop
      vertex 272.07998657226562 1209.7176513671875 348.14642333984375
      vertex 274 1207.3619384765625 348.59576416015625
      vertex 282 1207.3619384765625 348.59576416015625
    endloop
  endfacet
  facet normal 0 0.18736705275310361 0.98228997121146255
    outer loop
      vertex 272.07998657226562 1209.7176513671875 348.14642333984375
      vertex 282 1207.3619384765625 348.59576416015625
      vertex 279.44000244140625 1209.7176513671875 348.14642333984375
    endloop
  endfacet
  facet normal -2.3176235567325331e-06 0.18736816580918503 0.98228975889801995
    outer loop
      vertex 286.79998779296875 1217.458251953125 346.66995239257812
      vertex 290 1215.7755126953125 346.99093627929688
      vertex 290 1224.1890869140625 345.38607788085938
    endloop
  endfacet
  facet normal 5.0052292977365449e-06 0.18736480655626916 0.98229039964721199
    outer loop
      vertex 286.79998779296875 1217.458251953125 346.66995239257812
      vertex 290 1224.1890869140625 345.38607788085938
      vertex 286.79998779296875 1225.19873046875 345.19351196289062
    endloop
  endfacet
  facet normal -4.1694948042041018e-06 0.18736854337098735 0.9822896868733022
    outer loop
      vertex 290 1232.6026611328125 343.78125
      vertex 286.79998779296875 1232.939208984375 343.717041015625
      vertex 286.79998779296875 1225.19873046875 345.19351196289062
    endloop
  endfacet
  facet normal 4.9795232777182509e-06 0.187364727942366 0.98229041464237421
    outer loop
      vertex 290 1232.6026611328125 343.78125
      vertex 286.79998779296875 1225.19873046875 345.19351196289062
      vertex 290 1224.1890869140625 345.38607788085938
    endloop
  endfacet
  facet normal -0 0.18736705275310361 0.98228997121146255
    outer loop
      vertex 279.44000244140625 1209.7176513671875 348.14642333984375
      vertex 282 1207.3619384765625 348.59576416015625
      vertex 290 1207.3619384765625 348.59576416015625
    endloop
  endfacet
  facet normal 0 0.18736705275310361 0.98228997121146255
    outer loop
      vertex 279.44000244140625 1209.7176513671875 348.14642333984375
      vertex 290 1207.3619384765625 348.59576416015625
      vertex 286.79998779296875 1209.7176513671875 348.14642333984375
    endloop
  endfacet
  facet normal -3.6656663116127396e-06 0.18736569227688643 0.98229023070789323
    outer loop
      vertex 290 1215.7755126953125 346.99093627929688
      vertex 286.79998779296875 1217.458251953125 346.66995239257812
      vertex 286.79998779296875 1209.7176513671875 348.14642333984375
    endloop
  endfacet
  facet normal -1.773692681592381e-06 0.18736472794439418 0.98229041465300737
    outer loop
      vertex 290 1215.7755126953125 346.99093627929688
      vertex 286.79998779296875 1209.7176513671875 348.14642333984375
      vertex 290 1207.3619384765625 348.59576416015625
    endloop
  endfacet
  facet normal -1 0 -0
    outer loop
      vertex 210 1215.7755126953125 346.99093627929688
      vertex 210 1215.4007568359375 345.02633666992188
      vertex 210 1206.9871826171875 346.63119506835938
    endloop
  endfacet
  facet normal -1 0 -0
    outer loop
      vertex 210 1215.7755126953125 346.99093627929688
      vertex 210 1206.9871826171875 346.63119506835938
      vertex 210 1207.3619384765625 348.59576416015625
    endloop
  endfacet
  facet normal -1 0 -0
    outer loop
      vertex 210 1232.6026611328125 343.78125
      vertex 210 1232.2279052734375 341.81668090820312
      vertex 210 1223.8143310546875 343.4215087890625
    endloop
  endfacet
  facet normal -1 0 -0
    outer loop
      vertex 210 1232.6026611328125 343.78125
      vertex 210 1223.8143310546875 343.4215087890625
      vertex 210 1224.1890869140625 345.38607788085938
    endloop
  endfacet
  facet normal -1 0 -0
    outer loop
      vertex 210 1224.1890869140625 345.38607788085938
      vertex 210 1223.8143310546875 343.4215087890625
      vertex 210 1215.4007568359375 345.02633666992188
    endloop
  endfacet
  facet normal -1 0 -0
    outer loop
      vertex 210 1224.1890869140625 345.38607788085938
      vertex 210 1215.4007568359375 345.02633666992188
      vertex 210 1215.7755126953125 346.99093627929688
    endloop
  endfacet
  facet normal -1 0 -0
    outer loop
      vertex 210 1249.4298095703125 340.57156372070312
      vertex 210 1249.05517578125 338.60699462890625
      vertex 210 1240.6414794921875 340.21182250976562
    endloop
  endfacet
  facet normal -1 0 -0
    outer loop
      vertex 210 1249.4298095703125 340.57156372070312
      vertex 210 1240.6414794921875 340.21182250976562
      vertex 210 1241.0162353515625 342.17642211914062
    endloop
  endfacet
  facet normal -1 0 -0
    outer loop
      vertex 210 1266.257080078125 337.36190795898438
      vertex 210 1265.88232421875 335.39730834960938
      vertex 210 1257.46875 337.00216674804688
    endloop
  endfacet
  facet normal -1 0 -0
    outer loop
      vertex 210 1266.257080078125 337.36190795898438
      vertex 210 1257.46875 337.00216674804688
      vertex 210 1257.843505859375 338.96673583984375
    endloop
  endfacet
  facet normal -1 0 -0
    outer loop
      vertex 210 1257.843505859375 338.96673583984375
      vertex 210 1257.46875 337.00216674804688
      vertex 210 1249.05517578125 338.60699462890625
    endloop
  endfacet
  facet normal -1 0 -0
    outer loop
      vertex 210 1257.843505859375 338.96673583984375
      vertex 210 1249.05517578125 338.60699462890625
      vertex 210 1249.4298095703125 340.57156372070312
    endloop
  endfacet
  facet normal -1 0 -0
    outer loop
      vertex 210 1241.0162353515625 342.17642211914062
      vertex 210 1240.6414794921875 340.21182250976562
      vertex 210 1232.2279052734375 341.81668090820312
    endloop
  endfacet
  facet normal -1 0 -0
    outer loop
      vertex 210 1241.0162353515625 342.17642211914062
      vertex 210 1232.2279052734375 341.81668090820312
      vertex 210 1232.6026611328125 343.78125
    endloop
  endfacet
  facet normal 0 0.98228831452403909 -0.18737573788920095
    outer loop
      vertex 218 1266.257080078125 337.36190795898438
      vertex 218 1265.88232421875 335.39730834960938
      vertex 210 1265.88232421875 335.39730834960938
    endloop
  endfacet
  facet normal 0 0.98228831452403909 -0.18737573788920095
    outer loop
      vertex 218 1266.257080078125 337.36190795898438
      vertex 210 1265.88232421875 335.39730834960938
      vertex 210 1266.257080078125 337.36190795898438
    endloop
  endfacet
  facet normal 0 0.98228831452403909 -0.18737573788920095
    outer loop
      vertex 234 1266.257080078125 337.36190795898438
      vertex 234 1265.88232421875 335.39730834960938
      vertex 226 1265.88232421875 335.39730834960938
    endloop
  endfacet
  facet normal 0 0.98228831452403909 -0.18737573788920095
    outer loop
      vertex 234 1266.257080078125 337.36190795898438
      vertex 226 1265.88232421875 335.39730834960938
      vertex 226 1266.257080078125 337.36190795898438
    endloop
  endfacet
  facet normal 0 0.98228831452403909 -0.18737573788920095
    outer loop
      vertex 242 1266.257080078125 337.36190795898438
      vertex 242 1265.88232421875 335.39730834960938
      vertex 234 1265.88232421875 335.39730834960938
    endloop
  endfacet
  facet normal 0 0.98228831452403909 -0.18737573788920095
    outer loop
      vertex 242 1266.257080078125 337.36190795898438
      vertex 234 1265.88232421875 335.39730834960938
      vertex 234 1266.257080078125 337.36190795898438
    endloop
  endfacet
  facet normal 0 0.98228831452403909 -0.18737573788920095
    outer loop
      vertex 226 1266.257080078125 337.36190795898438
      vertex 226 1265.88232421875 335.39730834960938
      vertex 218 1265.88232421875 335.39730834960938
    endloop
  endfacet
  facet normal 0 0.98228831452403909 -0.18737573788920095
    outer loop
      vertex 226 1266.257080078125 337.36190795898438
      vertex 218 1265.88232421875 335.39730834960938
      vertex 218 1266.257080078125 337.36190795898438
    endloop
  endfacet
  facet normal 0 0.98228831452403909 -0.18737573788920095
    outer loop
      vertex 258 1266.257080078125 337.36190795898438
      vertex 258 1265.88232421875 335.39730834960938
      vertex 250 1265.88232421875 335.39730834960938
    endloop
  endfacet
  facet normal 0 0.98228831452403909 -0.18737573788920095
    outer loop
      vertex 258 1266.257080078125 337.36190795898438
      vertex 250 1265.88232421875 335.39730834960938
      vertex 250 1266.257080078125 337.36190795898438
    endloop
  endfacet
  facet normal 0 0.98228831452403909 -0.18737573788920095
    outer loop
      vertex 266 1266.257080078125 337.36190795898438
      vertex 266 1265.88232421875 335.39730834960938
      vertex 258 1265.88232421875 335.39730834960938
    endloop
  endfacet
  facet normal 0 0.98228831452403909 -0.18737573788920095
    outer loop
      vertex 266 1266.257080078125 337.36190795898438
      vertex 258 1265.88232421875 335.39730834960938
      vertex 258 1266.257080078125 337.36190795898438
    endloop
  endfacet
  facet normal 0 0.98228831452403909 -0.18737573788920095
    outer loop
      vertex 282 1266.257080078125 337.36190795898438
      vertex 282 1265.88232421875 335.39730834960938
      vertex 274 1265.88232421875 335.39730834960938
    endloop
  endfacet
  facet normal 0 0.98228831452403909 -0.18737573788920095
    outer loop
      vertex 282 1266.257080078125 337.36190795898438
      vertex 274 1265.88232421875 335.39730834960938
      vertex 274 1266.257080078125 337.36190795898438
    endloop
  endfacet
  facet normal 0 0.98228831452403909 -0.18737573788920095
    outer loop
      vertex 290 1266.257080078125 337.36190795898438
      vertex 290 1265.88232421875 335.39730834960938
      vertex 282 1265.88232421875 335.39730834960938
    endloop
  endfacet
  facet normal 0 0.98228831452403909 -0.18737573788920095
    outer loop
      vertex 290 1266.257080078125 337.36190795898438
      vertex 282 1265.88232421875 335.39730834960938
      vertex 282 1266.257080078125 337.36190795898438
    endloop
  endfacet
  facet normal 0 0.98228831452403909 -0.18737573788920095
    outer loop
      vertex 274 1266.257080078125 337.36190795898438
      vertex 274 1265.88232421875 335.39730834960938
      vertex 266 1265.88232421875 335.39730834960938
    endloop
  endfacet
  facet normal 0 0.98228831452403909 -0.18737573788920095
    outer loop
      vertex 274 1266.257080078125 337.36190795898438
      vertex 266 1265.88232421875 335.39730834960938
      vertex 266 1266.257080078125 337.36190795898438
    endloop
  endfacet
  facet normal 0 0.98228831452403909 -0.18737573788920095
    outer loop
      vertex 250 1266.257080078125 337.36190795898438
      vertex 250 1265.88232421875 335.39730834960938
      vertex 242 1265.88232421875 335.39730834960938
    endloop
  endfacet
  facet normal 0 0.98228831452403909 -0.18737573788920095
    outer loop
      vertex 250 1266.257080078125 337.36190795898438
      vertex 242 1265.88232421875 335.39730834960938
      vertex 242 1266.257080078125 337.36190795898438
    endloop
  endfacet
  facet normal 1 -0 -0
    outer loop
      vertex 290 1257.843505859375 338.96673583984375
      vertex 290 1257.46875 337.00216674804688
      vertex 290 1265.88232421875 335.39730834960938
    endloop
  endfacet
  facet normal 1 0 0
    outer loop
      vertex 290 1257.843505859375 338.96673583984375
      vertex 290 1265.88232421875 335.39730834960938
      vertex 290 1266.257080078125 337.36190795898438
    endloop
  endfacet
  facet normal 1 -0 -0
    outer loop
      vertex 290 1241.0162353515625 342.17642211914062
      vertex 290 1240.6414794921875 340.21182250976562
      vertex 290 1249.05517578125 338.60699462890625
    endloop
  endfacet
  facet normal 1 0 0
    outer loop
      vertex 290 1241.0162353515625 342.17642211914062
      vertex 290 1249.05517578125 338.60699462890625
      vertex 290 1249.4298095703125 340.57156372070312
    endloop
  endfacet
  facet normal 1 -0 -0
    outer loop
      vertex 290 1249.4298095703125 340.57156372070312
      vertex 290 1249.05517578125 338.60699462890625
      vertex 290 1257.46875 337.00216674804688
    endloop
  endfacet
  facet normal 1 0 0
    outer loop
      vertex 290 1249.4298095703125 340.57156372070312
      vertex 290 1257.46875 337.00216674804688
      vertex 290 1257.843505859375 338.96673583984375
    endloop
  endfacet
  facet normal 1 -0 -0
    outer loop
      vertex 290 1224.1890869140625 345.38607788085938
      vertex 290 1223.8143310546875 343.4215087890625
      vertex 290 1232.2279052734375 341.81668090820312
    endloop
  endfacet
  facet normal 1 0 0
    outer loop
      vertex 290 1224.1890869140625 345.38607788085938
      vertex 290 1232.2279052734375 341.81668090820312
      vertex 290 1232.6026611328125 343.78125
    endloop
  endfacet
  facet normal 1 -0 -0
    outer loop
      vertex 290 1207.3619384765625 348.59576416015625
      vertex 290 1206.9871826171875 346.63119506835938
      vertex 290 1215.4007568359375 345.02633666992188
    endloop
  endfacet
  facet normal 1 0 0
    outer loop
      vertex 290 1207.3619384765625 348.59576416015625
      vertex 290 1215.4007568359375 345.02633666992188
      vertex 290 1215.7755126953125 346.99093627929688
    endloop
  endfacet
  facet normal 1 -0 -0
    outer loop
      vertex 290 1215.7755126953125 346.99093627929688
      vertex 290 1215.4007568359375 345.02633666992188
      vertex 290 1223.8143310546875 343.4215087890625
    endloop
  endfacet
  facet normal 1 0 0
    outer loop
      vertex 290 1215.7755126953125 346.99093627929688
      vertex 290 1223.8143310546875 343.4215087890625
      vertex 290 1224.1890869140625 345.38607788085938
    endloop
  endfacet
  facet normal 1 -0 -0
    outer loop
      vertex 290 1232.6026611328125 343.78125
      vertex 290 1232.2279052734375 341.81668090820312
      vertex 290 1240.6414794921875 340.21182250976562
    endloop
  endfacet
  facet normal 1 0 0
    outer loop
      vertex 290 1232.6026611328125 343.78125
      vertex 290 1240.6414794921875 340.21182250976562
      vertex 290 1241.0162353515625 342.17642211914062
    endloop
  endfacet
  facet normal 0 -0.98228777878725582 0.18737854638458254
    outer loop
      vertex 282 1207.3619384765625 348.59576416015625
      vertex 282 1206.9871826171875 346.63119506835938
      vertex 290 1206.9871826171875 346.63119506835938
    endloop
  endfacet
  facet normal 0 -0.98228777878725582 0.18737854638458254
    outer loop
      vertex 282 1207.3619384765625 348.59576416015625
      vertex 290 1206.9871826171875 346.63119506835938
      vertex 290 1207.3619384765625 348.59576416015625
    endloop
  endfacet
  facet normal 0 -0.98228777878725582 0.18737854638458254
    outer loop
      vertex 266 1207.3619384765625 348.59576416015625
      vertex 266 1206.9871826171875 346.63119506835938
      vertex 274 1206.9871826171875 346.63119506835938
    endloop
  endfacet
  facet normal 0 -0.98228777878725582 0.18737854638458254
    outer loop
      vertex 266 1207.3619384765625 348.59576416015625
      vertex 274 1206.9871826171875 346.63119506835938
      vertex 274 1207.3619384765625 348.59576416015625
    endloop
  endfacet
  facet normal 0 -0.98228777878725582 0.18737854638458254
    outer loop
      vertex 258 1207.3619384765625 348.59576416015625
      vertex 258 1206.9871826171875 346.63119506835938
      vertex 266 1206.9871826171875 346.63119506835938
    endloop
  endfacet
  facet normal 0 -0.98228777878725582 0.18737854638458254
    outer loop
      vertex 258 1207.3619384765625 348.59576416015625
      vertex 266 1206.9871826171875 346.63119506835938
      vertex 266 1207.3619384765625 348.59576416015625
    endloop
  endfacet
  facet normal 0 -0.98228777878725582 0.18737854638458254
    outer loop
      vertex 274 1207.3619384765625 348.59576416015625
      vertex 274 1206.9871826171875 346.63119506835938
      vertex 282 1206.9871826171875 346.63119506835938
    endloop
  endfacet
  facet normal 0 -0.98228777878725582 0.18737854638458254
    outer loop
      vertex 274 1207.3619384765625 348.59576416015625
      vertex 282 1206.9871826171875 346.63119506835938
      vertex 282 1207.3619384765625 348.59576416015625
    endloop
  endfacet
  facet normal 0 -0.98228777878725582 0.18737854638458254
    outer loop
      vertex 242 1207.3619384765625 348.59576416015625
      vertex 242 1206.9871826171875 346.63119506835938
      vertex 250 1206.9871826171875 346.63119506835938
    endloop
  endfacet
  facet normal 0 -0.98228777878725582 0.18737854638458254
    outer loop
      vertex 242 1207.3619384765625 348.59576416015625
      vertex 250 1206.9871826171875 346.63119506835938
      vertex 250 1207.3619384765625 348.59576416015625
    endloop
  endfacet
  facet normal 0 -0.98228777878725582 0.18737854638458254
    outer loop
      vertex 234 1207.3619384765625 348.59576416015625
      vertex 234 1206.9871826171875 346.63119506835938
      vertex 242 1206.9871826171875 346.63119506835938
    endloop
  endfacet
  facet normal 0 -0.98228777878725582 0.18737854638458254
    outer loop
      vertex 234 1207.3619384765625 348.59576416015625
      vertex 242 1206.9871826171875 346.63119506835938
      vertex 242 1207.3619384765625 348.59576416015625
    endloop
  endfacet
  facet normal 0 -0.98228777878725582 0.18737854638458254
    outer loop
      vertex 218 1207.3619384765625 348.59576416015625
      vertex 218 1206.9871826171875 346.63119506835938
      vertex 226 1206.9871826171875 346.63119506835938
    endloop
  endfacet
  facet normal 0 -0.98228777878725582 0.18737854638458254
    outer loop
      vertex 218 1207.3619384765625 348.59576416015625
      vertex 226 1206.9871826171875 346.63119506835938
      vertex 226 1207.3619384765625 348.59576416015625
    endloop
  endfacet
  facet normal 0 -0.98228777878725582 0.18737854638458254
    outer loop
      vertex 210 1207.3619384765625 348.59576416015625
      vertex 210 1206.9871826171875 346.63119506835938
      vertex 218 1206.9871826171875 346.63119506835938
    endloop
  endfacet
  facet normal 0 -0.98228777878725582 0.18737854638458254
    outer loop
      vertex 210 1207.3619384765625 348.59576416015625
      vertex 218 1206.9871826171875 346.63119506835938
      vertex 218 1207.3619384765625 348.59576416015625
    endloop
  endfacet
  facet normal 0 -0.98228777878725582 0.18737854638458254
    outer loop
      vertex 226 1207.3619384765625 348.59576416015625
      vertex 226 1206.9871826171875 346.63119506835938
      vertex 234 1206.9871826171875 346.63119506835938
    endloop
  endfacet
  facet normal 0 -0.98228777878725582 0.18737854638458254
    outer loop
      vertex 226 1207.3619384765625 348.59576416015625
      vertex 234 1206.9871826171875 346.63119506835938
      vertex 234 1207.3619384765625 348.59576416015625
    endloop
  endfacet
  facet normal 0 -0.98228777878725582 0.18737854638458254
    outer loop
      vertex 250 1207.3619384765625 348.59576416015625
      vertex 250 1206.9871826171875 346.63119506835938
      vertex 258 1206.9871826171875 346.63119506835938
    endloop
  endfacet
  facet normal 0 -0.98228777878725582 0.18737854638458254
    outer loop
      vertex 250 1207.3619384765625 348.59576416015625
      vertex 258 1206.9871826171875 346.63119506835938
      vertex 258 1207.3619384765625 348.59576416015625
    endloop
  endfacet
  facet normal 1 0 -0
    outer loop
      vertex 213.19999694824219 1217.458251953125 346.66995239257812
      vertex 213.19999694824219 1209.7176513671875 348.14642333984375
      vertex 213.19999694824219 1209.343017578125 346.18182373046875
    endloop
  endfacet
  facet normal 1 0 -0
    outer loop
      vertex 213.19999694824219 1217.458251953125 346.66995239257812
      vertex 213.19999694824219 1209.343017578125 346.18182373046875
      vertex 213.19999694824219 1217.08349609375 344.70538330078125
    endloop
  endfacet
  facet normal 1 0 -0
    outer loop
      vertex 213.19999694824219 1232.939208984375 343.717041015625
      vertex 213.19999694824219 1225.19873046875 345.19351196289062
      vertex 213.19999694824219 1224.823974609375 343.22891235351562
    endloop
  endfacet
  facet normal 1 0 -0
    outer loop
      vertex 213.19999694824219 1232.939208984375 343.717041015625
      vertex 213.19999694824219 1224.823974609375 343.22891235351562
      vertex 213.19999694824219 1232.564453125 341.75247192382812
    endloop
  endfacet
  facet normal 1 0 -0
    outer loop
      vertex 213.19999694824219 1225.19873046875 345.19351196289062
      vertex 213.19999694824219 1217.458251953125 346.66995239257812
      vertex 213.19999694824219 1217.08349609375 344.70538330078125
    endloop
  endfacet
  facet normal 1 0 -0
    outer loop
      vertex 213.19999694824219 1225.19873046875 345.19351196289062
      vertex 213.19999694824219 1217.08349609375 344.70538330078125
      vertex 213.19999694824219 1224.823974609375 343.22891235351562
    endloop
  endfacet
  facet normal 1 0 -0
    outer loop
      vertex 213.19999694824219 1248.4202880859375 340.76416015625
      vertex 213.19999694824219 1240.6796875 342.2406005859375
      vertex 213.19999694824219 1240.3050537109375 340.27603149414062
    endloop
  endfacet
  facet normal 1 0 -0
    outer loop
      vertex 213.19999694824219 1248.4202880859375 340.76416015625
      vertex 213.19999694824219 1240.3050537109375 340.27603149414062
      vertex 213.19999694824219 1248.0455322265625 338.799560546875
    endloop
  endfacet
  facet normal 1 0 -0
    outer loop
      vertex 213.19999694824219 1263.9012451171875 337.81124877929688
      vertex 213.19999694824219 1256.1607666015625 339.28768920898438
      vertex 213.19999694824219 1255.7860107421875 337.3231201171875
    endloop
  endfacet
  facet normal 1 0 -0
    outer loop
      vertex 213.19999694824219 1263.9012451171875 337.81124877929688
      vertex 213.19999694824219 1255.7860107421875 337.3231201171875
      vertex 213.19999694824219 1263.5264892578125 335.8466796875
    endloop
  endfacet
  facet normal 1 0 -0
    outer loop
      vertex 213.19999694824219 1256.1607666015625 339.28768920898438
      vertex 213.19999694824219 1248.4202880859375 340.76416015625
      vertex 213.19999694824219 1248.0455322265625 338.799560546875
    endloop
  endfacet
  facet normal 1 0 -0
    outer loop
      vertex 213.19999694824219 1256.1607666015625 339.28768920898438
      vertex 213.19999694824219 1248.0455322265625 338.799560546875
      vertex 213.19999694824219 1255.7860107421875 337.3231201171875
    endloop
  endfacet
  facet normal 1 0 -0
    outer loop
      vertex 213.19999694824219 1240.6796875 342.2406005859375
      vertex 213.19999694824219 1232.939208984375 343.717041015625
      vertex 213.19999694824219 1232.564453125 341.75247192382812
    endloop
  endfacet
  facet normal 1 0 -0
    outer loop
      vertex 213.19999694824219 1240.6796875 342.2406005859375
      vertex 213.19999694824219 1232.564453125 341.75247192382812
      vertex 213.19999694824219 1240.3050537109375 340.27603149414062
    endloop
  endfacet
  facet normal -0 0.98229954670329034 -0.18731684533567777
    outer loop
      vertex 279.44000244140625 1209.7176513671875 348.14642333984375
      vertex 286.79998779296875 1209.7176513671875 348.14642333984375
      vertex 286.79998779296875 1209.343017578125 346.18182373046875
    endloop
  endfacet
  facet normal 0 0.98229954670329034 -0.18731684533567777
    outer loop
      vertex 279.44000244140625 1209.7176513671875 348.14642333984375
      vertex 286.79998779296875 1209.343017578125 346.18182373046875
      vertex 279.44000244140625 1209.343017578125 346.18182373046875
    endloop
  endfacet
  facet normal -0 0.98229954670329034 -0.18731684533567777
    outer loop
      vertex 264.72000122070312 1209.7176513671875 348.14642333984375
      vertex 272.07998657226562 1209.7176513671875 348.14642333984375
      vertex 272.07998657226562 1209.343017578125 346.18182373046875
    endloop
  endfacet
  facet normal 0 0.98229954670329034 -0.18731684533567777
    outer loop
      vertex 264.72000122070312 1209.7176513671875 348.14642333984375
      vertex 272.07998657226562 1209.343017578125 346.18182373046875
      vertex 264.72000122070312 1209.343017578125 346.18182373046875
    endloop
  endfacet
  facet normal -0 0.98229954670329034 -0.18731684533567777
    outer loop
      vertex 257.3599853515625 1209.7176513671875 348.14642333984375
      vertex 264.72000122070312 1209.7176513671875 348.14642333984375
      vertex 264.72000122070312 1209.343017578125 346.18182373046875
    endloop
  endfacet
  facet normal 0 0.98229954670329034 -0.18731684533567777
    outer loop
      vertex 257.3599853515625 1209.7176513671875 348.14642333984375
      vertex 264.72000122070312 1209.343017578125 346.18182373046875
      vertex 257.3599853515625 1209.343017578125 346.18182373046875
    endloop
  endfacet
  facet normal -0 0.98229954670329034 -0.18731684533567777
    outer loop
      vertex 272.07998657226562 1209.7176513671875 348.14642333984375
      vertex 279.44000244140625 1209.7176513671875 348.14642333984375
      vertex 279.44000244140625 1209.343017578125 346.18182373046875
    endloop
  endfacet
  facet normal 0 0.98229954670329034 -0.18731684533567777
    outer loop
      vertex 272.07998657226562 1209.7176513671875 348.14642333984375
      vertex 279.44000244140625 1209.343017578125 346.18182373046875
      vertex 272.07998657226562 1209.343017578125 346.18182373046875
    endloop
  endfacet
  facet normal -0 0.98229954670329034 -0.18731684533567777
    outer loop
      vertex 242.63999938964844 1209.7176513671875 348.14642333984375
      vertex 250 1209.7176513671875 348.14642333984375
      vertex 250 1209.343017578125 346.18182373046875
    endloop
  endfacet
  facet normal 0 0.98229954670329034 -0.18731684533567777
    outer loop
      vertex 242.63999938964844 1209.7176513671875 348.14642333984375
      vertex 250 1209.343017578125 346.18182373046875
      vertex 242.63999938964844 1209.343017578125 346.18182373046875
    endloop
  endfacet
  facet normal -0 0.98229954670329034 -0.18731684533567777
    outer loop
      vertex 235.27999877929688 1209.7176513671875 348.14642333984375
      vertex 242.63999938964844 1209.7176513671875 348.14642333984375
      vertex 242.63999938964844 1209.343017578125 346.18182373046875
    endloop
  endfacet
  facet normal 0 0.98229954670329034 -0.18731684533567777
    outer loop
      vertex 235.27999877929688 1209.7176513671875 348.14642333984375
      vertex 242.63999938964844 1209.343017578125 346.18182373046875
      vertex 235.27999877929688 1209.343017578125 346.18182373046875
    endloop
  endfacet
  facet normal -0 0.98229954670329034 -0.18731684533567777
    outer loop
      vertex 220.55999755859375 1209.7176513671875 348.14642333984375
      vertex 227.91999816894531 1209.7176513671875 348.14642333984375
      vertex 227.91999816894531 1209.343017578125 346.18182373046875
    endloop
  endfacet
  facet normal 0 0.98229954670329034 -0.18731684533567777
    outer loop
      vertex 220.55999755859375 1209.7176513671875 348.14642333984375
      vertex 227.91999816894531 1209.343017578125 346.18182373046875
      vertex 220.55999755859375 1209.343017578125 346.18182373046875
    endloop
  endfacet
  facet normal -0 0.98229954670329034 -0.18731684533567777
    outer loop
      vertex 213.19999694824219 1209.7176513671875 348.14642333984375
      vertex 220.55999755859375 1209.7176513671875 348.14642333984375
      vertex 220.55999755859375 1209.343017578125 346.18182373046875
    endloop
  endfacet
  facet normal 0 0.98229954670329034 -0.18731684533567777
    outer loop
      vertex 213.19999694824219 1209.7176513671875 348.14642333984375
      vertex 220.55999755859375 1209.343017578125 346.18182373046875
      vertex 213.19999694824219 1209.343017578125 346.18182373046875
    endloop
  endfacet
  facet normal -0 0.98229954670329034 -0.18731684533567777
    outer loop
      vertex 227.91999816894531 1209.7176513671875 348.14642333984375
      vertex 235.27999877929688 1209.7176513671875 348.14642333984375
      vertex 235.27999877929688 1209.343017578125 346.18182373046875
    endloop
  endfacet
  facet normal 0 0.98229954670329034 -0.18731684533567777
    outer loop
      vertex 227.91999816894531 1209.7176513671875 348.14642333984375
      vertex 235.27999877929688 1209.343017578125 346.18182373046875
      vertex 227.91999816894531 1209.343017578125 346.18182373046875
    endloop
  endfacet
  facet normal -0 0.98229954670329034 -0.18731684533567777
    outer loop
      vertex 250 1209.7176513671875 348.14642333984375
      vertex 257.3599853515625 1209.7176513671875 348.14642333984375
      vertex 257.3599853515625 1209.343017578125 346.18182373046875
    endloop
  endfacet
  facet normal 0 0.98229954670329034 -0.18731684533567777
    outer loop
      vertex 250 1209.7176513671875 348.14642333984375
      vertex 257.3599853515625 1209.343017578125 346.18182373046875
      vertex 250 1209.343017578125 346.18182373046875
    endloop
  endfacet
  facet normal -1 0 0
    outer loop
      vertex 286.79998779296875 1256.1607666015625 339.28768920898438
      vertex 286.79998779296875 1263.9012451171875 337.81124877929688
      vertex 286.79998779296875 1263.5264892578125 335.8466796875
    endloop
  endfacet
  facet normal -1 0 0
    outer loop
      vertex 286.79998779296875 1256.1607666015625 339.28768920898438
      vertex 286.79998779296875 1263.5264892578125 335.8466796875
      vertex 286.79998779296875 1255.7860107421875 337.3231201171875
    endloop
  endfacet
  facet normal -1 0 0
    outer loop
      vertex 286.79998779296875 1240.6796875 342.2406005859375
      vertex 286.79998779296875 1248.4202880859375 340.76416015625
      vertex 286.79998779296875 1248.0455322265625 338.799560546875
    endloop
  endfacet
  facet normal -1 0 0
    outer loop
      vertex 286.79998779296875 1240.6796875 342.2406005859375
      vertex 286.79998779296875 1248.0455322265625 338.799560546875
      vertex 286.79998779296875 1240.3050537109375 340.27603149414062
    endloop
  endfacet
  facet normal -1 0 0
    outer loop
      vertex 286.79998779296875 1248.4202880859375 340.76416015625
      vertex 286.79998779296875 1256.1607666015625 339.28768920898438
      vertex 286.79998779296875 1255.7860107421875 337.3231201171875
    endloop
  endfacet
  facet normal -1 0 0
    outer loop
      vertex 286.79998779296875 1248.4202880859375 340.76416015625
      vertex 286.79998779296875 1255.7860107421875 337.3231201171875
      vertex 286.79998779296875 1248.0455322265625 338.799560546875
    endloop
  endfacet
  facet normal -1 0 0
    outer loop
      vertex 286.79998779296875 1225.19873046875 345.19351196289062
      vertex 286.79998779296875 1232.939208984375 343.717041015625
      vertex 286.79998779296875 1232.564453125 341.75247192382812
    endloop
  endfacet
  facet normal -1 0 0
    outer loop
      vertex 286.79998779296875 1225.19873046875 345.19351196289062
      vertex 286.79998779296875 1232.564453125 341.75247192382812
      vertex 286.79998779296875 1224.823974609375 343.22891235351562
    endloop
  endfacet
  facet normal -1 0 0
    outer loop
      vertex 286.79998779296875 1209.7176513671875 348.14642333984375
      vertex 286.79998779296875 1217.458251953125 346.66995239257812
      vertex 286.79998779296875 1217.08349609375 344.70538330078125
    endloop
  endfacet
  facet normal -1 0 0
    outer loop
      vertex 286.79998779296875 1209.7176513671875 348.14642333984375
      vertex 286.79998779296875 1217.08349609375 344.70538330078125
      vertex 286.79998779296875 1209.343017578125 346.18182373046875
    endloop
  endfacet
  facet normal -1 0 0
    outer loop
      vertex 286.79998779296875 1217.458251953125 346.66995239257812
      vertex 286.79998779296875 1225.19873046875 345.19351196289062
      vertex 286.79998779296875 1224.823974609375 343.22891235351562
    endloop
  endfacet
  facet normal -1 0 0
    outer loop
      vertex 286.79998779296875 1217.458251953125 346.66995239257812
      vertex 286.79998779296875 1224.823974609375 343.22891235351562
      vertex 286.79998779296875 1217.08349609375 344.70538330078125
    endloop
  endfacet
  facet normal -1 0 0
    outer loop
      vertex 286.79998779296875 1232.939208984375 343.717041015625
      vertex 286.79998779296875 1240.6796875 342.2406005859375
      vertex 286.79998779296875 1240.3050537109375 340.27603149414062
    endloop
  endfacet
  facet normal -1 0 0
    outer loop
      vertex 286.79998779296875 1232.939208984375 343.717041015625
      vertex 286.79998779296875 1240.3050537109375 340.27603149414062
      vertex 286.79998779296875 1232.564453125 341.75247192382812
    endloop
  endfacet
  facet normal -0 -0.98228777878725582 0.18737854638458254
    outer loop
      vertex 220.55999755859375 1263.9012451171875 337.81124877929688
      vertex 213.19999694824219 1263.9012451171875 337.81124877929688
      vertex 213.19999694824219 1263.5264892578125 335.8466796875
    endloop
  endfacet
  facet normal 0 -0.98228777878725593 0.18737854638458257
    outer loop
      vertex 220.55999755859375 1263.9012451171875 337.81124877929688
      vertex 213.19999694824219 1263.5264892578125 335.8466796875
      vertex 220.55999755859375 1263.5264892578125 335.8466796875
    endloop
  endfacet
  facet normal -0 -0.98228777878725582 0.18737854638458254
    outer loop
      vertex 235.27999877929688 1263.9012451171875 337.81124877929688
      vertex 227.91999816894531 1263.9012451171875 337.81124877929688
      vertex 227.91999816894531 1263.5264892578125 335.8466796875
    endloop
  endfacet
  facet normal 0 -0.98228777878725593 0.18737854638458257
    outer loop
      vertex 235.27999877929688 1263.9012451171875 337.81124877929688
      vertex 227.91999816894531 1263.5264892578125 335.8466796875
      vertex 235.27999877929688 1263.5264892578125 335.8466796875
    endloop
  endfacet
  facet normal -0 -0.98228777878725582 0.18737854638458254
    outer loop
      vertex 242.63999938964844 1263.9012451171875 337.81124877929688
      vertex 235.27999877929688 1263.9012451171875 337.81124877929688
      vertex 235.27999877929688 1263.5264892578125 335.8466796875
    endloop
  endfacet
  facet normal 0 -0.98228777878725593 0.18737854638458257
    outer loop
      vertex 242.63999938964844 1263.9012451171875 337.81124877929688
      vertex 235.27999877929688 1263.5264892578125 335.8466796875
      vertex 242.63999938964844 1263.5264892578125 335.8466796875
    endloop
  endfacet
  facet normal -0 -0.98228777878725582 0.18737854638458254
    outer loop
      vertex 227.91999816894531 1263.9012451171875 337.81124877929688
      vertex 220.55999755859375 1263.9012451171875 337.81124877929688
      vertex 220.55999755859375 1263.5264892578125 335.8466796875
    endloop
  endfacet
  facet normal 0 -0.98228777878725593 0.18737854638458257
    outer loop
      vertex 227.91999816894531 1263.9012451171875 337.81124877929688
      vertex 220.55999755859375 1263.5264892578125 335.8466796875
      vertex 227.91999816894531 1263.5264892578125 335.8466796875
    endloop
  endfacet
  facet normal -0 -0.98228777878725582 0.18737854638458254
    outer loop
      vertex 257.3599853515625 1263.9012451171875 337.81124877929688
      vertex 250 1263.9012451171875 337.81124877929688
      vertex 250 1263.5264892578125 335.8466796875
    endloop
  endfacet
  facet normal 0 -0.98228777878725582 0.18737854638458254
    outer loop
      vertex 257.3599853515625 1263.9012451171875 337.81124877929688
      vertex 250 1263.5264892578125 335.8466796875
      vertex 257.3599853515625 1263.5264892578125 335.8466796875
    endloop
  endfacet
  facet normal -0 -0.98228777878725582 0.18737854638458254
    outer loop
      vertex 264.72000122070312 1263.9012451171875 337.81124877929688
      vertex 257.3599853515625 1263.9012451171875 337.81124877929688
      vertex 257.3599853515625 1263.5264892578125 335.8466796875
    endloop
  endfacet
  facet normal 0 -0.98228777878725582 0.18737854638458254
    outer loop
      vertex 264.72000122070312 1263.9012451171875 337.81124877929688
      vertex 257.3599853515625 1263.5264892578125 335.8466796875
      vertex 264.72000122070312 1263.5264892578125 335.8466796875
    endloop
  endfacet
  facet normal -0 -0.98228777878725582 0.18737854638458254
    outer loop
      vertex 279.44000244140625 1263.9012451171875 337.81124877929688
      vertex 272.07998657226562 1263.9012451171875 337.81124877929688
      vertex 272.07998657226562 1263.5264892578125 335.8466796875
    endloop
  endfacet
  facet normal 0 -0.98228777878725582 0.18737854638458254
    outer loop
      vertex 279.44000244140625 1263.9012451171875 337.81124877929688
      vertex 272.07998657226562 1263.5264892578125 335.8466796875
      vertex 279.44000244140625 1263.5264892578125 335.8466796875
    endloop
  endfacet
  facet normal -0 -0.98228777878725582 0.18737854638458254
    outer loop
      vertex 286.79998779296875 1263.9012451171875 337.81124877929688
      vertex 279.44000244140625 1263.9012451171875 337.81124877929688
      vertex 279.44000244140625 1263.5264892578125 335.8466796875
    endloop
  endfacet
  facet normal 0 -0.98228777878725582 0.18737854638458254
    outer loop
      vertex 286.79998779296875 1263.9012451171875 337.81124877929688
      vertex 279.44000244140625 1263.5264892578125 335.8466796875
      vertex 286.79998779296875 1263.5264892578125 335.8466796875
    endloop
  endfacet
  facet normal -0 -0.98228777878725582 0.18737854638458254
    outer loop
      vertex 272.07998657226562 1263.9012451171875 337.81124877929688
      vertex 264.72000122070312 1263.9012451171875 337.81124877929688
      vertex 264.72000122070312 1263.5264892578125 335.8466796875
    endloop
  endfacet
  facet normal 0 -0.98228777878725582 0.18737854638458254
    outer loop
      vertex 272.07998657226562 1263.9012451171875 337.81124877929688
      vertex 264.72000122070312 1263.5264892578125 335.8466796875
      vertex 272.07998657226562 1263.5264892578125 335.8466796875
    endloop
  endfacet
  facet normal -0 -0.98228777878725582 0.18737854638458254
    outer loop
      vertex 250 1263.9012451171875 337.81124877929688
      vertex 242.63999938964844 1263.9012451171875 337.81124877929688
      vertex 242.63999938964844 1263.5264892578125 335.8466796875
    endloop
  endfacet
  facet normal 0 -0.98228777878725593 0.18737854638458257
    outer loop
      vertex 250 1263.9012451171875 337.81124877929688
      vertex 242.63999938964844 1263.5264892578125 335.8466796875
      vertex 250 1263.5264892578125 335.8466796875
    endloop
  endfacet
  facet normal 1.3711176357793701e-06 -0.18736816580951213 -0.98228975889973491
    outer loop
      vertex 210 1257.46875 337.00216674804688
      vertex 210 1265.88232421875 335.39730834960938
      vertex 213.19999694824219 1263.5264892578125 335.8466796875
    endloop
  endfacet
  facet normal -5.2194685449666509e-06 -0.187364806556064 -0.98229039964613629
    outer loop
      vertex 210 1257.46875 337.00216674804688
      vertex 213.19999694824219 1263.5264892578125 335.8466796875
      vertex 213.19999694824219 1255.7860107421875 337.3231201171875
    endloop
  endfacet
  facet normal 0 -0.18736996285250038 -0.9822894161196345
    outer loop
      vertex 210 1265.88232421875 335.39730834960938
      vertex 218 1265.88232421875 335.39730834960938
      vertex 220.55999755859375 1263.5264892578125 335.8466796875
    endloop
  endfacet
  facet normal 0 -0.18736996285250038 -0.9822894161196345
    outer loop
      vertex 210 1265.88232421875 335.39730834960938
      vertex 220.55999755859375 1263.5264892578125 335.8466796875
      vertex 213.19999694824219 1263.5264892578125 335.8466796875
    endloop
  endfacet
  facet normal -4.1218606449838875e-06 -0.18736210498588474 -0.98229091495252485
    outer loop
      vertex 210 1240.6414794921875 340.21182250976562
      vertex 210 1249.05517578125 338.60699462890625
      vertex 213.19999694824219 1248.0455322265625 338.799560546875
    endloop
  endfacet
  facet normal 1.1317064202346093e-05 -0.18736854336061731 -0.98228968681893669
    outer loop
      vertex 210 1240.6414794921875 340.21182250976562
      vertex 213.19999694824219 1248.0455322265625 338.799560546875
      vertex 213.19999694824219 1240.3050537109375 340.27603149414062
    endloop
  endfacet
  facet normal -5.0052531645524511e-06 -0.18736480655626916 -0.98229039964721199
    outer loop
      vertex 213.19999694824219 1255.7860107421875 337.3231201171875
      vertex 213.19999694824219 1248.0455322265625 338.799560546875
      vertex 210 1249.05517578125 338.60699462890625
    endloop
  endfacet
  facet normal -5.1766249263062673e-06 -0.18736472794217843 -0.98229041464139089
    outer loop
      vertex 213.19999694824219 1255.7860107421875 337.3231201171875
      vertex 210 1249.05517578125 338.60699462890625
      vertex 210 1257.46875 337.00216674804688
    endloop
  endfacet
  facet normal 0 -0.18736996285250038 -0.9822894161196345
    outer loop
      vertex 226 1265.88232421875 335.39730834960938
      vertex 234 1265.88232421875 335.39730834960938
      vertex 235.27999877929688 1263.5264892578125 335.8466796875
    endloop
  endfacet
  facet normal 0 -0.18736996285250038 -0.9822894161196345
    outer loop
      vertex 226 1265.88232421875 335.39730834960938
      vertex 235.27999877929688 1263.5264892578125 335.8466796875
      vertex 227.91999816894531 1263.5264892578125 335.8466796875
    endloop
  endfacet
  facet normal 0 -0.18736996285250038 -0.9822894161196345
    outer loop
      vertex 242 1265.88232421875 335.39730834960938
      vertex 250 1265.88232421875 335.39730834960938
      vertex 250 1263.5264892578125 335.8466796875
    endloop
  endfacet
  facet normal 0 -0.18736996285250038 -0.9822894161196345
    outer loop
      vertex 242 1265.88232421875 335.39730834960938
      vertex 250 1263.5264892578125 335.8466796875
      vertex 242.63999938964844 1263.5264892578125 335.8466796875
    endloop
  endfacet
  facet normal 0 -0.18736996285250038 -0.9822894161196345
    outer loop
      vertex 234 1265.88232421875 335.39730834960938
      vertex 242 1265.88232421875 335.39730834960938
      vertex 242.63999938964844 1263.5264892578125 335.8466796875
    endloop
  endfacet
  facet normal 0 -0.18736996285250038 -0.9822894161196345
    outer loop
      vertex 234 1265.88232421875 335.39730834960938
      vertex 242.63999938964844 1263.5264892578125 335.8466796875
      vertex 235.27999877929688 1263.5264892578125 335.8466796875
    endloop
  endfacet
  facet normal 0 -0.18736996285250038 -0.9822894161196345
    outer loop
      vertex 227.91999816894531 1263.5264892578125 335.8466796875
      vertex 220.55999755859375 1263.5264892578125 335.8466796875
      vertex 218 1265.88232421875 335.39730834960938
    endloop
  endfacet
  facet normal 0 -0.18736996285250038 -0.9822894161196345
    outer loop
      vertex 227.91999816894531 1263.5264892578125 335.8466796875
      vertex 218 1265.88232421875 335.39730834960938
      vertex 226 1265.88232421875 335.39730834960938
    endloop
  endfacet
  facet normal -0 -0.18736996285250038 -0.9822894161196345
    outer loop
      vertex 257.3599853515625 1263.5264892578125 335.8466796875
      vertex 250 1263.5264892578125 335.8466796875
      vertex 250 1265.88232421875 335.39730834960938
    endloop
  endfacet
  facet normal 0 -0.18736996285250038 -0.9822894161196345
    outer loop
      vertex 257.3599853515625 1263.5264892578125 335.8466796875
      vertex 250 1265.88232421875 335.39730834960938
      vertex 258 1265.88232421875 335.39730834960938
    endloop
  endfacet
  facet normal -4.8875819342854182e-06 -0.18736195551463128 -0.98229094345913881
    outer loop
      vertex 213.19999694824219 1240.3050537109375 340.27603149414062
      vertex 213.19999694824219 1232.564453125 341.75247192382812
      vertex 210 1232.2279052734375 341.81668090820312
    endloop
  endfacet
  facet normal 1.1358203665971056e-05 -0.18736816579760218 -0.98228975883729619
    outer loop
      vertex 213.19999694824219 1240.3050537109375 340.27603149414062
      vertex 210 1232.2279052734375 341.81668090820312
      vertex 210 1240.6414794921875 340.21182250976562
    endloop
  endfacet
  facet normal -4.3626070233081109e-06 -0.18736480655683316 -0.98229039965016873
    outer loop
      vertex 213.19999694824219 1232.564453125 341.75247192382812
      vertex 213.19999694824219 1224.823974609375 343.22891235351562
      vertex 210 1223.8143310546875 343.4215087890625
    endloop
  endfacet
  facet normal -4.5853912132576331e-06 -0.18736472794271913 -0.98229041464422562
    outer loop
      vertex 213.19999694824219 1232.564453125 341.75247192382812
      vertex 210 1223.8143310546875 343.4215087890625
      vertex 210 1232.2279052734375 341.81668090820312
    endloop
  endfacet
  facet normal -4.388313308906545e-06 -0.18736472794288481 -0.98229041464509415
    outer loop
      vertex 210 1215.4007568359375 345.02633666992188
      vertex 210 1223.8143310546875 343.4215087890625
      vertex 213.19999694824219 1224.823974609375 343.22891235351562
    endloop
  endfacet
  facet normal 7.2559867411517779e-06 -0.18736854336768358 -0.98228968685598195
    outer loop
      vertex 210 1215.4007568359375 345.02633666992188
      vertex 213.19999694824219 1224.823974609375 343.22891235351562
      vertex 213.19999694824219 1217.08349609375 344.70538330078125
    endloop
  endfacet
  facet normal -3.9341762624754989e-06 -0.18736480655716617 -0.98229039965191456
    outer loop
      vertex 213.19999694824219 1217.08349609375 344.70538330078125
      vertex 213.19999694824219 1209.343017578125 346.18182373046875
      vertex 210 1206.9871826171875 346.63119506835938
    endloop
  endfacet
  facet normal 7.0502194689914654e-06 -0.1873681658050316 -0.98228975887624548
    outer loop
      vertex 213.19999694824219 1217.08349609375 344.70538330078125
      vertex 210 1206.9871826171875 346.63119506835938
      vertex 210 1215.4007568359375 345.02633666992188
    endloop
  endfacet
  facet normal 0 -0.18736996285250038 -0.9822894161196345
    outer loop
      vertex 213.19999694824219 1209.343017578125 346.18182373046875
      vertex 220.55999755859375 1209.343017578125 346.18182373046875
      vertex 218 1206.9871826171875 346.63119506835938
    endloop
  endfacet
  facet normal -0 -0.18736996285250038 -0.9822894161196345
    outer loop
      vertex 213.19999694824219 1209.343017578125 346.18182373046875
      vertex 218 1206.9871826171875 346.63119506835938
      vertex 210 1206.9871826171875 346.63119506835938
    endloop
  endfacet
  facet normal 0 -0.18736996285250038 -0.9822894161196345
    outer loop
      vertex 227.91999816894531 1209.343017578125 346.18182373046875
      vertex 235.27999877929688 1209.343017578125 346.18182373046875
      vertex 234 1206.9871826171875 346.63119506835938
    endloop
  endfacet
  facet normal -0 -0.18736996285250038 -0.9822894161196345
    outer loop
      vertex 227.91999816894531 1209.343017578125 346.18182373046875
      vertex 234 1206.9871826171875 346.63119506835938
      vertex 226 1206.9871826171875 346.63119506835938
    endloop
  endfacet
  facet normal 0 -0.18736996285250038 -0.9822894161196345
    outer loop
      vertex 220.55999755859375 1209.343017578125 346.18182373046875
      vertex 227.91999816894531 1209.343017578125 346.18182373046875
      vertex 226 1206.9871826171875 346.63119506835938
    endloop
  endfacet
  facet normal -0 -0.18736996285250038 -0.9822894161196345
    outer loop
      vertex 220.55999755859375 1209.343017578125 346.18182373046875
      vertex 226 1206.9871826171875 346.63119506835938
      vertex 218 1206.9871826171875 346.63119506835938
    endloop
  endfacet
  facet normal -0 -0.18736996285250038 -0.9822894161196345
    outer loop
      vertex 242 1206.9871826171875 346.63119506835938
      vertex 234 1206.9871826171875 346.63119506835938
      vertex 235.27999877929688 1209.343017578125 346.18182373046875
    endloop
  endfacet
  facet normal 0 -0.18736996285250038 -0.9822894161196345
    outer loop
      vertex 242 1206.9871826171875 346.63119506835938
      vertex 235.27999877929688 1209.343017578125 346.18182373046875
      vertex 242.63999938964844 1209.343017578125 346.18182373046875
    endloop
  endfacet
  facet normal -0 -0.18736996285250038 -0.9822894161196345
    outer loop
      vertex 250 1206.9871826171875 346.63119506835938
      vertex 242 1206.9871826171875 346.63119506835938
      vertex 242.63999938964844 1209.343017578125 346.18182373046875
    endloop
  endfacet
  facet normal -6.8160020413851226e-18 -0.18736996285250038 -0.9822894161196345
    outer loop
      vertex 250 1206.9871826171875 346.63119506835938
      vertex 242.63999938964844 1209.343017578125 346.18182373046875
      vertex 250 1209.343017578125 346.18182373046875
    endloop
  endfacet
  facet normal 0 -0.18736996285250038 -0.9822894161196345
    outer loop
      vertex 258 1265.88232421875 335.39730834960938
      vertex 266 1265.88232421875 335.39730834960938
      vertex 264.72000122070312 1263.5264892578125 335.8466796875
    endloop
  endfacet
  facet normal -0 -0.18736996285250038 -0.9822894161196345
    outer loop
      vertex 258 1265.88232421875 335.39730834960938
      vertex 264.72000122070312 1263.5264892578125 335.8466796875
      vertex 257.3599853515625 1263.5264892578125 335.8466796875
    endloop
  endfacet
  facet normal 0 -0.18736996285250038 -0.9822894161196345
    outer loop
      vertex 274 1265.88232421875 335.39730834960938
      vertex 282 1265.88232421875 335.39730834960938
      vertex 279.44000244140625 1263.5264892578125 335.8466796875
    endloop
  endfacet
  facet normal -0 -0.18736996285250038 -0.9822894161196345
    outer loop
      vertex 274 1265.88232421875 335.39730834960938
      vertex 279.44000244140625 1263.5264892578125 335.8466796875
      vertex 272.07998657226562 1263.5264892578125 335.8466796875
    endloop
  endfacet
  facet normal 0 -0.18736996285250038 -0.9822894161196345
    outer loop
      vertex 266 1265.88232421875 335.39730834960938
      vertex 274 1265.88232421875 335.39730834960938
      vertex 272.07998657226562 1263.5264892578125 335.8466796875
    endloop
  endfacet
  facet normal -0 -0.18736996285250038 -0.9822894161196345
    outer loop
      vertex 266 1265.88232421875 335.39730834960938
      vertex 272.07998657226562 1263.5264892578125 335.8466796875
      vertex 264.72000122070312 1263.5264892578125 335.8466796875
    endloop
  endfacet
  facet normal -0 -0.18736996285250038 -0.9822894161196345
    outer loop
      vertex 286.79998779296875 1263.5264892578125 335.8466796875
      vertex 279.44000244140625 1263.5264892578125 335.8466796875
      vertex 282 1265.88232421875 335.39730834960938
    endloop
  endfacet
  facet normal 0 -0.18736996285250038 -0.9822894161196345
    outer loop
      vertex 286.79998779296875 1263.5264892578125 335.8466796875
      vertex 282 1265.88232421875 335.39730834960938
      vertex 290 1265.88232421875 335.39730834960938
    endloop
  endfacet
  facet normal -3.9341575029327719e-06 -0.18736480655716617 -0.98229039965191456
    outer loop
      vertex 286.79998779296875 1255.7860107421875 337.3231201171875
      vertex 286.79998779296875 1263.5264892578125 335.8466796875
      vertex 290 1265.88232421875 335.39730834960938
    endloop
  endfacet
  facet normal 7.0501858510570005e-06 -0.18736816580503168 -0.9822897588762457
    outer loop
      vertex 286.79998779296875 1255.7860107421875 337.3231201171875
      vertex 290 1265.88232421875 335.39730834960938
      vertex 290 1257.46875 337.00216674804688
    endloop
  endfacet
  facet normal 4.9795232777182509e-06 -0.187364727942366 -0.98229041464237421
    outer loop
      vertex 290 1257.46875 337.00216674804688
      vertex 290 1249.05517578125 338.60699462890625
      vertex 286.79998779296875 1248.0455322265625 338.799560546875
    endloop
  endfacet
  facet normal 5.219443656687299e-06 -0.187364806556064 -0.98229039964613629
    outer loop
      vertex 290 1257.46875 337.00216674804688
      vertex 286.79998779296875 1248.0455322265625 338.799560546875
      vertex 286.79998779296875 1255.7860107421875 337.3231201171875
    endloop
  endfacet
  facet normal 6.2271330294485763e-06 -0.18736854336898315 -0.98228968686279494
    outer loop
      vertex 286.79998779296875 1240.3050537109375 340.27603149414062
      vertex 286.79998779296875 1248.0455322265625 338.799560546875
      vertex 290 1249.05517578125 338.60699462890625
    endloop
  endfacet
  facet normal -1.2018536455382319e-05 -0.18736210497394462 -0.98229091488992581
    outer loop
      vertex 286.79998779296875 1240.3050537109375 340.27603149414062
      vertex 290 1249.05517578125 338.60699462890625
      vertex 290 1240.6414794921875 340.21182250976562
    endloop
  endfacet
  facet normal -1.2034822757028963e-05 -0.18736195550330068 -0.98229094339973544
    outer loop
      vertex 286.79998779296875 1232.564453125 341.75247192382812
      vertex 286.79998779296875 1240.3050537109375 340.27603149414062
      vertex 290 1240.6414794921875 340.21182250976562
    endloop
  endfacet
  facet normal 4.210648474498729e-06 -0.18736816580802726 -0.98228975889195036
    outer loop
      vertex 286.79998779296875 1232.564453125 341.75247192382812
      vertex 290 1240.6414794921875 340.21182250976562
      vertex 290 1232.2279052734375 341.81668090820312
    endloop
  endfacet
  facet normal 0 -0.18736996285250038 -0.9822894161196345
    outer loop
      vertex 250 1209.343017578125 346.18182373046875
      vertex 257.3599853515625 1209.343017578125 346.18182373046875
      vertex 258 1206.9871826171875 346.63119506835938
    endloop
  endfacet
  facet normal 0 -0.18736996285250038 -0.9822894161196345
    outer loop
      vertex 250 1209.343017578125 346.18182373046875
      vertex 258 1206.9871826171875 346.63119506835938
      vertex 250 1206.9871826171875 346.63119506835938
    endloop
  endfacet
  facet normal 0 -0.18736996285250038 -0.9822894161196345
    outer loop
      vertex 264.72000122070312 1209.343017578125 346.18182373046875
      vertex 272.07998657226562 1209.343017578125 346.18182373046875
      vertex 274 1206.9871826171875 346.63119506835938
    endloop
  endfacet
  facet normal 0 -0.18736996285250038 -0.9822894161196345
    outer loop
      vertex 264.72000122070312 1209.343017578125 346.18182373046875
      vertex 274 1206.9871826171875 346.63119506835938
      vertex 266 1206.9871826171875 346.63119506835938
    endloop
  endfacet
  facet normal 0 -0.18736996285250035 -0.98228941611963438
    outer loop
      vertex 257.3599853515625 1209.343017578125 346.18182373046875
      vertex 264.72000122070312 1209.343017578125 346.18182373046875
      vertex 266 1206.9871826171875 346.63119506835938
    endloop
  endfacet
  facet normal -0 -0.18736996285250038 -0.9822894161196345
    outer loop
      vertex 257.3599853515625 1209.343017578125 346.18182373046875
      vertex 266 1206.9871826171875 346.63119506835938
      vertex 258 1206.9871826171875 346.63119506835938
    endloop
  endfacet
  facet normal 0 -0.18736996285250035 -0.98228941611963438
    outer loop
      vertex 272.07998657226562 1209.343017578125 346.18182373046875
      vertex 279.44000244140625 1209.343017578125 346.18182373046875
      vertex 282 1206.9871826171875 346.63119506835938
    endloop
  endfacet
  facet normal -0 -0.18736996285250038 -0.9822894161196345
    outer loop
      vertex 272.07998657226562 1209.343017578125 346.18182373046875
      vertex 282 1206.9871826171875 346.63119506835938
      vertex 274 1206.9871826171875 346.63119506835938
    endloop
  endfacet
  facet normal 3.1406756915603689e-06 -0.1873685433716919 -0.98228968687699569
    outer loop
      vertex 286.79998779296875 1217.08349609375 344.70538330078125
      vertex 286.79998779296875 1224.823974609375 343.22891235351562
      vertex 290 1223.8143310546875 343.4215087890625
    endloop
  endfacet
  facet normal -5.1766002423305736e-06 -0.18736472794217848 -0.98229041464139122
    outer loop
      vertex 286.79998779296875 1217.08349609375 344.70538330078125
      vertex 290 1223.8143310546875 343.4215087890625
      vertex 290 1215.4007568359375 345.02633666992188
    endloop
  endfacet
  facet normal 4.3882923838778937e-06 -0.18736472794288486 -0.98229041464509448
    outer loop
      vertex 290 1232.2279052734375 341.81668090820312
      vertex 290 1223.8143310546875 343.4215087890625
      vertex 286.79998779296875 1224.823974609375 343.22891235351562
    endloop
  endfacet
  facet normal 4.5768005798150418e-06 -0.18736480655665377 -0.98229039964922826
    outer loop
      vertex 290 1232.2279052734375 341.81668090820312
      vertex 286.79998779296875 1224.823974609375 343.22891235351562
      vertex 286.79998779296875 1232.564453125 341.75247192382812
    endloop
  endfacet
  facet normal 0 -0.18736996285250038 -0.9822894161196345
    outer loop
      vertex 279.44000244140625 1209.343017578125 346.18182373046875
      vertex 286.79998779296875 1209.343017578125 346.18182373046875
      vertex 290 1206.9871826171875 346.63119506835938
    endloop
  endfacet
  facet normal -0 -0.18736996285250038 -0.9822894161196345
    outer loop
      vertex 279.44000244140625 1209.343017578125 346.18182373046875
      vertex 290 1206.9871826171875 346.63119506835938
      vertex 282 1206.9871826171875 346.63119506835938
    endloop
  endfacet
  facet normal 1.3711110978394685e-06 -0.18736816580951215 -0.98228975889973502
    outer loop
      vertex 290 1215.4007568359375 345.02633666992188
      vertex 290 1206.9871826171875 346.63119506835938
      vertex 286.79998779296875 1209.343017578125 346.18182373046875
    endloop
  endfacet
  facet normal -5.2194436566961098e-06 -0.187364806556064 -0.98229039964613629
    outer loop
      vertex 290 1215.4007568359375 345.02633666992188
      vertex 286.79998779296875 1209.343017578125 346.18182373046875
      vertex 286.79998779296875 1217.08349609375 344.70538330078125
    endloop
  endfacet
  facet normal 5.2194436567301885e-06 0.187364806556064 0.98229039964613629
    outer loop
      vertex 310 1257.843505859375 338.96673583984375
      vertex 313.20001220703125 1256.1607666015625 339.28768920898438
      vertex 313.20001220703125 1263.9012451171875 337.81124877929688
    endloop
  endfacet
  facet normal 5.3736772069370205e-06 0.18736472794198369 0.98229041464037004
    outer loop
      vertex 310 1257.843505859375 338.96673583984375
      vertex 313.20001220703125 1263.9012451171875 337.81124877929688
      vertex 310 1266.257080078125 337.36190795898438
    endloop
  endfacet
  facet normal 0 0.18735768492259339 0.98229175803345015
    outer loop
      vertex 310 1266.257080078125 337.36190795898438
      vertex 313.20001220703125 1263.9012451171875 337.81124877929688
      vertex 320.55999755859375 1263.9012451171875 337.81124877929688
    endloop
  endfacet
  facet normal 0 0.18735768492259339 0.98229175803345004
    outer loop
      vertex 310 1266.257080078125 337.36190795898438
      vertex 320.55999755859375 1263.9012451171875 337.81124877929688
      vertex 318 1266.257080078125 337.36190795898438
    endloop
  endfacet
  facet normal 4.4802620761954429e-06 0.18736195551498874 0.98229094346101287
    outer loop
      vertex 310 1241.0162353515625 342.17642211914062
      vertex 313.20001220703125 1240.6796875 342.2406005859375
      vertex 313.20001220703125 1248.4202880859375 340.76416015625
    endloop
  endfacet
  facet normal -1.0411637047313687e-05 0.18736816579953267 0.98228975884741687
    outer loop
      vertex 310 1241.0162353515625 342.17642211914062
      vertex 313.20001220703125 1248.4202880859375 340.76416015625
      vertex 310 1249.4298095703125 340.57156372070312
    endloop
  endfacet
  facet normal 3.7471281731772363e-06 0.18736210498616099 0.98229091495397314
    outer loop
      vertex 313.20001220703125 1256.1607666015625 339.28768920898438
      vertex 310 1257.843505859375 338.96673583984375
      vertex 310 1249.4298095703125 340.57156372070312
    endloop
  endfacet
  facet normal -1.0288191126099502e-05 0.18736854336269981 0.98228968682985429
    outer loop
      vertex 313.20001220703125 1256.1607666015625 339.28768920898438
      vertex 310 1249.4298095703125 340.57156372070312
      vertex 313.20001220703125 1248.4202880859375 340.76416015625
    endloop
  endfacet
  facet normal 0 0.18735768492259339 0.98229175803345015
    outer loop
      vertex 326 1266.257080078125 337.36190795898438
      vertex 327.92001342773438 1263.9012451171875 337.81124877929688
      vertex 335.27999877929688 1263.9012451171875 337.81124877929688
    endloop
  endfacet
  facet normal 0 0.18735768492259339 0.98229175803345004
    outer loop
      vertex 326 1266.257080078125 337.36190795898438
      vertex 335.27999877929688 1263.9012451171875 337.81124877929688
      vertex 334 1266.257080078125 337.36190795898438
    endloop
  endfacet
  facet normal 0 0.18735768492259339 0.98229175803345015
    outer loop
      vertex 342 1266.257080078125 337.36190795898438
      vertex 342.6400146484375 1263.9012451171875 337.81124877929688
      vertex 350 1263.9012451171875 337.81124877929688
    endloop
  endfacet
  facet normal 0 0.18735768492259339 0.98229175803345004
    outer loop
      vertex 342 1266.257080078125 337.36190795898438
      vertex 350 1263.9012451171875 337.81124877929688
      vertex 350 1266.257080078125 337.36190795898438
    endloop
  endfacet
  facet normal 0 0.18735768492259339 0.98229175803345015
    outer loop
      vertex 334 1266.257080078125 337.36190795898438
      vertex 335.27999877929688 1263.9012451171875 337.81124877929688
      vertex 342.6400146484375 1263.9012451171875 337.81124877929688
    endloop
  endfacet
  facet normal 0 0.18735768492259339 0.98229175803345004
    outer loop
      vertex 334 1266.257080078125 337.36190795898438
      vertex 342.6400146484375 1263.9012451171875 337.81124877929688
      vertex 342 1266.257080078125 337.36190795898438
    endloop
  endfacet
  facet normal 0 0.18735768492259339 0.98229175803345004
    outer loop
      vertex 327.92001342773438 1263.9012451171875 337.81124877929688
      vertex 326 1266.257080078125 337.36190795898438
      vertex 318 1266.257080078125 337.36190795898438
    endloop
  endfacet
  facet normal 0 0.18735768492259339 0.98229175803345015
    outer loop
      vertex 327.92001342773438 1263.9012451171875 337.81124877929688
      vertex 318 1266.257080078125 337.36190795898438
      vertex 320.55999755859375 1263.9012451171875 337.81124877929688
    endloop
  endfacet
  facet normal 0 0.18735768492259339 0.98229175803345004
    outer loop
      vertex 357.3599853515625 1263.9012451171875 337.81124877929688
      vertex 358 1266.257080078125 337.36190795898438
      vertex 350 1266.257080078125 337.36190795898438
    endloop
  endfacet
  facet normal -0 0.18735768492259341 0.98229175803345026
    outer loop
      vertex 357.3599853515625 1263.9012451171875 337.81124877929688
      vertex 350 1266.257080078125 337.36190795898438
      vertex 350 1263.9012451171875 337.81124877929688
    endloop
  endfacet
  facet normal 4.7824463131053479e-06 0.18736472794254622 0.98229041464331912
    outer loop
      vertex 313.20001220703125 1240.6796875 342.2406005859375
      vertex 310 1241.0162353515625 342.17642211914062
      vertex 310 1232.6026611328125 343.78125
    endloop
  endfacet
  facet normal 4.5768005798208897e-06 0.18736480655665377 0.98229039964922826
    outer loop
      vertex 313.20001220703125 1240.6796875 342.2406005859375
      vertex 310 1232.6026611328125 343.78125
      vertex 313.20001220703125 1232.939208984375 343.717041015625
    endloop
  endfacet
  facet normal 4.5853693484918877e-06 0.18736472794271916 0.98229041464422573
    outer loop
      vertex 313.20001220703125 1232.939208984375 343.717041015625
      vertex 310 1232.6026611328125 343.78125
      vertex 310 1224.1890869140625 345.38607788085938
    endloop
  endfacet
  facet normal -6.2271330294485763e-06 0.18736854336898315 0.98228968686279494
    outer loop
      vertex 313.20001220703125 1232.939208984375 343.717041015625
      vertex 310 1224.1890869140625 345.38607788085938
      vertex 313.20001220703125 1225.19873046875 345.19351196289062
    endloop
  endfacet
  facet normal 4.1483718618947279e-06 0.18736480655700397 0.98229039965106413
    outer loop
      vertex 310 1215.7755126953125 346.99093627929688
      vertex 313.20001220703125 1217.458251953125 346.66995239257812
      vertex 313.20001220703125 1225.19873046875 345.19351196289062
    endloop
  endfacet
  facet normal -6.1036733922170663e-06 0.18736816580619808 0.98228975888236081
    outer loop
      vertex 310 1215.7755126953125 346.99093627929688
      vertex 313.20001220703125 1225.19873046875 345.19351196289062
      vertex 310 1224.1890869140625 345.38607788085938
    endloop
  endfacet
  facet normal 4.191215419259934e-06 0.18736472794304326 0.98229041464592493
    outer loop
      vertex 313.20001220703125 1217.458251953125 346.66995239257812
      vertex 310 1215.7755126953125 346.99093627929688
      vertex 310 1207.3619384765625 348.59576416015625
    endloop
  endfacet
  facet normal 1.0379628221315549e-06 0.18736569227804431 0.9822902307139636
    outer loop
      vertex 313.20001220703125 1217.458251953125 346.66995239257812
      vertex 310 1207.3619384765625 348.59576416015625
      vertex 313.20001220703125 1209.7176513671875 348.14642333984375
    endloop
  endfacet
  facet normal -0 0.18736705275310361 0.98228997121146255
    outer loop
      vertex 313.20001220703125 1209.7176513671875 348.14642333984375
      vertex 310 1207.3619384765625 348.59576416015625
      vertex 318 1207.3619384765625 348.59576416015625
    endloop
  endfacet
  facet normal 0 0.18736705275310361 0.98228997121146255
    outer loop
      vertex 313.20001220703125 1209.7176513671875 348.14642333984375
      vertex 318 1207.3619384765625 348.59576416015625
      vertex 320.55999755859375 1209.7176513671875 348.14642333984375
    endloop
  endfacet
  facet normal -0 0.18736705275310361 0.98228997121146255
    outer loop
      vertex 327.92001342773438 1209.7176513671875 348.14642333984375
      vertex 326 1207.3619384765625 348.59576416015625
      vertex 334 1207.3619384765625 348.59576416015625
    endloop
  endfacet
  facet normal 0 0.18736705275310361 0.98228997121146255
    outer loop
      vertex 327.92001342773438 1209.7176513671875 348.14642333984375
      vertex 334 1207.3619384765625 348.59576416015625
      vertex 335.27999877929688 1209.7176513671875 348.14642333984375
    endloop
  endfacet
  facet normal -0 0.18736705275310361 0.98228997121146255
    outer loop
      vertex 320.55999755859375 1209.7176513671875 348.14642333984375
      vertex 318 1207.3619384765625 348.59576416015625
      vertex 326 1207.3619384765625 348.59576416015625
    endloop
  endfacet
  facet normal 0 0.18736705275310361 0.98228997121146255
    outer loop
      vertex 320.55999755859375 1209.7176513671875 348.14642333984375
      vertex 326 1207.3619384765625 348.59576416015625
      vertex 327.92001342773438 1209.7176513671875 348.14642333984375
    endloop
  endfacet
  facet normal 0 0.18736705275310361 0.98228997121146255
    outer loop
      vertex 342 1207.3619384765625 348.59576416015625
      vertex 342.6400146484375 1209.7176513671875 348.14642333984375
      vertex 335.27999877929688 1209.7176513671875 348.14642333984375
    endloop
  endfacet
  facet normal -0 0.18736705275310361 0.98228997121146255
    outer loop
      vertex 342 1207.3619384765625 348.59576416015625
      vertex 335.27999877929688 1209.7176513671875 348.14642333984375
      vertex 334 1207.3619384765625 348.59576416015625
    endloop
  endfacet
  facet normal 0 0.18736705275310361 0.98228997121146255
    outer loop
      vertex 350 1207.3619384765625 348.59576416015625
      vertex 350 1209.7176513671875 348.14642333984375
      vertex 342.6400146484375 1209.7176513671875 348.14642333984375
    endloop
  endfacet
  facet normal -0 0.18736705275310361 0.98228997121146255
    outer loop
      vertex 350 1207.3619384765625 348.59576416015625
      vertex 342.6400146484375 1209.7176513671875 348.14642333984375
      vertex 342 1207.3619384765625 348.59576416015625
    endloop
  endfacet
  facet normal -0 0.18735768492259339 0.98229175803345015
    outer loop
      vertex 358 1266.257080078125 337.36190795898438
      vertex 357.3599853515625 1263.9012451171875 337.81124877929688
      vertex 364.72000122070312 1263.9012451171875 337.81124877929688
    endloop
  endfacet
  facet normal 0 0.18735768492259339 0.98229175803345004
    outer loop
      vertex 358 1266.257080078125 337.36190795898438
      vertex 364.72000122070312 1263.9012451171875 337.81124877929688
      vertex 366 1266.257080078125 337.36190795898438
    endloop
  endfacet
  facet normal -0 0.18735768492259339 0.98229175803345015
    outer loop
      vertex 374 1266.257080078125 337.36190795898438
      vertex 372.07998657226562 1263.9012451171875 337.81124877929688
      vertex 379.44000244140625 1263.9012451171875 337.81124877929688
    endloop
  endfacet
  facet normal 0 0.18735768492259339 0.98229175803345004
    outer loop
      vertex 374 1266.257080078125 337.36190795898438
      vertex 379.44000244140625 1263.9012451171875 337.81124877929688
      vertex 382 1266.257080078125 337.36190795898438
    endloop
  endfacet
  facet normal -0 0.18735768492259339 0.98229175803345015
    outer loop
      vertex 366 1266.257080078125 337.36190795898438
      vertex 364.72000122070312 1263.9012451171875 337.81124877929688
      vertex 372.07998657226562 1263.9012451171875 337.81124877929688
    endloop
  endfacet
  facet normal 0 0.18735768492259339 0.98229175803345004
    outer loop
      vertex 366 1266.257080078125 337.36190795898438
      vertex 372.07998657226562 1263.9012451171875 337.81124877929688
      vertex 374 1266.257080078125 337.36190795898438
    endloop
  endfacet
  facet normal 0 0.18735768492259339 0.98229175803345004
    outer loop
      vertex 386.79998779296875 1263.9012451171875 337.81124877929688
      vertex 390 1266.257080078125 337.36190795898438
      vertex 382 1266.257080078125 337.36190795898438
    endloop
  endfacet
  facet normal -0 0.18735768492259339 0.98229175803345015
    outer loop
      vertex 386.79998779296875 1263.9012451171875 337.81124877929688
      vertex 382 1266.257080078125 337.36190795898438
      vertex 379.44000244140625 1263.9012451171875 337.81124877929688
    endloop
  endfacet
  facet normal -5.1766002423480081e-06 0.18736472794217848 0.98229041464139111
    outer loop
      vertex 386.79998779296875 1256.1607666015625 339.28768920898438
      vertex 390 1257.843505859375 338.96673583984375
      vertex 390 1266.257080078125 337.36190795898438
    endloop
  endfacet
  facet normal -5.4336580156534393e-06 0.18736480655585022 0.98229039964501552
    outer loop
      vertex 386.79998779296875 1256.1607666015625 339.28768920898438
      vertex 390 1266.257080078125 337.36190795898438
      vertex 386.79998779296875 1263.9012451171875 337.81124877929688
    endloop
  endfacet
  facet normal -7.2559521420401222e-06 0.18736854336768363 0.98228968685598217
    outer loop
      vertex 390 1257.843505859375 338.96673583984375
      vertex 386.79998779296875 1256.1607666015625 339.28768920898438
      vertex 386.79998779296875 1248.4202880859375 340.76416015625
    endloop
  endfacet
  facet normal 1.2393249272618141e-05 0.18736210497308767 0.98229091488543308
    outer loop
      vertex 390 1257.843505859375 338.96673583984375
      vertex 386.79998779296875 1248.4202880859375 340.76416015625
      vertex 390 1249.4298095703125 340.57156372070312
    endloop
  endfacet
  facet normal -5.1571609333641801e-06 0.18736816580719662 0.98228975888759562
    outer loop
      vertex 386.79998779296875 1240.6796875 342.2406005859375
      vertex 390 1241.0162353515625 342.17642211914062
      vertex 390 1249.4298095703125 340.57156372070312
    endloop
  endfacet
  facet normal 1.2442119309322938e-05 0.18736195550236676 0.98229094339483902
    outer loop
      vertex 386.79998779296875 1240.6796875 342.2406005859375
      vertex 390 1249.4298095703125 340.57156372070312
      vertex 386.79998779296875 1248.4202880859375 340.76416015625
    endloop
  endfacet
  facet normal -4.5853693484918877e-06 0.18736472794271916 0.98229041464422573
    outer loop
      vertex 386.79998779296875 1232.939208984375 343.717041015625
      vertex 390 1232.6026611328125 343.78125
      vertex 390 1241.0162353515625 342.17642211914062
    endloop
  endfacet
  facet normal -4.7910149387770521e-06 0.18736480655646581 0.98229039964824283
    outer loop
      vertex 386.79998779296875 1232.939208984375 343.717041015625
      vertex 390 1241.0162353515625 342.17642211914062
      vertex 386.79998779296875 1240.6796875 342.2406005859375
    endloop
  endfacet
  facet normal -0 0.18736705275310361 0.98228997121146255
    outer loop
      vertex 350 1209.7176513671875 348.14642333984375
      vertex 350 1207.3619384765625 348.59576416015625
      vertex 358 1207.3619384765625 348.59576416015625
    endloop
  endfacet
  facet normal 0 0.18736705275310361 0.98228997121146255
    outer loop
      vertex 350 1209.7176513671875 348.14642333984375
      vertex 358 1207.3619384765625 348.59576416015625
      vertex 357.3599853515625 1209.7176513671875 348.14642333984375
    endloop
  endfacet
  facet normal 0 0.18736705275310361 0.98228997121146255
    outer loop
      vertex 364.72000122070312 1209.7176513671875 348.14642333984375
      vertex 366 1207.3619384765625 348.59576416015625
      vertex 374 1207.3619384765625 348.59576416015625
    endloop
  endfacet
  facet normal 0 0.18736705275310359 0.98228997121146244
    outer loop
      vertex 364.72000122070312 1209.7176513671875 348.14642333984375
      vertex 374 1207.3619384765625 348.59576416015625
      vertex 372.07998657226562 1209.7176513671875 348.14642333984375
    endloop
  endfacet
  facet normal -0 0.18736705275310361 0.98228997121146255
    outer loop
      vertex 357.3599853515625 1209.7176513671875 348.14642333984375
      vertex 358 1207.3619384765625 348.59576416015625
      vertex 366 1207.3619384765625 348.59576416015625
    endloop
  endfacet
  facet normal 0 0.18736705275310361 0.98228997121146255
    outer loop
      vertex 357.3599853515625 1209.7176513671875 348.14642333984375
      vertex 366 1207.3619384765625 348.59576416015625
      vertex 364.72000122070312 1209.7176513671875 348.14642333984375
    endloop
  endfacet
  facet normal 0 0.18736705275310361 0.98228997121146255
    outer loop
      vertex 372.07998657226562 1209.7176513671875 348.14642333984375
      vertex 374 1207.3619384765625 348.59576416015625
      vertex 382 1207.3619384765625 348.59576416015625
    endloop
  endfacet
  facet normal 0 0.18736705275310361 0.98228997121146255
    outer loop
      vertex 372.07998657226562 1209.7176513671875 348.14642333984375
      vertex 382 1207.3619384765625 348.59576416015625
      vertex 379.44000244140625 1209.7176513671875 348.14642333984375
    endloop
  endfacet
  facet normal -2.3176235567325331e-06 0.18736816580918503 0.98228975889801995
    outer loop
      vertex 386.79998779296875 1217.458251953125 346.66995239257812
      vertex 390 1215.7755126953125 346.99093627929688
      vertex 390 1224.1890869140625 345.38607788085938
    endloop
  endfacet
  facet normal 5.0052292977365449e-06 0.18736480655626916 0.98229039964721199
    outer loop
      vertex 386.79998779296875 1217.458251953125 346.66995239257812
      vertex 390 1224.1890869140625 345.38607788085938
      vertex 386.79998779296875 1225.19873046875 345.19351196289062
    endloop
  endfacet
  facet normal -4.1694948042041018e-06 0.18736854337098735 0.9822896868733022
    outer loop
      vertex 390 1232.6026611328125 343.78125
      vertex 386.79998779296875 1232.939208984375 343.717041015625
      vertex 386.79998779296875 1225.19873046875 345.19351196289062
    endloop
  endfacet
  facet normal 4.9795232777182509e-06 0.187364727942366 0.98229041464237421
    outer loop
      vertex 390 1232.6026611328125 343.78125
      vertex 386.79998779296875 1225.19873046875 345.19351196289062
      vertex 390 1224.1890869140625 345.38607788085938
    endloop
  endfacet
  facet normal -0 0.18736705275310361 0.98228997121146255
    outer loop
      vertex 379.44000244140625 1209.7176513671875 348.14642333984375
      vertex 382 1207.3619384765625 348.59576416015625
      vertex 390 1207.3619384765625 348.59576416015625
    endloop
  endfacet
  facet normal 0 0.18736705275310361 0.98228997121146255
    outer loop
      vertex 379.44000244140625 1209.7176513671875 348.14642333984375
      vertex 390 1207.3619384765625 348.59576416015625
      vertex 386.79998779296875 1209.7176513671875 348.14642333984375
    endloop
  endfacet
  facet normal -3.6656663116127396e-06 0.18736569227688643 0.98229023070789323
    outer loop
      vertex 390 1215.7755126953125 346.99093627929688
      vertex 386.79998779296875 1217.458251953125 346.66995239257812
      vertex 386.79998779296875 1209.7176513671875 348.14642333984375
    endloop
  endfacet
  facet normal -1.773692681592381e-06 0.18736472794439418 0.98229041465300737
    outer loop
      vertex 390 1215.7755126953125 346.99093627929688
      vertex 386.79998779296875 1209.7176513671875 348.14642333984375
      vertex 390 1207.3619384765625 348.59576416015625
    endloop
  endfacet
  facet normal -1 0 -0
    outer loop
      vertex 310 1215.7755126953125 346.99093627929688
      vertex 310 1215.4007568359375 345.02633666992188
      vertex 310 1206.9871826171875 346.63119506835938
    endloop
  endfacet
  facet normal -1 0 -0
    outer loop
      vertex 310 1215.7755126953125 346.99093627929688
      vertex 310 1206.9871826171875 346.63119506835938
      vertex 310 1207.3619384765625 348.59576416015625
    endloop
  endfacet
  facet normal -1 0 -0
    outer loop
      vertex 310 1232.6026611328125 343.78125
      vertex 310 1232.2279052734375 341.81668090820312
      vertex 310 1223.8143310546875 343.4215087890625
    endloop
  endfacet
  facet normal -1 0 -0
    outer loop
      vertex 310 1232.6026611328125 343.78125
      vertex 310 1223.8143310546875 343.4215087890625
      vertex 310 1224.1890869140625 345.38607788085938
    endloop
  endfacet
  facet normal -1 0 -0
    outer loop
      vertex 310 1224.1890869140625 345.38607788085938
      vertex 310 1223.8143310546875 343.4215087890625
      vertex 310 1215.4007568359375 345.02633666992188
    endloop
  endfacet
  facet normal -1 0 -0
    outer loop
      vertex 310 1224.1890869140625 345.38607788085938
      vertex 310 1215.4007568359375 345.02633666992188
      vertex 310 1215.7755126953125 346.99093627929688
    endloop
  endfacet
  facet normal -1 0 -0
    outer loop
      vertex 310 1249.4298095703125 340.57156372070312
      vertex 310 1249.05517578125 338.60699462890625
      vertex 310 1240.6414794921875 340.21182250976562
    endloop
  endfacet
  facet normal -1 0 -0
    outer loop
      vertex 310 1249.4298095703125 340.57156372070312
      vertex 310 1240.6414794921875 340.21182250976562
      vertex 310 1241.0162353515625 342.17642211914062
    endloop
  endfacet
  facet normal -1 0 -0
    outer loop
      vertex 310 1266.257080078125 337.36190795898438
      vertex 310 1265.88232421875 335.39730834960938
      vertex 310 1257.46875 337.00216674804688
    endloop
  endfacet
  facet normal -1 0 -0
    outer loop
      vertex 310 1266.257080078125 337.36190795898438
      vertex 310 1257.46875 337.00216674804688
      vertex 310 1257.843505859375 338.96673583984375
    endloop
  endfacet
  facet normal -1 0 -0
    outer loop
      vertex 310 1257.843505859375 338.96673583984375
      vertex 310 1257.46875 337.00216674804688
      vertex 310 1249.05517578125 338.60699462890625
    endloop
  endfacet
  facet normal -1 0 -0
    outer loop
      vertex 310 1257.843505859375 338.96673583984375
      vertex 310 1249.05517578125 338.60699462890625
      vertex 310 1249.4298095703125 340.57156372070312
    endloop
  endfacet
  facet normal -1 0 -0
    outer loop
      vertex 310 1241.0162353515625 342.17642211914062
      vertex 310 1240.6414794921875 340.21182250976562
      vertex 310 1232.2279052734375 341.81668090820312
    endloop
  endfacet
  facet normal -1 0 -0
    outer loop
      vertex 310 1241.0162353515625 342.17642211914062
      vertex 310 1232.2279052734375 341.81668090820312
      vertex 310 1232.6026611328125 343.78125
    endloop
  endfacet
  facet normal 0 0.98228831452403909 -0.18737573788920095
    outer loop
      vertex 318 1266.257080078125 337.36190795898438
      vertex 318 1265.88232421875 335.39730834960938
      vertex 310 1265.88232421875 335.39730834960938
    endloop
  endfacet
  facet normal 0 0.98228831452403909 -0.18737573788920095
    outer loop
      vertex 318 1266.257080078125 337.36190795898438
      vertex 310 1265.88232421875 335.39730834960938
      vertex 310 1266.257080078125 337.36190795898438
    endloop
  endfacet
  facet normal 0 0.98228831452403909 -0.18737573788920095
    outer loop
      vertex 334 1266.257080078125 337.36190795898438
      vertex 334 1265.88232421875 335.39730834960938
      vertex 326 1265.88232421875 335.39730834960938
    endloop
  endfacet
  facet normal 0 0.98228831452403909 -0.18737573788920095
    outer loop
      vertex 334 1266.257080078125 337.36190795898438
      vertex 326 1265.88232421875 335.39730834960938
      vertex 326 1266.257080078125 337.36190795898438
    endloop
  endfacet
  facet normal 0 0.98228831452403909 -0.18737573788920095
    outer loop
      vertex 342 1266.257080078125 337.36190795898438
      vertex 342 1265.88232421875 335.39730834960938
      vertex 334 1265.88232421875 335.39730834960938
    endloop
  endfacet
  facet normal 0 0.98228831452403909 -0.18737573788920095
    outer loop
      vertex 342 1266.257080078125 337.36190795898438
      vertex 334 1265.88232421875 335.39730834960938
      vertex 334 1266.257080078125 337.36190795898438
    endloop
  endfacet
  facet normal 0 0.98228831452403909 -0.18737573788920095
    outer loop
      vertex 326 1266.257080078125 337.36190795898438
      vertex 326 1265.88232421875 335.39730834960938
      vertex 318 1265.88232421875 335.39730834960938
    endloop
  endfacet
  facet normal 0 0.98228831452403909 -0.18737573788920095
    outer loop
      vertex 326 1266.257080078125 337.36190795898438
      vertex 318 1265.88232421875 335.39730834960938
      vertex 318 1266.257080078125 337.36190795898438
    endloop
  endfacet
  facet normal 0 0.98228831452403909 -0.18737573788920095
    outer loop
      vertex 358 1266.257080078125 337.36190795898438
      vertex 358 1265.88232421875 335.39730834960938
      vertex 350 1265.88232421875 335.39730834960938
    endloop
  endfacet
  facet normal 0 0.98228831452403909 -0.18737573788920095
    outer loop
      vertex 358 1266.257080078125 337.36190795898438
      vertex 350 1265.88232421875 335.39730834960938
      vertex 350 1266.257080078125 337.36190795898438
    endloop
  endfacet
  facet normal 0 0.98228831452403909 -0.18737573788920095
    outer loop
      vertex 366 1266.257080078125 337.36190795898438
      vertex 366 1265.88232421875 335.39730834960938
      vertex 358 1265.88232421875 335.39730834960938
    endloop
  endfacet
  facet normal 0 0.98228831452403909 -0.18737573788920095
    outer loop
      vertex 366 1266.257080078125 337.36190795898438
      vertex 358 1265.88232421875 335.39730834960938
      vertex 358 1266.257080078125 337.36190795898438
    endloop
  endfacet
  facet normal 0 0.98228831452403909 -0.18737573788920095
    outer loop
      vertex 382 1266.257080078125 337.36190795898438
      vertex 382 1265.88232421875 335.39730834960938
      vertex 374 1265.88232421875 335.39730834960938
    endloop
  endfacet
  facet normal 0 0.98228831452403909 -0.18737573788920095
    outer loop
      vertex 382 1266.257080078125 337.36190795898438
      vertex 374 1265.88232421875 335.39730834960938
      vertex 374 1266.257080078125 337.36190795898438
    endloop
  endfacet
  facet normal 0 0.98228831452403909 -0.18737573788920095
    outer loop
      vertex 390 1266.257080078125 337.36190795898438
      vertex 390 1265.88232421875 335.39730834960938
      vertex 382 1265.88232421875 335.39730834960938
    endloop
  endfacet
  facet normal 0 0.98228831452403909 -0.18737573788920095
    outer loop
      vertex 390 1266.257080078125 337.36190795898438
      vertex 382 1265.88232421875 335.39730834960938
      vertex 382 1266.257080078125 337.36190795898438
    endloop
  endfacet
  facet normal 0 0.98228831452403909 -0.18737573788920095
    outer loop
      vertex 374 1266.257080078125 337.36190795898438
      vertex 374 1265.88232421875 335.39730834960938
      vertex 366 1265.88232421875 335.39730834960938
    endloop
  endfacet
  facet normal 0 0.98228831452403909 -0.18737573788920095
    outer loop
      vertex 374 1266.257080078125 337.36190795898438
      vertex 366 1265.88232421875 335.39730834960938
      vertex 366 1266.257080078125 337.36190795898438
    endloop
  endfacet
  facet normal 0 0.98228831452403909 -0.18737573788920095
    outer loop
      vertex 350 1266.257080078125 337.36190795898438
      vertex 350 1265.88232421875 335.39730834960938
      vertex 342 1265.88232421875 335.39730834960938
    endloop
  endfacet
  facet normal 0 0.98228831452403909 -0.18737573788920095
    outer loop
      vertex 350 1266.257080078125 337.36190795898438
      vertex 342 1265.88232421875 335.39730834960938
      vertex 342 1266.257080078125 337.36190795898438
    endloop
  endfacet
  facet normal 1 -0 -0
    outer loop
      vertex 390 1257.843505859375 338.96673583984375
      vertex 390 1257.46875 337.00216674804688
      vertex 390 1265.88232421875 335.39730834960938
    endloop
  endfacet
  facet normal 1 0 0
    outer loop
      vertex 390 1257.843505859375 338.96673583984375
      vertex 390 1265.88232421875 335.39730834960938
      vertex 390 1266.257080078125 337.36190795898438
    endloop
  endfacet
  facet normal 1 -0 -0
    outer loop
      vertex 390 1241.0162353515625 342.17642211914062
      vertex 390 1240.6414794921875 340.21182250976562
      vertex 390 1249.05517578125 338.60699462890625
    endloop
  endfacet
  facet normal 1 0 0
    outer loop
      vertex 390 1241.0162353515625 342.17642211914062
      vertex 390 1249.05517578125 338.60699462890625
      vertex 390 1249.4298095703125 340.57156372070312
    endloop
  endfacet
  facet normal 1 -0 -0
    outer loop
      vertex 390 1249.4298095703125 340.57156372070312
      vertex 390 1249.05517578125 338.60699462890625
      vertex 390 1257.46875 337.00216674804688
    endloop
  endfacet
  facet normal 1 0 0
    outer loop
      vertex 390 1249.4298095703125 340.57156372070312
      vertex 390 1257.46875 337.00216674804688
      vertex 390 1257.843505859375 338.96673583984375
    endloop
  endfacet
  facet normal 1 -0 -0
    outer loop
      vertex 390 1224.1890869140625 345.38607788085938
      vertex 390 1223.8143310546875 343.4215087890625
      vertex 390 1232.2279052734375 341.81668090820312
    endloop
  endfacet
  facet normal 1 0 0
    outer loop
      vertex 390 1224.1890869140625 345.38607788085938
      vertex 390 1232.2279052734375 341.81668090820312
      vertex 390 1232.6026611328125 343.78125
    endloop
  endfacet
  facet normal 1 -0 -0
    outer loop
      vertex 390 1207.3619384765625 348.59576416015625
      vertex 390 1206.9871826171875 346.63119506835938
      vertex 390 1215.4007568359375 345.02633666992188
    endloop
  endfacet
  facet normal 1 0 0
    outer loop
      vertex 390 1207.3619384765625 348.59576416015625
      vertex 390 1215.4007568359375 345.02633666992188
      vertex 390 1215.7755126953125 346.99093627929688
    endloop
  endfacet
  facet normal 1 -0 -0
    outer loop
      vertex 390 1215.7755126953125 346.99093627929688
      vertex 390 1215.4007568359375 345.02633666992188
      vertex 390 1223.8143310546875 343.4215087890625
    endloop
  endfacet
  facet normal 1 0 0
    outer loop
      vertex 390 1215.7755126953125 346.99093627929688
      vertex 390 1223.8143310546875 343.4215087890625
      vertex 390 1224.1890869140625 345.38607788085938
    endloop
  endfacet
  facet normal 1 -0 -0
    outer loop
      vertex 390 1232.6026611328125 343.78125
      vertex 390 1232.2279052734375 341.81668090820312
      vertex 390 1240.6414794921875 340.21182250976562
    endloop
  endfacet
  facet normal 1 0 0
    outer loop
      vertex 390 1232.6026611328125 343.78125
      vertex 390 1240.6414794921875 340.21182250976562
      vertex 390 1241.0162353515625 342.17642211914062
    endloop
  endfacet
  facet normal 0 -0.98228777878725582 0.18737854638458254
    outer loop
      vertex 382 1207.3619384765625 348.59576416015625
      vertex 382 1206.9871826171875 346.63119506835938
      vertex 390 1206.9871826171875 346.63119506835938
    endloop
  endfacet
  facet normal 0 -0.98228777878725582 0.18737854638458254
    outer loop
      vertex 382 1207.3619384765625 348.59576416015625
      vertex 390 1206.9871826171875 346.63119506835938
      vertex 390 1207.3619384765625 348.59576416015625
    endloop
  endfacet
  facet normal 0 -0.98228777878725582 0.18737854638458254
    outer loop
      vertex 366 1207.3619384765625 348.59576416015625
      vertex 366 1206.9871826171875 346.63119506835938
      vertex 374 1206.9871826171875 346.63119506835938
    endloop
  endfacet
  facet normal 0 -0.98228777878725582 0.18737854638458254
    outer loop
      vertex 366 1207.3619384765625 348.59576416015625
      vertex 374 1206.9871826171875 346.63119506835938
      vertex 374 1207.3619384765625 348.59576416015625
    endloop
  endfacet
  facet normal 0 -0.98228777878725582 0.18737854638458254
    outer loop
      vertex 358 1207.3619384765625 348.59576416015625
      vertex 358 1206.9871826171875 346.63119506835938
      vertex 366 1206.9871826171875 346.63119506835938
    endloop
  endfacet
  facet normal 0 -0.98228777878725582 0.18737854638458254
    outer loop
      vertex 358 1207.3619384765625 348.59576416015625
      vertex 366 1206.9871826171875 346.63119506835938
      vertex 366 1207.3619384765625 348.59576416015625
    endloop
  endfacet
  facet normal 0 -0.98228777878725582 0.18737854638458254
    outer loop
      vertex 374 1207.3619384765625 348.59576416015625
      vertex 374 1206.9871826171875 346.63119506835938
      vertex 382 1206.9871826171875 346.63119506835938
    endloop
  endfacet
  facet normal 0 -0.98228777878725582 0.18737854638458254
    outer loop
      vertex 374 1207.3619384765625 348.59576416015625
      vertex 382 1206.9871826171875 346.63119506835938
      vertex 382 1207.3619384765625 348.59576416015625
    endloop
  endfacet
  facet normal 0 -0.98228777878725582 0.18737854638458254
    outer loop
      vertex 342 1207.3619384765625 348.59576416015625
      vertex 342 1206.9871826171875 346.63119506835938
      vertex 350 1206.9871826171875 346.63119506835938
    endloop
  endfacet
  facet normal 0 -0.98228777878725582 0.18737854638458254
    outer loop
      vertex 342 1207.3619384765625 348.59576416015625
      vertex 350 1206.9871826171875 346.63119506835938
      vertex 350 1207.3619384765625 348.59576416015625
    endloop
  endfacet
  facet normal 0 -0.98228777878725582 0.18737854638458254
    outer loop
      vertex 334 1207.3619384765625 348.59576416015625
      vertex 334 1206.9871826171875 346.63119506835938
      vertex 342 1206.9871826171875 346.63119506835938
    endloop
  endfacet
  facet normal 0 -0.98228777878725582 0.18737854638458254
    outer loop
      vertex 334 1207.3619384765625 348.59576416015625
      vertex 342 1206.9871826171875 346.63119506835938
      vertex 342 1207.3619384765625 348.59576416015625
    endloop
  endfacet
  facet normal 0 -0.98228777878725582 0.18737854638458254
    outer loop
      vertex 318 1207.3619384765625 348.59576416015625
      vertex 318 1206.9871826171875 346.63119506835938
      vertex 326 1206.9871826171875 346.63119506835938
    endloop
  endfacet
  facet normal 0 -0.98228777878725582 0.18737854638458254
    outer loop
      vertex 318 1207.3619384765625 348.59576416015625
      vertex 326 1206.9871826171875 346.63119506835938
      vertex 326 1207.3619384765625 348.59576416015625
    endloop
  endfacet
  facet normal 0 -0.98228777878725582 0.18737854638458254
    outer loop
      vertex 310 1207.3619384765625 348.59576416015625
      vertex 310 1206.9871826171875 346.63119506835938
      vertex 318 1206.9871826171875 346.63119506835938
    endloop
  endfacet
  facet normal 0 -0.98228777878725582 0.18737854638458254
    outer loop
      vertex 310 1207.3619384765625 348.59576416015625
      vertex 318 1206.9871826171875 346.63119506835938
      vertex 318 1207.3619384765625 348.59576416015625
    endloop
  endfacet
  facet normal 0 -0.98228777878725582 0.18737854638458254
    outer loop
      vertex 326 1207.3619384765625 348.59576416015625
      vertex 326 1206.9871826171875 346.63119506835938
      vertex 334 1206.9871826171875 346.63119506835938
    endloop
  endfacet
  facet normal 0 -0.98228777878725582 0.18737854638458254
    outer loop
      vertex 326 1207.3619384765625 348.59576416015625
      vertex 334 1206.9871826171875 346.63119506835938
      vertex 334 1207.3619384765625 348.59576416015625
    endloop
  endfacet
  facet normal 0 -0.98228777878725582 0.18737854638458254
    outer loop
      vertex 350 1207.3619384765625 348.59576416015625
      vertex 350 1206.9871826171875 346.63119506835938
      vertex 358 1206.9871826171875 346.63119506835938
    endloop
  endfacet
  facet normal 0 -0.98228777878725582 0.18737854638458254
    outer loop
      vertex 350 1207.3619384765625 348.59576416015625
      vertex 358 1206.9871826171875 346.63119506835938
      vertex 358 1207.3619384765625 348.59576416015625
    endloop
  endfacet
  facet normal 1 0 -0
    outer loop
      vertex 313.20001220703125 1217.458251953125 346.66995239257812
      vertex 313.20001220703125 1209.7176513671875 348.14642333984375
      vertex 313.20001220703125 1209.343017578125 346.18182373046875
    endloop
  endfacet
  facet normal 1 0 -0
    outer loop
      vertex 313.20001220703125 1217.458251953125 346.66995239257812
      vertex 313.20001220703125 1209.343017578125 346.18182373046875
      vertex 313.20001220703125 1217.08349609375 344.70538330078125
    endloop
  endfacet
  facet normal 1 0 -0
    outer loop
      vertex 313.20001220703125 1232.939208984375 343.717041015625
      vertex 313.20001220703125 1225.19873046875 345.19351196289062
      vertex 313.20001220703125 1224.823974609375 343.22891235351562
    endloop
  endfacet
  facet normal 1 0 -0
    outer loop
      vertex 313.20001220703125 1232.939208984375 343.717041015625
      vertex 313.20001220703125 1224.823974609375 343.22891235351562
      vertex 313.20001220703125 1232.564453125 341.75247192382812
    endloop
  endfacet
  facet normal 1 0 -0
    outer loop
      vertex 313.20001220703125 1225.19873046875 345.19351196289062
      vertex 313.20001220703125 1217.458251953125 346.66995239257812
      vertex 313.20001220703125 1217.08349609375 344.70538330078125
    endloop
  endfacet
  facet normal 1 0 -0
    outer loop
      vertex 313.20001220703125 1225.19873046875 345.19351196289062
      vertex 313.20001220703125 1217.08349609375 344.70538330078125
      vertex 313.20001220703125 1224.823974609375 343.22891235351562
    endloop
  endfacet
  facet normal 1 0 -0
    outer loop
      vertex 313.20001220703125 1248.4202880859375 340.76416015625
      vertex 313.20001220703125 1240.6796875 342.2406005859375
      vertex 313.20001220703125 1240.3050537109375 340.27603149414062
    endloop
  endfacet
  facet normal 1 0 -0
    outer loop
      vertex 313.20001220703125 1248.4202880859375 340.76416015625
      vertex 313.20001220703125 1240.3050537109375 340.27603149414062
      vertex 313.20001220703125 1248.0455322265625 338.799560546875
    endloop
  endfacet
  facet normal 1 0 -0
    outer loop
      vertex 313.20001220703125 1263.9012451171875 337.81124877929688
      vertex 313.20001220703125 1256.1607666015625 339.28768920898438
      vertex 313.20001220703125 1255.7860107421875 337.3231201171875
    endloop
  endfacet
  facet normal 1 0 -0
    outer loop
      vertex 313.20001220703125 1263.9012451171875 337.81124877929688
      vertex 313.20001220703125 1255.7860107421875 337.3231201171875
      vertex 313.20001220703125 1263.5264892578125 335.8466796875
    endloop
  endfacet
  facet normal 1 0 -0
    outer loop
      vertex 313.20001220703125 1256.1607666015625 339.28768920898438
      vertex 313.20001220703125 1248.4202880859375 340.76416015625
      vertex 313.20001220703125 1248.0455322265625 338.799560546875
    endloop
  endfacet
  facet normal 1 0 -0
    outer loop
      vertex 313.20001220703125 1256.1607666015625 339.28768920898438
      vertex 313.20001220703125 1248.0455322265625 338.799560546875
      vertex 313.20001220703125 1255.7860107421875 337.3231201171875
    endloop
  endfacet
  facet normal 1 0 -0
    outer loop
      vertex 313.20001220703125 1240.6796875 342.2406005859375
      vertex 313.20001220703125 1232.939208984375 343.717041015625
      vertex 313.20001220703125 1232.564453125 341.75247192382812
    endloop
  endfacet
  facet normal 1 0 -0
    outer loop
      vertex 313.20001220703125 1240.6796875 342.2406005859375
      vertex 313.20001220703125 1232.564453125 341.75247192382812
      vertex 313.20001220703125 1240.3050537109375 340.27603149414062
    endloop
  endfacet
  facet normal -0 0.98229954670329034 -0.18731684533567777
    outer loop
      vertex 379.44000244140625 1209.7176513671875 348.14642333984375
      vertex 386.79998779296875 1209.7176513671875 348.14642333984375
      vertex 386.79998779296875 1209.343017578125 346.18182373046875
    endloop
  endfacet
  facet normal 0 0.98229954670329034 -0.18731684533567777
    outer loop
      vertex 379.44000244140625 1209.7176513671875 348.14642333984375
      vertex 386.79998779296875 1209.343017578125 346.18182373046875
      vertex 379.44000244140625 1209.343017578125 346.18182373046875
    endloop
  endfacet
  facet normal -0 0.98229954670329034 -0.18731684533567777
    outer loop
      vertex 364.72000122070312 1209.7176513671875 348.14642333984375
      vertex 372.07998657226562 1209.7176513671875 348.14642333984375
      vertex 372.07998657226562 1209.343017578125 346.18182373046875
    endloop
  endfacet
  facet normal 0 0.98229954670329034 -0.18731684533567777
    outer loop
      vertex 364.72000122070312 1209.7176513671875 348.14642333984375
      vertex 372.07998657226562 1209.343017578125 346.18182373046875
      vertex 364.72000122070312 1209.343017578125 346.18182373046875
    endloop
  endfacet
  facet normal -0 0.98229954670329034 -0.18731684533567777
    outer loop
      vertex 357.3599853515625 1209.7176513671875 348.14642333984375
      vertex 364.72000122070312 1209.7176513671875 348.14642333984375
      vertex 364.72000122070312 1209.343017578125 346.18182373046875
    endloop
  endfacet
  facet normal 0 0.98229954670329034 -0.18731684533567777
    outer loop
      vertex 357.3599853515625 1209.7176513671875 348.14642333984375
      vertex 364.72000122070312 1209.343017578125 346.18182373046875
      vertex 357.3599853515625 1209.343017578125 346.18182373046875
    endloop
  endfacet
  facet normal -0 0.98229954670329034 -0.18731684533567777
    outer loop
      vertex 372.07998657226562 1209.7176513671875 348.14642333984375
      vertex 379.44000244140625 1209.7176513671875 348.14642333984375
      vertex 379.44000244140625 1209.343017578125 346.18182373046875
    endloop
  endfacet
  facet normal 0 0.98229954670329034 -0.18731684533567777
    outer loop
      vertex 372.07998657226562 1209.7176513671875 348.14642333984375
      vertex 379.44000244140625 1209.343017578125 346.18182373046875
      vertex 372.07998657226562 1209.343017578125 346.18182373046875
    endloop
  endfacet
  facet normal -0 0.98229954670329034 -0.18731684533567777
    outer loop
      vertex 342.6400146484375 1209.7176513671875 348.14642333984375
      vertex 350 1209.7176513671875 348.14642333984375
      vertex 350 1209.343017578125 346.18182373046875
    endloop
  endfacet
  facet normal 0 0.98229954670329034 -0.18731684533567777
    outer loop
      vertex 342.6400146484375 1209.7176513671875 348.14642333984375
      vertex 350 1209.343017578125 346.18182373046875
      vertex 342.6400146484375 1209.343017578125 346.18182373046875
    endloop
  endfacet
  facet normal -0 0.98229954670329034 -0.18731684533567777
    outer loop
      vertex 335.27999877929688 1209.7176513671875 348.14642333984375
      vertex 342.6400146484375 1209.7176513671875 348.14642333984375
      vertex 342.6400146484375 1209.343017578125 346.18182373046875
    endloop
  endfacet
  facet normal 0 0.98229954670329034 -0.18731684533567777
    outer loop
      vertex 335.27999877929688 1209.7176513671875 348.14642333984375
      vertex 342.6400146484375 1209.343017578125 346.18182373046875
      vertex 335.27999877929688 1209.343017578125 346.18182373046875
    endloop
  endfacet
  facet normal -0 0.98229954670329034 -0.18731684533567777
    outer loop
      vertex 320.55999755859375 1209.7176513671875 348.14642333984375
      vertex 327.92001342773438 1209.7176513671875 348.14642333984375
      vertex 327.92001342773438 1209.343017578125 346.18182373046875
    endloop
  endfacet
  facet normal 0 0.98229954670329034 -0.18731684533567777
    outer loop
      vertex 320.55999755859375 1209.7176513671875 348.14642333984375
      vertex 327.92001342773438 1209.343017578125 346.18182373046875
      vertex 320.55999755859375 1209.343017578125 346.18182373046875
    endloop
  endfacet
  facet normal -0 0.98229954670329034 -0.18731684533567777
    outer loop
      vertex 313.20001220703125 1209.7176513671875 348.14642333984375
      vertex 320.55999755859375 1209.7176513671875 348.14642333984375
      vertex 320.55999755859375 1209.343017578125 346.18182373046875
    endloop
  endfacet
  facet normal 0 0.98229954670329034 -0.18731684533567777
    outer loop
      vertex 313.20001220703125 1209.7176513671875 348.14642333984375
      vertex 320.55999755859375 1209.343017578125 346.18182373046875
      vertex 313.20001220703125 1209.343017578125 346.18182373046875
    endloop
  endfacet
  facet normal -0 0.98229954670329034 -0.18731684533567777
    outer loop
      vertex 327.92001342773438 1209.7176513671875 348.14642333984375
      vertex 335.27999877929688 1209.7176513671875 348.14642333984375
      vertex 335.27999877929688 1209.343017578125 346.18182373046875
    endloop
  endfacet
  facet normal 0 0.98229954670329034 -0.18731684533567777
    outer loop
      vertex 327.92001342773438 1209.7176513671875 348.14642333984375
      vertex 335.27999877929688 1209.343017578125 346.18182373046875
      vertex 327.92001342773438 1209.343017578125 346.18182373046875
    endloop
  endfacet
  facet normal -0 0.98229954670329034 -0.18731684533567777
    outer loop
      vertex 350 1209.7176513671875 348.14642333984375
      vertex 357.3599853515625 1209.7176513671875 348.14642333984375
      vertex 357.3599853515625 1209.343017578125 346.18182373046875
    endloop
  endfacet
  facet normal 0 0.98229954670329034 -0.18731684533567777
    outer loop
      vertex 350 1209.7176513671875 348.14642333984375
      vertex 357.3599853515625 1209.343017578125 346.18182373046875
      vertex 350 1209.343017578125 346.18182373046875
    endloop
  endfacet
  facet normal -1 0 0
    outer loop
      vertex 386.79998779296875 1256.1607666015625 339.28768920898438
      vertex 386.79998779296875 1263.9012451171875 337.81124877929688
      vertex 386.79998779296875 1263.5264892578125 335.8466796875
    endloop
  endfacet
  facet normal -1 0 0
    outer loop
      vertex 386.79998779296875 1256.1607666015625 339.28768920898438
      vertex 386.79998779296875 1263.5264892578125 335.8466796875
      vertex 386.79998779296875 1255.7860107421875 337.3231201171875
    endloop
  endfacet
  facet normal -1 0 0
    outer loop
      vertex 386.79998779296875 1240.6796875 342.2406005859375
      vertex 386.79998779296875 1248.4202880859375 340.76416015625
      vertex 386.79998779296875 1248.0455322265625 338.799560546875
    endloop
  endfacet
  facet normal -1 0 0
    outer loop
      vertex 386.79998779296875 1240.6796875 342.2406005859375
      vertex 386.79998779296875 1248.0455322265625 338.799560546875
      vertex 386.79998779296875 1240.3050537109375 340.27603149414062
    endloop
  endfacet
  facet normal -1 0 0
    outer loop
      vertex 386.79998779296875 1248.4202880859375 340.76416015625
      vertex 386.79998779296875 1256.1607666015625 339.28768920898438
      vertex 386.79998779296875 1255.7860107421875 337.3231201171875
    endloop
  endfacet
  facet normal -1 0 0
    outer loop
      vertex 386.79998779296875 1248.4202880859375 340.76416015625
      vertex 386.79998779296875 1255.7860107421875 337.3231201171875
      vertex 386.79998779296875 1248.0455322265625 338.799560546875
    endloop
  endfacet
  facet normal -1 0 0
    outer loop
      vertex 386.79998779296875 1225.19873046875 345.19351196289062
      vertex 386.79998779296875 1232.939208984375 343.717041015625
      vertex 386.79998779296875 1232.564453125 341.75247192382812
    endloop
  endfacet
  facet normal -1 0 0
    outer loop
      vertex 386.79998779296875 1225.19873046875 345.19351196289062
      vertex 386.79998779296875 1232.564453125 341.75247192382812
      vertex 386.79998779296875 1224.823974609375 343.22891235351562
    endloop
  endfacet
  facet normal -1 0 0
    outer loop
      vertex 386.79998779296875 1209.7176513671875 348.14642333984375
      vertex 386.79998779296875 1217.458251953125 346.66995239257812
      vertex 386.79998779296875 1217.08349609375 344.70538330078125
    endloop
  endfacet
  facet normal -1 0 0
    outer loop
      vertex 386.79998779296875 1209.7176513671875 348.14642333984375
      vertex 386.79998779296875 1217.08349609375 344.70538330078125
      vertex 386.79998779296875 1209.343017578125 346.18182373046875
    endloop
  endfacet
  facet normal -1 0 0
    outer loop
      vertex 386.79998779296875 1217.458251953125 346.66995239257812
      vertex 386.79998779296875 1225.19873046875 345.19351196289062
      vertex 386.79998779296875 1224.823974609375 343.22891235351562
    endloop
  endfacet
  facet normal -1 0 0
    outer loop
      vertex 386.79998779296875 1217.458251953125 346.66995239257812
      vertex 386.79998779296875 1224.823974609375 343.22891235351562
      vertex 386.79998779296875 1217.08349609375 344.70538330078125
    endloop
  endfacet
  facet normal -1 0 0
    outer loop
      vertex 386.79998779296875 1232.939208984375 343.717041015625
      vertex 386.79998779296875 1240.6796875 342.2406005859375
      vertex 386.79998779296875 1240.3050537109375 340.27603149414062
    endloop
  endfacet
  facet normal -1 0 0
    outer loop
      vertex 386.79998779296875 1232.939208984375 343.717041015625
      vertex 386.79998779296875 1240.3050537109375 340.27603149414062
      vertex 386.79998779296875 1232.564453125 341.75247192382812
    endloop
  endfacet
  facet normal -0 -0.98228777878725582 0.18737854638458254
    outer loop
      vertex 320.55999755859375 1263.9012451171875 337.81124877929688
      vertex 313.20001220703125 1263.9012451171875 337.81124877929688
      vertex 313.20001220703125 1263.5264892578125 335.8466796875
    endloop
  endfacet
  facet normal 0 -0.98228777878725582 0.18737854638458254
    outer loop
      vertex 320.55999755859375 1263.9012451171875 337.81124877929688
      vertex 313.20001220703125 1263.5264892578125 335.8466796875
      vertex 320.55999755859375 1263.5264892578125 335.8466796875
    endloop
  endfacet
  facet normal -0 -0.98228777878725582 0.18737854638458254
    outer loop
      vertex 335.27999877929688 1263.9012451171875 337.81124877929688
      vertex 327.92001342773438 1263.9012451171875 337.81124877929688
      vertex 327.92001342773438 1263.5264892578125 335.8466796875
    endloop
  endfacet
  facet normal 0 -0.98228777878725582 0.18737854638458254
    outer loop
      vertex 335.27999877929688 1263.9012451171875 337.81124877929688
      vertex 327.92001342773438 1263.5264892578125 335.8466796875
      vertex 335.27999877929688 1263.5264892578125 335.8466796875
    endloop
  endfacet
  facet normal -0 -0.98228777878725582 0.18737854638458254
    outer loop
      vertex 342.6400146484375 1263.9012451171875 337.81124877929688
      vertex 335.27999877929688 1263.9012451171875 337.81124877929688
      vertex 335.27999877929688 1263.5264892578125 335.8466796875
    endloop
  endfacet
  facet normal 0 -0.98228777878725582 0.18737854638458254
    outer loop
      vertex 342.6400146484375 1263.9012451171875 337.81124877929688
      vertex 335.27999877929688 1263.5264892578125 335.8466796875
      vertex 342.6400146484375 1263.5264892578125 335.8466796875
    endloop
  endfacet
  facet normal -0 -0.98228777878725582 0.18737854638458254
    outer loop
      vertex 327.92001342773438 1263.9012451171875 337.81124877929688
      vertex 320.55999755859375 1263.9012451171875 337.81124877929688
      vertex 320.55999755859375 1263.5264892578125 335.8466796875
    endloop
  endfacet
  facet normal 0 -0.98228777878725582 0.18737854638458254
    outer loop
      vertex 327.92001342773438 1263.9012451171875 337.81124877929688
      vertex 320.55999755859375 1263.5264892578125 335.8466796875
      vertex 327.92001342773438 1263.5264892578125 335.8466796875
    endloop
  endfacet
  facet normal -0 -0.98228777878725582 0.18737854638458254
    outer loop
      vertex 357.3599853515625 1263.9012451171875 337.81124877929688
      vertex 350 1263.9012451171875 337.81124877929688
      vertex 350 1263.5264892578125 335.8466796875
    endloop
  endfacet
  facet normal 0 -0.98228777878725582 0.18737854638458254
    outer loop
      vertex 357.3599853515625 1263.9012451171875 337.81124877929688
      vertex 350 1263.5264892578125 335.8466796875
      vertex 357.3599853515625 1263.5264892578125 335.8466796875
    endloop
  endfacet
  facet normal -0 -0.98228777878725582 0.18737854638458254
    outer loop
      vertex 364.72000122070312 1263.9012451171875 337.81124877929688
      vertex 357.3599853515625 1263.9012451171875 337.81124877929688
      vertex 357.3599853515625 1263.5264892578125 335.8466796875
    endloop
  endfacet
  facet normal 0 -0.98228777878725582 0.18737854638458254
    outer loop
      vertex 364.72000122070312 1263.9012451171875 337.81124877929688
      vertex 357.3599853515625 1263.5264892578125 335.8466796875
      vertex 364.72000122070312 1263.5264892578125 335.8466796875
    endloop
  endfacet
  facet normal -0 -0.98228777878725582 0.18737854638458254
    outer loop
      vertex 379.44000244140625 1263.9012451171875 337.81124877929688
      vertex 372.07998657226562 1263.9012451171875 337.81124877929688
      vertex 372.07998657226562 1263.5264892578125 335.8466796875
    endloop
  endfacet
  facet normal 0 -0.98228777878725582 0.18737854638458254
    outer loop
      vertex 379.44000244140625 1263.9012451171875 337.81124877929688
      vertex 372.07998657226562 1263.5264892578125 335.8466796875
      vertex 379.44000244140625 1263.5264892578125 335.8466796875
    endloop
  endfacet
  facet normal -0 -0.98228777878725582 0.18737854638458254
    outer loop
      vertex 386.79998779296875 1263.9012451171875 337.81124877929688
      vertex 379.44000244140625 1263.9012451171875 337.81124877929688
      vertex 379.44000244140625 1263.5264892578125 335.8466796875
    endloop
  endfacet
  facet normal 0 -0.98228777878725582 0.18737854638458254
    outer loop
      vertex 386.79998779296875 1263.9012451171875 337.81124877929688
      vertex 379.44000244140625 1263.5264892578125 335.8466796875
      vertex 386.79998779296875 1263.5264892578125 335.8466796875
    endloop
  endfacet
  facet normal -0 -0.98228777878725582 0.18737854638458254
    outer loop
      vertex 372.07998657226562 1263.9012451171875 337.81124877929688
      vertex 364.72000122070312 1263.9012451171875 337.81124877929688
      vertex 364.72000122070312 1263.5264892578125 335.8466796875
    endloop
  endfacet
  facet normal 0 -0.98228777878725582 0.18737854638458254
    outer loop
      vertex 372.07998657226562 1263.9012451171875 337.81124877929688
      vertex 364.72000122070312 1263.5264892578125 335.8466796875
      vertex 372.07998657226562 1263.5264892578125 335.8466796875
    endloop
  endfacet
  facet normal -0 -0.98228777878725582 0.18737854638458254
    outer loop
      vertex 350 1263.9012451171875 337.81124877929688
      vertex 342.6400146484375 1263.9012451171875 337.81124877929688
      vertex 342.6400146484375 1263.5264892578125 335.8466796875
    endloop
  endfacet
  facet normal 0 -0.98228777878725582 0.18737854638458254
    outer loop
      vertex 350 1263.9012451171875 337.81124877929688
      vertex 342.6400146484375 1263.5264892578125 335.8466796875
      vertex 350 1263.5264892578125 335.8466796875
    endloop
  endfacet
  facet normal 1.3711110978394685e-06 -0.18736816580951215 -0.98228975889973502
    outer loop
      vertex 310 1257.46875 337.00216674804688
      vertex 310 1265.88232421875 335.39730834960938
      vertex 313.20001220703125 1263.5264892578125 335.8466796875
    endloop
  endfacet
  facet normal -5.2194436566961098e-06 -0.187364806556064 -0.98229039964613629
    outer loop
      vertex 310 1257.46875 337.00216674804688
      vertex 313.20001220703125 1263.5264892578125 335.8466796875
      vertex 313.20001220703125 1255.7860107421875 337.3231201171875
    endloop
  endfacet
  facet normal 0 -0.18736996285250038 -0.9822894161196345
    outer loop
      vertex 310 1265.88232421875 335.39730834960938
      vertex 318 1265.88232421875 335.39730834960938
      vertex 320.55999755859375 1263.5264892578125 335.8466796875
    endloop
  endfacet
  facet normal -0 -0.18736996285250038 -0.9822894161196345
    outer loop
      vertex 310 1265.88232421875 335.39730834960938
      vertex 320.55999755859375 1263.5264892578125 335.8466796875
      vertex 313.20001220703125 1263.5264892578125 335.8466796875
    endloop
  endfacet
  facet normal -4.1218409904738886e-06 -0.18736210498588479 -0.98229091495252507
    outer loop
      vertex 310 1240.6414794921875 340.21182250976562
      vertex 310 1249.05517578125 338.60699462890625
      vertex 313.20001220703125 1248.0455322265625 338.799560546875
    endloop
  endfacet
  facet normal 1.1317010238584527e-05 -0.18736854336061742 -0.98228968681893725
    outer loop
      vertex 310 1240.6414794921875 340.21182250976562
      vertex 313.20001220703125 1248.0455322265625 338.799560546875
      vertex 313.20001220703125 1240.3050537109375 340.27603149414062
    endloop
  endfacet
  facet normal -5.0052292977365449e-06 -0.18736480655626916 -0.98229039964721199
    outer loop
      vertex 313.20001220703125 1255.7860107421875 337.3231201171875
      vertex 313.20001220703125 1248.0455322265625 338.799560546875
      vertex 310 1249.05517578125 338.60699462890625
    endloop
  endfacet
  facet normal -5.1766002423305736e-06 -0.18736472794217848 -0.98229041464139122
    outer loop
      vertex 313.20001220703125 1255.7860107421875 337.3231201171875
      vertex 310 1249.05517578125 338.60699462890625
      vertex 310 1257.46875 337.00216674804688
    endloop
  endfacet
  facet normal 0 -0.18736996285250038 -0.9822894161196345
    outer loop
      vertex 326 1265.88232421875 335.39730834960938
      vertex 334 1265.88232421875 335.39730834960938
      vertex 335.27999877929688 1263.5264892578125 335.8466796875
    endloop
  endfacet
  facet normal -0 -0.18736996285250038 -0.9822894161196345
    outer loop
      vertex 326 1265.88232421875 335.39730834960938
      vertex 335.27999877929688 1263.5264892578125 335.8466796875
      vertex 327.92001342773438 1263.5264892578125 335.8466796875
    endloop
  endfacet
  facet normal 0 -0.18736996285250038 -0.9822894161196345
    outer loop
      vertex 342 1265.88232421875 335.39730834960938
      vertex 350 1265.88232421875 335.39730834960938
      vertex 350 1263.5264892578125 335.8466796875
    endloop
  endfacet
  facet normal 0 -0.18736996285250038 -0.9822894161196345
    outer loop
      vertex 342 1265.88232421875 335.39730834960938
      vertex 350 1263.5264892578125 335.8466796875
      vertex 342.6400146484375 1263.5264892578125 335.8466796875
    endloop
  endfacet
  facet normal 0 -0.18736996285250038 -0.9822894161196345
    outer loop
      vertex 334 1265.88232421875 335.39730834960938
      vertex 342 1265.88232421875 335.39730834960938
      vertex 342.6400146484375 1263.5264892578125 335.8466796875
    endloop
  endfacet
  facet normal -0 -0.18736996285250035 -0.98228941611963438
    outer loop
      vertex 334 1265.88232421875 335.39730834960938
      vertex 342.6400146484375 1263.5264892578125 335.8466796875
      vertex 335.27999877929688 1263.5264892578125 335.8466796875
    endloop
  endfacet
  facet normal -0 -0.18736996285250035 -0.98228941611963438
    outer loop
      vertex 327.92001342773438 1263.5264892578125 335.8466796875
      vertex 320.55999755859375 1263.5264892578125 335.8466796875
      vertex 318 1265.88232421875 335.39730834960938
    endloop
  endfacet
  facet normal 0 -0.18736996285250038 -0.9822894161196345
    outer loop
      vertex 327.92001342773438 1263.5264892578125 335.8466796875
      vertex 318 1265.88232421875 335.39730834960938
      vertex 326 1265.88232421875 335.39730834960938
    endloop
  endfacet
  facet normal -0 -0.18736996285250038 -0.9822894161196345
    outer loop
      vertex 357.3599853515625 1263.5264892578125 335.8466796875
      vertex 350 1263.5264892578125 335.8466796875
      vertex 350 1265.88232421875 335.39730834960938
    endloop
  endfacet
  facet normal 0 -0.18736996285250038 -0.9822894161196345
    outer loop
      vertex 357.3599853515625 1263.5264892578125 335.8466796875
      vertex 350 1265.88232421875 335.39730834960938
      vertex 358 1265.88232421875 335.39730834960938
    endloop
  endfacet
  facet normal -4.8875586285675221e-06 -0.18736195551463128 -0.98229094345913881
    outer loop
      vertex 313.20001220703125 1240.3050537109375 340.27603149414062
      vertex 313.20001220703125 1232.564453125 341.75247192382812
      vertex 310 1232.2279052734375 341.81668090820312
    endloop
  endfacet
  facet normal 1.1358149506043366e-05 -0.18736816579760229 -0.98228975883729674
    outer loop
      vertex 313.20001220703125 1240.3050537109375 340.27603149414062
      vertex 310 1232.2279052734375 341.81668090820312
      vertex 310 1240.6414794921875 340.21182250976562
    endloop
  endfacet
  facet normal -4.3625862208561131e-06 -0.18736480655683319 -0.98229039965016884
    outer loop
      vertex 313.20001220703125 1232.564453125 341.75247192382812
      vertex 313.20001220703125 1224.823974609375 343.22891235351562
      vertex 310 1223.8143310546875 343.4215087890625
    endloop
  endfacet
  facet normal -4.5853693484918877e-06 -0.18736472794271916 -0.98229041464422573
    outer loop
      vertex 313.20001220703125 1232.564453125 341.75247192382812
      vertex 310 1223.8143310546875 343.4215087890625
      vertex 310 1232.2279052734375 341.81668090820312
    endloop
  endfacet
  facet normal -4.3882923838778937e-06 -0.18736472794288486 -0.98229041464509448
    outer loop
      vertex 310 1215.4007568359375 345.02633666992188
      vertex 310 1223.8143310546875 343.4215087890625
      vertex 313.20001220703125 1224.823974609375 343.22891235351562
    endloop
  endfacet
  facet normal 7.2559521420401222e-06 -0.18736854336768363 -0.98228968685598217
    outer loop
      vertex 310 1215.4007568359375 345.02633666992188
      vertex 313.20001220703125 1224.823974609375 343.22891235351562
      vertex 313.20001220703125 1217.08349609375 344.70538330078125
    endloop
  endfacet
  facet normal -3.9341575029327719e-06 -0.18736480655716617 -0.98229039965191456
    outer loop
      vertex 313.20001220703125 1217.08349609375 344.70538330078125
      vertex 313.20001220703125 1209.343017578125 346.18182373046875
      vertex 310 1206.9871826171875 346.63119506835938
    endloop
  endfacet
  facet normal 7.0501858510570005e-06 -0.18736816580503168 -0.9822897588762457
    outer loop
      vertex 313.20001220703125 1217.08349609375 344.70538330078125
      vertex 310 1206.9871826171875 346.63119506835938
      vertex 310 1215.4007568359375 345.02633666992188
    endloop
  endfacet
  facet normal 0 -0.18736996285250038 -0.9822894161196345
    outer loop
      vertex 313.20001220703125 1209.343017578125 346.18182373046875
      vertex 320.55999755859375 1209.343017578125 346.18182373046875
      vertex 318 1206.9871826171875 346.63119506835938
    endloop
  endfacet
  facet normal -0 -0.18736996285250038 -0.9822894161196345
    outer loop
      vertex 313.20001220703125 1209.343017578125 346.18182373046875
      vertex 318 1206.9871826171875 346.63119506835938
      vertex 310 1206.9871826171875 346.63119506835938
    endloop
  endfacet
  facet normal 0 -0.18736996285250038 -0.9822894161196345
    outer loop
      vertex 327.92001342773438 1209.343017578125 346.18182373046875
      vertex 335.27999877929688 1209.343017578125 346.18182373046875
      vertex 334 1206.9871826171875 346.63119506835938
    endloop
  endfacet
  facet normal -0 -0.18736996285250038 -0.9822894161196345
    outer loop
      vertex 327.92001342773438 1209.343017578125 346.18182373046875
      vertex 334 1206.9871826171875 346.63119506835938
      vertex 326 1206.9871826171875 346.63119506835938
    endloop
  endfacet
  facet normal 0 -0.18736996285250038 -0.9822894161196345
    outer loop
      vertex 320.55999755859375 1209.343017578125 346.18182373046875
      vertex 327.92001342773438 1209.343017578125 346.18182373046875
      vertex 326 1206.9871826171875 346.63119506835938
    endloop
  endfacet
  facet normal -0 -0.18736996285250038 -0.9822894161196345
    outer loop
      vertex 320.55999755859375 1209.343017578125 346.18182373046875
      vertex 326 1206.9871826171875 346.63119506835938
      vertex 318 1206.9871826171875 346.63119506835938
    endloop
  endfacet
  facet normal -0 -0.18736996285250038 -0.9822894161196345
    outer loop
      vertex 342 1206.9871826171875 346.63119506835938
      vertex 334 1206.9871826171875 346.63119506835938
      vertex 335.27999877929688 1209.343017578125 346.18182373046875
    endloop
  endfacet
  facet normal 0 -0.18736996285250038 -0.9822894161196345
    outer loop
      vertex 342 1206.9871826171875 346.63119506835938
      vertex 335.27999877929688 1209.343017578125 346.18182373046875
      vertex 342.6400146484375 1209.343017578125 346.18182373046875
    endloop
  endfacet
  facet normal -0 -0.18736996285250038 -0.9822894161196345
    outer loop
      vertex 350 1206.9871826171875 346.63119506835938
      vertex 342 1206.9871826171875 346.63119506835938
      vertex 342.6400146484375 1209.343017578125 346.18182373046875
    endloop
  endfacet
  facet normal 0 -0.18736996285250038 -0.9822894161196345
    outer loop
      vertex 350 1206.9871826171875 346.63119506835938
      vertex 342.6400146484375 1209.343017578125 346.18182373046875
      vertex 350 1209.343017578125 346.18182373046875
    endloop
  endfacet
  facet normal 0 -0.18736996285250038 -0.9822894161196345
    outer loop
      vertex 358 1265.88232421875 335.39730834960938
      vertex 366 1265.88232421875 335.39730834960938
      vertex 364.72000122070312 1263.5264892578125 335.8466796875
    endloop
  endfacet
  facet normal -0 -0.18736996285250038 -0.9822894161196345
    outer loop
      vertex 358 1265.88232421875 335.39730834960938
      vertex 364.72000122070312 1263.5264892578125 335.8466796875
      vertex 357.3599853515625 1263.5264892578125 335.8466796875
    endloop
  endfacet
  facet normal 0 -0.18736996285250038 -0.9822894161196345
    outer loop
      vertex 374 1265.88232421875 335.39730834960938
      vertex 382 1265.88232421875 335.39730834960938
      vertex 379.44000244140625 1263.5264892578125 335.8466796875
    endloop
  endfacet
  facet normal -0 -0.18736996285250038 -0.9822894161196345
    outer loop
      vertex 374 1265.88232421875 335.39730834960938
      vertex 379.44000244140625 1263.5264892578125 335.8466796875
      vertex 372.07998657226562 1263.5264892578125 335.8466796875
    endloop
  endfacet
  facet normal 0 -0.18736996285250038 -0.9822894161196345
    outer loop
      vertex 366 1265.88232421875 335.39730834960938
      vertex 374 1265.88232421875 335.39730834960938
      vertex 372.07998657226562 1263.5264892578125 335.8466796875
    endloop
  endfacet
  facet normal -0 -0.18736996285250038 -0.9822894161196345
    outer loop
      vertex 366 1265.88232421875 335.39730834960938
      vertex 372.07998657226562 1263.5264892578125 335.8466796875
      vertex 364.72000122070312 1263.5264892578125 335.8466796875
    endloop
  endfacet
  facet normal -0 -0.18736996285250038 -0.9822894161196345
    outer loop
      vertex 386.79998779296875 1263.5264892578125 335.8466796875
      vertex 379.44000244140625 1263.5264892578125 335.8466796875
      vertex 382 1265.88232421875 335.39730834960938
    endloop
  endfacet
  facet normal 0 -0.18736996285250038 -0.9822894161196345
    outer loop
      vertex 386.79998779296875 1263.5264892578125 335.8466796875
      vertex 382 1265.88232421875 335.39730834960938
      vertex 390 1265.88232421875 335.39730834960938
    endloop
  endfacet
  facet normal -3.9341575029327719e-06 -0.18736480655716617 -0.98229039965191456
    outer loop
      vertex 386.79998779296875 1255.7860107421875 337.3231201171875
      vertex 386.79998779296875 1263.5264892578125 335.8466796875
      vertex 390 1265.88232421875 335.39730834960938
    endloop
  endfacet
  facet normal 7.0501858510570005e-06 -0.18736816580503168 -0.9822897588762457
    outer loop
      vertex 386.79998779296875 1255.7860107421875 337.3231201171875
      vertex 390 1265.88232421875 335.39730834960938
      vertex 390 1257.46875 337.00216674804688
    endloop
  endfacet
  facet normal 4.9795232777182509e-06 -0.187364727942366 -0.98229041464237421
    outer loop
      vertex 390 1257.46875 337.00216674804688
      vertex 390 1249.05517578125 338.60699462890625
      vertex 386.79998779296875 1248.0455322265625 338.799560546875
    endloop
  endfacet
  facet normal 5.219443656687299e-06 -0.187364806556064 -0.98229039964613629
    outer loop
      vertex 390 1257.46875 337.00216674804688
      vertex 386.79998779296875 1248.0455322265625 338.799560546875
      vertex 386.79998779296875 1255.7860107421875 337.3231201171875
    endloop
  endfacet
  facet normal 6.2271330294485763e-06 -0.18736854336898315 -0.98228968686279494
    outer loop
      vertex 386.79998779296875 1240.3050537109375 340.27603149414062
      vertex 386.79998779296875 1248.0455322265625 338.799560546875
      vertex 390 1249.05517578125 338.60699462890625
    endloop
  endfacet
  facet normal -1.2018536455382319e-05 -0.18736210497394462 -0.98229091488992581
    outer loop
      vertex 386.79998779296875 1240.3050537109375 340.27603149414062
      vertex 390 1249.05517578125 338.60699462890625
      vertex 390 1240.6414794921875 340.21182250976562
    endloop
  endfacet
  facet normal -1.2034822757028963e-05 -0.18736195550330068 -0.98229094339973544
    outer loop
      vertex 386.79998779296875 1232.564453125 341.75247192382812
      vertex 386.79998779296875 1240.3050537109375 340.27603149414062
      vertex 390 1240.6414794921875 340.21182250976562
    endloop
  endfacet
  facet normal 4.210648474498729e-06 -0.18736816580802726 -0.98228975889195036
    outer loop
      vertex 386.79998779296875 1232.564453125 341.75247192382812
      vertex 390 1240.6414794921875 340.21182250976562
      vertex 390 1232.2279052734375 341.81668090820312
    endloop
  endfacet
  facet normal 0 -0.18736996285250038 -0.9822894161196345
    outer loop
      vertex 350 1209.343017578125 346.18182373046875
      vertex 357.3599853515625 1209.343017578125 346.18182373046875
      vertex 358 1206.9871826171875 346.63119506835938
    endloop
  endfacet
  facet normal 0 -0.18736996285250038 -0.9822894161196345
    outer loop
      vertex 350 1209.343017578125 346.18182373046875
      vertex 358 1206.9871826171875 346.63119506835938
      vertex 350 1206.9871826171875 346.63119506835938
    endloop
  endfacet
  facet normal 0 -0.18736996285250038 -0.9822894161196345
    outer loop
      vertex 364.72000122070312 1209.343017578125 346.18182373046875
      vertex 372.07998657226562 1209.343017578125 346.18182373046875
      vertex 374 1206.9871826171875 346.63119506835938
    endloop
  endfacet
  facet normal 0 -0.18736996285250038 -0.9822894161196345
    outer loop
      vertex 364.72000122070312 1209.343017578125 346.18182373046875
      vertex 374 1206.9871826171875 346.63119506835938
      vertex 366 1206.9871826171875 346.63119506835938
    endloop
  endfacet
  facet normal 0 -0.18736996285250035 -0.98228941611963438
    outer loop
      vertex 357.3599853515625 1209.343017578125 346.18182373046875
      vertex 364.72000122070312 1209.343017578125 346.18182373046875
      vertex 366 1206.9871826171875 346.63119506835938
    endloop
  endfacet
  facet normal -0 -0.18736996285250038 -0.9822894161196345
    outer loop
      vertex 357.3599853515625 1209.343017578125 346.18182373046875
      vertex 366 1206.9871826171875 346.63119506835938
      vertex 358 1206.9871826171875 346.63119506835938
    endloop
  endfacet
  facet normal 0 -0.18736996285250035 -0.98228941611963438
    outer loop
      vertex 372.07998657226562 1209.343017578125 346.18182373046875
      vertex 379.44000244140625 1209.343017578125 346.18182373046875
      vertex 382 1206.9871826171875 346.63119506835938
    endloop
  endfacet
  facet normal -0 -0.18736996285250038 -0.9822894161196345
    outer loop
      vertex 372.07998657226562 1209.343017578125 346.18182373046875
      vertex 382 1206.9871826171875 346.63119506835938
      vertex 374 1206.9871826171875 346.63119506835938
    endloop
  endfacet
  facet normal 3.1406756915603689e-06 -0.1873685433716919 -0.98228968687699569
    outer loop
      vertex 386.79998779296875 1217.08349609375 344.70538330078125
      vertex 386.79998779296875 1224.823974609375 343.22891235351562
      vertex 390 1223.8143310546875 343.4215087890625
    endloop
  endfacet
  facet normal -5.1766002423305736e-06 -0.18736472794217848 -0.98229041464139122
    outer loop
      vertex 386.79998779296875 1217.08349609375 344.70538330078125
      vertex 390 1223.8143310546875 343.4215087890625
      vertex 390 1215.4007568359375 345.02633666992188
    endloop
  endfacet
  facet normal 4.3882923838778937e-06 -0.18736472794288486 -0.98229041464509448
    outer loop
      vertex 390 1232.2279052734375 341.81668090820312
      vertex 390 1223.8143310546875 343.4215087890625
      vertex 386.79998779296875 1224.823974609375 343.22891235351562
    endloop
  endfacet
  facet normal 4.5768005798150418e-06 -0.18736480655665377 -0.98229039964922826
    outer loop
      vertex 390 1232.2279052734375 341.81668090820312
      vertex 386.79998779296875 1224.823974609375 343.22891235351562
      vertex 386.79998779296875 1232.564453125 341.75247192382812
    endloop
  endfacet
  facet normal 0 -0.18736996285250038 -0.9822894161196345
    outer loop
      vertex 379.44000244140625 1209.343017578125 346.18182373046875
      vertex 386.79998779296875 1209.343017578125 346.18182373046875
      vertex 390 1206.9871826171875 346.63119506835938
    endloop
  endfacet
  facet normal -0 -0.18736996285250038 -0.9822894161196345
    outer loop
      vertex 379.44000244140625 1209.343017578125 346.18182373046875
      vertex 390 1206.9871826171875 346.63119506835938
      vertex 382 1206.9871826171875 346.63119506835938
    endloop
  endfacet
  facet normal 1.3711110978394685e-06 -0.18736816580951215 -0.98228975889973502
    outer loop
      vertex 390 1215.4007568359375 345.02633666992188
      vertex 390 1206.9871826171875 346.63119506835938
      vertex 386.79998779296875 1209.343017578125 346.18182373046875
    endloop
  endfacet
  facet normal -5.2194436566961098e-06 -0.187364806556064 -0.98229039964613629
    outer loop
      vertex 390 1215.4007568359375 345.02633666992188
      vertex 386.79998779296875 1209.343017578125 346.18182373046875
      vertex 386.79998779296875 1217.08349609375 344.70538330078125
    endloop
  endfacet
endsolid OBJECT
