solid OBJECT
  facet normal 0.68069884931678182 0 -0.73256336008485246
    outer loop
      vertex -23.318923950195312 10.845589637756348 4.1620664596557617
      vertex -23.353313446044922 10.845589637756348 4.1301116943359375
      vertex -23.353313446044922 12.020589828491211 4.1301116943359375
    endloop
  endfacet
  facet normal 0.68069884931678182 0 -0.73256336008485246
    outer loop
      vertex -23.318923950195312 10.845589637756348 4.1620664596557617
      vertex -23.353313446044922 12.020589828491211 4.1301116943359375
      vertex -23.318923950195312 12.020589828491211 4.1620664596557617
    endloop
  endfacet
  facet normal 0.59399754249951953 0 -0.80446685419881125
    outer loop
      vertex -23.353313446044922 10.845589637756348 4.1301116943359375
      vertex -23.39076042175293 10.845589637756348 4.1024618148803711
      vertex -23.39076042175293 12.020589828491211 4.1024618148803711
    endloop
  endfacet
  facet normal 0.59399754249951964 0 -0.80446685419881137
    outer loop
      vertex -23.353313446044922 10.845589637756348 4.1301116943359375
      vertex -23.39076042175293 12.020589828491211 4.1024618148803711
      vertex -23.353313446044922 12.020589828491211 4.1301116943359375
    endloop
  endfacet
  facet normal 0.50770534190362804 0 -0.86153078053109644
    outer loop
      vertex -23.39076042175293 10.845589637756348 4.1024618148803711
      vertex -23.430864334106445 10.845589637756348 4.0788283348083496
      vertex -23.430864334106445 12.020589828491211 4.0788283348083496
    endloop
  endfacet
  facet normal 0.50770534190362804 0 -0.86153078053109644
    outer loop
      vertex -23.39076042175293 10.845589637756348 4.1024618148803711
      vertex -23.430864334106445 12.020589828491211 4.0788283348083496
      vertex -23.39076042175293 12.020589828491211 4.1024618148803711
    endloop
  endfacet
  facet normal 0.41599287913696348 0 -0.90936787083519721
    outer loop
      vertex -23.430864334106445 10.845589637756348 4.0788283348083496
      vertex -23.473194122314453 10.845589637756348 4.0594644546508789
      vertex -23.473194122314453 12.020589828491211 4.0594644546508789
    endloop
  endfacet
  facet normal 0.41599287913696348 -3.1550035876737229e-18 -0.90936787083519721
    outer loop
      vertex -23.430864334106445 10.845589637756348 4.0788283348083496
      vertex -23.473194122314453 12.020589828491211 4.0594644546508789
      vertex -23.430864334106445 12.020589828491211 4.0788283348083496
    endloop
  endfacet
  facet normal 0.31983336177026123 0 -0.94747381003314979
    outer loop
      vertex -23.473194122314453 10.845589637756348 4.0594644546508789
      vertex -23.517297744750977 10.845589637756348 4.0445766448974609
      vertex -23.517297744750977 12.020589828491211 4.0445766448974609
    endloop
  endfacet
  facet normal 0.31983336177026123 0 -0.94747381003314979
    outer loop
      vertex -23.473194122314453 10.845589637756348 4.0594644546508789
      vertex -23.517297744750977 12.020589828491211 4.0445766448974609
      vertex -23.473194122314453 12.020589828491211 4.0594644546508789
    endloop
  endfacet
  facet normal 0.22023949146702204 0 -0.97544582955607939
    outer loop
      vertex -23.517297744750977 10.845589637756348 4.0445766448974609
      vertex -23.562704086303711 10.845589637756348 4.0343246459960938
      vertex -23.562704086303711 12.020589828491211 4.0343246459960938
    endloop
  endfacet
  facet normal 0.22023949146702204 0 -0.97544582955607939
    outer loop
      vertex -23.517297744750977 10.845589637756348 4.0445766448974609
      vertex -23.562704086303711 12.020589828491211 4.0343246459960938
      vertex -23.517297744750977 12.020589828491211 4.0445766448974609
    endloop
  endfacet
  facet normal 0.11829369342792048 0 -0.99297865137936436
    outer loop
      vertex -23.562704086303711 10.845589637756348 4.0343246459960938
      vertex -23.608926773071289 10.845589637756348 4.0288181304931641
      vertex -23.608926773071289 12.020589828491211 4.0288181304931641
    endloop
  endfacet
  facet normal 0.11829369342792048 0 -0.99297865137936436
    outer loop
      vertex -23.562704086303711 10.845589637756348 4.0343246459960938
      vertex -23.608926773071289 12.020589828491211 4.0288181304931641
      vertex -23.562704086303711 12.020589828491211 4.0343246459960938
    endloop
  endfacet
  facet normal 0.015079016486422953 0 -0.99988630516764376
    outer loop
      vertex -23.608926773071289 10.845589637756348 4.0288181304931641
      vertex -23.65546989440918 10.845589637756348 4.0281162261962891
      vertex -23.65546989440918 12.020589828491211 4.0281162261962891
    endloop
  endfacet
  facet normal 0.015079016486422953 0 -0.99988630516764376
    outer loop
      vertex -23.608926773071289 10.845589637756348 4.0288181304931641
      vertex -23.65546989440918 12.020589828491211 4.0281162261962891
      vertex -23.608926773071289 12.020589828491211 4.0288181304931641
    endloop
  endfacet
  facet normal -0.088280056468514057 0 -0.99609569401233544
    outer loop
      vertex -23.65546989440918 10.845589637756348 4.0281162261962891
      vertex -23.701837539672852 10.845589637756348 4.0322256088256836
      vertex -23.701837539672852 12.020589828491211 4.0322256088256836
    endloop
  endfacet
  facet normal -0.088280056468514057 -0 -0.99609569401233544
    outer loop
      vertex -23.65546989440918 10.845589637756348 4.0281162261962891
      vertex -23.701837539672852 12.020589828491211 4.0322256088256836
      vertex -23.65546989440918 12.020589828491211 4.0281162261962891
    endloop
  endfacet
  facet normal -0.19071940404686225 0 -0.98164459399520432
    outer loop
      vertex -23.701837539672852 10.845589637756348 4.0322256088256836
      vertex -23.747531890869141 10.845589637756348 4.0411033630371094
      vertex -23.747531890869141 12.020589828491211 4.0411033630371094
    endloop
  endfacet
  facet normal -0.19071940404686225 -0 -0.98164459399520443
    outer loop
      vertex -23.701837539672852 10.845589637756348 4.0322256088256836
      vertex -23.747531890869141 12.020589828491211 4.0411033630371094
      vertex -23.701837539672852 12.020589828491211 4.0322256088256836
    endloop
  endfacet
  facet normal -0.29112003605621289 0 -0.95668653414095328
    outer loop
      vertex -23.747531890869141 10.845589637756348 4.0411033630371094
      vertex -23.792062759399414 10.845589637756348 4.0546541213989258
      vertex -23.792062759399414 12.020589828491211 4.0546541213989258
    endloop
  endfacet
  facet normal -0.29112003605621289 -0 -0.95668653414095328
    outer loop
      vertex -23.747531890869141 10.845589637756348 4.0411033630371094
      vertex -23.792062759399414 12.020589828491211 4.0546541213989258
      vertex -23.747531890869141 12.020589828491211 4.0411033630371094
    endloop
  endfacet
  facet normal -0.3883624283468573 0 -0.92150671416356611
    outer loop
      vertex -23.792062759399414 10.845589637756348 4.0546541213989258
      vertex -23.834959030151367 10.845589637756348 4.0727324485778809
      vertex -23.834959030151367 12.020589828491211 4.0727324485778809
    endloop
  endfacet
  facet normal -0.3883624283468573 0 -0.92150671416356611
    outer loop
      vertex -23.792062759399414 10.845589637756348 4.0546541213989258
      vertex -23.834959030151367 12.020589828491211 4.0727324485778809
      vertex -23.792062759399414 12.020589828491211 4.0546541213989258
    endloop
  endfacet
  facet normal -0.48148613422857112 0 -0.87645370815898016
    outer loop
      vertex -23.834959030151367 10.845589637756348 4.0727324485778809
      vertex -23.875757217407227 10.845589637756348 4.0951452255249023
      vertex -23.875757217407227 12.020589828491211 4.0951452255249023
    endloop
  endfacet
  facet normal -0.48148613422857112 -0 -0.87645370815898016
    outer loop
      vertex -23.834959030151367 10.845589637756348 4.0727324485778809
      vertex -23.875757217407227 12.020589828491211 4.0951452255249023
      vertex -23.834959030151367 12.020589828491211 4.0727324485778809
    endloop
  endfacet
  facet normal -0.56946936735003795 0 -0.82201255443572596
    outer loop
      vertex -23.875757217407227 10.845589637756348 4.0951452255249023
      vertex -23.914020538330078 10.845589637756348 4.1216530799865723
      vertex -23.914020538330078 12.020589828491211 4.1216530799865723
    endloop
  endfacet
  facet normal -0.56946936735003795 0 -0.82201255443572596
    outer loop
      vertex -23.875757217407227 10.845589637756348 4.0951452255249023
      vertex -23.914020538330078 12.020589828491211 4.1216530799865723
      vertex -23.875757217407227 12.020589828491211 4.0951452255249023
    endloop
  endfacet
  facet normal -0.6513184603709099 0 -0.75880449601993494
    outer loop
      vertex -23.914020538330078 10.845589637756348 4.1216530799865723
      vertex -23.949342727661133 10.845589637756348 4.1519718170166016
      vertex -23.949342727661133 12.020589828491211 4.1519718170166016
    endloop
  endfacet
  facet normal -0.6513184603709099 0 -0.75880449601993494
    outer loop
      vertex -23.914020538330078 10.845589637756348 4.1216530799865723
      vertex -23.949342727661133 12.020589828491211 4.1519718170166016
      vertex -23.914020538330078 12.020589828491211 4.1216530799865723
    endloop
  endfacet
  facet normal -0.72623257443619826 0 -0.68744908744413336
    outer loop
      vertex -23.949342727661133 10.845589637756348 4.1519718170166016
      vertex -23.981342315673828 10.845589637756348 4.1857767105102539
      vertex -23.981342315673828 12.020589828491211 4.1857767105102539
    endloop
  endfacet
  facet normal -0.72623257443619826 0 -0.68744908744413336
    outer loop
      vertex -23.949342727661133 10.845589637756348 4.1519718170166016
      vertex -23.981342315673828 12.020589828491211 4.1857767105102539
      vertex -23.949342727661133 12.020589828491211 4.1519718170166016
    endloop
  endfacet
  facet normal -0.79337283560969685 0 -0.60873602137267102
    outer loop
      vertex -23.981342315673828 10.845589637756348 4.1857767105102539
      vertex -24.009677886962891 10.845589637756348 4.2227067947387695
      vertex -24.009677886962891 12.020589828491211 4.2227067947387695
    endloop
  endfacet
  facet normal -0.79337283560969685 -0 -0.60873602137267102
    outer loop
      vertex -23.981342315673828 10.845589637756348 4.1857767105102539
      vertex -24.009677886962891 12.020589828491211 4.2227067947387695
      vertex -23.981342315673828 12.020589828491211 4.1857767105102539
    endloop
  endfacet
  facet normal -0.85198172944072226 0 -0.5235715163176814
    outer loop
      vertex -24.009677886962891 10.845589637756348 4.2227067947387695
      vertex -24.034049987792969 10.845589637756348 4.2623662948608398
      vertex -24.034049987792969 12.020589828491211 4.2623662948608398
    endloop
  endfacet
  facet normal -0.85198172944072215 -0 -0.52357151631768128
    outer loop
      vertex -24.009677886962891 10.845589637756348 4.2227067947387695
      vertex -24.034049987792969 12.020589828491211 4.2623662948608398
      vertex -24.009677886962891 12.020589828491211 4.2227067947387695
    endloop
  endfacet
  facet normal -0.90153840265492735 0 -0.43269909699282033
    outer loop
      vertex -24.034049987792969 10.845589637756348 4.2623662948608398
      vertex -24.054191589355469 10.845589637756348 4.3043317794799805
      vertex -24.054191589355469 12.020589828491211 4.3043317794799805
    endloop
  endfacet
  facet normal -0.90153840265492735 0 -0.43269909699282033
    outer loop
      vertex -24.034049987792969 10.845589637756348 4.2623662948608398
      vertex -24.054191589355469 12.020589828491211 4.3043317794799805
      vertex -24.034049987792969 12.020589828491211 4.2623662948608398
    endloop
  endfacet
  facet normal -0.94139563123475323 0 -0.33730441072141409
    outer loop
      vertex -24.054191589355469 10.845589637756348 4.3043317794799805
      vertex -24.069892883300781 10.845589637756348 4.3481531143188477
      vertex -24.069892883300781 12.020589828491211 4.3481531143188477
    endloop
  endfacet
  facet normal -0.94139563123475323 0 -0.33730441072141409
    outer loop
      vertex -24.054191589355469 10.845589637756348 4.3043317794799805
      vertex -24.069892883300781 12.020589828491211 4.3481531143188477
      vertex -24.054191589355469 12.020589828491211 4.3043317794799805
    endloop
  endfacet
  facet normal -0.97121862449668273 0 -0.23818980547196358
    outer loop
      vertex -24.069892883300781 10.845589637756348 4.3481531143188477
      vertex -24.08098030090332 10.845589637756348 4.3933620452880859
      vertex -24.08098030090332 12.020589828491211 4.3933620452880859
    endloop
  endfacet
  facet normal -0.97121862449668273 0 -0.23818980547196358
    outer loop
      vertex -24.069892883300781 10.845589637756348 4.3481531143188477
      vertex -24.08098030090332 12.020589828491211 4.3933620452880859
      vertex -24.069892883300781 12.020589828491211 4.3481531143188477
    endloop
  endfacet
  facet normal -0.99062457144789129 0 -0.13661243883220009
    outer loop
      vertex -24.08098030090332 10.845589637756348 4.3933620452880859
      vertex -24.087339401245117 10.845589637756348 4.4394741058349609
      vertex -24.087339401245117 12.020589828491211 4.4394741058349609
    endloop
  endfacet
  facet normal -0.99062457144789129 0 -0.13661243883220009
    outer loop
      vertex -24.08098030090332 10.845589637756348 4.3933620452880859
      vertex -24.087339401245117 12.020589828491211 4.4394741058349609
      vertex -24.08098030090332 12.020589828491211 4.3933620452880859
    endloop
  endfacet
  facet normal -0.9994367481246792 0 -0.033558702268810012
    outer loop
      vertex -24.087339401245117 10.845589637756348 4.4394741058349609
      vertex -24.088901519775391 10.845589637756348 4.4859967231750488
      vertex -24.088901519775391 12.020589828491211 4.4859967231750488
    endloop
  endfacet
  facet normal -0.9994367481246792 -0 -0.033558702268810012
    outer loop
      vertex -24.087339401245117 10.845589637756348 4.4394741058349609
      vertex -24.088901519775391 12.020589828491211 4.4859967231750488
      vertex -24.087339401245117 12.020589828491211 4.4394741058349609
    endloop
  endfacet
  facet normal -0.99755664036337177 0 0.069862359442999677
    outer loop
      vertex -24.088901519775391 10.845589637756348 4.4859967231750488
      vertex -24.085649490356445 10.845589637756348 4.5324320793151855
      vertex -24.085649490356445 12.020589828491211 4.5324320793151855
    endloop
  endfacet
  facet normal -0.99755664036337177 0 0.069862359442999691
    outer loop
      vertex -24.088901519775391 10.845589637756348 4.4859967231750488
      vertex -24.085649490356445 12.020589828491211 4.5324320793151855
      vertex -24.088901519775391 12.020589828491211 4.4859967231750488
    endloop
  endfacet
  facet normal -0.98500140529930735 0 0.17254631713945603
    outer loop
      vertex -24.085649490356445 10.845589637756348 4.5324320793151855
      vertex -24.077617645263672 10.845589637756348 4.5782828330993652
      vertex -24.077617645263672 12.020589828491211 4.5782828330993652
    endloop
  endfacet
  facet normal -0.98500140529930746 0 0.17254631713945603
    outer loop
      vertex -24.085649490356445 10.845589637756348 4.5324320793151855
      vertex -24.077617645263672 12.020589828491211 4.5782828330993652
      vertex -24.085649490356445 12.020589828491211 4.5324320793151855
    endloop
  endfacet
  facet normal -0.96190416934640177 0 0.27338684861201445
    outer loop
      vertex -24.077617645263672 10.845589637756348 4.5782828330993652
      vertex -24.064891815185547 10.845589637756348 4.6230583190917969
      vertex -24.064891815185547 12.020589828491211 4.6230583190917969
    endloop
  endfacet
  facet normal -0.96190416934640177 0 0.27338684861201445
    outer loop
      vertex -24.077617645263672 10.845589637756348 4.5782828330993652
      vertex -24.064891815185547 12.020589828491211 4.6230583190917969
      vertex -24.077617645263672 12.020589828491211 4.5782828330993652
    endloop
  endfacet
  facet normal -0.92852189818294018 0 0.37127763815606984
    outer loop
      vertex -24.064891815185547 10.845589637756348 4.6230583190917969
      vertex -24.047609329223633 10.845589637756348 4.6662797927856445
      vertex -24.047609329223633 12.020589828491211 4.6662797927856445
    endloop
  endfacet
  facet normal -0.92852189818294029 0 0.3712776381560699
    outer loop
      vertex -24.064891815185547 10.845589637756348 4.6230583190917969
      vertex -24.047609329223633 12.020589828491211 4.6662797927856445
      vertex -24.064891815185547 12.020589828491211 4.6230583190917969
    endloop
  endfacet
  facet normal -0.88519049615560219 0 0.46522874536704928
    outer loop
      vertex -24.047609329223633 10.845589637756348 4.6662797927856445
      vertex -24.02595329284668 10.845589637756348 4.7074847221374512
      vertex -24.02595329284668 12.020589828491211 4.7074847221374512
    endloop
  endfacet
  facet normal -0.88519049615560219 0 0.46522874536704928
    outer loop
      vertex -24.047609329223633 10.845589637756348 4.6662797927856445
      vertex -24.02595329284668 12.020589828491211 4.7074847221374512
      vertex -24.047609329223633 12.020589828491211 4.6662797927856445
    endloop
  endfacet
  facet normal -0.83239369304800626 0 0.5541847523830854
    outer loop
      vertex -24.02595329284668 10.845589637756348 4.7074847221374512
      vertex -24.000156402587891 10.845589637756348 4.7462320327758789
      vertex -24.000156402587891 12.020589828491211 4.7462320327758789
    endloop
  endfacet
  facet normal -0.83239369304800626 0 0.5541847523830854
    outer loop
      vertex -24.02595329284668 10.845589637756348 4.7074847221374512
      vertex -24.000156402587891 12.020589828491211 4.7462320327758789
      vertex -24.02595329284668 12.020589828491211 4.7074847221374512
    endloop
  endfacet
  facet normal -0.77071763458025899 0 0.63717684181631273
    outer loop
      vertex -24.000156402587891 10.845589637756348 4.7462320327758789
      vertex -23.970497131347656 10.845589637756348 4.7821073532104492
      vertex -23.970497131347656 12.020589828491211 4.7821073532104492
    endloop
  endfacet
  facet normal -0.77071763458025899 0 0.63717684181631273
    outer loop
      vertex -24.000156402587891 10.845589637756348 4.7462320327758789
      vertex -23.970497131347656 12.020589828491211 4.7821073532104492
      vertex -24.000156402587891 12.020589828491211 4.7462320327758789
    endloop
  endfacet
  facet normal -0.70074265085873588 -0 0.71341414148268167
    outer loop
      vertex -23.970497131347656 10.845589637756348 4.7821073532104492
      vertex -23.937288284301758 10.845589637756348 4.8147263526916504
      vertex -23.937288284301758 12.020589828491211 4.8147263526916504
    endloop
  endfacet
  facet normal -0.70074265085873588 0 0.71341414148268167
    outer loop
      vertex -23.970497131347656 10.845589637756348 4.7821073532104492
      vertex -23.937288284301758 12.020589828491211 4.8147263526916504
      vertex -23.970497131347656 12.020589828491211 4.7821073532104492
    endloop
  endfacet
  facet normal -0.62330864364502736 -0 0.78197591699322577
    outer loop
      vertex -23.937288284301758 10.845589637756348 4.8147263526916504
      vertex -23.900888442993164 10.845589637756348 4.8437404632568359
      vertex -23.900888442993164 12.020589828491211 4.8437404632568359
    endloop
  endfacet
  facet normal -0.62330864364502736 0 0.78197591699322577
    outer loop
      vertex -23.937288284301758 10.845589637756348 4.8147263526916504
      vertex -23.900888442993164 12.020589828491211 4.8437404632568359
      vertex -23.937288284301758 12.020589828491211 4.8147263526916504
    endloop
  endfacet
  facet normal -0.53918275262769066 -0 0.84218879075230291
    outer loop
      vertex -23.900888442993164 10.845589637756348 4.8437404632568359
      vertex -23.861684799194336 10.845589637756348 4.8688392639160156
      vertex -23.861684799194336 12.020589828491211 4.8688392639160156
    endloop
  endfacet
  facet normal -0.53918275262769066 0 0.84218879075230291
    outer loop
      vertex -23.900888442993164 10.845589637756348 4.8437404632568359
      vertex -23.861684799194336 12.020589828491211 4.8688392639160156
      vertex -23.900888442993164 12.020589828491211 4.8437404632568359
    endloop
  endfacet
  facet normal -0.4493185523008732 0 0.89337161280076949
    outer loop
      vertex -23.861684799194336 10.845589637756348 4.8688392639160156
      vertex -23.820100784301758 10.845589637756348 4.8897538185119629
      vertex -23.820100784301758 12.020589828491211 4.8897538185119629
    endloop
  endfacet
  facet normal -0.4493185523008732 0 0.89337161280076949
    outer loop
      vertex -23.861684799194336 10.845589637756348 4.8688392639160156
      vertex -23.820100784301758 12.020589828491211 4.8897538185119629
      vertex -23.861684799194336 12.020589828491211 4.8688392639160156
    endloop
  endfacet
  facet normal -0.35459648908906261 -0 0.93501942756592527
    outer loop
      vertex -23.820100784301758 10.845589637756348 4.8897538185119629
      vertex -23.776575088500977 10.845589637756348 4.9062604904174805
      vertex -23.776575088500977 12.020589828491211 4.9062604904174805
    endloop
  endfacet
  facet normal -0.35459648908906261 0 0.93501942756592527
    outer loop
      vertex -23.820100784301758 10.845589637756348 4.8897538185119629
      vertex -23.776575088500977 12.020589828491211 4.9062604904174805
      vertex -23.820100784301758 12.020589828491211 4.8897538185119629
    endloop
  endfacet
  facet normal -0.25611554874841369 -0 0.96664617398989316
    outer loop
      vertex -23.776575088500977 10.845589637756348 4.9062604904174805
      vertex -23.731578826904297 10.845589637756348 4.918182373046875
      vertex -23.731578826904297 12.020589828491211 4.918182373046875
    endloop
  endfacet
  facet normal -0.25611554874841369 0 0.96664617398989316
    outer loop
      vertex -23.776575088500977 10.845589637756348 4.9062604904174805
      vertex -23.731578826904297 12.020589828491211 4.918182373046875
      vertex -23.776575088500977 12.020589828491211 4.9062604904174805
    endloop
  endfacet
  facet normal -0.15489935093051935 -0 0.98793025618274488
    outer loop
      vertex -23.731578826904297 10.845589637756348 4.918182373046875
      vertex -23.685592651367188 10.845589637756348 4.9253926277160645
      vertex -23.685592651367188 12.020589828491211 4.9253926277160645
    endloop
  endfacet
  facet normal -0.15489935093051935 0 0.98793025618274488
    outer loop
      vertex -23.731578826904297 10.845589637756348 4.918182373046875
      vertex -23.685592651367188 12.020589828491211 4.9253926277160645
      vertex -23.731578826904297 12.020589828491211 4.918182373046875
    endloop
  endfacet
  facet normal -0.052007726150209023 -0 0.99864668247618216
    outer loop
      vertex -23.685592651367188 10.845589637756348 4.9253926277160645
      vertex -23.639106750488281 10.845589637756348 4.9278135299682617
      vertex -23.639106750488281 12.020589828491211 4.9278135299682617
    endloop
  endfacet
  facet normal -0.052007726150209023 0 0.99864668247618216
    outer loop
      vertex -23.685592651367188 10.845589637756348 4.9253926277160645
      vertex -23.639106750488281 12.020589828491211 4.9278135299682617
      vertex -23.685592651367188 12.020589828491211 4.9253926277160645
    endloop
  endfacet
  facet normal 0.051423278616027877 -0 0.99867694797485851
    outer loop
      vertex -23.639106750488281 10.845589637756348 4.9278135299682617
      vertex -23.592618942260742 10.845589637756348 4.925419807434082
      vertex -23.592618942260742 12.020589828491211 4.925419807434082
    endloop
  endfacet
  facet normal 0.051423278616027877 0 0.99867694797485851
    outer loop
      vertex -23.639106750488281 10.845589637756348 4.9278135299682617
      vertex -23.592618942260742 12.020589828491211 4.925419807434082
      vertex -23.639106750488281 12.020589828491211 4.9278135299682617
    endloop
  endfacet
  facet normal 0.15433063237903635 -0 0.98801925887580089
    outer loop
      vertex -23.592618942260742 10.845589637756348 4.925419807434082
      vertex -23.546627044677734 10.845589637756348 4.9182357788085938
      vertex -23.546627044677734 12.020589828491211 4.9182357788085938
    endloop
  endfacet
  facet normal 0.15433063237903638 0 0.98801925887580089
    outer loop
      vertex -23.592618942260742 10.845589637756348 4.925419807434082
      vertex -23.546627044677734 12.020589828491211 4.9182357788085938
      vertex -23.592618942260742 12.020589828491211 4.925419807434082
    endloop
  endfacet
  facet normal 0.25556818183909419 -0 0.96679103452165915
    outer loop
      vertex -23.546627044677734 10.845589637756348 4.9182357788085938
      vertex -23.501625061035156 10.845589637756348 4.9063396453857422
      vertex -23.501625061035156 12.020589828491211 4.9063396453857422
    endloop
  endfacet
  facet normal 0.25556818183909419 0 0.96679103452165915
    outer loop
      vertex -23.546627044677734 10.845589637756348 4.9182357788085938
      vertex -23.501625061035156 12.020589828491211 4.9063396453857422
      vertex -23.546627044677734 12.020589828491211 4.9182357788085938
    endloop
  endfacet
  facet normal 0.35406743399601392 -0 0.93521989509605619
    outer loop
      vertex -23.501625061035156 10.845589637756348 4.9063396453857422
      vertex -23.458091735839844 10.845589637756348 4.8898582458496094
      vertex -23.458091735839844 12.020589828491211 4.8898582458496094
    endloop
  endfacet
  facet normal 0.35406743399601392 0 0.93521989509605619
    outer loop
      vertex -23.501625061035156 10.845589637756348 4.9063396453857422
      vertex -23.458091735839844 12.020589828491211 4.8898582458496094
      vertex -23.501625061035156 12.020589828491211 4.9063396453857422
    endloop
  endfacet
  facet normal 0.44877811802549977 -0 0.8936432178344389
    outer loop
      vertex -23.458091735839844 10.845589637756348 4.8898582458496094
      vertex -23.416492462158203 10.845589637756348 4.8689675331115723
      vertex -23.416492462158203 12.020589828491211 4.8689675331115723
    endloop
  endfacet
  facet normal 0.44877811802549977 0 0.8936432178344389
    outer loop
      vertex -23.458091735839844 10.845589637756348 4.8898582458496094
      vertex -23.416492462158203 12.020589828491211 4.8689675331115723
      vertex -23.458091735839844 12.020589828491211 4.8898582458496094
    endloop
  endfacet
  facet normal 0.53870366131649716 -0 0.84249532063044774
    outer loop
      vertex -23.416492462158203 10.845589637756348 4.8689675331115723
      vertex -23.377275466918945 10.845589637756348 4.8438916206359863
      vertex -23.377275466918945 12.020589828491211 4.8438916206359863
    endloop
  endfacet
  facet normal 0.53870366131649716 0 0.84249532063044774
    outer loop
      vertex -23.416492462158203 10.845589637756348 4.8689675331115723
      vertex -23.377275466918945 12.020589828491211 4.8438916206359863
      vertex -23.416492462158203 12.020589828491211 4.8689675331115723
    endloop
  endfacet
  facet normal 0.62287314541120076 -0 0.78232285197708307
    outer loop
      vertex -23.377275466918945 10.845589637756348 4.8438916206359863
      vertex -23.340860366821289 10.845589637756348 4.8148984909057617
      vertex -23.340860366821289 12.020589828491211 4.8148984909057617
    endloop
  endfacet
  facet normal 0.62287314541120076 0 0.78232285197708307
    outer loop
      vertex -23.377275466918945 10.845589637756348 4.8438916206359863
      vertex -23.340860366821289 12.020589828491211 4.8148984909057617
      vertex -23.377275466918945 12.020589828491211 4.8438916206359863
    endloop
  endfacet
  facet normal 0.70032914799579371 -0 0.71382006448928415
    outer loop
      vertex -23.340860366821289 10.845589637756348 4.8148984909057617
      vertex -23.307632446289062 10.845589637756348 4.7822985649108887
      vertex -23.307632446289062 12.020589828491211 4.7822985649108887
    endloop
  endfacet
  facet normal 0.70032914799579371 0 0.71382006448928415
    outer loop
      vertex -23.340860366821289 10.845589637756348 4.8148984909057617
      vertex -23.307632446289062 12.020589828491211 4.7822985649108887
      vertex -23.340860366821289 12.020589828491211 4.8148984909057617
    endloop
  endfacet
  facet normal 0.77032630492932641 -0 0.63764989134628602
    outer loop
      vertex -23.307632446289062 10.845589637756348 4.7822985649108887
      vertex -23.277950286865234 10.845589637756348 4.7464404106140137
      vertex -23.277950286865234 12.020589828491211 4.7464404106140137
    endloop
  endfacet
  facet normal 0.77032630492932641 0 0.63764989134628602
    outer loop
      vertex -23.307632446289062 10.845589637756348 4.7822985649108887
      vertex -23.277950286865234 12.020589828491211 4.7464404106140137
      vertex -23.307632446289062 12.020589828491211 4.7822985649108887
    endloop
  endfacet
  facet normal 0.83206920516274585 -0 0.55467182894017286
    outer loop
      vertex -23.277950286865234 10.845589637756348 4.7464404106140137
      vertex -23.252130508422852 10.845589637756348 4.7077078819274902
      vertex -23.252130508422852 12.020589828491211 4.7077078819274902
    endloop
  endfacet
  facet normal 0.83206920516274585 0 0.55467182894017286
    outer loop
      vertex -23.277950286865234 10.845589637756348 4.7464404106140137
      vertex -23.252130508422852 12.020589828491211 4.7077078819274902
      vertex -23.277950286865234 12.020589828491211 4.7464404106140137
    endloop
  endfacet
  facet normal 0.88494710827233114 -0 0.46569154551101638
    outer loop
      vertex -23.252130508422852 10.845589637756348 4.7077078819274902
      vertex -23.230453491210938 10.845589637756348 4.6665153503417969
      vertex -23.230453491210938 12.020589828491211 4.6665153503417969
    endloop
  endfacet
  facet normal 0.88494710827233114 0 0.46569154551101638
    outer loop
      vertex -23.252130508422852 10.845589637756348 4.7077078819274902
      vertex -23.230453491210938 12.020589828491211 4.6665153503417969
      vertex -23.252130508422852 12.020589828491211 4.7077078819274902
    endloop
  endfacet
  facet normal 0.92829431186255384 -0 0.37184629965030958
    outer loop
      vertex -23.230453491210938 10.845589637756348 4.6665153503417969
      vertex -23.213144302368164 10.845589637756348 4.6233038902282715
      vertex -23.213144302368164 12.020589828491211 4.6233038902282715
    endloop
  endfacet
  facet normal 0.92829431186255384 0 0.37184629965030958
    outer loop
      vertex -23.230453491210938 10.845589637756348 4.6665153503417969
      vertex -23.213144302368164 12.020589828491211 4.6233038902282715
      vertex -23.230453491210938 12.020589828491211 4.6665153503417969
    endloop
  endfacet
  facet normal 0.96175168876694661 -0 0.2739227795454881
    outer loop
      vertex -23.213144302368164 10.845589637756348 4.6233038902282715
      vertex -23.200393676757812 10.845589637756348 4.5785360336303711
      vertex -23.200393676757812 12.020589828491211 4.5785360336303711
    endloop
  endfacet
  facet normal 0.96175168876694661 0 0.2739227795454881
    outer loop
      vertex -23.213144302368164 10.845589637756348 4.6233038902282715
      vertex -23.200393676757812 12.020589828491211 4.5785360336303711
      vertex -23.213144302368164 12.020589828491211 4.6233038902282715
    endloop
  endfacet
  facet normal 0.98474539172970144 -0 0.17400147547396549
    outer loop
      vertex -23.200393676757812 10.845589637756348 4.5785360336303711
      vertex -23.19233512878418 10.845589637756348 4.5329294204711914
      vertex -23.19233512878418 12.020589828491211 4.5329294204711914
    endloop
  endfacet
  facet normal 0.98474539172970144 0 0.17400147547396549
    outer loop
      vertex -23.200393676757812 10.845589637756348 4.5785360336303711
      vertex -23.19233512878418 12.020589828491211 4.5329294204711914
      vertex -23.200393676757812 12.020589828491211 4.5785360336303711
    endloop
  endfacet
  facet normal -0.96076711331362952 0 0.2773563663862707
    outer loop
      vertex -23.19233512878418 10.845589637756348 4.5329294204711914
      vertex -23.082902908325195 10.845589637756348 4.9120044708251953
      vertex -23.082902908325195 12.020589828491211 4.9120044708251953
    endloop
  endfacet
  facet normal -0.96076711331362952 0 0.2773563663862707
    outer loop
      vertex -23.19233512878418 10.845589637756348 4.5329294204711914
      vertex -23.082902908325195 12.020589828491211 4.9120044708251953
      vertex -23.19233512878418 12.020589828491211 4.5329294204711914
    endloop
  endfacet
  facet normal 0 -0 1
    outer loop
      vertex -23.082902908325195 10.845589637756348 4.9120044708251953
      vertex -22.898931503295898 10.845589637756348 4.9120044708251953
      vertex -22.898931503295898 12.020589828491211 4.9120044708251953
    endloop
  endfacet
  facet normal -0 0 1
    outer loop
      vertex -23.082902908325195 10.845589637756348 4.9120044708251953
      vertex -22.898931503295898 12.020589828491211 4.9120044708251953
      vertex -23.082902908325195 12.020589828491211 4.9120044708251953
    endloop
  endfacet
  facet normal 0.96072184238300751 -0 0.27751313764973307
    outer loop
      vertex -22.898931503295898 10.845589637756348 4.9120044708251953
      vertex -22.768932342529297 10.845589637756348 4.4619607925415039
      vertex -22.768932342529297 12.020589828491211 4.4619607925415039
    endloop
  endfacet
  facet normal 0.96072184238300751 0 0.27751313764973307
    outer loop
      vertex -22.898931503295898 10.845589637756348 4.9120044708251953
      vertex -22.768932342529297 12.020589828491211 4.4619607925415039
      vertex -22.898931503295898 12.020589828491211 4.9120044708251953
    endloop
  endfacet
  facet normal 0 -0 1
    outer loop
      vertex -22.768932342529297 10.845589637756348 4.4619607925415039
      vertex -22.572904586791992 10.845589637756348 4.4619607925415039
      vertex -22.572904586791992 12.020589828491211 4.4619607925415039
    endloop
  endfacet
  facet normal -0 0 1
    outer loop
      vertex -22.768932342529297 10.845589637756348 4.4619607925415039
      vertex -22.572904586791992 12.020589828491211 4.4619607925415039
      vertex -22.768932342529297 12.020589828491211 4.4619607925415039
    endloop
  endfacet
  facet normal -0.9607207568157301 0 0.27751689574404392
    outer loop
      vertex -22.572904586791992 10.845589637756348 4.4619607925415039
      vertex -22.442903518676758 10.845589637756348 4.9120044708251953
      vertex -22.442903518676758 12.020589828491211 4.9120044708251953
    endloop
  endfacet
  facet normal -0.9607207568157301 0 0.27751689574404398
    outer loop
      vertex -22.572904586791992 10.845589637756348 4.4619607925415039
      vertex -22.442903518676758 12.020589828491211 4.9120044708251953
      vertex -22.572904586791992 12.020589828491211 4.4619607925415039
    endloop
  endfacet
  facet normal 0.0013032427527249922 -0 0.99999915077880308
    outer loop
      vertex -22.442903518676758 10.845589637756348 4.9120044708251953
      vertex -22.25886344909668 10.845589637756348 4.9117646217346191
      vertex -22.25886344909668 12.020589828491211 4.9117646217346191
    endloop
  endfacet
  facet normal 0.0013032427527249922 0 0.99999915077880308
    outer loop
      vertex -22.442903518676758 10.845589637756348 4.9120044708251953
      vertex -22.25886344909668 12.020589828491211 4.9117646217346191
      vertex -22.442903518676758 12.020589828491211 4.9120044708251953
    endloop
  endfacet
  facet normal 0.2737127887539651 -0 0.96181147283265811
    outer loop
      vertex -22.25886344909668 10.845589637756348 4.9117646217346191
      vertex -22.258022308349609 10.845589637756348 4.9115252494812012
      vertex -22.258022308349609 12.020589828491211 4.9115252494812012
    endloop
  endfacet
  facet normal 0.27371278875396504 0 0.96181147283265811
    outer loop
      vertex -22.25886344909668 10.845589637756348 4.9117646217346191
      vertex -22.258022308349609 12.020589828491211 4.9115252494812012
      vertex -22.25886344909668 12.020589828491211 4.9117646217346191
    endloop
  endfacet
  facet normal 0.96115925051124695 -0 0.27599437522648568
    outer loop
      vertex -22.258022308349609 10.845589637756348 4.9115252494812012
      vertex -22.128931045532227 10.845589637756348 4.4619607925415039
      vertex -22.128931045532227 12.020589828491211 4.4619607925415039
    endloop
  endfacet
  facet normal 0.96115925051124695 0 0.27599437522648568
    outer loop
      vertex -22.258022308349609 10.845589637756348 4.9115252494812012
      vertex -22.128931045532227 12.020589828491211 4.4619607925415039
      vertex -22.258022308349609 12.020589828491211 4.9115252494812012
    endloop
  endfacet
  facet normal 0 -0 1
    outer loop
      vertex -22.128931045532227 10.845589637756348 4.4619607925415039
      vertex -21.932905197143555 10.845589637756348 4.4619607925415039
      vertex -21.932905197143555 12.020589828491211 4.4619607925415039
    endloop
  endfacet
  facet normal -0 0 1
    outer loop
      vertex -22.128931045532227 10.845589637756348 4.4619607925415039
      vertex -21.932905197143555 12.020589828491211 4.4619607925415039
      vertex -22.128931045532227 12.020589828491211 4.4619607925415039
    endloop
  endfacet
  facet normal -0.9607207568157301 0 0.27751689574404392
    outer loop
      vertex -21.932905197143555 10.845589637756348 4.4619607925415039
      vertex -21.80290412902832 10.845589637756348 4.9120044708251953
      vertex -21.80290412902832 12.020589828491211 4.9120044708251953
    endloop
  endfacet
  facet normal -0.9607207568157301 0 0.27751689574404398
    outer loop
      vertex -21.932905197143555 10.845589637756348 4.4619607925415039
      vertex -21.80290412902832 12.020589828491211 4.9120044708251953
      vertex -21.932905197143555 12.020589828491211 4.4619607925415039
    endloop
  endfacet
  facet normal 0 -0 1
    outer loop
      vertex -21.80290412902832 10.845589637756348 4.9120044708251953
      vertex -21.618932723999023 10.845589637756348 4.9120044708251953
      vertex -21.618932723999023 12.020589828491211 4.9120044708251953
    endloop
  endfacet
  facet normal -0 0 1
    outer loop
      vertex -21.80290412902832 10.845589637756348 4.9120044708251953
      vertex -21.618932723999023 12.020589828491211 4.9120044708251953
      vertex -21.80290412902832 12.020589828491211 4.9120044708251953
    endloop
  endfacet
  facet normal 0.9607207568157301 -0 0.27751689574404392
    outer loop
      vertex -21.618932723999023 10.845589637756348 4.9120044708251953
      vertex -21.488931655883789 10.845589637756348 4.4619607925415039
      vertex -21.488931655883789 12.020589828491211 4.4619607925415039
    endloop
  endfacet
  facet normal 0.9607207568157301 0 0.27751689574404398
    outer loop
      vertex -21.618932723999023 10.845589637756348 4.9120044708251953
      vertex -21.488931655883789 12.020589828491211 4.4619607925415039
      vertex -21.618932723999023 12.020589828491211 4.9120044708251953
    endloop
  endfacet
  facet normal 0 -0 1
    outer loop
      vertex -21.488931655883789 10.845589637756348 4.4619607925415039
      vertex -21.292905807495117 10.845589637756348 4.4619607925415039
      vertex -21.292905807495117 12.020589828491211 4.4619607925415039
    endloop
  endfacet
  facet normal -0 0 1
    outer loop
      vertex -21.488931655883789 10.845589637756348 4.4619607925415039
      vertex -21.292905807495117 12.020589828491211 4.4619607925415039
      vertex -21.488931655883789 12.020589828491211 4.4619607925415039
    endloop
  endfacet
  facet normal -0.9607207568157301 0 0.27751689574404392
    outer loop
      vertex -21.292905807495117 10.845589637756348 4.4619607925415039
      vertex -21.162904739379883 10.845589637756348 4.9120044708251953
      vertex -21.162904739379883 12.020589828491211 4.9120044708251953
    endloop
  endfacet
  facet normal -0.9607207568157301 0 0.27751689574404398
    outer loop
      vertex -21.292905807495117 10.845589637756348 4.4619607925415039
      vertex -21.162904739379883 12.020589828491211 4.9120044708251953
      vertex -21.292905807495117 12.020589828491211 4.4619607925415039
    endloop
  endfacet
  facet normal 0 -0 1
    outer loop
      vertex -21.162904739379883 10.845589637756348 4.9120044708251953
      vertex -20.978933334350586 10.845589637756348 4.9120044708251953
      vertex -20.978933334350586 12.020589828491211 4.9120044708251953
    endloop
  endfacet
  facet normal -0 0 1
    outer loop
      vertex -21.162904739379883 10.845589637756348 4.9120044708251953
      vertex -20.978933334350586 12.020589828491211 4.9120044708251953
      vertex -21.162904739379883 12.020589828491211 4.9120044708251953
    endloop
  endfacet
  facet normal 0.9607207568157301 -0 0.27751689574404392
    outer loop
      vertex -20.978933334350586 10.845589637756348 4.9120044708251953
      vertex -20.848932266235352 10.845589637756348 4.4619607925415039
      vertex -20.848932266235352 12.020589828491211 4.4619607925415039
    endloop
  endfacet
  facet normal 0.9607207568157301 0 0.27751689574404398
    outer loop
      vertex -20.978933334350586 10.845589637756348 4.9120044708251953
      vertex -20.848932266235352 12.020589828491211 4.4619607925415039
      vertex -20.978933334350586 12.020589828491211 4.9120044708251953
    endloop
  endfacet
  facet normal 0 -0 1
    outer loop
      vertex -20.848932266235352 10.845589637756348 4.4619607925415039
      vertex -20.652904510498047 10.845589637756348 4.4619607925415039
      vertex -20.652904510498047 12.020589828491211 4.4619607925415039
    endloop
  endfacet
  facet normal -0 0 1
    outer loop
      vertex -20.848932266235352 10.845589637756348 4.4619607925415039
      vertex -20.652904510498047 12.020589828491211 4.4619607925415039
      vertex -20.848932266235352 12.020589828491211 4.4619607925415039
    endloop
  endfacet
  facet normal -0.9607207568157301 0 0.27751689574404392
    outer loop
      vertex -20.652904510498047 10.845589637756348 4.4619607925415039
      vertex -20.522903442382812 10.845589637756348 4.9120044708251953
      vertex -20.522903442382812 12.020589828491211 4.9120044708251953
    endloop
  endfacet
  facet normal -0.9607207568157301 0 0.27751689574404398
    outer loop
      vertex -20.652904510498047 10.845589637756348 4.4619607925415039
      vertex -20.522903442382812 12.020589828491211 4.9120044708251953
      vertex -20.652904510498047 12.020589828491211 4.4619607925415039
    endloop
  endfacet
  facet normal 0 -0 1
    outer loop
      vertex -20.522903442382812 10.845589637756348 4.9120044708251953
      vertex -20.338932037353516 10.845589637756348 4.9120044708251953
      vertex -20.338932037353516 12.020589828491211 4.9120044708251953
    endloop
  endfacet
  facet normal -0 0 1
    outer loop
      vertex -20.522903442382812 10.845589637756348 4.9120044708251953
      vertex -20.338932037353516 12.020589828491211 4.9120044708251953
      vertex -20.522903442382812 12.020589828491211 4.9120044708251953
    endloop
  endfacet
  facet normal 0.96072184238300751 -0 0.27751313764973307
    outer loop
      vertex -20.338932037353516 10.845589637756348 4.9120044708251953
      vertex -20.208932876586914 10.845589637756348 4.4619607925415039
      vertex -20.208932876586914 12.020589828491211 4.4619607925415039
    endloop
  endfacet
  facet normal 0.96072184238300751 0 0.27751313764973307
    outer loop
      vertex -20.338932037353516 10.845589637756348 4.9120044708251953
      vertex -20.208932876586914 12.020589828491211 4.4619607925415039
      vertex -20.338932037353516 12.020589828491211 4.9120044708251953
    endloop
  endfacet
  facet normal 0 -0 1
    outer loop
      vertex -20.208932876586914 10.845589637756348 4.4619607925415039
      vertex -20.012905120849609 10.845589637756348 4.4619607925415039
      vertex -20.012905120849609 12.020589828491211 4.4619607925415039
    endloop
  endfacet
  facet normal -0 0 1
    outer loop
      vertex -20.208932876586914 10.845589637756348 4.4619607925415039
      vertex -20.012905120849609 12.020589828491211 4.4619607925415039
      vertex -20.208932876586914 12.020589828491211 4.4619607925415039
    endloop
  endfacet
  facet normal -0.9607207568157301 0 0.27751689574404392
    outer loop
      vertex -20.012905120849609 10.845589637756348 4.4619607925415039
      vertex -19.882904052734375 10.845589637756348 4.9120044708251953
      vertex -19.882904052734375 12.020589828491211 4.9120044708251953
    endloop
  endfacet
  facet normal -0.9607207568157301 0 0.27751689574404398
    outer loop
      vertex -20.012905120849609 10.845589637756348 4.4619607925415039
      vertex -19.882904052734375 12.020589828491211 4.9120044708251953
      vertex -20.012905120849609 12.020589828491211 4.4619607925415039
    endloop
  endfacet
  facet normal 0 -0 1
    outer loop
      vertex -19.882904052734375 10.845589637756348 4.9120044708251953
      vertex -19.698932647705078 10.845589637756348 4.9120044708251953
      vertex -19.698932647705078 12.020589828491211 4.9120044708251953
    endloop
  endfacet
  facet normal -0 0 1
    outer loop
      vertex -19.882904052734375 10.845589637756348 4.9120044708251953
      vertex -19.698932647705078 12.020589828491211 4.9120044708251953
      vertex -19.882904052734375 12.020589828491211 4.9120044708251953
    endloop
  endfacet
  facet normal 0.9607207568157301 -0 0.27751689574404392
    outer loop
      vertex -19.698932647705078 10.845589637756348 4.9120044708251953
      vertex -19.568931579589844 10.845589637756348 4.4619607925415039
      vertex -19.568931579589844 12.020589828491211 4.4619607925415039
    endloop
  endfacet
  facet normal 0.9607207568157301 0 0.27751689574404398
    outer loop
      vertex -19.698932647705078 10.845589637756348 4.9120044708251953
      vertex -19.568931579589844 12.020589828491211 4.4619607925415039
      vertex -19.698932647705078 12.020589828491211 4.9120044708251953
    endloop
  endfacet
  facet normal 0 -0 1
    outer loop
      vertex -19.568931579589844 10.845589637756348 4.4619607925415039
      vertex -19.372903823852539 10.845589637756348 4.4619607925415039
      vertex -19.372903823852539 12.020589828491211 4.4619607925415039
    endloop
  endfacet
  facet normal -0 0 1
    outer loop
      vertex -19.568931579589844 10.845589637756348 4.4619607925415039
      vertex -19.372903823852539 12.020589828491211 4.4619607925415039
      vertex -19.568931579589844 12.020589828491211 4.4619607925415039
    endloop
  endfacet
  facet normal -0.96072184238300751 0 0.27751313764973307
    outer loop
      vertex -19.372903823852539 10.845589637756348 4.4619607925415039
      vertex -19.242904663085938 10.845589637756348 4.9120044708251953
      vertex -19.242904663085938 12.020589828491211 4.9120044708251953
    endloop
  endfacet
  facet normal -0.96072184238300751 0 0.27751313764973307
    outer loop
      vertex -19.372903823852539 10.845589637756348 4.4619607925415039
      vertex -19.242904663085938 12.020589828491211 4.9120044708251953
      vertex -19.372903823852539 12.020589828491211 4.4619607925415039
    endloop
  endfacet
  facet normal 0 -0 1
    outer loop
      vertex -19.242904663085938 10.845589637756348 4.9120044708251953
      vertex -19.058933258056641 10.845589637756348 4.9120044708251953
      vertex -19.058933258056641 12.020589828491211 4.9120044708251953
    endloop
  endfacet
  facet normal -0 0 1
    outer loop
      vertex -19.242904663085938 10.845589637756348 4.9120044708251953
      vertex -19.058933258056641 12.020589828491211 4.9120044708251953
      vertex -19.242904663085938 12.020589828491211 4.9120044708251953
    endloop
  endfacet
  facet normal 0.9607207568157301 -0 0.27751689574404392
    outer loop
      vertex -19.058933258056641 10.845589637756348 4.9120044708251953
      vertex -18.928932189941406 10.845589637756348 4.4619607925415039
      vertex -18.928932189941406 12.020589828491211 4.4619607925415039
    endloop
  endfacet
  facet normal 0.9607207568157301 0 0.27751689574404398
    outer loop
      vertex -19.058933258056641 10.845589637756348 4.9120044708251953
      vertex -18.928932189941406 12.020589828491211 4.4619607925415039
      vertex -19.058933258056641 12.020589828491211 4.9120044708251953
    endloop
  endfacet
  facet normal 0 -0 1
    outer loop
      vertex -18.928932189941406 10.845589637756348 4.4619607925415039
      vertex -18.732904434204102 10.845589637756348 4.4619607925415039
      vertex -18.732904434204102 12.020589828491211 4.4619607925415039
    endloop
  endfacet
  facet normal -0 0 1
    outer loop
      vertex -18.928932189941406 10.845589637756348 4.4619607925415039
      vertex -18.732904434204102 12.020589828491211 4.4619607925415039
      vertex -18.928932189941406 12.020589828491211 4.4619607925415039
    endloop
  endfacet
  facet normal -0.9607207568157301 0 0.27751689574404392
    outer loop
      vertex -18.732904434204102 10.845589637756348 4.4619607925415039
      vertex -18.602903366088867 10.845589637756348 4.9120044708251953
      vertex -18.602903366088867 12.020589828491211 4.9120044708251953
    endloop
  endfacet
  facet normal -0.9607207568157301 0 0.27751689574404398
    outer loop
      vertex -18.732904434204102 10.845589637756348 4.4619607925415039
      vertex -18.602903366088867 12.020589828491211 4.9120044708251953
      vertex -18.732904434204102 12.020589828491211 4.4619607925415039
    endloop
  endfacet
  facet normal 0 -0 1
    outer loop
      vertex -18.602903366088867 10.845589637756348 4.9120044708251953
      vertex -18.41893196105957 10.845589637756348 4.9120044708251953
      vertex -18.41893196105957 12.020589828491211 4.9120044708251953
    endloop
  endfacet
  facet normal -0 0 1
    outer loop
      vertex -18.602903366088867 10.845589637756348 4.9120044708251953
      vertex -18.41893196105957 12.020589828491211 4.9120044708251953
      vertex -18.602903366088867 12.020589828491211 4.9120044708251953
    endloop
  endfacet
  facet normal 0.96072184238300751 -0 0.27751313764973307
    outer loop
      vertex -18.41893196105957 10.845589637756348 4.9120044708251953
      vertex -18.288932800292969 10.845589637756348 4.4619607925415039
      vertex -18.288932800292969 12.020589828491211 4.4619607925415039
    endloop
  endfacet
  facet normal 0.96072184238300751 0 0.27751313764973307
    outer loop
      vertex -18.41893196105957 10.845589637756348 4.9120044708251953
      vertex -18.288932800292969 12.020589828491211 4.4619607925415039
      vertex -18.41893196105957 12.020589828491211 4.9120044708251953
    endloop
  endfacet
  facet normal 0 -0 1
    outer loop
      vertex -18.288932800292969 10.845589637756348 4.4619607925415039
      vertex -18.092905044555664 10.845589637756348 4.4619607925415039
      vertex -18.092905044555664 12.020589828491211 4.4619607925415039
    endloop
  endfacet
  facet normal -0 0 1
    outer loop
      vertex -18.288932800292969 10.845589637756348 4.4619607925415039
      vertex -18.092905044555664 12.020589828491211 4.4619607925415039
      vertex -18.288932800292969 12.020589828491211 4.4619607925415039
    endloop
  endfacet
  facet normal -0.9607207568157301 0 0.27751689574404392
    outer loop
      vertex -18.092905044555664 10.845589637756348 4.4619607925415039
      vertex -17.96290397644043 10.845589637756348 4.9120044708251953
      vertex -17.96290397644043 12.020589828491211 4.9120044708251953
    endloop
  endfacet
  facet normal -0.9607207568157301 0 0.27751689574404398
    outer loop
      vertex -18.092905044555664 10.845589637756348 4.4619607925415039
      vertex -17.96290397644043 12.020589828491211 4.9120044708251953
      vertex -18.092905044555664 12.020589828491211 4.4619607925415039
    endloop
  endfacet
  facet normal 0 -0 1
    outer loop
      vertex -17.96290397644043 10.845589637756348 4.9120044708251953
      vertex -17.778932571411133 10.845589637756348 4.9120044708251953
      vertex -17.778932571411133 12.020589828491211 4.9120044708251953
    endloop
  endfacet
  facet normal -0 0 1
    outer loop
      vertex -17.96290397644043 10.845589637756348 4.9120044708251953
      vertex -17.778932571411133 12.020589828491211 4.9120044708251953
      vertex -17.96290397644043 12.020589828491211 4.9120044708251953
    endloop
  endfacet
  facet normal 0.9607207568157301 -0 0.27751689574404392
    outer loop
      vertex -17.778932571411133 10.845589637756348 4.9120044708251953
      vertex -17.648931503295898 10.845589637756348 4.4619607925415039
      vertex -17.648931503295898 12.020589828491211 4.4619607925415039
    endloop
  endfacet
  facet normal 0.9607207568157301 0 0.27751689574404398
    outer loop
      vertex -17.778932571411133 10.845589637756348 4.9120044708251953
      vertex -17.648931503295898 12.020589828491211 4.4619607925415039
      vertex -17.778932571411133 12.020589828491211 4.9120044708251953
    endloop
  endfacet
  facet normal 0 -0 1
    outer loop
      vertex -17.648931503295898 10.845589637756348 4.4619607925415039
      vertex -17.452905654907227 10.845589637756348 4.4619607925415039
      vertex -17.452905654907227 12.020589828491211 4.4619607925415039
    endloop
  endfacet
  facet normal -0 0 1
    outer loop
      vertex -17.648931503295898 10.845589637756348 4.4619607925415039
      vertex -17.452905654907227 12.020589828491211 4.4619607925415039
      vertex -17.648931503295898 12.020589828491211 4.4619607925415039
    endloop
  endfacet
  facet normal -0.9607207568157301 0 0.27751689574404392
    outer loop
      vertex -17.452905654907227 10.845589637756348 4.4619607925415039
      vertex -17.322904586791992 10.845589637756348 4.9120044708251953
      vertex -17.322904586791992 12.020589828491211 4.9120044708251953
    endloop
  endfacet
  facet normal -0.9607207568157301 0 0.27751689574404398
    outer loop
      vertex -17.452905654907227 10.845589637756348 4.4619607925415039
      vertex -17.322904586791992 12.020589828491211 4.9120044708251953
      vertex -17.452905654907227 12.020589828491211 4.4619607925415039
    endloop
  endfacet
  facet normal 0 -0 1
    outer loop
      vertex -17.322904586791992 10.845589637756348 4.9120044708251953
      vertex -17.138933181762695 10.845589637756348 4.9120044708251953
      vertex -17.138933181762695 12.020589828491211 4.9120044708251953
    endloop
  endfacet
  facet normal -0 0 1
    outer loop
      vertex -17.322904586791992 10.845589637756348 4.9120044708251953
      vertex -17.138933181762695 12.020589828491211 4.9120044708251953
      vertex -17.322904586791992 12.020589828491211 4.9120044708251953
    endloop
  endfacet
  facet normal 0.9607207568157301 -0 0.27751689574404392
    outer loop
      vertex -17.138933181762695 10.845589637756348 4.9120044708251953
      vertex -17.008932113647461 10.845589637756348 4.4619607925415039
      vertex -17.008932113647461 12.020589828491211 4.4619607925415039
    endloop
  endfacet
  facet normal 0.9607207568157301 0 0.27751689574404398
    outer loop
      vertex -17.138933181762695 10.845589637756348 4.9120044708251953
      vertex -17.008932113647461 12.020589828491211 4.4619607925415039
      vertex -17.138933181762695 12.020589828491211 4.9120044708251953
    endloop
  endfacet
  facet normal 0 -0 1
    outer loop
      vertex -17.008932113647461 10.845589637756348 4.4619607925415039
      vertex -16.812904357910156 10.845589637756348 4.4619607925415039
      vertex -16.812904357910156 12.020589828491211 4.4619607925415039
    endloop
  endfacet
  facet normal -0 0 1
    outer loop
      vertex -17.008932113647461 10.845589637756348 4.4619607925415039
      vertex -16.812904357910156 12.020589828491211 4.4619607925415039
      vertex -17.008932113647461 12.020589828491211 4.4619607925415039
    endloop
  endfacet
  facet normal -0.9607207568157301 0 0.27751689574404392
    outer loop
      vertex -16.812904357910156 10.845589637756348 4.4619607925415039
      vertex -16.682903289794922 10.845589637756348 4.9120044708251953
      vertex -16.682903289794922 12.020589828491211 4.9120044708251953
    endloop
  endfacet
  facet normal -0.9607207568157301 0 0.27751689574404398
    outer loop
      vertex -16.812904357910156 10.845589637756348 4.4619607925415039
      vertex -16.682903289794922 12.020589828491211 4.9120044708251953
      vertex -16.812904357910156 12.020589828491211 4.4619607925415039
    endloop
  endfacet
  facet normal 0 -0 1
    outer loop
      vertex -16.682903289794922 10.845589637756348 4.9120044708251953
      vertex -16.498933792114258 10.845589637756348 4.9120044708251953
      vertex -16.498933792114258 12.020589828491211 4.9120044708251953
    endloop
  endfacet
  facet normal -0 0 1
    outer loop
      vertex -16.682903289794922 10.845589637756348 4.9120044708251953
      vertex -16.498933792114258 12.020589828491211 4.9120044708251953
      vertex -16.682903289794922 12.020589828491211 4.9120044708251953
    endloop
  endfacet
  facet normal 0.9607207568157301 -0 0.27751689574404392
    outer loop
      vertex -16.498933792114258 10.845589637756348 4.9120044708251953
      vertex -16.368932723999023 10.845589637756348 4.4619607925415039
      vertex -16.368932723999023 12.020589828491211 4.4619607925415039
    endloop
  endfacet
  facet normal 0.9607207568157301 0 0.27751689574404398
    outer loop
      vertex -16.498933792114258 10.845589637756348 4.9120044708251953
      vertex -16.368932723999023 12.020589828491211 4.4619607925415039
      vertex -16.498933792114258 12.020589828491211 4.9120044708251953
    endloop
  endfacet
  facet normal 0 -0 1
    outer loop
      vertex -16.368932723999023 10.845589637756348 4.4619607925415039
      vertex -16.172904968261719 10.845589637756348 4.4619607925415039
      vertex -16.172904968261719 12.020589828491211 4.4619607925415039
    endloop
  endfacet
  facet normal -0 0 1
    outer loop
      vertex -16.368932723999023 10.845589637756348 4.4619607925415039
      vertex -16.172904968261719 12.020589828491211 4.4619607925415039
      vertex -16.368932723999023 12.020589828491211 4.4619607925415039
    endloop
  endfacet
  facet normal -0.9607207568157301 0 0.27751689574404392
    outer loop
      vertex -16.172904968261719 10.845589637756348 4.4619607925415039
      vertex -16.042903900146484 10.845589637756348 4.9120044708251953
      vertex -16.042903900146484 12.020589828491211 4.9120044708251953
    endloop
  endfacet
  facet normal -0.9607207568157301 0 0.27751689574404398
    outer loop
      vertex -16.172904968261719 10.845589637756348 4.4619607925415039
      vertex -16.042903900146484 12.020589828491211 4.9120044708251953
      vertex -16.172904968261719 12.020589828491211 4.4619607925415039
    endloop
  endfacet
  facet normal 0 -0 1
    outer loop
      vertex -16.042903900146484 10.845589637756348 4.9120044708251953
      vertex -15.858932495117188 10.845589637756348 4.9120044708251953
      vertex -15.858932495117188 12.020589828491211 4.9120044708251953
    endloop
  endfacet
  facet normal -0 0 1
    outer loop
      vertex -16.042903900146484 10.845589637756348 4.9120044708251953
      vertex -15.858932495117188 12.020589828491211 4.9120044708251953
      vertex -16.042903900146484 12.020589828491211 4.9120044708251953
    endloop
  endfacet
  facet normal 0.96072129960089991 -0 0.277515016698481
    outer loop
      vertex -15.858932495117188 10.845589637756348 4.9120044708251953
      vertex -15.72893238067627 10.845589637756348 4.4619607925415039
      vertex -15.72893238067627 12.020589828491211 4.4619607925415039
    endloop
  endfacet
  facet normal 0.96072129960089991 0 0.277515016698481
    outer loop
      vertex -15.858932495117188 10.845589637756348 4.9120044708251953
      vertex -15.72893238067627 12.020589828491211 4.4619607925415039
      vertex -15.858932495117188 12.020589828491211 4.9120044708251953
    endloop
  endfacet
  facet normal 0 -0 1
    outer loop
      vertex -15.72893238067627 10.845589637756348 4.4619607925415039
      vertex -15.532905578613281 10.845589637756348 4.4619607925415039
      vertex -15.532905578613281 12.020589828491211 4.4619607925415039
    endloop
  endfacet
  facet normal -0 0 1
    outer loop
      vertex -15.72893238067627 10.845589637756348 4.4619607925415039
      vertex -15.532905578613281 12.020589828491211 4.4619607925415039
      vertex -15.72893238067627 12.020589828491211 4.4619607925415039
    endloop
  endfacet
  facet normal -0.9607207568157301 0 0.27751689574404392
    outer loop
      vertex -15.532905578613281 10.845589637756348 4.4619607925415039
      vertex -15.402904510498047 10.845589637756348 4.9120044708251953
      vertex -15.402904510498047 12.020589828491211 4.9120044708251953
    endloop
  endfacet
  facet normal -0.9607207568157301 0 0.27751689574404398
    outer loop
      vertex -15.532905578613281 10.845589637756348 4.4619607925415039
      vertex -15.402904510498047 12.020589828491211 4.9120044708251953
      vertex -15.532905578613281 12.020589828491211 4.4619607925415039
    endloop
  endfacet
  facet normal 0 -0 1
    outer loop
      vertex -15.402904510498047 10.845589637756348 4.9120044708251953
      vertex -15.21893310546875 10.845589637756348 4.9120044708251953
      vertex -15.21893310546875 12.020589828491211 4.9120044708251953
    endloop
  endfacet
  facet normal -0 0 1
    outer loop
      vertex -15.402904510498047 10.845589637756348 4.9120044708251953
      vertex -15.21893310546875 12.020589828491211 4.9120044708251953
      vertex -15.402904510498047 12.020589828491211 4.9120044708251953
    endloop
  endfacet
  facet normal 0.9607207568157301 -0 0.27751689574404392
    outer loop
      vertex -15.21893310546875 10.845589637756348 4.9120044708251953
      vertex -15.088932037353516 10.845589637756348 4.4619607925415039
      vertex -15.088932037353516 12.020589828491211 4.4619607925415039
    endloop
  endfacet
  facet normal 0.9607207568157301 0 0.27751689574404398
    outer loop
      vertex -15.21893310546875 10.845589637756348 4.9120044708251953
      vertex -15.088932037353516 12.020589828491211 4.4619607925415039
      vertex -15.21893310546875 12.020589828491211 4.9120044708251953
    endloop
  endfacet
  facet normal 0 -0 1
    outer loop
      vertex -15.088932037353516 10.845589637756348 4.4619607925415039
      vertex -14.892905235290527 10.845589637756348 4.4619607925415039
      vertex -14.892905235290527 12.020589828491211 4.4619607925415039
    endloop
  endfacet
  facet normal -0 0 1
    outer loop
      vertex -15.088932037353516 10.845589637756348 4.4619607925415039
      vertex -14.892905235290527 12.020589828491211 4.4619607925415039
      vertex -15.088932037353516 12.020589828491211 4.4619607925415039
    endloop
  endfacet
  facet normal -0.9607207568157301 0 0.27751689574404392
    outer loop
      vertex -14.892905235290527 10.845589637756348 4.4619607925415039
      vertex -14.762904167175293 10.845589637756348 4.9120044708251953
      vertex -14.762904167175293 12.020589828491211 4.9120044708251953
    endloop
  endfacet
  facet normal -0.9607207568157301 0 0.27751689574404398
    outer loop
      vertex -14.892905235290527 10.845589637756348 4.4619607925415039
      vertex -14.762904167175293 12.020589828491211 4.9120044708251953
      vertex -14.892905235290527 12.020589828491211 4.4619607925415039
    endloop
  endfacet
  facet normal 0 -0 1
    outer loop
      vertex -14.762904167175293 10.845589637756348 4.9120044708251953
      vertex -14.578932762145996 10.845589637756348 4.9120044708251953
      vertex -14.578932762145996 12.020589828491211 4.9120044708251953
    endloop
  endfacet
  facet normal -0 0 1
    outer loop
      vertex -14.762904167175293 10.845589637756348 4.9120044708251953
      vertex -14.578932762145996 12.020589828491211 4.9120044708251953
      vertex -14.762904167175293 12.020589828491211 4.9120044708251953
    endloop
  endfacet
  facet normal 0.96072129960089991 -0 0.277515016698481
    outer loop
      vertex -14.578932762145996 10.845589637756348 4.9120044708251953
      vertex -14.448932647705078 10.845589637756348 4.4619607925415039
      vertex -14.448932647705078 12.020589828491211 4.4619607925415039
    endloop
  endfacet
  facet normal 0.96072129960089991 0 0.277515016698481
    outer loop
      vertex -14.578932762145996 10.845589637756348 4.9120044708251953
      vertex -14.448932647705078 12.020589828491211 4.4619607925415039
      vertex -14.578932762145996 12.020589828491211 4.9120044708251953
    endloop
  endfacet
  facet normal 0 -0 1
    outer loop
      vertex -14.448932647705078 10.845589637756348 4.4619607925415039
      vertex -14.252904891967773 10.845589637756348 4.4619607925415039
      vertex -14.252904891967773 12.020589828491211 4.4619607925415039
    endloop
  endfacet
  facet normal -0 0 1
    outer loop
      vertex -14.448932647705078 10.845589637756348 4.4619607925415039
      vertex -14.252904891967773 12.020589828491211 4.4619607925415039
      vertex -14.448932647705078 12.020589828491211 4.4619607925415039
    endloop
  endfacet
  facet normal -0.96072129960089991 0 0.277515016698481
    outer loop
      vertex -14.252904891967773 10.845589637756348 4.4619607925415039
      vertex -14.122904777526855 10.845589637756348 4.9120044708251953
      vertex -14.122904777526855 12.020589828491211 4.9120044708251953
    endloop
  endfacet
  facet normal -0.96072129960089991 0 0.277515016698481
    outer loop
      vertex -14.252904891967773 10.845589637756348 4.4619607925415039
      vertex -14.122904777526855 12.020589828491211 4.9120044708251953
      vertex -14.252904891967773 12.020589828491211 4.4619607925415039
    endloop
  endfacet
  facet normal 0 -0 1
    outer loop
      vertex -14.122904777526855 10.845589637756348 4.9120044708251953
      vertex -13.938932418823242 10.845589637756348 4.9120044708251953
      vertex -13.938932418823242 12.020589828491211 4.9120044708251953
    endloop
  endfacet
  facet normal -0 0 1
    outer loop
      vertex -14.122904777526855 10.845589637756348 4.9120044708251953
      vertex -13.938932418823242 12.020589828491211 4.9120044708251953
      vertex -14.122904777526855 12.020589828491211 4.9120044708251953
    endloop
  endfacet
  facet normal 0.96072129960089991 -0 0.277515016698481
    outer loop
      vertex -13.938932418823242 10.845589637756348 4.9120044708251953
      vertex -13.808932304382324 10.845589637756348 4.4619607925415039
      vertex -13.808932304382324 12.020589828491211 4.4619607925415039
    endloop
  endfacet
  facet normal 0.96072129960089991 0 0.277515016698481
    outer loop
      vertex -13.938932418823242 10.845589637756348 4.9120044708251953
      vertex -13.808932304382324 12.020589828491211 4.4619607925415039
      vertex -13.938932418823242 12.020589828491211 4.9120044708251953
    endloop
  endfacet
  facet normal 0 -0 1
    outer loop
      vertex -13.808932304382324 10.845589637756348 4.4619607925415039
      vertex -13.61290454864502 10.845589637756348 4.4619607925415039
      vertex -13.61290454864502 12.020589828491211 4.4619607925415039
    endloop
  endfacet
  facet normal -0 0 1
    outer loop
      vertex -13.808932304382324 10.845589637756348 4.4619607925415039
      vertex -13.61290454864502 12.020589828491211 4.4619607925415039
      vertex -13.808932304382324 12.020589828491211 4.4619607925415039
    endloop
  endfacet
  facet normal -0.96072129960089991 0 0.277515016698481
    outer loop
      vertex -13.61290454864502 10.845589637756348 4.4619607925415039
      vertex -13.482904434204102 10.845589637756348 4.9120044708251953
      vertex -13.482904434204102 12.020589828491211 4.9120044708251953
    endloop
  endfacet
  facet normal -0.96072129960089991 0 0.277515016698481
    outer loop
      vertex -13.61290454864502 10.845589637756348 4.4619607925415039
      vertex -13.482904434204102 12.020589828491211 4.9120044708251953
      vertex -13.61290454864502 12.020589828491211 4.4619607925415039
    endloop
  endfacet
  facet normal 0 -0 1
    outer loop
      vertex -13.482904434204102 10.845589637756348 4.9120044708251953
      vertex -13.298933029174805 10.845589637756348 4.9120044708251953
      vertex -13.298933029174805 12.020589828491211 4.9120044708251953
    endloop
  endfacet
  facet normal -0 0 1
    outer loop
      vertex -13.482904434204102 10.845589637756348 4.9120044708251953
      vertex -13.298933029174805 12.020589828491211 4.9120044708251953
      vertex -13.482904434204102 12.020589828491211 4.9120044708251953
    endloop
  endfacet
  facet normal 0.9607207568157301 -0 0.27751689574404392
    outer loop
      vertex -13.298933029174805 10.845589637756348 4.9120044708251953
      vertex -13.16893196105957 10.845589637756348 4.4619607925415039
      vertex -13.16893196105957 12.020589828491211 4.4619607925415039
    endloop
  endfacet
  facet normal 0.9607207568157301 0 0.27751689574404398
    outer loop
      vertex -13.298933029174805 10.845589637756348 4.9120044708251953
      vertex -13.16893196105957 12.020589828491211 4.4619607925415039
      vertex -13.298933029174805 12.020589828491211 4.9120044708251953
    endloop
  endfacet
  facet normal 0 -0 1
    outer loop
      vertex -13.16893196105957 10.845589637756348 4.4619607925415039
      vertex -12.972905158996582 10.845589637756348 4.4619607925415039
      vertex -12.972905158996582 12.020589828491211 4.4619607925415039
    endloop
  endfacet
  facet normal -0 0 1
    outer loop
      vertex -13.16893196105957 10.845589637756348 4.4619607925415039
      vertex -12.972905158996582 12.020589828491211 4.4619607925415039
      vertex -13.16893196105957 12.020589828491211 4.4619607925415039
    endloop
  endfacet
  facet normal -0.96072129960089991 0 0.277515016698481
    outer loop
      vertex -12.972905158996582 10.845589637756348 4.4619607925415039
      vertex -12.842905044555664 10.845589637756348 4.9120044708251953
      vertex -12.842905044555664 12.020589828491211 4.9120044708251953
    endloop
  endfacet
  facet normal -0.96072129960089991 0 0.277515016698481
    outer loop
      vertex -12.972905158996582 10.845589637756348 4.4619607925415039
      vertex -12.842905044555664 12.020589828491211 4.9120044708251953
      vertex -12.972905158996582 12.020589828491211 4.4619607925415039
    endloop
  endfacet
  facet normal 0 -0 1
    outer loop
      vertex -12.842905044555664 10.845589637756348 4.9120044708251953
      vertex -12.658933639526367 10.845589637756348 4.9120044708251953
      vertex -12.658933639526367 12.020589828491211 4.9120044708251953
    endloop
  endfacet
  facet normal -0 0 1
    outer loop
      vertex -12.842905044555664 10.845589637756348 4.9120044708251953
      vertex -12.658933639526367 12.020589828491211 4.9120044708251953
      vertex -12.842905044555664 12.020589828491211 4.9120044708251953
    endloop
  endfacet
  facet normal 0.9607207568157301 -0 0.27751689574404392
    outer loop
      vertex -12.658933639526367 10.845589637756348 4.9120044708251953
      vertex -12.528932571411133 10.845589637756348 4.4619607925415039
      vertex -12.528932571411133 12.020589828491211 4.4619607925415039
    endloop
  endfacet
  facet normal 0.9607207568157301 0 0.27751689574404398
    outer loop
      vertex -12.658933639526367 10.845589637756348 4.9120044708251953
      vertex -12.528932571411133 12.020589828491211 4.4619607925415039
      vertex -12.658933639526367 12.020589828491211 4.9120044708251953
    endloop
  endfacet
  facet normal 0 -0 1
    outer loop
      vertex -12.528932571411133 10.845589637756348 4.4619607925415039
      vertex -12.332905769348145 10.845589637756348 4.4619607925415039
      vertex -12.332905769348145 12.020589828491211 4.4619607925415039
    endloop
  endfacet
  facet normal -0 0 1
    outer loop
      vertex -12.528932571411133 10.845589637756348 4.4619607925415039
      vertex -12.332905769348145 12.020589828491211 4.4619607925415039
      vertex -12.528932571411133 12.020589828491211 4.4619607925415039
    endloop
  endfacet
  facet normal -0.9607207568157301 0 0.27751689574404392
    outer loop
      vertex -12.332905769348145 10.845589637756348 4.4619607925415039
      vertex -12.20290470123291 10.845589637756348 4.9120044708251953
      vertex -12.20290470123291 12.020589828491211 4.9120044708251953
    endloop
  endfacet
  facet normal -0.9607207568157301 0 0.27751689574404398
    outer loop
      vertex -12.332905769348145 10.845589637756348 4.4619607925415039
      vertex -12.20290470123291 12.020589828491211 4.9120044708251953
      vertex -12.332905769348145 12.020589828491211 4.4619607925415039
    endloop
  endfacet
  facet normal 0 -0 1
    outer loop
      vertex -12.20290470123291 10.845589637756348 4.9120044708251953
      vertex -12.018933296203613 10.845589637756348 4.9120044708251953
      vertex -12.018933296203613 12.020589828491211 4.9120044708251953
    endloop
  endfacet
  facet normal -0 0 1
    outer loop
      vertex -12.20290470123291 10.845589637756348 4.9120044708251953
      vertex -12.018933296203613 12.020589828491211 4.9120044708251953
      vertex -12.20290470123291 12.020589828491211 4.9120044708251953
    endloop
  endfacet
  facet normal 0.96072129960089991 -0 0.277515016698481
    outer loop
      vertex -12.018933296203613 10.845589637756348 4.9120044708251953
      vertex -11.888933181762695 10.845589637756348 4.4619607925415039
      vertex -11.888933181762695 12.020589828491211 4.4619607925415039
    endloop
  endfacet
  facet normal 0.96072129960089991 0 0.277515016698481
    outer loop
      vertex -12.018933296203613 10.845589637756348 4.9120044708251953
      vertex -11.888933181762695 12.020589828491211 4.4619607925415039
      vertex -12.018933296203613 12.020589828491211 4.9120044708251953
    endloop
  endfacet
  facet normal 0 -0 1
    outer loop
      vertex -11.888933181762695 10.845589637756348 4.4619607925415039
      vertex -11.692905426025391 10.845589637756348 4.4619607925415039
      vertex -11.692905426025391 12.020589828491211 4.4619607925415039
    endloop
  endfacet
  facet normal -0 0 1
    outer loop
      vertex -11.888933181762695 10.845589637756348 4.4619607925415039
      vertex -11.692905426025391 12.020589828491211 4.4619607925415039
      vertex -11.888933181762695 12.020589828491211 4.4619607925415039
    endloop
  endfacet
  facet normal -0.9607207568157301 0 0.27751689574404392
    outer loop
      vertex -11.692905426025391 10.845589637756348 4.4619607925415039
      vertex -11.562904357910156 10.845589637756348 4.9120044708251953
      vertex -11.562904357910156 12.020589828491211 4.9120044708251953
    endloop
  endfacet
  facet normal -0.9607207568157301 0 0.27751689574404398
    outer loop
      vertex -11.692905426025391 10.845589637756348 4.4619607925415039
      vertex -11.562904357910156 12.020589828491211 4.9120044708251953
      vertex -11.692905426025391 12.020589828491211 4.4619607925415039
    endloop
  endfacet
  facet normal 0 -0 1
    outer loop
      vertex -11.562904357910156 10.845589637756348 4.9120044708251953
      vertex -11.378932952880859 10.845589637756348 4.9120044708251953
      vertex -11.378932952880859 12.020589828491211 4.9120044708251953
    endloop
  endfacet
  facet normal -0 0 1
    outer loop
      vertex -11.562904357910156 10.845589637756348 4.9120044708251953
      vertex -11.378932952880859 12.020589828491211 4.9120044708251953
      vertex -11.562904357910156 12.020589828491211 4.9120044708251953
    endloop
  endfacet
  facet normal 0.96072129960089991 -0 0.277515016698481
    outer loop
      vertex -11.378932952880859 10.845589637756348 4.9120044708251953
      vertex -11.248932838439941 10.845589637756348 4.4619607925415039
      vertex -11.248932838439941 12.020589828491211 4.4619607925415039
    endloop
  endfacet
  facet normal 0.96072129960089991 0 0.277515016698481
    outer loop
      vertex -11.378932952880859 10.845589637756348 4.9120044708251953
      vertex -11.248932838439941 12.020589828491211 4.4619607925415039
      vertex -11.378932952880859 12.020589828491211 4.9120044708251953
    endloop
  endfacet
  facet normal 0 -0 1
    outer loop
      vertex -11.248932838439941 10.845589637756348 4.4619607925415039
      vertex -11.052905082702637 10.845589637756348 4.4619607925415039
      vertex -11.052905082702637 12.020589828491211 4.4619607925415039
    endloop
  endfacet
  facet normal -0 0 1
    outer loop
      vertex -11.248932838439941 10.845589637756348 4.4619607925415039
      vertex -11.052905082702637 12.020589828491211 4.4619607925415039
      vertex -11.248932838439941 12.020589828491211 4.4619607925415039
    endloop
  endfacet
  facet normal -0.9607207568157301 0 0.27751689574404392
    outer loop
      vertex -11.052905082702637 10.845589637756348 4.4619607925415039
      vertex -10.922904014587402 10.845589637756348 4.9120044708251953
      vertex -10.922904014587402 12.020589828491211 4.9120044708251953
    endloop
  endfacet
  facet normal -0.9607207568157301 0 0.27751689574404398
    outer loop
      vertex -11.052905082702637 10.845589637756348 4.4619607925415039
      vertex -10.922904014587402 12.020589828491211 4.9120044708251953
      vertex -11.052905082702637 12.020589828491211 4.4619607925415039
    endloop
  endfacet
  facet normal 0 -0 1
    outer loop
      vertex -10.922904014587402 10.845589637756348 4.9120044708251953
      vertex -10.738932609558105 10.845589637756348 4.9120044708251953
      vertex -10.738932609558105 12.020589828491211 4.9120044708251953
    endloop
  endfacet
  facet normal -0 0 1
    outer loop
      vertex -10.922904014587402 10.845589637756348 4.9120044708251953
      vertex -10.738932609558105 12.020589828491211 4.9120044708251953
      vertex -10.922904014587402 12.020589828491211 4.9120044708251953
    endloop
  endfacet
  facet normal 0.96072129960089991 -0 0.277515016698481
    outer loop
      vertex -10.738932609558105 10.845589637756348 4.9120044708251953
      vertex -10.608932495117188 10.845589637756348 4.4619607925415039
      vertex -10.608932495117188 12.020589828491211 4.4619607925415039
    endloop
  endfacet
  facet normal 0.96072129960089991 0 0.277515016698481
    outer loop
      vertex -10.738932609558105 10.845589637756348 4.9120044708251953
      vertex -10.608932495117188 12.020589828491211 4.4619607925415039
      vertex -10.738932609558105 12.020589828491211 4.9120044708251953
    endloop
  endfacet
  facet normal 0 -0 1
    outer loop
      vertex -10.608932495117188 10.845589637756348 4.4619607925415039
      vertex -10.412904739379883 10.845589637756348 4.4619607925415039
      vertex -10.412904739379883 12.020589828491211 4.4619607925415039
    endloop
  endfacet
  facet normal -0 0 1
    outer loop
      vertex -10.608932495117188 10.845589637756348 4.4619607925415039
      vertex -10.412904739379883 12.020589828491211 4.4619607925415039
      vertex -10.608932495117188 12.020589828491211 4.4619607925415039
    endloop
  endfacet
  facet normal -0.96072129960089991 0 0.277515016698481
    outer loop
      vertex -10.412904739379883 10.845589637756348 4.4619607925415039
      vertex -10.282904624938965 10.845589637756348 4.9120044708251953
      vertex -10.282904624938965 12.020589828491211 4.9120044708251953
    endloop
  endfacet
  facet normal -0.96072129960089991 0 0.277515016698481
    outer loop
      vertex -10.412904739379883 10.845589637756348 4.4619607925415039
      vertex -10.282904624938965 12.020589828491211 4.9120044708251953
      vertex -10.412904739379883 12.020589828491211 4.4619607925415039
    endloop
  endfacet
  facet normal 0 -0 1
    outer loop
      vertex -10.282904624938965 10.845589637756348 4.9120044708251953
      vertex -10.098933219909668 10.845589637756348 4.9120044708251953
      vertex -10.098933219909668 12.020589828491211 4.9120044708251953
    endloop
  endfacet
  facet normal -0 0 1
    outer loop
      vertex -10.282904624938965 10.845589637756348 4.9120044708251953
      vertex -10.098933219909668 12.020589828491211 4.9120044708251953
      vertex -10.282904624938965 12.020589828491211 4.9120044708251953
    endloop
  endfacet
  facet normal 0.9607207568157301 -0 0.27751689574404392
    outer loop
      vertex -10.098933219909668 10.845589637756348 4.9120044708251953
      vertex -9.9689321517944336 10.845589637756348 4.4619607925415039
      vertex -9.9689321517944336 12.020589828491211 4.4619607925415039
    endloop
  endfacet
  facet normal 0.9607207568157301 0 0.27751689574404398
    outer loop
      vertex -10.098933219909668 10.845589637756348 4.9120044708251953
      vertex -9.9689321517944336 12.020589828491211 4.4619607925415039
      vertex -10.098933219909668 12.020589828491211 4.9120044708251953
    endloop
  endfacet
  facet normal 0 -0 1
    outer loop
      vertex -9.9689321517944336 10.845589637756348 4.4619607925415039
      vertex -9.7729053497314453 10.845589637756348 4.4619607925415039
      vertex -9.7729053497314453 12.020589828491211 4.4619607925415039
    endloop
  endfacet
  facet normal -0 0 1
    outer loop
      vertex -9.9689321517944336 10.845589637756348 4.4619607925415039
      vertex -9.7729053497314453 12.020589828491211 4.4619607925415039
      vertex -9.9689321517944336 12.020589828491211 4.4619607925415039
    endloop
  endfacet
  facet normal -0.9607207568157301 0 0.27751689574404392
    outer loop
      vertex -9.7729053497314453 10.845589637756348 4.4619607925415039
      vertex -9.6429042816162109 10.845589637756348 4.9120044708251953
      vertex -9.6429042816162109 12.020589828491211 4.9120044708251953
    endloop
  endfacet
  facet normal -0.9607207568157301 0 0.27751689574404398
    outer loop
      vertex -9.7729053497314453 10.845589637756348 4.4619607925415039
      vertex -9.6429042816162109 12.020589828491211 4.9120044708251953
      vertex -9.7729053497314453 12.020589828491211 4.4619607925415039
    endloop
  endfacet
  facet normal 0 -0 1
    outer loop
      vertex -9.6429042816162109 10.845589637756348 4.9120044708251953
      vertex -9.4589328765869141 10.845589637756348 4.9120044708251953
      vertex -9.4589328765869141 12.020589828491211 4.9120044708251953
    endloop
  endfacet
  facet normal -0 0 1
    outer loop
      vertex -9.6429042816162109 10.845589637756348 4.9120044708251953
      vertex -9.4589328765869141 12.020589828491211 4.9120044708251953
      vertex -9.6429042816162109 12.020589828491211 4.9120044708251953
    endloop
  endfacet
  facet normal 0.9607207568157301 -0 0.27751689574404392
    outer loop
      vertex -9.4589328765869141 10.845589637756348 4.9120044708251953
      vertex -9.3289318084716797 10.845589637756348 4.4619607925415039
      vertex -9.3289318084716797 12.020589828491211 4.4619607925415039
    endloop
  endfacet
  facet normal 0.9607207568157301 0 0.27751689574404398
    outer loop
      vertex -9.4589328765869141 10.845589637756348 4.9120044708251953
      vertex -9.3289318084716797 12.020589828491211 4.4619607925415039
      vertex -9.4589328765869141 12.020589828491211 4.9120044708251953
    endloop
  endfacet
  facet normal 0 -0 1
    outer loop
      vertex -9.3289318084716797 10.845589637756348 4.4619607925415039
      vertex -9.1329050064086914 10.845589637756348 4.4619607925415039
      vertex -9.1329050064086914 12.020589828491211 4.4619607925415039
    endloop
  endfacet
  facet normal -0 0 1
    outer loop
      vertex -9.3289318084716797 10.845589637756348 4.4619607925415039
      vertex -9.1329050064086914 12.020589828491211 4.4619607925415039
      vertex -9.3289318084716797 12.020589828491211 4.4619607925415039
    endloop
  endfacet
  facet normal -0.96072129960089991 0 0.277515016698481
    outer loop
      vertex -9.1329050064086914 10.845589637756348 4.4619607925415039
      vertex -9.0029048919677734 10.845589637756348 4.9120044708251953
      vertex -9.0029048919677734 12.020589828491211 4.9120044708251953
    endloop
  endfacet
  facet normal -0.96072129960089991 0 0.277515016698481
    outer loop
      vertex -9.1329050064086914 10.845589637756348 4.4619607925415039
      vertex -9.0029048919677734 12.020589828491211 4.9120044708251953
      vertex -9.1329050064086914 12.020589828491211 4.4619607925415039
    endloop
  endfacet
  facet normal 0 -0 1
    outer loop
      vertex -9.0029048919677734 10.845589637756348 4.9120044708251953
      vertex -8.8189334869384766 10.845589637756348 4.9120044708251953
      vertex -8.8189334869384766 12.020589828491211 4.9120044708251953
    endloop
  endfacet
  facet normal -0 0 1
    outer loop
      vertex -9.0029048919677734 10.845589637756348 4.9120044708251953
      vertex -8.8189334869384766 12.020589828491211 4.9120044708251953
      vertex -9.0029048919677734 12.020589828491211 4.9120044708251953
    endloop
  endfacet
  facet normal 0.9607207568157301 -0 0.27751689574404392
    outer loop
      vertex -8.8189334869384766 10.845589637756348 4.9120044708251953
      vertex -8.6889324188232422 10.845589637756348 4.4619607925415039
      vertex -8.6889324188232422 12.020589828491211 4.4619607925415039
    endloop
  endfacet
  facet normal 0.9607207568157301 0 0.27751689574404398
    outer loop
      vertex -8.8189334869384766 10.845589637756348 4.9120044708251953
      vertex -8.6889324188232422 12.020589828491211 4.4619607925415039
      vertex -8.8189334869384766 12.020589828491211 4.9120044708251953
    endloop
  endfacet
  facet normal 0 -0 1
    outer loop
      vertex -8.6889324188232422 10.845589637756348 4.4619607925415039
      vertex -8.4929046630859375 10.845589637756348 4.4619607925415039
      vertex -8.4929046630859375 12.020589828491211 4.4619607925415039
    endloop
  endfacet
  facet normal -0 0 1
    outer loop
      vertex -8.6889324188232422 10.845589637756348 4.4619607925415039
      vertex -8.4929046630859375 12.020589828491211 4.4619607925415039
      vertex -8.6889324188232422 12.020589828491211 4.4619607925415039
    endloop
  endfacet
  facet normal -0.96072129960089991 0 0.277515016698481
    outer loop
      vertex -8.4929046630859375 10.845589637756348 4.4619607925415039
      vertex -8.3629045486450195 10.845589637756348 4.9120044708251953
      vertex -8.3629045486450195 12.020589828491211 4.9120044708251953
    endloop
  endfacet
  facet normal -0.96072129960089991 0 0.277515016698481
    outer loop
      vertex -8.4929046630859375 10.845589637756348 4.4619607925415039
      vertex -8.3629045486450195 12.020589828491211 4.9120044708251953
      vertex -8.4929046630859375 12.020589828491211 4.4619607925415039
    endloop
  endfacet
  facet normal 0 -0 1
    outer loop
      vertex -8.3629045486450195 10.845589637756348 4.9120044708251953
      vertex -8.1789331436157227 10.845589637756348 4.9120044708251953
      vertex -8.1789331436157227 12.020589828491211 4.9120044708251953
    endloop
  endfacet
  facet normal -0 0 1
    outer loop
      vertex -8.3629045486450195 10.845589637756348 4.9120044708251953
      vertex -8.1789331436157227 12.020589828491211 4.9120044708251953
      vertex -8.3629045486450195 12.020589828491211 4.9120044708251953
    endloop
  endfacet
  facet normal 0.9607207568157301 -0 0.27751689574404392
    outer loop
      vertex -8.1789331436157227 10.845589637756348 4.9120044708251953
      vertex -8.0489320755004883 10.845589637756348 4.4619607925415039
      vertex -8.0489320755004883 12.020589828491211 4.4619607925415039
    endloop
  endfacet
  facet normal 0.9607207568157301 0 0.27751689574404398
    outer loop
      vertex -8.1789331436157227 10.845589637756348 4.9120044708251953
      vertex -8.0489320755004883 12.020589828491211 4.4619607925415039
      vertex -8.1789331436157227 12.020589828491211 4.9120044708251953
    endloop
  endfacet
  facet normal 0 -0 1
    outer loop
      vertex -8.0489320755004883 10.845589637756348 4.4619607925415039
      vertex -7.8529052734375 10.845589637756348 4.4619607925415039
      vertex -7.8529052734375 12.020589828491211 4.4619607925415039
    endloop
  endfacet
  facet normal -0 0 1
    outer loop
      vertex -8.0489320755004883 10.845589637756348 4.4619607925415039
      vertex -7.8529052734375 12.020589828491211 4.4619607925415039
      vertex -8.0489320755004883 12.020589828491211 4.4619607925415039
    endloop
  endfacet
  facet normal -0.9607207568157301 0 0.27751689574404392
    outer loop
      vertex -7.8529052734375 10.845589637756348 4.4619607925415039
      vertex -7.7229042053222656 10.845589637756348 4.9120044708251953
      vertex -7.7229042053222656 12.020589828491211 4.9120044708251953
    endloop
  endfacet
  facet normal -0.9607207568157301 0 0.27751689574404398
    outer loop
      vertex -7.8529052734375 10.845589637756348 4.4619607925415039
      vertex -7.7229042053222656 12.020589828491211 4.9120044708251953
      vertex -7.8529052734375 12.020589828491211 4.4619607925415039
    endloop
  endfacet
  facet normal 0 -0 1
    outer loop
      vertex -7.7229042053222656 10.845589637756348 4.9120044708251953
      vertex -7.5389328002929688 10.845589637756348 4.9120044708251953
      vertex -7.5389328002929688 12.020589828491211 4.9120044708251953
    endloop
  endfacet
  facet normal -0 0 1
    outer loop
      vertex -7.7229042053222656 10.845589637756348 4.9120044708251953
      vertex -7.5389328002929688 12.020589828491211 4.9120044708251953
      vertex -7.7229042053222656 12.020589828491211 4.9120044708251953
    endloop
  endfacet
  facet normal 0.96072129960089991 -0 0.277515016698481
    outer loop
      vertex -7.5389328002929688 10.845589637756348 4.9120044708251953
      vertex -7.4089326858520508 10.845589637756348 4.4619607925415039
      vertex -7.4089326858520508 12.020589828491211 4.4619607925415039
    endloop
  endfacet
  facet normal 0.96072129960089991 0 0.277515016698481
    outer loop
      vertex -7.5389328002929688 10.845589637756348 4.9120044708251953
      vertex -7.4089326858520508 12.020589828491211 4.4619607925415039
      vertex -7.5389328002929688 12.020589828491211 4.9120044708251953
    endloop
  endfacet
  facet normal 0 -0 1
    outer loop
      vertex -7.4089326858520508 10.845589637756348 4.4619607925415039
      vertex -7.2129049301147461 10.845589637756348 4.4619607925415039
      vertex -7.2129049301147461 12.020589828491211 4.4619607925415039
    endloop
  endfacet
  facet normal -0 0 1
    outer loop
      vertex -7.4089326858520508 10.845589637756348 4.4619607925415039
      vertex -7.2129049301147461 12.020589828491211 4.4619607925415039
      vertex -7.4089326858520508 12.020589828491211 4.4619607925415039
    endloop
  endfacet
  facet normal -0.9607207568157301 0 0.27751689574404392
    outer loop
      vertex -7.2129049301147461 10.845589637756348 4.4619607925415039
      vertex -7.0829038619995117 10.845589637756348 4.9120044708251953
      vertex -7.0829038619995117 12.020589828491211 4.9120044708251953
    endloop
  endfacet
  facet normal -0.9607207568157301 0 0.27751689574404398
    outer loop
      vertex -7.2129049301147461 10.845589637756348 4.4619607925415039
      vertex -7.0829038619995117 12.020589828491211 4.9120044708251953
      vertex -7.2129049301147461 12.020589828491211 4.4619607925415039
    endloop
  endfacet
  facet normal 0 -0 1
    outer loop
      vertex -7.0829038619995117 10.845589637756348 4.9120044708251953
      vertex -6.8989334106445312 10.845589637756348 4.9120044708251953
      vertex -6.8989334106445312 12.020589828491211 4.9120044708251953
    endloop
  endfacet
  facet normal -0 0 1
    outer loop
      vertex -7.0829038619995117 10.845589637756348 4.9120044708251953
      vertex -6.8989334106445312 12.020589828491211 4.9120044708251953
      vertex -7.0829038619995117 12.020589828491211 4.9120044708251953
    endloop
  endfacet
  facet normal 0.9607207568157301 -0 0.27751689574404392
    outer loop
      vertex -6.8989334106445312 10.845589637756348 4.9120044708251953
      vertex -6.7689323425292969 10.845589637756348 4.4619607925415039
      vertex -6.7689323425292969 12.020589828491211 4.4619607925415039
    endloop
  endfacet
  facet normal 0.9607207568157301 0 0.27751689574404398
    outer loop
      vertex -6.8989334106445312 10.845589637756348 4.9120044708251953
      vertex -6.7689323425292969 12.020589828491211 4.4619607925415039
      vertex -6.8989334106445312 12.020589828491211 4.9120044708251953
    endloop
  endfacet
  facet normal 0 -0 1
    outer loop
      vertex -6.7689323425292969 10.845589637756348 4.4619607925415039
      vertex -6.5729050636291504 10.845589637756348 4.4619607925415039
      vertex -6.5729050636291504 12.020589828491211 4.4619607925415039
    endloop
  endfacet
  facet normal -0 0 1
    outer loop
      vertex -6.7689323425292969 10.845589637756348 4.4619607925415039
      vertex -6.5729050636291504 12.020589828491211 4.4619607925415039
      vertex -6.7689323425292969 12.020589828491211 4.4619607925415039
    endloop
  endfacet
  facet normal -0.96072102820869765 0 0.27751595622166059
    outer loop
      vertex -6.5729050636291504 10.845589637756348 4.4619607925415039
      vertex -6.4429044723510742 10.845589637756348 4.9120044708251953
      vertex -6.4429044723510742 12.020589828491211 4.9120044708251953
    endloop
  endfacet
  facet normal -0.96072102820869765 0 0.27751595622166059
    outer loop
      vertex -6.5729050636291504 10.845589637756348 4.4619607925415039
      vertex -6.4429044723510742 12.020589828491211 4.9120044708251953
      vertex -6.5729050636291504 12.020589828491211 4.4619607925415039
    endloop
  endfacet
  facet normal 0 -0 1
    outer loop
      vertex -6.4429044723510742 10.845589637756348 4.9120044708251953
      vertex -6.2589330673217773 10.845589637756348 4.9120044708251953
      vertex -6.2589330673217773 12.020589828491211 4.9120044708251953
    endloop
  endfacet
  facet normal -0 0 1
    outer loop
      vertex -6.4429044723510742 10.845589637756348 4.9120044708251953
      vertex -6.2589330673217773 12.020589828491211 4.9120044708251953
      vertex -6.4429044723510742 12.020589828491211 4.9120044708251953
    endloop
  endfacet
  facet normal 0.96072102820869765 -0 0.27751595622166059
    outer loop
      vertex -6.2589330673217773 10.845589637756348 4.9120044708251953
      vertex -6.1289324760437012 10.845589637756348 4.4619607925415039
      vertex -6.1289324760437012 12.020589828491211 4.4619607925415039
    endloop
  endfacet
  facet normal 0.96072102820869765 0 0.27751595622166059
    outer loop
      vertex -6.2589330673217773 10.845589637756348 4.9120044708251953
      vertex -6.1289324760437012 12.020589828491211 4.4619607925415039
      vertex -6.2589330673217773 12.020589828491211 4.9120044708251953
    endloop
  endfacet
  facet normal 0 -0 1
    outer loop
      vertex -6.1289324760437012 10.845589637756348 4.4619607925415039
      vertex -5.9329056739807129 10.845589637756348 4.4619607925415039
      vertex -5.9329056739807129 12.020589828491211 4.4619607925415039
    endloop
  endfacet
  facet normal -0 0 1
    outer loop
      vertex -6.1289324760437012 10.845589637756348 4.4619607925415039
      vertex -5.9329056739807129 12.020589828491211 4.4619607925415039
      vertex -6.1289324760437012 12.020589828491211 4.4619607925415039
    endloop
  endfacet
  facet normal -0.96072102820869765 0 0.27751595622166059
    outer loop
      vertex -5.9329056739807129 10.845589637756348 4.4619607925415039
      vertex -5.8029050827026367 10.845589637756348 4.9120044708251953
      vertex -5.8029050827026367 12.020589828491211 4.9120044708251953
    endloop
  endfacet
  facet normal -0.96072102820869765 0 0.27751595622166059
    outer loop
      vertex -5.9329056739807129 10.845589637756348 4.4619607925415039
      vertex -5.8029050827026367 12.020589828491211 4.9120044708251953
      vertex -5.9329056739807129 12.020589828491211 4.4619607925415039
    endloop
  endfacet
  facet normal 0 -0 1
    outer loop
      vertex -5.8029050827026367 10.845589637756348 4.9120044708251953
      vertex -5.6189336776733398 10.845589637756348 4.9120044708251953
      vertex -5.6189336776733398 12.020589828491211 4.9120044708251953
    endloop
  endfacet
  facet normal -0 0 1
    outer loop
      vertex -5.8029050827026367 10.845589637756348 4.9120044708251953
      vertex -5.6189336776733398 12.020589828491211 4.9120044708251953
      vertex -5.8029050827026367 12.020589828491211 4.9120044708251953
    endloop
  endfacet
  facet normal 0.9607207568157301 -0 0.27751689574404392
    outer loop
      vertex -5.6189336776733398 10.845589637756348 4.9120044708251953
      vertex -5.4889326095581055 10.845589637756348 4.4619607925415039
      vertex -5.4889326095581055 12.020589828491211 4.4619607925415039
    endloop
  endfacet
  facet normal 0.9607207568157301 0 0.27751689574404398
    outer loop
      vertex -5.6189336776733398 10.845589637756348 4.9120044708251953
      vertex -5.4889326095581055 12.020589828491211 4.4619607925415039
      vertex -5.6189336776733398 12.020589828491211 4.9120044708251953
    endloop
  endfacet
  facet normal 0 -0 1
    outer loop
      vertex -5.4889326095581055 10.845589637756348 4.4619607925415039
      vertex -5.292905330657959 10.845589637756348 4.4619607925415039
      vertex -5.292905330657959 12.020589828491211 4.4619607925415039
    endloop
  endfacet
  facet normal -0 0 1
    outer loop
      vertex -5.4889326095581055 10.845589637756348 4.4619607925415039
      vertex -5.292905330657959 12.020589828491211 4.4619607925415039
      vertex -5.4889326095581055 12.020589828491211 4.4619607925415039
    endloop
  endfacet
  facet normal -0.96072102820869765 0 0.27751595622166059
    outer loop
      vertex -5.292905330657959 10.845589637756348 4.4619607925415039
      vertex -5.1629047393798828 10.845589637756348 4.9120044708251953
      vertex -5.1629047393798828 12.020589828491211 4.9120044708251953
    endloop
  endfacet
  facet normal -0.96072102820869765 0 0.27751595622166059
    outer loop
      vertex -5.292905330657959 10.845589637756348 4.4619607925415039
      vertex -5.1629047393798828 12.020589828491211 4.9120044708251953
      vertex -5.292905330657959 12.020589828491211 4.4619607925415039
    endloop
  endfacet
  facet normal 0 -0 1
    outer loop
      vertex -5.1629047393798828 10.845589637756348 4.9120044708251953
      vertex -4.9789333343505859 10.845589637756348 4.9120044708251953
      vertex -4.9789333343505859 12.020589828491211 4.9120044708251953
    endloop
  endfacet
  facet normal -0 0 1
    outer loop
      vertex -5.1629047393798828 10.845589637756348 4.9120044708251953
      vertex -4.9789333343505859 12.020589828491211 4.9120044708251953
      vertex -5.1629047393798828 12.020589828491211 4.9120044708251953
    endloop
  endfacet
  facet normal 0.96072102820869765 -0 0.27751595622166059
    outer loop
      vertex -4.9789333343505859 10.845589637756348 4.9120044708251953
      vertex -4.8489327430725098 10.845589637756348 4.4619607925415039
      vertex -4.8489327430725098 12.020589828491211 4.4619607925415039
    endloop
  endfacet
  facet normal 0.96072102820869765 0 0.27751595622166059
    outer loop
      vertex -4.9789333343505859 10.845589637756348 4.9120044708251953
      vertex -4.8489327430725098 12.020589828491211 4.4619607925415039
      vertex -4.9789333343505859 12.020589828491211 4.9120044708251953
    endloop
  endfacet
  facet normal 0 -0 1
    outer loop
      vertex -4.8489327430725098 10.845589637756348 4.4619607925415039
      vertex -4.6529054641723633 10.845589637756348 4.4619607925415039
      vertex -4.6529054641723633 12.020589828491211 4.4619607925415039
    endloop
  endfacet
  facet normal -0 0 1
    outer loop
      vertex -4.8489327430725098 10.845589637756348 4.4619607925415039
      vertex -4.6529054641723633 12.020589828491211 4.4619607925415039
      vertex -4.8489327430725098 12.020589828491211 4.4619607925415039
    endloop
  endfacet
  facet normal -0.96072102820869765 0 0.27751595622166059
    outer loop
      vertex -4.6529054641723633 10.845589637756348 4.4619607925415039
      vertex -4.5229048728942871 10.845589637756348 4.9120044708251953
      vertex -4.5229048728942871 12.020589828491211 4.9120044708251953
    endloop
  endfacet
  facet normal -0.96072102820869765 0 0.27751595622166059
    outer loop
      vertex -4.6529054641723633 10.845589637756348 4.4619607925415039
      vertex -4.5229048728942871 12.020589828491211 4.9120044708251953
      vertex -4.6529054641723633 12.020589828491211 4.4619607925415039
    endloop
  endfacet
  facet normal 0 -0 1
    outer loop
      vertex -4.5229048728942871 10.845589637756348 4.9120044708251953
      vertex -4.338932991027832 10.845589637756348 4.9120044708251953
      vertex -4.338932991027832 12.020589828491211 4.9120044708251953
    endloop
  endfacet
  facet normal 0 -0 1
    outer loop
      vertex -4.5229048728942871 10.845589637756348 4.9120044708251953
      vertex -4.338932991027832 12.020589828491211 4.9120044708251953
      vertex -4.5229048728942871 12.020589828491211 4.9120044708251953
    endloop
  endfacet
  facet normal 0.96072129960089991 -0 0.277515016698481
    outer loop
      vertex -4.338932991027832 10.845589637756348 4.9120044708251953
      vertex -4.2089328765869141 10.845589637756348 4.4619607925415039
      vertex -4.2089328765869141 12.020589828491211 4.4619607925415039
    endloop
  endfacet
  facet normal 0.96072129960089991 0 0.277515016698481
    outer loop
      vertex -4.338932991027832 10.845589637756348 4.9120044708251953
      vertex -4.2089328765869141 12.020589828491211 4.4619607925415039
      vertex -4.338932991027832 12.020589828491211 4.9120044708251953
    endloop
  endfacet
  facet normal 0 -0 1
    outer loop
      vertex -4.2089328765869141 10.845589637756348 4.4619607925415039
      vertex -4.0129055976867676 10.845589637756348 4.4619607925415039
      vertex -4.0129055976867676 12.020589828491211 4.4619607925415039
    endloop
  endfacet
  facet normal -0 0 1
    outer loop
      vertex -4.2089328765869141 10.845589637756348 4.4619607925415039
      vertex -4.0129055976867676 12.020589828491211 4.4619607925415039
      vertex -4.2089328765869141 12.020589828491211 4.4619607925415039
    endloop
  endfacet
  facet normal -0.9607207568157301 0 0.27751689574404392
    outer loop
      vertex -4.0129055976867676 10.845589637756348 4.4619607925415039
      vertex -3.8829045295715332 10.845589637756348 4.9120044708251953
      vertex -3.8829045295715332 12.020589828491211 4.9120044708251953
    endloop
  endfacet
  facet normal -0.9607207568157301 0 0.27751689574404398
    outer loop
      vertex -4.0129055976867676 10.845589637756348 4.4619607925415039
      vertex -3.8829045295715332 12.020589828491211 4.9120044708251953
      vertex -4.0129055976867676 12.020589828491211 4.4619607925415039
    endloop
  endfacet
  facet normal 0 -0 1
    outer loop
      vertex -3.8829045295715332 10.845589637756348 4.9120044708251953
      vertex -3.6989331245422363 10.845589637756348 4.9120044708251953
      vertex -3.6989331245422363 12.020589828491211 4.9120044708251953
    endloop
  endfacet
  facet normal -0 0 1
    outer loop
      vertex -3.8829045295715332 10.845589637756348 4.9120044708251953
      vertex -3.6989331245422363 12.020589828491211 4.9120044708251953
      vertex -3.8829045295715332 12.020589828491211 4.9120044708251953
    endloop
  endfacet
  facet normal 0.96072116390489437 -0 0.27751548646017027
    outer loop
      vertex -3.6989331245422363 10.845589637756348 4.9120044708251953
      vertex -3.5689327716827393 10.845589637756348 4.4619607925415039
      vertex -3.5689327716827393 12.020589828491211 4.4619607925415039
    endloop
  endfacet
  facet normal 0.96072116390489437 0 0.27751548646017027
    outer loop
      vertex -3.6989331245422363 10.845589637756348 4.9120044708251953
      vertex -3.5689327716827393 12.020589828491211 4.4619607925415039
      vertex -3.6989331245422363 12.020589828491211 4.9120044708251953
    endloop
  endfacet
  facet normal 0 -0 1
    outer loop
      vertex -3.5689327716827393 10.845589637756348 4.4619607925415039
      vertex -3.3729052543640137 10.845589637756348 4.4619607925415039
      vertex -3.3729052543640137 12.020589828491211 4.4619607925415039
    endloop
  endfacet
  facet normal -0 0 1
    outer loop
      vertex -3.5689327716827393 10.845589637756348 4.4619607925415039
      vertex -3.3729052543640137 12.020589828491211 4.4619607925415039
      vertex -3.5689327716827393 12.020589828491211 4.4619607925415039
    endloop
  endfacet
  facet normal -0.96072129960089991 0 0.277515016698481
    outer loop
      vertex -3.3729052543640137 10.845589637756348 4.4619607925415039
      vertex -3.2429051399230957 10.845589637756348 4.9120044708251953
      vertex -3.2429051399230957 12.020589828491211 4.9120044708251953
    endloop
  endfacet
  facet normal -0.96072129960089991 0 0.277515016698481
    outer loop
      vertex -3.3729052543640137 10.845589637756348 4.4619607925415039
      vertex -3.2429051399230957 12.020589828491211 4.9120044708251953
      vertex -3.3729052543640137 12.020589828491211 4.4619607925415039
    endloop
  endfacet
  facet normal 0.0013006467624041213 -0 0.99999915415864205
    outer loop
      vertex -3.2429051399230957 10.845589637756348 4.9120044708251953
      vertex -3.0588643550872803 10.845589637756348 4.9117650985717773
      vertex -3.0588643550872803 12.020589828491211 4.9117650985717773
    endloop
  endfacet
  facet normal 0.0013006467624041213 0 0.99999915415864205
    outer loop
      vertex -3.2429051399230957 10.845589637756348 4.9120044708251953
      vertex -3.0588643550872803 12.020589828491211 4.9117650985717773
      vertex -3.2429051399230957 12.020589828491211 4.9120044708251953
    endloop
  endfacet
  facet normal 0 -0 1
    outer loop
      vertex -3.0588643550872803 10.845589637756348 4.9117650985717773
      vertex -3.0584783554077148 10.845589637756348 4.9117650985717773
      vertex -3.0584783554077148 12.020589828491211 4.9117650985717773
    endloop
  endfacet
  facet normal -0 0 1
    outer loop
      vertex -3.0588643550872803 10.845589637756348 4.9117650985717773
      vertex -3.0584783554077148 12.020589828491211 4.9117650985717773
      vertex -3.0588643550872803 12.020589828491211 4.9117650985717773
    endloop
  endfacet
  facet normal 0.96072552175947346 -0 0.27750039971140172
    outer loop
      vertex -3.0584783554077148 10.845589637756348 4.9117650985717773
      vertex -3.0584092140197754 10.845589637756348 4.9115257263183594
      vertex -3.0584092140197754 12.020589828491211 4.9115257263183594
    endloop
  endfacet
  facet normal 0.96072552175947346 0 0.27750039971140172
    outer loop
      vertex -3.0584783554077148 10.845589637756348 4.9117650985717773
      vertex -3.0584092140197754 12.020589828491211 4.9115257263183594
      vertex -3.0584783554077148 12.020589828491211 4.9117650985717773
    endloop
  endfacet
  facet normal 0.96050111832628182 -0 0.27827612490826825
    outer loop
      vertex -3.0584092140197754 10.845589637756348 4.9115257263183594
      vertex -2.9281613826751709 10.845589637756348 4.4619607925415039
      vertex -2.9281613826751709 12.020589828491211 4.4619607925415039
    endloop
  endfacet
  facet normal 0.96050111832628182 -1.3329630709300625e-17 0.2782761249082682
    outer loop
      vertex -3.0584092140197754 10.845589637756348 4.9115257263183594
      vertex -2.9281613826751709 12.020589828491211 4.4619607925415039
      vertex -3.0584092140197754 12.020589828491211 4.9115257263183594
    endloop
  endfacet
  facet normal 0 -0 1
    outer loop
      vertex -2.9281613826751709 10.845589637756348 4.4619607925415039
      vertex -2.7329049110412598 10.845589637756348 4.4619607925415039
      vertex -2.7329049110412598 12.020589828491211 4.4619607925415039
    endloop
  endfacet
  facet normal -0 0 1
    outer loop
      vertex -2.9281613826751709 10.845589637756348 4.4619607925415039
      vertex -2.7329049110412598 12.020589828491211 4.4619607925415039
      vertex -2.9281613826751709 12.020589828491211 4.4619607925415039
    endloop
  endfacet
  facet normal -0.96072129960089991 0 0.277515016698481
    outer loop
      vertex -2.7329049110412598 10.845589637756348 4.4619607925415039
      vertex -2.6029047966003418 10.845589637756348 4.9120044708251953
      vertex -2.6029047966003418 12.020589828491211 4.9120044708251953
    endloop
  endfacet
  facet normal -0.96072129960089991 0 0.277515016698481
    outer loop
      vertex -2.7329049110412598 10.845589637756348 4.4619607925415039
      vertex -2.6029047966003418 12.020589828491211 4.9120044708251953
      vertex -2.7329049110412598 12.020589828491211 4.4619607925415039
    endloop
  endfacet
  facet normal 0.0013006467624041213 -0 0.99999915415864205
    outer loop
      vertex -2.6029047966003418 10.845589637756348 4.9120044708251953
      vertex -2.4188640117645264 10.845589637756348 4.9117650985717773
      vertex -2.4188640117645264 12.020589828491211 4.9117650985717773
    endloop
  endfacet
  facet normal 0.0013006467624041213 0 0.99999915415864205
    outer loop
      vertex -2.6029047966003418 10.845589637756348 4.9120044708251953
      vertex -2.4188640117645264 12.020589828491211 4.9117650985717773
      vertex -2.6029047966003418 12.020589828491211 4.9120044708251953
    endloop
  endfacet
  facet normal 0 -0 1
    outer loop
      vertex -2.4188640117645264 10.845589637756348 4.9117650985717773
      vertex -2.41847825050354 10.845589637756348 4.9117650985717773
      vertex -2.41847825050354 12.020589828491211 4.9117650985717773
    endloop
  endfacet
  facet normal -0 0 1
    outer loop
      vertex -2.4188640117645264 10.845589637756348 4.9117650985717773
      vertex -2.41847825050354 12.020589828491211 4.9117650985717773
      vertex -2.4188640117645264 12.020589828491211 4.9117650985717773
    endloop
  endfacet
  facet normal 0.96072552175947346 -0 0.27750039971140172
    outer loop
      vertex -2.41847825050354 10.845589637756348 4.9117650985717773
      vertex -2.4184091091156006 10.845589637756348 4.9115257263183594
      vertex -2.4184091091156006 12.020589828491211 4.9115257263183594
    endloop
  endfacet
  facet normal 0.96072552175947346 0 0.27750039971140172
    outer loop
      vertex -2.41847825050354 10.845589637756348 4.9117650985717773
      vertex -2.4184091091156006 12.020589828491211 4.9115257263183594
      vertex -2.41847825050354 12.020589828491211 4.9117650985717773
    endloop
  endfacet
  facet normal 0.96050111832628182 -0 0.27827612490826825
    outer loop
      vertex -2.4184091091156006 10.845589637756348 4.9115257263183594
      vertex -2.2881612777709961 10.845589637756348 4.4619607925415039
      vertex -2.2881612777709961 12.020589828491211 4.4619607925415039
    endloop
  endfacet
  facet normal 0.96050111832628182 -1.3329630709300625e-17 0.2782761249082682
    outer loop
      vertex -2.4184091091156006 10.845589637756348 4.9115257263183594
      vertex -2.2881612777709961 12.020589828491211 4.4619607925415039
      vertex -2.4184091091156006 12.020589828491211 4.9115257263183594
    endloop
  endfacet
  facet normal 0.0061018944717369517 -0 0.9999813832686365
    outer loop
      vertex -2.2881612777709961 10.845589637756348 4.4619607925415039
      vertex -2.2489328384399414 10.845589637756348 4.4617214202880859
      vertex -2.2489328384399414 12.020589828491211 4.4617214202880859
    endloop
  endfacet
  facet normal 0.0061018944717369517 0 0.9999813832686365
    outer loop
      vertex -2.2881612777709961 10.845589637756348 4.4619607925415039
      vertex -2.2489328384399414 12.020589828491211 4.4617214202880859
      vertex -2.2881612777709961 12.020589828491211 4.4619607925415039
    endloop
  endfacet
  facet normal 0.0015252708074691269 -0 0.9999988367738053
    outer loop
      vertex -2.2489328384399414 10.845589637756348 4.4617214202880859
      vertex -2.0919954776763916 10.845589637756348 4.461482048034668
      vertex -2.0919954776763916 12.020589828491211 4.461482048034668
    endloop
  endfacet
  facet normal 0.0015252708074691269 0 0.9999988367738053
    outer loop
      vertex -2.2489328384399414 10.845589637756348 4.4617214202880859
      vertex -2.0919954776763916 12.020589828491211 4.461482048034668
      vertex -2.2489328384399414 12.020589828491211 4.4617214202880859
    endloop
  endfacet
  facet normal -0.96072116390489437 0 0.27751548646017027
    outer loop
      vertex -2.0919954776763916 10.845589637756348 4.461482048034668
      vertex -1.9619951248168945 10.845589637756348 4.9115257263183594
      vertex -1.9619951248168945 12.020589828491211 4.9115257263183594
    endloop
  endfacet
  facet normal -0.96072116390489437 0 0.27751548646017027
    outer loop
      vertex -2.0919954776763916 10.845589637756348 4.461482048034668
      vertex -1.9619951248168945 12.020589828491211 4.9115257263183594
      vertex -2.0919954776763916 12.020589828491211 4.461482048034668
    endloop
  endfacet
  facet normal 0 -0 1
    outer loop
      vertex -1.9619951248168945 10.845589637756348 4.9115257263183594
      vertex -1.7780237197875977 10.845589637756348 4.9115257263183594
      vertex -1.7780237197875977 12.020589828491211 4.9115257263183594
    endloop
  endfacet
  facet normal -0 0 1
    outer loop
      vertex -1.9619951248168945 10.845589637756348 4.9115257263183594
      vertex -1.7780237197875977 12.020589828491211 4.9115257263183594
      vertex -1.9619951248168945 12.020589828491211 4.9115257263183594
    endloop
  endfacet
  facet normal 0.9607207568157301 -0 0.27751689574404392
    outer loop
      vertex -1.7780237197875977 10.845589637756348 4.9115257263183594
      vertex -1.6480226516723633 10.845589637756348 4.461482048034668
      vertex -1.6480226516723633 12.020589828491211 4.461482048034668
    endloop
  endfacet
  facet normal 0.9607207568157301 0 0.27751689574404398
    outer loop
      vertex -1.7780237197875977 10.845589637756348 4.9115257263183594
      vertex -1.6480226516723633 12.020589828491211 4.461482048034668
      vertex -1.7780237197875977 12.020589828491211 4.9115257263183594
    endloop
  endfacet
  facet normal 2.4325026134127986e-06 -0 0.99999999999704148
    outer loop
      vertex -1.6480226516723633 10.845589637756348 4.461482048034668
      vertex -1.4519952535629272 10.845589637756348 4.4614815711975098
      vertex -1.4519952535629272 12.020589828491211 4.4614815711975098
    endloop
  endfacet
  facet normal 2.4325026134127986e-06 0 0.99999999999704137
    outer loop
      vertex -1.6480226516723633 10.845589637756348 4.461482048034668
      vertex -1.4519952535629272 12.020589828491211 4.4614815711975098
      vertex -1.6480226516723633 12.020589828491211 4.461482048034668
    endloop
  endfacet
  facet normal -0.96072131014747431 0 0.27751498018759418
    outer loop
      vertex -1.4519952535629272 10.845589637756348 4.4614815711975098
      vertex -1.3219950199127197 10.845589637756348 4.9115257263183594
      vertex -1.3219950199127197 12.020589828491211 4.9115257263183594
    endloop
  endfacet
  facet normal -0.96072131014747431 0 0.27751498018759418
    outer loop
      vertex -1.4519952535629272 10.845589637756348 4.4614815711975098
      vertex -1.3219950199127197 12.020589828491211 4.9115257263183594
      vertex -1.4519952535629272 12.020589828491211 4.4614815711975098
    endloop
  endfacet
  facet normal 0 -0 1
    outer loop
      vertex -1.3219950199127197 10.845589637756348 4.9115257263183594
      vertex -1.1380236148834229 10.845589637756348 4.9115257263183594
      vertex -1.1380236148834229 12.020589828491211 4.9115257263183594
    endloop
  endfacet
  facet normal -0 0 1
    outer loop
      vertex -1.3219950199127197 10.845589637756348 4.9115257263183594
      vertex -1.1380236148834229 12.020589828491211 4.9115257263183594
      vertex -1.3219950199127197 12.020589828491211 4.9115257263183594
    endloop
  endfacet
  facet normal 0.96072124229957478 -0 0.27751521506822258
    outer loop
      vertex -1.1380236148834229 10.845589637756348 4.9115257263183594
      vertex -1.0080232620239258 10.845589637756348 4.4614815711975098
      vertex -1.0080232620239258 12.020589828491211 4.4614815711975098
    endloop
  endfacet
  facet normal 0.96072124229957478 0 0.27751521506822258
    outer loop
      vertex -1.1380236148834229 10.845589637756348 4.9115257263183594
      vertex -1.0080232620239258 12.020589828491211 4.4614815711975098
      vertex -1.1380236148834229 12.020589828491211 4.9115257263183594
    endloop
  endfacet
  facet normal 0 -0 1
    outer loop
      vertex -1.0080232620239258 10.845589637756348 4.4614815711975098
      vertex -0.81199586391448975 10.845589637756348 4.4614815711975098
      vertex -0.81199586391448975 12.020589828491211 4.4614815711975098
    endloop
  endfacet
  facet normal -0 0 1
    outer loop
      vertex -1.0080232620239258 10.845589637756348 4.4614815711975098
      vertex -0.81199586391448975 12.020589828491211 4.4614815711975098
      vertex -1.0080232620239258 12.020589828491211 4.4614815711975098
    endloop
  endfacet
  facet normal -0.96072131014747431 0 0.27751498018759418
    outer loop
      vertex -0.81199586391448975 10.845589637756348 4.4614815711975098
      vertex -0.68199563026428223 10.845589637756348 4.9115257263183594
      vertex -0.68199563026428223 12.020589828491211 4.9115257263183594
    endloop
  endfacet
  facet normal -0.96072131014747431 0 0.27751498018759418
    outer loop
      vertex -0.81199586391448975 10.845589637756348 4.4614815711975098
      vertex -0.68199563026428223 12.020589828491211 4.9115257263183594
      vertex -0.81199586391448975 12.020589828491211 4.4614815711975098
    endloop
  endfacet
  facet normal 0 -0 1
    outer loop
      vertex -0.68199563026428223 10.845589637756348 4.9115257263183594
      vertex -0.49802345037460327 10.845589637756348 4.9115257263183594
      vertex -0.49802345037460327 12.020589828491211 4.9115257263183594
    endloop
  endfacet
  facet normal 0 -0 1
    outer loop
      vertex -0.68199563026428223 10.845589637756348 4.9115257263183594
      vertex -0.49802345037460327 12.020589828491211 4.9115257263183594
      vertex -0.68199563026428223 12.020589828491211 4.9115257263183594
    endloop
  endfacet
  facet normal 0.96072127622353043 -0 0.2775150976279146
    outer loop
      vertex -0.49802345037460327 10.845589637756348 4.9115257263183594
      vertex -0.36802315711975098 10.845589637756348 4.4614815711975098
      vertex -0.36802315711975098 12.020589828491211 4.4614815711975098
    endloop
  endfacet
  facet normal 0.96072127622353043 -1.3332686013882856e-17 0.2775150976279146
    outer loop
      vertex -0.49802345037460327 10.845589637756348 4.9115257263183594
      vertex -0.36802315711975098 12.020589828491211 4.4614815711975098
      vertex -0.49802345037460327 12.020589828491211 4.9115257263183594
    endloop
  endfacet
  facet normal 0 -0 1
    outer loop
      vertex -0.36802315711975098 10.845589637756348 4.4614815711975098
      vertex -0.17199578881263733 10.845589637756348 4.4614815711975098
      vertex -0.17199578881263733 12.020589828491211 4.4614815711975098
    endloop
  endfacet
  facet normal -0 0 1
    outer loop
      vertex -0.36802315711975098 10.845589637756348 4.4614815711975098
      vertex -0.17199578881263733 12.020589828491211 4.4614815711975098
      vertex -0.36802315711975098 12.020589828491211 4.4614815711975098
    endloop
  endfacet
  facet normal -0.96072082885040366 0 0.27751664637097645
    outer loop
      vertex -0.17199578881263733 10.845589637756348 4.4614815711975098
      vertex -0.041994709521532059 10.845589637756348 4.9115257263183594
      vertex -0.041994709521532059 12.020589828491211 4.9115257263183594
    endloop
  endfacet
  facet normal -0.96072082885040344 0 0.27751664637097645
    outer loop
      vertex -0.17199578881263733 10.845589637756348 4.4614815711975098
      vertex -0.041994709521532059 12.020589828491211 4.9115257263183594
      vertex -0.17199578881263733 12.020589828491211 4.4614815711975098
    endloop
  endfacet
  facet normal 0 -0 1
    outer loop
      vertex -0.041994709521532059 10.845589637756348 4.9115257263183594
      vertex 0.14197592437267303 10.845589637756348 4.9115257263183594
      vertex 0.14197592437267303 12.020589828491211 4.9115257263183594
    endloop
  endfacet
  facet normal 0 -0 1
    outer loop
      vertex -0.041994709521532059 10.845589637756348 4.9115257263183594
      vertex 0.14197592437267303 12.020589828491211 4.9115257263183594
      vertex -0.041994709521532059 12.020589828491211 4.9115257263183594
    endloop
  endfacet
  facet normal 0.9607208267301468 -0 0.27751665371098583
    outer loop
      vertex 0.14197592437267303 10.845589637756348 4.9115257263183594
      vertex 0.2719770073890686 10.845589637756348 4.4614815711975098
      vertex 0.2719770073890686 12.020589828491211 4.4614815711975098
    endloop
  endfacet
  facet normal 0.9607208267301468 0 0.27751665371098583
    outer loop
      vertex 0.14197592437267303 10.845589637756348 4.9115257263183594
      vertex 0.2719770073890686 12.020589828491211 4.4614815711975098
      vertex 0.14197592437267303 12.020589828491211 4.9115257263183594
    endloop
  endfacet
  facet normal 0 -0 1
    outer loop
      vertex 0.2719770073890686 10.845589637756348 4.4614815711975098
      vertex 0.46800437569618225 10.845589637756348 4.4614815711975098
      vertex 0.46800437569618225 12.020589828491211 4.4614815711975098
    endloop
  endfacet
  facet normal -0 0 1
    outer loop
      vertex 0.2719770073890686 10.845589637756348 4.4614815711975098
      vertex 0.46800437569618225 12.020589828491211 4.4614815711975098
      vertex 0.2719770073890686 12.020589828491211 4.4614815711975098
    endloop
  endfacet
  facet normal -0.96072125926155405 0 0.27751515634807011
    outer loop
      vertex 0.46800437569618225 10.845589637756348 4.4614815711975098
      vertex 0.59800469875335693 10.845589637756348 4.9115257263183594
      vertex 0.59800469875335693 12.020589828491211 4.9115257263183594
    endloop
  endfacet
  facet normal -0.96072125926155405 0 0.27751515634807011
    outer loop
      vertex 0.46800437569618225 10.845589637756348 4.4614815711975098
      vertex 0.59800469875335693 12.020589828491211 4.9115257263183594
      vertex 0.46800437569618225 12.020589828491211 4.4614815711975098
    endloop
  endfacet
  facet normal 0 -0 1
    outer loop
      vertex 0.59800469875335693 10.845589637756348 4.9115257263183594
      vertex 0.78197610378265381 10.845589637756348 4.9115257263183594
      vertex 0.78197610378265381 12.020589828491211 4.9115257263183594
    endloop
  endfacet
  facet normal -0 0 1
    outer loop
      vertex 0.59800469875335693 10.845589637756348 4.9115257263183594
      vertex 0.78197610378265381 12.020589828491211 4.9115257263183594
      vertex 0.59800469875335693 12.020589828491211 4.9115257263183594
    endloop
  endfacet
  facet normal 0.96072083521117357 -0 0.27751662435094809
    outer loop
      vertex 0.78197610378265381 10.845589637756348 4.9115257263183594
      vertex 0.91197717189788818 10.845589637756348 4.4614815711975098
      vertex 0.91197717189788818 12.020589828491211 4.4614815711975098
    endloop
  endfacet
  facet normal 0.96072083521117357 0 0.27751662435094809
    outer loop
      vertex 0.78197610378265381 10.845589637756348 4.9115257263183594
      vertex 0.91197717189788818 12.020589828491211 4.4614815711975098
      vertex 0.78197610378265381 12.020589828491211 4.9115257263183594
    endloop
  endfacet
  facet normal 0 -0 1
    outer loop
      vertex 0.91197717189788818 10.845589637756348 4.4614815711975098
      vertex 1.1080038547515869 10.845589637756348 4.4614815711975098
      vertex 1.1080038547515869 12.020589828491211 4.4614815711975098
    endloop
  endfacet
  facet normal -0 0 1
    outer loop
      vertex 0.91197717189788818 10.845589637756348 4.4614815711975098
      vertex 1.1080038547515869 12.020589828491211 4.4614815711975098
      vertex 0.91197717189788818 12.020589828491211 4.4614815711975098
    endloop
  endfacet
  facet normal -0.96072083521117357 0 0.27751662435094809
    outer loop
      vertex 1.1080038547515869 10.845589637756348 4.4614815711975098
      vertex 1.2380049228668213 10.845589637756348 4.9115257263183594
      vertex 1.2380049228668213 12.020589828491211 4.9115257263183594
    endloop
  endfacet
  facet normal -0.96072083521117357 0 0.27751662435094809
    outer loop
      vertex 1.1080038547515869 10.845589637756348 4.4614815711975098
      vertex 1.2380049228668213 12.020589828491211 4.9115257263183594
      vertex 1.1080038547515869 12.020589828491211 4.4614815711975098
    endloop
  endfacet
  facet normal 0 -0 1
    outer loop
      vertex 1.2380049228668213 10.845589637756348 4.9115257263183594
      vertex 1.4219763278961182 10.845589637756348 4.9115257263183594
      vertex 1.4219763278961182 12.020589828491211 4.9115257263183594
    endloop
  endfacet
  facet normal -0 0 1
    outer loop
      vertex 1.2380049228668213 10.845589637756348 4.9115257263183594
      vertex 1.4219763278961182 12.020589828491211 4.9115257263183594
      vertex 1.2380049228668213 12.020589828491211 4.9115257263183594
    endloop
  endfacet
  facet normal 0.96072131014747431 -0 0.27751498018759418
    outer loop
      vertex 1.4219763278961182 10.845589637756348 4.9115257263183594
      vertex 1.5519765615463257 10.845589637756348 4.4614815711975098
      vertex 1.5519765615463257 12.020589828491211 4.4614815711975098
    endloop
  endfacet
  facet normal 0.96072131014747431 0 0.27751498018759418
    outer loop
      vertex 1.4219763278961182 10.845589637756348 4.9115257263183594
      vertex 1.5519765615463257 12.020589828491211 4.4614815711975098
      vertex 1.4219763278961182 12.020589828491211 4.9115257263183594
    endloop
  endfacet
  facet normal 0 -0 1
    outer loop
      vertex 1.5519765615463257 10.845589637756348 4.4614815711975098
      vertex 1.748004674911499 10.845589637756348 4.4614815711975098
      vertex 1.748004674911499 12.020589828491211 4.4614815711975098
    endloop
  endfacet
  facet normal -0 0 1
    outer loop
      vertex 1.5519765615463257 10.845589637756348 4.4614815711975098
      vertex 1.748004674911499 12.020589828491211 4.4614815711975098
      vertex 1.5519765615463257 12.020589828491211 4.4614815711975098
    endloop
  endfacet
  facet normal -0.96072124229957478 0 0.27751521506822258
    outer loop
      vertex 1.748004674911499 10.845589637756348 4.4614815711975098
      vertex 1.8780050277709961 10.845589637756348 4.9115257263183594
      vertex 1.8780050277709961 12.020589828491211 4.9115257263183594
    endloop
  endfacet
  facet normal -0.96072124229957478 0 0.27751521506822258
    outer loop
      vertex 1.748004674911499 10.845589637756348 4.4614815711975098
      vertex 1.8780050277709961 12.020589828491211 4.9115257263183594
      vertex 1.748004674911499 12.020589828491211 4.4614815711975098
    endloop
  endfacet
  facet normal 0 -0 1
    outer loop
      vertex 1.8780050277709961 10.845589637756348 4.9115257263183594
      vertex 2.0619757175445557 10.845589637756348 4.9115257263183594
      vertex 2.0619757175445557 12.020589828491211 4.9115257263183594
    endloop
  endfacet
  facet normal -0 0 1
    outer loop
      vertex 1.8780050277709961 10.845589637756348 4.9115257263183594
      vertex 2.0619757175445557 12.020589828491211 4.9115257263183594
      vertex 1.8780050277709961 12.020589828491211 4.9115257263183594
    endloop
  endfacet
  facet normal 0.96072042812104996 -0 0.2775180336318821
    outer loop
      vertex 2.0619757175445557 10.845589637756348 4.9115257263183594
      vertex 2.1919775009155273 10.845589637756348 4.4614815711975098
      vertex 2.1919775009155273 12.020589828491211 4.4614815711975098
    endloop
  endfacet
  facet normal 0.96072042812104996 0 0.2775180336318821
    outer loop
      vertex 2.0619757175445557 10.845589637756348 4.9115257263183594
      vertex 2.1919775009155273 12.020589828491211 4.4614815711975098
      vertex 2.0619757175445557 12.020589828491211 4.9115257263183594
    endloop
  endfacet
  facet normal 0 -0 1
    outer loop
      vertex 2.1919775009155273 10.845589637756348 4.4614815711975098
      vertex 2.3880040645599365 10.845589637756348 4.4614815711975098
      vertex 2.3880040645599365 12.020589828491211 4.4614815711975098
    endloop
  endfacet
  facet normal -0 0 1
    outer loop
      vertex 2.1919775009155273 10.845589637756348 4.4614815711975098
      vertex 2.3880040645599365 12.020589828491211 4.4614815711975098
      vertex 2.1919775009155273 12.020589828491211 4.4614815711975098
    endloop
  endfacet
  facet normal -0.96072124229957478 0 0.27751521506822258
    outer loop
      vertex 2.3880040645599365 10.845589637756348 4.4614815711975098
      vertex 2.5180044174194336 10.845589637756348 4.9115257263183594
      vertex 2.5180044174194336 12.020589828491211 4.9115257263183594
    endloop
  endfacet
  facet normal -0.96072124229957478 0 0.27751521506822258
    outer loop
      vertex 2.3880040645599365 10.845589637756348 4.4614815711975098
      vertex 2.5180044174194336 12.020589828491211 4.9115257263183594
      vertex 2.3880040645599365 12.020589828491211 4.4614815711975098
    endloop
  endfacet
  facet normal 0 -0 1
    outer loop
      vertex 2.5180044174194336 10.845589637756348 4.9115257263183594
      vertex 2.7019765377044678 10.845589637756348 4.9115257263183594
      vertex 2.7019765377044678 12.020589828491211 4.9115257263183594
    endloop
  endfacet
  facet normal -0 0 1
    outer loop
      vertex 2.5180044174194336 10.845589637756348 4.9115257263183594
      vertex 2.7019765377044678 12.020589828491211 4.9115257263183594
      vertex 2.5180044174194336 12.020589828491211 4.9115257263183594
    endloop
  endfacet
  facet normal 0.96072124229957478 -0 0.27751521506822258
    outer loop
      vertex 2.7019765377044678 10.845589637756348 4.9115257263183594
      vertex 2.8319768905639648 10.845589637756348 4.4614815711975098
      vertex 2.8319768905639648 12.020589828491211 4.4614815711975098
    endloop
  endfacet
  facet normal 0.96072124229957478 0 0.27751521506822258
    outer loop
      vertex 2.7019765377044678 10.845589637756348 4.9115257263183594
      vertex 2.8319768905639648 12.020589828491211 4.4614815711975098
      vertex 2.7019765377044678 12.020589828491211 4.9115257263183594
    endloop
  endfacet
  facet normal 0 -0 1
    outer loop
      vertex 2.8319768905639648 10.845589637756348 4.4614815711975098
      vertex 3.0280051231384277 10.845589637756348 4.4614815711975098
      vertex 3.0280051231384277 12.020589828491211 4.4614815711975098
    endloop
  endfacet
  facet normal -0 0 1
    outer loop
      vertex 2.8319768905639648 10.845589637756348 4.4614815711975098
      vertex 3.0280051231384277 12.020589828491211 4.4614815711975098
      vertex 2.8319768905639648 12.020589828491211 4.4614815711975098
    endloop
  endfacet
  facet normal -0.96072137799532586 0 0.277514745306916
    outer loop
      vertex 3.0280051231384277 10.845589637756348 4.4614815711975098
      vertex 3.1580052375793457 10.845589637756348 4.9115257263183594
      vertex 3.1580052375793457 12.020589828491211 4.9115257263183594
    endloop
  endfacet
  facet normal -0.96072137799532586 0 0.277514745306916
    outer loop
      vertex 3.0280051231384277 10.845589637756348 4.4614815711975098
      vertex 3.1580052375793457 12.020589828491211 4.9115257263183594
      vertex 3.0280051231384277 12.020589828491211 4.4614815711975098
    endloop
  endfacet
  facet normal 0 -0 1
    outer loop
      vertex 3.1580052375793457 10.845589637756348 4.9115257263183594
      vertex 3.3419756889343262 10.845589637756348 4.9115257263183594
      vertex 3.3419756889343262 12.020589828491211 4.9115257263183594
    endloop
  endfacet
  facet normal -0 0 1
    outer loop
      vertex 3.1580052375793457 10.845589637756348 4.9115257263183594
      vertex 3.3419756889343262 12.020589828491211 4.9115257263183594
      vertex 3.1580052375793457 12.020589828491211 4.9115257263183594
    endloop
  endfacet
  facet normal 0.96072124229957478 -0 0.27751521506822258
    outer loop
      vertex 3.3419756889343262 10.845589637756348 4.9115257263183594
      vertex 3.4719760417938232 10.845589637756348 4.4614815711975098
      vertex 3.4719760417938232 12.020589828491211 4.4614815711975098
    endloop
  endfacet
  facet normal 0.96072124229957478 0 0.27751521506822258
    outer loop
      vertex 3.3419756889343262 10.845589637756348 4.9115257263183594
      vertex 3.4719760417938232 12.020589828491211 4.4614815711975098
      vertex 3.3419756889343262 12.020589828491211 4.9115257263183594
    endloop
  endfacet
  facet normal 0 -0 1
    outer loop
      vertex 3.4719760417938232 10.845589637756348 4.4614815711975098
      vertex 3.6680042743682861 10.845589637756348 4.4614815711975098
      vertex 3.6680042743682861 12.020589828491211 4.4614815711975098
    endloop
  endfacet
  facet normal -0 0 1
    outer loop
      vertex 3.4719760417938232 10.845589637756348 4.4614815711975098
      vertex 3.6680042743682861 12.020589828491211 4.4614815711975098
      vertex 3.4719760417938232 12.020589828491211 4.4614815711975098
    endloop
  endfacet
  facet normal -0.96072124229957478 0 0.27751521506822258
    outer loop
      vertex 3.6680042743682861 10.845589637756348 4.4614815711975098
      vertex 3.7980046272277832 10.845589637756348 4.9115257263183594
      vertex 3.7980046272277832 12.020589828491211 4.9115257263183594
    endloop
  endfacet
  facet normal -0.96072124229957478 0 0.27751521506822258
    outer loop
      vertex 3.6680042743682861 10.845589637756348 4.4614815711975098
      vertex 3.7980046272277832 12.020589828491211 4.9115257263183594
      vertex 3.6680042743682861 12.020589828491211 4.4614815711975098
    endloop
  endfacet
  facet normal 0 -0 1
    outer loop
      vertex 3.7980046272277832 10.845589637756348 4.9115257263183594
      vertex 3.9819767475128174 10.845589637756348 4.9115257263183594
      vertex 3.9819767475128174 12.020589828491211 4.9115257263183594
    endloop
  endfacet
  facet normal -0 0 1
    outer loop
      vertex 3.7980046272277832 10.845589637756348 4.9115257263183594
      vertex 3.9819767475128174 12.020589828491211 4.9115257263183594
      vertex 3.7980046272277832 12.020589828491211 4.9115257263183594
    endloop
  endfacet
  facet normal 0.96072124229957478 -0 0.27751521506822258
    outer loop
      vertex 3.9819767475128174 10.845589637756348 4.9115257263183594
      vertex 4.1119771003723145 10.845589637756348 4.4614815711975098
      vertex 4.1119771003723145 12.020589828491211 4.4614815711975098
    endloop
  endfacet
  facet normal 0.96072124229957478 0 0.27751521506822258
    outer loop
      vertex 3.9819767475128174 10.845589637756348 4.9115257263183594
      vertex 4.1119771003723145 12.020589828491211 4.4614815711975098
      vertex 3.9819767475128174 12.020589828491211 4.9115257263183594
    endloop
  endfacet
  facet normal 0 -0 1
    outer loop
      vertex 4.1119771003723145 10.845589637756348 4.4614815711975098
      vertex 4.3080034255981445 10.845589637756348 4.4614815711975098
      vertex 4.3080034255981445 12.020589828491211 4.4614815711975098
    endloop
  endfacet
  facet normal 0 -0 1
    outer loop
      vertex 4.1119771003723145 10.845589637756348 4.4614815711975098
      vertex 4.3080034255981445 12.020589828491211 4.4614815711975098
      vertex 4.1119771003723145 12.020589828491211 4.4614815711975098
    endloop
  endfacet
  facet normal -0.9607202924239594 0 0.27751850339179535
    outer loop
      vertex 4.3080034255981445 10.845589637756348 4.4614815711975098
      vertex 4.4380054473876953 10.845589637756348 4.9115257263183594
      vertex 4.4380054473876953 12.020589828491211 4.9115257263183594
    endloop
  endfacet
  facet normal -0.9607202924239594 0 0.27751850339179535
    outer loop
      vertex 4.3080034255981445 10.845589637756348 4.4614815711975098
      vertex 4.4380054473876953 12.020589828491211 4.9115257263183594
      vertex 4.3080034255981445 12.020589828491211 4.4614815711975098
    endloop
  endfacet
  facet normal 0 -0 1
    outer loop
      vertex 4.4380054473876953 10.845589637756348 4.9115257263183594
      vertex 4.6219758987426758 10.845589637756348 4.9115257263183594
      vertex 4.6219758987426758 12.020589828491211 4.9115257263183594
    endloop
  endfacet
  facet normal -0 0 1
    outer loop
      vertex 4.4380054473876953 10.845589637756348 4.9115257263183594
      vertex 4.6219758987426758 12.020589828491211 4.9115257263183594
      vertex 4.4380054473876953 12.020589828491211 4.9115257263183594
    endloop
  endfacet
  facet normal 0.96072110660363241 -0 0.27751568482933014
    outer loop
      vertex 4.6219758987426758 10.845589637756348 4.9115257263183594
      vertex 4.751976490020752 10.845589637756348 4.4614815711975098
      vertex 4.751976490020752 12.020589828491211 4.4614815711975098
    endloop
  endfacet
  facet normal 0.96072110660363241 0 0.27751568482933014
    outer loop
      vertex 4.6219758987426758 10.845589637756348 4.9115257263183594
      vertex 4.751976490020752 12.020589828491211 4.4614815711975098
      vertex 4.6219758987426758 12.020589828491211 4.9115257263183594
    endloop
  endfacet
  facet normal 0 -0 1
    outer loop
      vertex 4.751976490020752 10.845589637756348 4.4614815711975098
      vertex 4.9480047225952148 10.845589637756348 4.4614815711975098
      vertex 4.9480047225952148 12.020589828491211 4.4614815711975098
    endloop
  endfacet
  facet normal -0 0 1
    outer loop
      vertex 4.751976490020752 10.845589637756348 4.4614815711975098
      vertex 4.9480047225952148 12.020589828491211 4.4614815711975098
      vertex 4.751976490020752 12.020589828491211 4.4614815711975098
    endloop
  endfacet
  facet normal -0.96072137799532586 0 0.277514745306916
    outer loop
      vertex 4.9480047225952148 10.845589637756348 4.4614815711975098
      vertex 5.0780048370361328 10.845589637756348 4.9115257263183594
      vertex 5.0780048370361328 12.020589828491211 4.9115257263183594
    endloop
  endfacet
  facet normal -0.96072137799532586 0 0.277514745306916
    outer loop
      vertex 4.9480047225952148 10.845589637756348 4.4614815711975098
      vertex 5.0780048370361328 12.020589828491211 4.9115257263183594
      vertex 4.9480047225952148 12.020589828491211 4.4614815711975098
    endloop
  endfacet
  facet normal 0 -0 1
    outer loop
      vertex 5.0780048370361328 10.845589637756348 4.9115257263183594
      vertex 5.2619752883911133 10.845589637756348 4.9115257263183594
      vertex 5.2619752883911133 12.020589828491211 4.9115257263183594
    endloop
  endfacet
  facet normal -0 0 1
    outer loop
      vertex 5.0780048370361328 10.845589637756348 4.9115257263183594
      vertex 5.2619752883911133 12.020589828491211 4.9115257263183594
      vertex 5.0780048370361328 12.020589828491211 4.9115257263183594
    endloop
  endfacet
  facet normal 0.9607202924239594 -0 0.27751850339179535
    outer loop
      vertex 5.2619752883911133 10.845589637756348 4.9115257263183594
      vertex 5.3919773101806641 10.845589637756348 4.4614815711975098
      vertex 5.3919773101806641 12.020589828491211 4.4614815711975098
    endloop
  endfacet
  facet normal 0.9607202924239594 0 0.27751850339179535
    outer loop
      vertex 5.2619752883911133 10.845589637756348 4.9115257263183594
      vertex 5.3919773101806641 12.020589828491211 4.4614815711975098
      vertex 5.2619752883911133 12.020589828491211 4.9115257263183594
    endloop
  endfacet
  facet normal 0 -0 1
    outer loop
      vertex 5.3919773101806641 10.845589637756348 4.4614815711975098
      vertex 5.5880041122436523 10.845589637756348 4.4614815711975098
      vertex 5.5880041122436523 12.020589828491211 4.4614815711975098
    endloop
  endfacet
  facet normal -0 0 1
    outer loop
      vertex 5.3919773101806641 10.845589637756348 4.4614815711975098
      vertex 5.5880041122436523 12.020589828491211 4.4614815711975098
      vertex 5.3919773101806641 12.020589828491211 4.4614815711975098
    endloop
  endfacet
  facet normal -0.96072137799532586 0 0.277514745306916
    outer loop
      vertex 5.5880041122436523 10.845589637756348 4.4614815711975098
      vertex 5.7180042266845703 10.845589637756348 4.9115257263183594
      vertex 5.7180042266845703 12.020589828491211 4.9115257263183594
    endloop
  endfacet
  facet normal -0.96072137799532586 0 0.277514745306916
    outer loop
      vertex 5.5880041122436523 10.845589637756348 4.4614815711975098
      vertex 5.7180042266845703 12.020589828491211 4.9115257263183594
      vertex 5.5880041122436523 12.020589828491211 4.4614815711975098
    endloop
  endfacet
  facet normal 0 -0 1
    outer loop
      vertex 5.7180042266845703 10.845589637756348 4.9115257263183594
      vertex 5.9019765853881836 10.845589637756348 4.9115257263183594
      vertex 5.9019765853881836 12.020589828491211 4.9115257263183594
    endloop
  endfacet
  facet normal -0 0 1
    outer loop
      vertex 5.7180042266845703 10.845589637756348 4.9115257263183594
      vertex 5.9019765853881836 12.020589828491211 4.9115257263183594
      vertex 5.7180042266845703 12.020589828491211 4.9115257263183594
    endloop
  endfacet
  facet normal 0.96072137799532586 -0 0.277514745306916
    outer loop
      vertex 5.9019765853881836 10.845589637756348 4.9115257263183594
      vertex 6.0319766998291016 10.845589637756348 4.4614815711975098
      vertex 6.0319766998291016 12.020589828491211 4.4614815711975098
    endloop
  endfacet
  facet normal 0.96072137799532586 0 0.277514745306916
    outer loop
      vertex 5.9019765853881836 10.845589637756348 4.9115257263183594
      vertex 6.0319766998291016 12.020589828491211 4.4614815711975098
      vertex 5.9019765853881836 12.020589828491211 4.9115257263183594
    endloop
  endfacet
  facet normal 0 -0 1
    outer loop
      vertex 6.0319766998291016 10.845589637756348 4.4614815711975098
      vertex 6.2280035018920898 10.845589637756348 4.4614815711975098
      vertex 6.2280035018920898 12.020589828491211 4.4614815711975098
    endloop
  endfacet
  facet normal -0 0 1
    outer loop
      vertex 6.0319766998291016 10.845589637756348 4.4614815711975098
      vertex 6.2280035018920898 12.020589828491211 4.4614815711975098
      vertex 6.0319766998291016 12.020589828491211 4.4614815711975098
    endloop
  endfacet
  facet normal -0.96072056381794912 0 0.27751756387176979
    outer loop
      vertex 6.2280035018920898 10.845589637756348 4.4614815711975098
      vertex 6.3580050468444824 10.845589637756348 4.9115257263183594
      vertex 6.3580050468444824 12.020589828491211 4.9115257263183594
    endloop
  endfacet
  facet normal -0.96072056381794912 0 0.27751756387176979
    outer loop
      vertex 6.2280035018920898 10.845589637756348 4.4614815711975098
      vertex 6.3580050468444824 12.020589828491211 4.9115257263183594
      vertex 6.2280035018920898 12.020589828491211 4.4614815711975098
    endloop
  endfacet
  facet normal 0 -0 1
    outer loop
      vertex 6.3580050468444824 10.845589637756348 4.9115257263183594
      vertex 6.5419759750366211 10.845589637756348 4.9115257263183594
      vertex 6.5419759750366211 12.020589828491211 4.9115257263183594
    endloop
  endfacet
  facet normal -0 0 1
    outer loop
      vertex 6.3580050468444824 10.845589637756348 4.9115257263183594
      vertex 6.5419759750366211 12.020589828491211 4.9115257263183594
      vertex 6.3580050468444824 12.020589828491211 4.9115257263183594
    endloop
  endfacet
  facet normal 0.96072110660363241 -0 0.27751568482933014
    outer loop
      vertex 6.5419759750366211 10.845589637756348 4.9115257263183594
      vertex 6.6719765663146973 10.845589637756348 4.4614815711975098
      vertex 6.6719765663146973 12.020589828491211 4.4614815711975098
    endloop
  endfacet
  facet normal 0.96072110660363241 0 0.27751568482933014
    outer loop
      vertex 6.5419759750366211 10.845589637756348 4.9115257263183594
      vertex 6.6719765663146973 12.020589828491211 4.4614815711975098
      vertex 6.5419759750366211 12.020589828491211 4.9115257263183594
    endloop
  endfacet
  facet normal 0 -0 1
    outer loop
      vertex 6.6719765663146973 10.845589637756348 4.4614815711975098
      vertex 6.8680047988891602 10.845589637756348 4.4614815711975098
      vertex 6.8680047988891602 12.020589828491211 4.4614815711975098
    endloop
  endfacet
  facet normal -0 0 1
    outer loop
      vertex 6.6719765663146973 10.845589637756348 4.4614815711975098
      vertex 6.8680047988891602 12.020589828491211 4.4614815711975098
      vertex 6.6719765663146973 12.020589828491211 4.4614815711975098
    endloop
  endfacet
  facet normal -0.96072137799532586 0 0.277514745306916
    outer loop
      vertex 6.8680047988891602 10.845589637756348 4.4614815711975098
      vertex 6.9980049133300781 10.845589637756348 4.9115257263183594
      vertex 6.9980049133300781 12.020589828491211 4.9115257263183594
    endloop
  endfacet
  facet normal -0.96072137799532586 0 0.277514745306916
    outer loop
      vertex 6.8680047988891602 10.845589637756348 4.4614815711975098
      vertex 6.9980049133300781 12.020589828491211 4.9115257263183594
      vertex 6.8680047988891602 12.020589828491211 4.4614815711975098
    endloop
  endfacet
  facet normal 0 -0 1
    outer loop
      vertex 6.9980049133300781 10.845589637756348 4.9115257263183594
      vertex 7.1819772720336914 10.845589637756348 4.9115257263183594
      vertex 7.1819772720336914 12.020589828491211 4.9115257263183594
    endloop
  endfacet
  facet normal -0 0 1
    outer loop
      vertex 6.9980049133300781 10.845589637756348 4.9115257263183594
      vertex 7.1819772720336914 12.020589828491211 4.9115257263183594
      vertex 6.9980049133300781 12.020589828491211 4.9115257263183594
    endloop
  endfacet
  facet normal 0.96072137799532586 -0 0.277514745306916
    outer loop
      vertex 7.1819772720336914 10.845589637756348 4.9115257263183594
      vertex 7.3119773864746094 10.845589637756348 4.4614815711975098
      vertex 7.3119773864746094 12.020589828491211 4.4614815711975098
    endloop
  endfacet
  facet normal 0.96072137799532586 0 0.277514745306916
    outer loop
      vertex 7.1819772720336914 10.845589637756348 4.9115257263183594
      vertex 7.3119773864746094 12.020589828491211 4.4614815711975098
      vertex 7.1819772720336914 12.020589828491211 4.9115257263183594
    endloop
  endfacet
  facet normal 0 -0 1
    outer loop
      vertex 7.3119773864746094 10.845589637756348 4.4614815711975098
      vertex 7.5080041885375977 10.845589637756348 4.4614815711975098
      vertex 7.5080041885375977 12.020589828491211 4.4614815711975098
    endloop
  endfacet
  facet normal -0 0 1
    outer loop
      vertex 7.3119773864746094 10.845589637756348 4.4614815711975098
      vertex 7.5080041885375977 12.020589828491211 4.4614815711975098
      vertex 7.3119773864746094 12.020589828491211 4.4614815711975098
    endloop
  endfacet
  facet normal -0.96072056381794912 0 0.27751756387176979
    outer loop
      vertex 7.5080041885375977 10.845589637756348 4.4614815711975098
      vertex 7.6380057334899902 10.845589637756348 4.9115257263183594
      vertex 7.6380057334899902 12.020589828491211 4.9115257263183594
    endloop
  endfacet
  facet normal -0.96072056381794912 0 0.27751756387176979
    outer loop
      vertex 7.5080041885375977 10.845589637756348 4.4614815711975098
      vertex 7.6380057334899902 12.020589828491211 4.9115257263183594
      vertex 7.5080041885375977 12.020589828491211 4.4614815711975098
    endloop
  endfacet
  facet normal 0 -0 1
    outer loop
      vertex 7.6380057334899902 10.845589637756348 4.9115257263183594
      vertex 7.8219766616821289 10.845589637756348 4.9115257263183594
      vertex 7.8219766616821289 12.020589828491211 4.9115257263183594
    endloop
  endfacet
  facet normal -0 0 1
    outer loop
      vertex 7.6380057334899902 10.845589637756348 4.9115257263183594
      vertex 7.8219766616821289 12.020589828491211 4.9115257263183594
      vertex 7.6380057334899902 12.020589828491211 4.9115257263183594
    endloop
  endfacet
  facet normal 0.96072113985925622 -0 0.27751556970291164
    outer loop
      vertex 7.8219766616821289 10.845589637756348 4.9115257263183594
      vertex 7.9314079284667969 10.845589637756348 4.5326895713806152
      vertex 7.9314079284667969 12.020589828491211 4.5326895713806152
    endloop
  endfacet
  facet normal 0.96072113985925622 0 0.27751556970291169
    outer loop
      vertex 7.8219766616821289 10.845589637756348 4.9115257263183594
      vertex 7.9314079284667969 12.020589828491211 4.5326895713806152
      vertex 7.8219766616821289 12.020589828491211 4.9115257263183594
    endloop
  endfacet
  facet normal -0.98490274469157379 0 0.17310858874996521
    outer loop
      vertex 7.9314079284667969 10.845589637756348 4.5326895713806152
      vertex 7.9394659996032715 10.845589637756348 4.5785360336303711
      vertex 7.9394659996032715 12.020589828491211 4.5785360336303711
    endloop
  endfacet
  facet normal -0.98490274469157379 0 0.17310858874996521
    outer loop
      vertex 7.9314079284667969 10.845589637756348 4.5326895713806152
      vertex 7.9394659996032715 12.020589828491211 4.5785360336303711
      vertex 7.9314079284667969 12.020589828491211 4.5326895713806152
    endloop
  endfacet
  facet normal -0.96174359225452843 0 0.27395120506644144
    outer loop
      vertex 7.9394659996032715 10.845589637756348 4.5785360336303711
      vertex 7.9522180557250977 10.845589637756348 4.6233038902282715
      vertex 7.9522180557250977 12.020589828491211 4.6233038902282715
    endloop
  endfacet
  facet normal -0.96174359225452843 0 0.27395120506644144
    outer loop
      vertex 7.9394659996032715 10.845589637756348 4.5785360336303711
      vertex 7.9522180557250977 12.020589828491211 4.6233038902282715
      vertex 7.9394659996032715 12.020589828491211 4.5785360336303711
    endloop
  endfacet
  facet normal -0.92830491945302807 0 0.37181981727620045
    outer loop
      vertex 7.9522180557250977 10.845589637756348 4.6233038902282715
      vertex 7.9695258140563965 10.845589637756348 4.6665153503417969
      vertex 7.9695258140563965 12.020589828491211 4.6665153503417969
    endloop
  endfacet
  facet normal -0.92830491945302807 0 0.37181981727620045
    outer loop
      vertex 7.9522180557250977 10.845589637756348 4.6233038902282715
      vertex 7.9695258140563965 12.020589828491211 4.6665153503417969
      vertex 7.9522180557250977 12.020589828491211 4.6233038902282715
    endloop
  endfacet
  facet normal -0.88493444310735636 0 0.46571561215217266
    outer loop
      vertex 7.9695258140563965 10.845589637756348 4.6665153503417969
      vertex 7.9912042617797852 10.845589637756348 4.7077078819274902
      vertex 7.9912042617797852 12.020589828491211 4.7077078819274902
    endloop
  endfacet
  facet normal -0.88493444310735636 0 0.46571561215217266
    outer loop
      vertex 7.9695258140563965 10.845589637756348 4.6665153503417969
      vertex 7.9912042617797852 12.020589828491211 4.7077078819274902
      vertex 7.9695258140563965 12.020589828491211 4.6665153503417969
    endloop
  endfacet
  facet normal -0.8320786605348589 0 0.5546576445723207
    outer loop
      vertex 7.9912042617797852 10.845589637756348 4.7077078819274902
      vertex 8.0170230865478516 10.845589637756348 4.7464404106140137
      vertex 8.0170230865478516 12.020589828491211 4.7464404106140137
    endloop
  endfacet
  facet normal -0.8320786605348589 0 0.5546576445723207
    outer loop
      vertex 7.9912042617797852 10.845589637756348 4.7077078819274902
      vertex 8.0170230865478516 12.020589828491211 4.7464404106140137
      vertex 7.9912042617797852 12.020589828491211 4.7077078819274902
    endloop
  endfacet
  facet normal -0.77032630492932641 0 0.63764989134628602
    outer loop
      vertex 8.0170230865478516 10.845589637756348 4.7464404106140137
      vertex 8.0467052459716797 10.845589637756348 4.7822985649108887
      vertex 8.0467052459716797 12.020589828491211 4.7822985649108887
    endloop
  endfacet
  facet normal -0.77032630492932641 0 0.63764989134628602
    outer loop
      vertex 8.0170230865478516 10.845589637756348 4.7464404106140137
      vertex 8.0467052459716797 12.020589828491211 4.7822985649108887
      vertex 8.0170230865478516 12.020589828491211 4.7464404106140137
    endloop
  endfacet
  facet normal -0.70033938988144484 -0 0.71381001602701366
    outer loop
      vertex 8.0467052459716797 10.845589637756348 4.7822985649108887
      vertex 8.0799322128295898 10.845589637756348 4.8148984909057617
      vertex 8.0799322128295898 12.020589828491211 4.8148984909057617
    endloop
  endfacet
  facet normal -0.70033938988144484 0 0.71381001602701366
    outer loop
      vertex 8.0467052459716797 10.845589637756348 4.7822985649108887
      vertex 8.0799322128295898 12.020589828491211 4.8148984909057617
      vertex 8.0467052459716797 12.020589828491211 4.7822985649108887
    endloop
  endfacet
  facet normal -0.62285317850836341 -0 0.78233874889463895
    outer loop
      vertex 8.0799322128295898 10.845589637756348 4.8148984909057617
      vertex 8.1163492202758789 10.845589637756348 4.8438916206359863
      vertex 8.1163492202758789 12.020589828491211 4.8438916206359863
    endloop
  endfacet
  facet normal -0.62285317850836353 0 0.78233874889463895
    outer loop
      vertex 8.0799322128295898 10.845589637756348 4.8148984909057617
      vertex 8.1163492202758789 12.020589828491211 4.8438916206359863
      vertex 8.0799322128295898 12.020589828491211 4.8148984909057617
    endloop
  endfacet
  facet normal -0.5387129598970386 -0 0.84248937491161957
    outer loop
      vertex 8.1163492202758789 10.845589637756348 4.8438916206359863
      vertex 8.1555652618408203 10.845589637756348 4.8689675331115723
      vertex 8.1555652618408203 12.020589828491211 4.8689675331115723
    endloop
  endfacet
  facet normal -0.5387129598970386 0 0.84248937491161957
    outer loop
      vertex 8.1163492202758789 10.845589637756348 4.8438916206359863
      vertex 8.1555652618408203 12.020589828491211 4.8689675331115723
      vertex 8.1163492202758789 12.020589828491211 4.8438916206359863
    endloop
  endfacet
  facet normal -0.44877811802549977 -0 0.8936432178344389
    outer loop
      vertex 8.1555652618408203 10.845589637756348 4.8689675331115723
      vertex 8.1971645355224609 10.845589637756348 4.8898582458496094
      vertex 8.1971645355224609 12.020589828491211 4.8898582458496094
    endloop
  endfacet
  facet normal -0.44877811802549977 0 0.8936432178344389
    outer loop
      vertex 8.1555652618408203 10.845589637756348 4.8689675331115723
      vertex 8.1971645355224609 12.020589828491211 4.8898582458496094
      vertex 8.1555652618408203 12.020589828491211 4.8689675331115723
    endloop
  endfacet
  facet normal -0.35406743399601392 -0 0.93521989509605619
    outer loop
      vertex 8.1971645355224609 10.845589637756348 4.8898582458496094
      vertex 8.2406978607177734 10.845589637756348 4.9063396453857422
      vertex 8.2406978607177734 12.020589828491211 4.9063396453857422
    endloop
  endfacet
  facet normal -0.35406743399601392 0 0.93521989509605619
    outer loop
      vertex 8.1971645355224609 10.845589637756348 4.8898582458496094
      vertex 8.2406978607177734 12.020589828491211 4.9063396453857422
      vertex 8.1971645355224609 12.020589828491211 4.8898582458496094
    endloop
  endfacet
  facet normal -0.25556818183909419 -0 0.96679103452165915
    outer loop
      vertex 8.2406978607177734 10.845589637756348 4.9063396453857422
      vertex 8.2856998443603516 10.845589637756348 4.9182357788085938
      vertex 8.2856998443603516 12.020589828491211 4.9182357788085938
    endloop
  endfacet
  facet normal -0.25556818183909419 0 0.96679103452165915
    outer loop
      vertex 8.2406978607177734 10.845589637756348 4.9063396453857422
      vertex 8.2856998443603516 12.020589828491211 4.9182357788085938
      vertex 8.2406978607177734 12.020589828491211 4.9063396453857422
    endloop
  endfacet
  facet normal -0.15433063237903635 -0 0.98801925887580089
    outer loop
      vertex 8.2856998443603516 10.845589637756348 4.9182357788085938
      vertex 8.3316917419433594 10.845589637756348 4.925419807434082
      vertex 8.3316917419433594 12.020589828491211 4.925419807434082
    endloop
  endfacet
  facet normal -0.15433063237903638 0 0.98801925887580089
    outer loop
      vertex 8.2856998443603516 10.845589637756348 4.9182357788085938
      vertex 8.3316917419433594 12.020589828491211 4.925419807434082
      vertex 8.2856998443603516 12.020589828491211 4.9182357788085938
    endloop
  endfacet
  facet normal -0.051423278616027877 -0 0.99867694797485851
    outer loop
      vertex 8.3316917419433594 10.845589637756348 4.925419807434082
      vertex 8.3781795501708984 10.845589637756348 4.9278135299682617
      vertex 8.3781795501708984 12.020589828491211 4.9278135299682617
    endloop
  endfacet
  facet normal -0.051423278616027877 0 0.99867694797485851
    outer loop
      vertex 8.3316917419433594 10.845589637756348 4.925419807434082
      vertex 8.3781795501708984 12.020589828491211 4.9278135299682617
      vertex 8.3316917419433594 12.020589828491211 4.925419807434082
    endloop
  endfacet
  facet normal 0.052007726150209023 -0 0.99864668247618216
    outer loop
      vertex 8.3781795501708984 10.845589637756348 4.9278135299682617
      vertex 8.4246654510498047 10.845589637756348 4.9253926277160645
      vertex 8.4246654510498047 12.020589828491211 4.9253926277160645
    endloop
  endfacet
  facet normal 0.052007726150209023 0 0.99864668247618216
    outer loop
      vertex 8.3781795501708984 10.845589637756348 4.9278135299682617
      vertex 8.4246654510498047 12.020589828491211 4.9253926277160645
      vertex 8.3781795501708984 12.020589828491211 4.9278135299682617
    endloop
  endfacet
  facet normal 0.15489935093051935 -0 0.98793025618274488
    outer loop
      vertex 8.4246654510498047 10.845589637756348 4.9253926277160645
      vertex 8.4706516265869141 10.845589637756348 4.918182373046875
      vertex 8.4706516265869141 12.020589828491211 4.918182373046875
    endloop
  endfacet
  facet normal 0.15489935093051935 0 0.98793025618274488
    outer loop
      vertex 8.4246654510498047 10.845589637756348 4.9253926277160645
      vertex 8.4706516265869141 12.020589828491211 4.918182373046875
      vertex 8.4246654510498047 12.020589828491211 4.9253926277160645
    endloop
  endfacet
  facet normal 0.25611047666516895 -0 0.96664751783798619
    outer loop
      vertex 8.4706516265869141 10.845589637756348 4.918182373046875
      vertex 8.5156488418579102 10.845589637756348 4.9062604904174805
      vertex 8.5156488418579102 12.020589828491211 4.9062604904174805
    endloop
  endfacet
  facet normal 0.25611047666516895 0 0.96664751783798619
    outer loop
      vertex 8.4706516265869141 10.845589637756348 4.918182373046875
      vertex 8.5156488418579102 12.020589828491211 4.9062604904174805
      vertex 8.4706516265869141 12.020589828491211 4.918182373046875
    endloop
  endfacet
  facet normal 0.35461007458517413 -0 0.93501427529353653
    outer loop
      vertex 8.5156488418579102 10.845589637756348 4.9062604904174805
      vertex 8.5591726303100586 10.845589637756348 4.8897538185119629
      vertex 8.5591726303100586 12.020589828491211 4.8897538185119629
    endloop
  endfacet
  facet normal 0.35461007458517418 0 0.93501427529353665
    outer loop
      vertex 8.5156488418579102 10.845589637756348 4.9062604904174805
      vertex 8.5591726303100586 12.020589828491211 4.8897538185119629
      vertex 8.5156488418579102 12.020589828491211 4.9062604904174805
    endloop
  endfacet
  facet normal 0.44931032825785805 -0 0.89337574901091632
    outer loop
      vertex 8.5591726303100586 10.845589637756348 4.8897538185119629
      vertex 8.6007575988769531 10.845589637756348 4.8688392639160156
      vertex 8.6007575988769531 12.020589828491211 4.8688392639160156
    endloop
  endfacet
  facet normal 0.44931032825785805 0 0.89337574901091632
    outer loop
      vertex 8.5591726303100586 10.845589637756348 4.8897538185119629
      vertex 8.6007575988769531 12.020589828491211 4.8688392639160156
      vertex 8.5591726303100586 12.020589828491211 4.8897538185119629
    endloop
  endfacet
  facet normal 0.53919205587390751 -0 0.84218283459262533
    outer loop
      vertex 8.6007575988769531 10.845589637756348 4.8688392639160156
      vertex 8.6399602890014648 10.845589637756348 4.8437404632568359
      vertex 8.6399602890014648 12.020589828491211 4.8437404632568359
    endloop
  endfacet
  facet normal 0.53919205587390751 -2.9219086684650388e-18 0.84218283459262533
    outer loop
      vertex 8.6007575988769531 10.845589637756348 4.8688392639160156
      vertex 8.6399602890014648 12.020589828491211 4.8437404632568359
      vertex 8.6007575988769531 12.020589828491211 4.8688392639160156
    endloop
  endfacet
  facet normal 0.62330864364502736 -0 0.78197591699322577
    outer loop
      vertex 8.6399602890014648 10.845589637756348 4.8437404632568359
      vertex 8.6763601303100586 10.845589637756348 4.8147263526916504
      vertex 8.6763601303100586 12.020589828491211 4.8147263526916504
    endloop
  endfacet
  facet normal 0.62330864364502736 0 0.78197591699322577
    outer loop
      vertex 8.6399602890014648 10.845589637756348 4.8437404632568359
      vertex 8.6763601303100586 12.020589828491211 4.8147263526916504
      vertex 8.6399602890014648 12.020589828491211 4.8437404632568359
    endloop
  endfacet
  facet normal 0.70073240885376009 -0 0.71342420142717811
    outer loop
      vertex 8.6763601303100586 10.845589637756348 4.8147263526916504
      vertex 8.7095699310302734 10.845589637756348 4.7821073532104492
      vertex 8.7095699310302734 12.020589828491211 4.7821073532104492
    endloop
  endfacet
  facet normal 0.70073240885376009 0 0.71342420142717811
    outer loop
      vertex 8.6763601303100586 10.845589637756348 4.8147263526916504
      vertex 8.7095699310302734 12.020589828491211 4.7821073532104492
      vertex 8.6763601303100586 12.020589828491211 4.8147263526916504
    endloop
  endfacet
  facet normal 0.77071763458025899 -0 0.63717684181631273
    outer loop
      vertex 8.7095699310302734 10.845589637756348 4.7821073532104492
      vertex 8.7392292022705078 10.845589637756348 4.7462320327758789
      vertex 8.7392292022705078 12.020589828491211 4.7462320327758789
    endloop
  endfacet
  facet normal 0.77071763458025899 0 0.63717684181631273
    outer loop
      vertex 8.7095699310302734 10.845589637756348 4.7821073532104492
      vertex 8.7392292022705078 12.020589828491211 4.7462320327758789
      vertex 8.7095699310302734 12.020589828491211 4.7821073532104492
    endloop
  endfacet
  facet normal 0.83239369304800626 -0 0.5541847523830854
    outer loop
      vertex 8.7392292022705078 10.845589637756348 4.7462320327758789
      vertex 8.7650260925292969 10.845589637756348 4.7074847221374512
      vertex 8.7650260925292969 12.020589828491211 4.7074847221374512
    endloop
  endfacet
  facet normal 0.83239369304800626 0 0.5541847523830854
    outer loop
      vertex 8.7392292022705078 10.845589637756348 4.7462320327758789
      vertex 8.7650260925292969 12.020589828491211 4.7074847221374512
      vertex 8.7392292022705078 12.020589828491211 4.7462320327758789
    endloop
  endfacet
  facet normal 0.88519893314658737 -0 0.46521269195513543
    outer loop
      vertex 8.7650260925292969 10.845589637756348 4.7074847221374512
      vertex 8.7866811752319336 10.845589637756348 4.6662797927856445
      vertex 8.7866811752319336 12.020589828491211 4.6662797927856445
    endloop
  endfacet
  facet normal 0.88519893314658737 0 0.46521269195513543
    outer loop
      vertex 8.7650260925292969 10.845589637756348 4.7074847221374512
      vertex 8.7866811752319336 12.020589828491211 4.6662797927856445
      vertex 8.7650260925292969 12.020589828491211 4.7074847221374512
    endloop
  endfacet
  facet normal 0.92851483515967348 -0 0.37129530146287071
    outer loop
      vertex 8.7866811752319336 10.845589637756348 4.6662797927856445
      vertex 8.8039646148681641 10.845589637756348 4.6230583190917969
      vertex 8.8039646148681641 12.020589828491211 4.6230583190917969
    endloop
  endfacet
  facet normal 0.92851483515967348 0 0.37129530146287071
    outer loop
      vertex 8.7866811752319336 10.845589637756348 4.6662797927856445
      vertex 8.8039646148681641 12.020589828491211 4.6230583190917969
      vertex 8.7866811752319336 12.020589828491211 4.6662797927856445
    endloop
  endfacet
  facet normal 0.96190416934640177 -0 0.27338684861201445
    outer loop
      vertex 8.8039646148681641 10.845589637756348 4.6230583190917969
      vertex 8.8166904449462891 10.845589637756348 4.5782828330993652
      vertex 8.8166904449462891 12.020589828491211 4.5782828330993652
    endloop
  endfacet
  facet normal 0.96190416934640177 0 0.27338684861201445
    outer loop
      vertex 8.8039646148681641 10.845589637756348 4.6230583190917969
      vertex 8.8166904449462891 12.020589828491211 4.5782828330993652
      vertex 8.8039646148681641 12.020589828491211 4.6230583190917969
    endloop
  endfacet
  facet normal 0.98500488714499601 -0 0.17252643942443555
    outer loop
      vertex 8.8166904449462891 10.845589637756348 4.5782828330993652
      vertex 8.8247213363647461 10.845589637756348 4.5324320793151855
      vertex 8.8247213363647461 12.020589828491211 4.5324320793151855
    endloop
  endfacet
  facet normal 0.98500488714499601 8.5435555084115504e-19 0.17252643942443555
    outer loop
      vertex 8.8166904449462891 10.845589637756348 4.5782828330993652
      vertex 8.8247213363647461 12.020589828491211 4.5324320793151855
      vertex 8.8166904449462891 12.020589828491211 4.5782828330993652
    endloop
  endfacet
  facet normal 0.99755521234950395 -0 0.0698827469003339
    outer loop
      vertex 8.8247213363647461 10.845589637756348 4.5324320793151855
      vertex 8.8279743194580078 10.845589637756348 4.4859967231750488
      vertex 8.8279743194580078 12.020589828491211 4.4859967231750488
    endloop
  endfacet
  facet normal 0.99755521234950395 0 0.0698827469003339
    outer loop
      vertex 8.8247213363647461 10.845589637756348 4.5324320793151855
      vertex 8.8279743194580078 12.020589828491211 4.4859967231750488
      vertex 8.8247213363647461 12.020589828491211 4.5324320793151855
    endloop
  endfacet
  facet normal 0.9994367481246792 0 -0.033558702268810012
    outer loop
      vertex 8.8279743194580078 10.845589637756348 4.4859967231750488
      vertex 8.8264122009277344 10.845589637756348 4.4394741058349609
      vertex 8.8264122009277344 12.020589828491211 4.4394741058349609
    endloop
  endfacet
  facet normal 0.9994367481246792 0 -0.033558702268810012
    outer loop
      vertex 8.8279743194580078 10.845589637756348 4.4859967231750488
      vertex 8.8264122009277344 12.020589828491211 4.4394741058349609
      vertex 8.8279743194580078 12.020589828491211 4.4859967231750488
    endloop
  endfacet
  facet normal 0.99062734389487639 -0 -0.13659233334189155
    outer loop
      vertex 8.8264122009277344 10.845589637756348 4.4394741058349609
      vertex 8.8200540542602539 10.845589637756348 4.3933620452880859
      vertex 8.8200540542602539 12.020589828491211 4.3933620452880859
    endloop
  endfacet
  facet normal 0.99062734389487639 0 -0.13659233334189155
    outer loop
      vertex 8.8264122009277344 10.845589637756348 4.4394741058349609
      vertex 8.8200540542602539 12.020589828491211 4.3933620452880859
      vertex 8.8264122009277344 12.020589828491211 4.4394741058349609
    endloop
  endfacet
  facet normal 0.97121388482214099 0 -0.23820913065767393
    outer loop
      vertex 8.8200540542602539 10.845589637756348 4.3933620452880859
      vertex 8.8089656829833984 10.845589637756348 4.3481531143188477
      vertex 8.8089656829833984 12.020589828491211 4.3481531143188477
    endloop
  endfacet
  facet normal 0.97121388482214099 0 -0.23820913065767393
    outer loop
      vertex 8.8200540542602539 10.845589637756348 4.3933620452880859
      vertex 8.8089656829833984 12.020589828491211 4.3481531143188477
      vertex 8.8200540542602539 12.020589828491211 4.3933620452880859
    endloop
  endfacet
  facet normal 0.94139563123475323 -0 -0.33730441072141409
    outer loop
      vertex 8.8089656829833984 10.845589637756348 4.3481531143188477
      vertex 8.7932643890380859 10.845589637756348 4.3043317794799805
      vertex 8.7932643890380859 12.020589828491211 4.3043317794799805
    endloop
  endfacet
  facet normal 0.94139563123475323 0 -0.33730441072141409
    outer loop
      vertex 8.8089656829833984 10.845589637756348 4.3481531143188477
      vertex 8.7932643890380859 12.020589828491211 4.3043317794799805
      vertex 8.8089656829833984 12.020589828491211 4.3481531143188477
    endloop
  endfacet
  facet normal 0.90153840265492735 -0 -0.43269909699282033
    outer loop
      vertex 8.7932643890380859 10.845589637756348 4.3043317794799805
      vertex 8.7731227874755859 10.845589637756348 4.2623662948608398
      vertex 8.7731227874755859 12.020589828491211 4.2623662948608398
    endloop
  endfacet
  facet normal 0.90153840265492735 0 -0.43269909699282033
    outer loop
      vertex 8.7932643890380859 10.845589637756348 4.3043317794799805
      vertex 8.7731227874755859 12.020589828491211 4.2623662948608398
      vertex 8.7932643890380859 12.020589828491211 4.3043317794799805
    endloop
  endfacet
  facet normal 0.85198172944072226 -0 -0.5235715163176814
    outer loop
      vertex 8.7731227874755859 10.845589637756348 4.2623662948608398
      vertex 8.7487506866455078 10.845589637756348 4.2227067947387695
      vertex 8.7487506866455078 12.020589828491211 4.2227067947387695
    endloop
  endfacet
  facet normal 0.85198172944072215 0 -0.52357151631768128
    outer loop
      vertex 8.7731227874755859 10.845589637756348 4.2623662948608398
      vertex 8.7487506866455078 12.020589828491211 4.2227067947387695
      vertex 8.7731227874755859 12.020589828491211 4.2623662948608398
    endloop
  endfacet
  facet normal 0.79337283560969685 -0 -0.60873602137267102
    outer loop
      vertex 8.7487506866455078 10.845589637756348 4.2227067947387695
      vertex 8.7204151153564453 10.845589637756348 4.1857767105102539
      vertex 8.7204151153564453 12.020589828491211 4.1857767105102539
    endloop
  endfacet
  facet normal 0.79337283560969685 0 -0.60873602137267102
    outer loop
      vertex 8.7487506866455078 10.845589637756348 4.2227067947387695
      vertex 8.7204151153564453 12.020589828491211 4.1857767105102539
      vertex 8.7487506866455078 12.020589828491211 4.2227067947387695
    endloop
  endfacet
  facet normal 0.72622234598680824 -0 -0.68745989278605668
    outer loop
      vertex 8.7204151153564453 10.845589637756348 4.1857767105102539
      vertex 8.6884145736694336 10.845589637756348 4.1519718170166016
      vertex 8.6884145736694336 12.020589828491211 4.1519718170166016
    endloop
  endfacet
  facet normal 0.72622234598680824 0 -0.68745989278605668
    outer loop
      vertex 8.7204151153564453 10.845589637756348 4.1857767105102539
      vertex 8.6884145736694336 12.020589828491211 4.1519718170166016
      vertex 8.7204151153564453 12.020589828491211 4.1857767105102539
    endloop
  endfacet
  facet normal 0.65132858571790775 0 -0.75879580482940878
    outer loop
      vertex 8.6884145736694336 10.845589637756348 4.1519718170166016
      vertex 8.6530933380126953 10.845589637756348 4.1216530799865723
      vertex 8.6530933380126953 12.020589828491211 4.1216530799865723
    endloop
  endfacet
  facet normal 0.65132858571790775 0 -0.75879580482940878
    outer loop
      vertex 8.6884145736694336 10.845589637756348 4.1519718170166016
      vertex 8.6530933380126953 12.020589828491211 4.1216530799865723
      vertex 8.6884145736694336 12.020589828491211 4.1519718170166016
    endloop
  endfacet
  facet normal 0.56945977689671112 0 -0.82201919837479953
    outer loop
      vertex 8.6530933380126953 10.845589637756348 4.1216530799865723
      vertex 8.6148290634155273 10.845589637756348 4.0951452255249023
      vertex 8.6148290634155273 12.020589828491211 4.0951452255249023
    endloop
  endfacet
  facet normal 0.56945977689671101 0 -0.82201919837479942
    outer loop
      vertex 8.6530933380126953 10.845589637756348 4.1216530799865723
      vertex 8.6148290634155273 12.020589828491211 4.0951452255249023
      vertex 8.6530933380126953 12.020589828491211 4.1216530799865723
    endloop
  endfacet
  facet normal 0.48149478007648788 0 -0.87644895844486848
    outer loop
      vertex 8.6148290634155273 10.845589637756348 4.0951452255249023
      vertex 8.5740318298339844 10.845589637756348 4.0727324485778809
      vertex 8.5740318298339844 12.020589828491211 4.0727324485778809
    endloop
  endfacet
  facet normal 0.48149478007648794 0 -0.87644895844486859
    outer loop
      vertex 8.6148290634155273 10.845589637756348 4.0951452255249023
      vertex 8.5740318298339844 12.020589828491211 4.0727324485778809
      vertex 8.6148290634155273 12.020589828491211 4.0951452255249023
    endloop
  endfacet
  facet normal 0.38836976034313053 0 -0.92150362411171194
    outer loop
      vertex 8.5740318298339844 10.845589637756348 4.0727324485778809
      vertex 8.5311365127563477 10.845589637756348 4.0546541213989258
      vertex 8.5311365127563477 12.020589828491211 4.0546541213989258
    endloop
  endfacet
  facet normal 0.38836976034313048 0 -0.92150362411171183
    outer loop
      vertex 8.5740318298339844 10.845589637756348 4.0727324485778809
      vertex 8.5311365127563477 12.020589828491211 4.0546541213989258
      vertex 8.5740318298339844 12.020589828491211 4.0727324485778809
    endloop
  endfacet
  facet normal 0.29111432991886305 0 -0.95668827050188687
    outer loop
      vertex 8.5311365127563477 10.845589637756348 4.0546541213989258
      vertex 8.4866046905517578 10.845589637756348 4.0411033630371094
      vertex 8.4866046905517578 12.020589828491211 4.0411033630371094
    endloop
  endfacet
  facet normal 0.29111432991886305 0 -0.95668827050188687
    outer loop
      vertex 8.5311365127563477 10.845589637756348 4.0546541213989258
      vertex 8.4866046905517578 12.020589828491211 4.0411033630371094
      vertex 8.5311365127563477 12.020589828491211 4.0546541213989258
    endloop
  endfacet
  facet normal 0.1907155684545323 0 -0.9816453391877662
    outer loop
      vertex 8.4866046905517578 10.845589637756348 4.0411033630371094
      vertex 8.4409093856811523 10.845589637756348 4.0322256088256836
      vertex 8.4409093856811523 12.020589828491211 4.0322256088256836
    endloop
  endfacet
  facet normal 0.1907155684545323 0 -0.9816453391877662
    outer loop
      vertex 8.4866046905517578 10.845589637756348 4.0411033630371094
      vertex 8.4409093856811523 12.020589828491211 4.0322256088256836
      vertex 8.4866046905517578 12.020589828491211 4.0411033630371094
    endloop
  endfacet
  facet normal 0.088281858069460331 0 -0.99609553434186404
    outer loop
      vertex 8.4409093856811523 10.845589637756348 4.0322256088256836
      vertex 8.3945426940917969 10.845589637756348 4.0281162261962891
      vertex 8.3945426940917969 12.020589828491211 4.0281162261962891
    endloop
  endfacet
  facet normal 0.088281858069460331 0 -0.99609553434186404
    outer loop
      vertex 8.4409093856811523 10.845589637756348 4.0322256088256836
      vertex 8.3945426940917969 12.020589828491211 4.0281162261962891
      vertex 8.4409093856811523 12.020589828491211 4.0322256088256836
    endloop
  endfacet
  facet normal -0.015078707592088883 0 -0.99988630982594828
    outer loop
      vertex 8.3945426940917969 10.845589637756348 4.0281162261962891
      vertex 8.3479986190795898 10.845589637756348 4.0288181304931641
      vertex 8.3479986190795898 12.020589828491211 4.0288181304931641
    endloop
  endfacet
  facet normal -0.015078707592088883 -0 -0.99988630982594828
    outer loop
      vertex 8.3945426940917969 10.845589637756348 4.0281162261962891
      vertex 8.3479986190795898 12.020589828491211 4.0288181304931641
      vertex 8.3945426940917969 12.020589828491211 4.0281162261962891
    endloop
  endfacet
  facet normal -0.11829609997902107 0 -0.99297836468361866
    outer loop
      vertex 8.3479986190795898 10.845589637756348 4.0288181304931641
      vertex 8.3017768859863281 10.845589637756348 4.0343246459960938
      vertex 8.3017768859863281 12.020589828491211 4.0343246459960938
    endloop
  endfacet
  facet normal -0.11829609997902106 -0 -0.99297836468361855
    outer loop
      vertex 8.3479986190795898 10.845589637756348 4.0288181304931641
      vertex 8.3017768859863281 12.020589828491211 4.0343246459960938
      vertex 8.3479986190795898 12.020589828491211 4.0288181304931641
    endloop
  endfacet
  facet normal -0.22024389289440635 0 -0.97544483577633301
    outer loop
      vertex 8.3017768859863281 10.845589637756348 4.0343246459960938
      vertex 8.2563714981079102 10.845589637756348 4.0445766448974609
      vertex 8.2563714981079102 12.020589828491211 4.0445766448974609
    endloop
  endfacet
  facet normal -0.22024389289440635 0 -0.97544483577633301
    outer loop
      vertex 8.3017768859863281 10.845589637756348 4.0343246459960938
      vertex 8.2563714981079102 12.020589828491211 4.0445766448974609
      vertex 8.3017768859863281 12.020589828491211 4.0343246459960938
    endloop
  endfacet
  facet normal -0.31982715342206602 0 -0.94747590572739004
    outer loop
      vertex 8.2563714981079102 10.845589637756348 4.0445766448974609
      vertex 8.2122669219970703 10.845589637756348 4.0594644546508789
      vertex 8.2122669219970703 12.020589828491211 4.0594644546508789
    endloop
  endfacet
  facet normal -0.31982715342206602 -0 -0.94747590572739004
    outer loop
      vertex 8.2563714981079102 10.845589637756348 4.0445766448974609
      vertex 8.2122669219970703 12.020589828491211 4.0594644546508789
      vertex 8.2563714981079102 12.020589828491211 4.0445766448974609
    endloop
  endfacet
  facet normal -0.41598512895579015 0 -0.90937141613734185
    outer loop
      vertex 8.2122669219970703 10.845589637756348 4.0594644546508789
      vertex 8.1699361801147461 10.845589637756348 4.0788283348083496
      vertex 8.1699361801147461 12.020589828491211 4.0788283348083496
    endloop
  endfacet
  facet normal -0.41598512895579015 0 -0.90937141613734185
    outer loop
      vertex 8.2122669219970703 10.845589637756348 4.0594644546508789
      vertex 8.1699361801147461 12.020589828491211 4.0788283348083496
      vertex 8.2122669219970703 12.020589828491211 4.0594644546508789
    endloop
  endfacet
  facet normal -0.50771430324472933 0 -0.86152549949535384
    outer loop
      vertex 8.1699361801147461 10.845589637756348 4.0788283348083496
      vertex 8.1298332214355469 10.845589637756348 4.1024618148803711
      vertex 8.1298332214355469 12.020589828491211 4.1024618148803711
    endloop
  endfacet
  facet normal -0.50771430324472921 -0 -0.86152549949535373
    outer loop
      vertex 8.1699361801147461 10.845589637756348 4.0788283348083496
      vertex 8.1298332214355469 12.020589828491211 4.1024618148803711
      vertex 8.1699361801147461 12.020589828491211 4.0788283348083496
    endloop
  endfacet
  facet normal -0.59399754249951953 0 -0.80446685419881125
    outer loop
      vertex 8.1298332214355469 10.845589637756348 4.1024618148803711
      vertex 8.0923862457275391 10.845589637756348 4.1301116943359375
      vertex 8.0923862457275391 12.020589828491211 4.1301116943359375
    endloop
  endfacet
  facet normal -0.59399754249951964 -0 -0.80446685419881137
    outer loop
      vertex 8.1298332214355469 10.845589637756348 4.1024618148803711
      vertex 8.0923862457275391 12.020589828491211 4.1301116943359375
      vertex 8.1298332214355469 12.020589828491211 4.1024618148803711
    endloop
  endfacet
  facet normal -0.6739302070208677 0 -0.73879501626960808
    outer loop
      vertex 8.0923862457275391 10.845589637756348 4.1301116943359375
      vertex 8.0579967498779297 10.845589637756348 4.1614818572998047
      vertex 8.0579967498779297 12.020589828491211 4.1614818572998047
    endloop
  endfacet
  facet normal -0.6739302070208677 0 -0.73879501626960808
    outer loop
      vertex 8.0923862457275391 10.845589637756348 4.1301116943359375
      vertex 8.0579967498779297 12.020589828491211 4.1614818572998047
      vertex 8.0923862457275391 12.020589828491211 4.1301116943359375
    endloop
  endfacet
  facet normal -1.8631603828931441e-05 -0 -0.99999999982643173
    outer loop
      vertex 8.0579967498779297 10.845589637756348 4.1614818572998047
      vertex -23.318923950195312 10.845589637756348 4.1620664596557617
      vertex -23.318923950195312 12.020589828491211 4.1620664596557617
    endloop
  endfacet
  facet normal -1.8631603828931441e-05 -0 -0.99999999982643173
    outer loop
      vertex 8.0579967498779297 10.845589637756348 4.1614818572998047
      vertex -23.318923950195312 12.020589828491211 4.1620664596557617
      vertex 8.0579967498779297 12.020589828491211 4.1614818572998047
    endloop
  endfacet
  facet normal 0.99677691019610815 -0 0.080223383747507371
    outer loop
      vertex 8.1280632019042969 10.845589637756348 4.4751911163330078
      vertex 8.1308612823486328 10.845589637756348 4.440424919128418
      vertex 8.1308612823486328 12.020589828491211 4.440424919128418
    endloop
  endfacet
  facet normal 0.99677691019610815 0 0.080223383747507371
    outer loop
      vertex 8.1280632019042969 10.845589637756348 4.4751911163330078
      vertex 8.1308612823486328 12.020589828491211 4.440424919128418
      vertex 8.1280632019042969 12.020589828491211 4.4751911163330078
    endloop
  endfacet
  facet normal 0.97591608494136795 -0 0.21814627008663903
    outer loop
      vertex 8.1308612823486328 10.845589637756348 4.440424919128418
      vertex 8.1384696960449219 10.845589637756348 4.4063873291015625
      vertex 8.1384696960449219 12.020589828491211 4.4063873291015625
    endloop
  endfacet
  facet normal 0.97591608494136795 0 0.21814627008663903
    outer loop
      vertex 8.1308612823486328 10.845589637756348 4.440424919128418
      vertex 8.1384696960449219 12.020589828491211 4.4063873291015625
      vertex 8.1308612823486328 12.020589828491211 4.440424919128418
    endloop
  endfacet
  facet normal 0.93604796036254823 -0 0.35187244265658801
    outer loop
      vertex 8.1384696960449219 10.845589637756348 4.4063873291015625
      vertex 8.1507425308227539 10.845589637756348 4.3737392425537109
      vertex 8.1507425308227539 12.020589828491211 4.3737392425537109
    endloop
  endfacet
  facet normal 0.93604796036254823 0 0.35187244265658801
    outer loop
      vertex 8.1384696960449219 10.845589637756348 4.4063873291015625
      vertex 8.1507425308227539 12.020589828491211 4.3737392425537109
      vertex 8.1384696960449219 12.020589828491211 4.4063873291015625
    endloop
  endfacet
  facet normal 0.8779822896715378 -0 0.47869311570475281
    outer loop
      vertex 8.1507425308227539 10.845589637756348 4.3737392425537109
      vertex 8.1674385070800781 10.845589637756348 4.3431167602539062
      vertex 8.1674385070800781 12.020589828491211 4.3431167602539062
    endloop
  endfacet
  facet normal 0.8779822896715378 0 0.47869311570475281
    outer loop
      vertex 8.1507425308227539 10.845589637756348 4.3737392425537109
      vertex 8.1674385070800781 12.020589828491211 4.3431167602539062
      vertex 8.1507425308227539 12.020589828491211 4.3737392425537109
    endloop
  endfacet
  facet normal 0.80280480100804164 -0 0.59624194038866352
    outer loop
      vertex 8.1674385070800781 10.845589637756348 4.3431167602539062
      vertex 8.1882343292236328 10.845589637756348 4.3151164054870605
      vertex 8.1882343292236328 12.020589828491211 4.3151164054870605
    endloop
  endfacet
  facet normal 0.80280480100804164 0 0.59624194038866352
    outer loop
      vertex 8.1674385070800781 10.845589637756348 4.3431167602539062
      vertex 8.1882343292236328 12.020589828491211 4.3151164054870605
      vertex 8.1674385070800781 12.020589828491211 4.3431167602539062
    endloop
  endfacet
  facet normal 0.71201139009598702 -0 0.70216791465687201
    outer loop
      vertex 8.1882343292236328 10.845589637756348 4.3151164054870605
      vertex 8.2127246856689453 10.845589637756348 4.2902827262878418
      vertex 8.2127246856689453 12.020589828491211 4.2902827262878418
    endloop
  endfacet
  facet normal 0.71201139009598702 0 0.70216791465687201
    outer loop
      vertex 8.1882343292236328 10.845589637756348 4.3151164054870605
      vertex 8.2127246856689453 12.020589828491211 4.2902827262878418
      vertex 8.1882343292236328 12.020589828491211 4.3151164054870605
    endloop
  endfacet
  facet normal 0.60734607535640683 -0 0.79443737622871813
    outer loop
      vertex 8.2127246856689453 10.845589637756348 4.2902827262878418
      vertex 8.2404336929321289 10.845589637756348 4.269099235534668
      vertex 8.2404336929321289 12.020589828491211 4.269099235534668
    endloop
  endfacet
  facet normal 0.60734607535640683 0 0.79443737622871813
    outer loop
      vertex 8.2127246856689453 10.845589637756348 4.2902827262878418
      vertex 8.2404336929321289 12.020589828491211 4.269099235534668
      vertex 8.2127246856689453 12.020589828491211 4.2902827262878418
    endloop
  endfacet
  facet normal 0.49089723002537478 -0 0.87121748694193124
    outer loop
      vertex 8.2404336929321289 10.845589637756348 4.269099235534668
      vertex 8.2708196640014648 10.845589637756348 4.2519779205322266
      vertex 8.2708196640014648 12.020589828491211 4.2519779205322266
    endloop
  endfacet
  facet normal 0.49089723002537478 0 0.87121748694193124
    outer loop
      vertex 8.2404336929321289 10.845589637756348 4.269099235534668
      vertex 8.2708196640014648 12.020589828491211 4.2519779205322266
      vertex 8.2404336929321289 12.020589828491211 4.269099235534668
    endloop
  endfacet
  facet normal 0.36486633187470741 -0 0.9310599120702685
    outer loop
      vertex 8.2708196640014648 10.845589637756348 4.2519779205322266
      vertex 8.3032932281494141 10.845589637756348 4.2392520904541016
      vertex 8.3032932281494141 12.020589828491211 4.2392520904541016
    endloop
  endfacet
  facet normal 0.36486633187470741 0 0.9310599120702685
    outer loop
      vertex 8.2708196640014648 10.845589637756348 4.2519779205322266
      vertex 8.3032932281494141 12.020589828491211 4.2392520904541016
      vertex 8.2708196640014648 12.020589828491211 4.2519779205322266
    endloop
  endfacet
  facet normal 0.23172525954979617 -0 0.97278127247936852
    outer loop
      vertex 8.3032932281494141 10.845589637756348 4.2392520904541016
      vertex 8.3372230529785156 10.845589637756348 4.2311697006225586
      vertex 8.3372230529785156 12.020589828491211 4.2311697006225586
    endloop
  endfacet
  facet normal 0.23172525954979617 0 0.97278127247936852
    outer loop
      vertex 8.3032932281494141 10.845589637756348 4.2392520904541016
      vertex 8.3372230529785156 12.020589828491211 4.2311697006225586
      vertex 8.3032932281494141 12.020589828491211 4.2392520904541016
    endloop
  endfacet
  facet normal 0.094087761721673907 -0 0.9955639070869361
    outer loop
      vertex 8.3372230529785156 10.845589637756348 4.2311697006225586
      vertex 8.3719463348388672 10.845589637756348 4.2278881072998047
      vertex 8.3719463348388672 12.020589828491211 4.2278881072998047
    endloop
  endfacet
  facet normal 0.094087761721673907 0 0.9955639070869361
    outer loop
      vertex 8.3372230529785156 10.845589637756348 4.2311697006225586
      vertex 8.3719463348388672 12.020589828491211 4.2278881072998047
      vertex 8.3372230529785156 12.020589828491211 4.2311697006225586
    endloop
  endfacet
  facet normal -0.045390296346798295 -0 0.99896932935778848
    outer loop
      vertex 8.3719463348388672 10.845589637756348 4.2278881072998047
      vertex 8.4067878723144531 10.845589637756348 4.2294712066650391
      vertex 8.4067878723144531 12.020589828491211 4.2294712066650391
    endloop
  endfacet
  facet normal -0.045390296346798295 0 0.99896932935778848
    outer loop
      vertex 8.3719463348388672 10.845589637756348 4.2278881072998047
      vertex 8.4067878723144531 12.020589828491211 4.2294712066650391
      vertex 8.3719463348388672 12.020589828491211 4.2278881072998047
    endloop
  endfacet
  facet normal -0.18396000264121376 -0 0.98293372992702044
    outer loop
      vertex 8.4067878723144531 10.845589637756348 4.2294712066650391
      vertex 8.4410715103149414 10.845589637756348 4.2358875274658203
      vertex 8.4410715103149414 12.020589828491211 4.2358875274658203
    endloop
  endfacet
  facet normal -0.18396000264121373 0 0.98293372992702033
    outer loop
      vertex 8.4067878723144531 10.845589637756348 4.2294712066650391
      vertex 8.4410715103149414 12.020589828491211 4.2358875274658203
      vertex 8.4067878723144531 12.020589828491211 4.2294712066650391
    endloop
  endfacet
  facet normal -0.31898259859966893 -0 0.94776057197511776
    outer loop
      vertex 8.4410715103149414 10.845589637756348 4.2358875274658203
      vertex 8.4741277694702148 10.845589637756348 4.2470130920410156
      vertex 8.4741277694702148 12.020589828491211 4.2470130920410156
    endloop
  endfacet
  facet normal -0.31898259859966893 0 0.94776057197511776
    outer loop
      vertex 8.4410715103149414 10.845589637756348 4.2358875274658203
      vertex 8.4741277694702148 12.020589828491211 4.2470130920410156
      vertex 8.4410715103149414 12.020589828491211 4.2358875274658203
    endloop
  endfacet
  facet normal -0.44777130864921105 -0 0.8941481170089064
    outer loop
      vertex 8.4741277694702148 10.845589637756348 4.2470130920410156
      vertex 8.5053138732910156 10.845589637756348 4.2626304626464844
      vertex 8.5053138732910156 12.020589828491211 4.2626304626464844
    endloop
  endfacet
  facet normal -0.44777130864921105 0 0.8941481170089064
    outer loop
      vertex 8.4741277694702148 10.845589637756348 4.2470130920410156
      vertex 8.5053138732910156 12.020589828491211 4.2626304626464844
      vertex 8.4741277694702148 12.020589828491211 4.2470130920410156
    endloop
  endfacet
  facet normal -0.56786489145249519 -0 0.82312178020973659
    outer loop
      vertex 8.5053138732910156 10.845589637756348 4.2626304626464844
      vertex 8.5340232849121094 10.845589637756348 4.2824368476867676
      vertex 8.5340232849121094 12.020589828491211 4.2824368476867676
    endloop
  endfacet
  facet normal -0.56786489145249519 0 0.82312178020973659
    outer loop
      vertex 8.5053138732910156 10.845589637756348 4.2626304626464844
      vertex 8.5340232849121094 12.020589828491211 4.2824368476867676
      vertex 8.5053138732910156 12.020589828491211 4.2626304626464844
    endloop
  endfacet
  facet normal -0.67689509712541884 0 0.73607949807583262
    outer loop
      vertex 8.5340232849121094 10.845589637756348 4.2824368476867676
      vertex 8.5596961975097656 10.845589637756348 4.3060455322265625
      vertex 8.5596961975097656 12.020589828491211 4.3060455322265625
    endloop
  endfacet
  facet normal -0.67689509712541884 0 0.73607949807583262
    outer loop
      vertex 8.5340232849121094 10.845589637756348 4.2824368476867676
      vertex 8.5596961975097656 12.020589828491211 4.3060455322265625
      vertex 8.5340232849121094 12.020589828491211 4.2824368476867676
    endloop
  endfacet
  facet normal -0.77274493416853074 0 0.63471668224245792
    outer loop
      vertex 8.5596961975097656 10.845589637756348 4.3060455322265625
      vertex 8.5818338394165039 10.845589637756348 4.3329973220825195
      vertex 8.5818338394165039 12.020589828491211 4.3329973220825195
    endloop
  endfacet
  facet normal -0.77274493416853074 0 0.63471668224245792
    outer loop
      vertex 8.5596961975097656 10.845589637756348 4.3060455322265625
      vertex 8.5818338394165039 12.020589828491211 4.3329973220825195
      vertex 8.5596961975097656 12.020589828491211 4.3060455322265625
    endloop
  endfacet
  facet normal -0.85356220498299562 0 0.52099094255521028
    outer loop
      vertex 8.5818338394165039 10.845589637756348 4.3329973220825195
      vertex 8.6000051498413086 10.845589637756348 4.3627681732177734
      vertex 8.6000051498413086 12.020589828491211 4.3627681732177734
    endloop
  endfacet
  facet normal -0.85356220498299562 0 0.52099094255521028
    outer loop
      vertex 8.5818338394165039 10.845589637756348 4.3329973220825195
      vertex 8.6000051498413086 12.020589828491211 4.3627681732177734
      vertex 8.5818338394165039 12.020589828491211 4.3329973220825195
    endloop
  endfacet
  facet normal -0.91775335529164548 0 0.39715082632537319
    outer loop
      vertex 8.6000051498413086 10.845589637756348 4.3627681732177734
      vertex 8.6138572692871094 10.845589637756348 4.3947782516479492
      vertex 8.6138572692871094 12.020589828491211 4.3947782516479492
    endloop
  endfacet
  facet normal -0.91775335529164537 0 0.39715082632537313
    outer loop
      vertex 8.6000051498413086 10.845589637756348 4.3627681732177734
      vertex 8.6138572692871094 12.020589828491211 4.3947782516479492
      vertex 8.6000051498413086 12.020589828491211 4.3627681732177734
    endloop
  endfacet
  facet normal -0.96410999446335099 0 0.26550314230885685
    outer loop
      vertex 8.6138572692871094 10.845589637756348 4.3947782516479492
      vertex 8.6231174468994141 10.845589637756348 4.4284043312072754
      vertex 8.6231174468994141 12.020589828491211 4.4284043312072754
    endloop
  endfacet
  facet normal -0.96410999446335099 0 0.26550314230885685
    outer loop
      vertex 8.6138572692871094 10.845589637756348 4.3947782516479492
      vertex 8.6231174468994141 12.020589828491211 4.4284043312072754
      vertex 8.6138572692871094 12.020589828491211 4.3947782516479492
    endloop
  endfacet
  facet normal -0.99166903465531164 0 0.12881197811462372
    outer loop
      vertex 8.6231174468994141 10.845589637756348 4.4284043312072754
      vertex 8.6276102066040039 10.845589637756348 4.4629921913146973
      vertex 8.6276102066040039 12.020589828491211 4.4629921913146973
    endloop
  endfacet
  facet normal -0.99166903465531164 0 0.12881197811462372
    outer loop
      vertex 8.6231174468994141 10.845589637756348 4.4284043312072754
      vertex 8.6276102066040039 12.020589828491211 4.4629921913146973
      vertex 8.6231174468994141 12.020589828491211 4.4284043312072754
    endloop
  endfacet
  facet normal -0.99994487675876953 0 -0.010499687799602616
    outer loop
      vertex 8.6276102066040039 10.845589637756348 4.4629921913146973
      vertex 8.6272439956665039 10.845589637756348 4.497868537902832
      vertex 8.6272439956665039 12.020589828491211 4.497868537902832
    endloop
  endfacet
  facet normal -0.99994487675876953 0 -0.010499687799602616
    outer loop
      vertex 8.6276102066040039 10.845589637756348 4.4629921913146973
      vertex 8.6272439956665039 12.020589828491211 4.497868537902832
      vertex 8.6276102066040039 12.020589828491211 4.4629921913146973
    endloop
  endfacet
  facet normal -0.98874763516324127 0 -0.1495931614716986
    outer loop
      vertex 8.6272439956665039 10.845589637756348 4.497868537902832
      vertex 8.6220264434814453 10.845589637756348 4.5323543548583984
      vertex 8.6220264434814453 12.020589828491211 4.5323543548583984
    endloop
  endfacet
  facet normal -0.98874763516324127 0 -0.1495931614716986
    outer loop
      vertex 8.6272439956665039 10.845589637756348 4.497868537902832
      vertex 8.6220264434814453 12.020589828491211 4.5323543548583984
      vertex 8.6272439956665039 12.020589828491211 4.497868537902832
    endloop
  endfacet
  facet normal -0.95832454018406155 0 -0.28568177344907197
    outer loop
      vertex 8.6220264434814453 10.845589637756348 4.5323543548583984
      vertex 8.6120624542236328 10.845589637756348 4.5657787322998047
      vertex 8.6120624542236328 12.020589828491211 4.5657787322998047
    endloop
  endfacet
  facet normal -0.95832454018406155 0 -0.28568177344907197
    outer loop
      vertex 8.6220264434814453 10.845589637756348 4.5323543548583984
      vertex 8.6120624542236328 12.020589828491211 4.5657787322998047
      vertex 8.6220264434814453 12.020589828491211 4.5323543548583984
    endloop
  endfacet
  facet normal -0.90923002426464672 0 -0.41629408232127163
    outer loop
      vertex 8.6120624542236328 10.845589637756348 4.5657787322998047
      vertex 8.5975427627563477 10.845589637756348 4.5974912643432617
      vertex 8.5975427627563477 12.020589828491211 4.5974912643432617
    endloop
  endfacet
  facet normal -0.90923002426464672 0 -0.41629408232127163
    outer loop
      vertex 8.6120624542236328 10.845589637756348 4.5657787322998047
      vertex 8.5975427627563477 12.020589828491211 4.5974912643432617
      vertex 8.6120624542236328 12.020589828491211 4.5657787322998047
    endloop
  endfacet
  facet normal -0.84242530418770933 0 -0.5388131465213567
    outer loop
      vertex 8.5975427627563477 10.845589637756348 4.5974912643432617
      vertex 8.5787496566772461 10.845589637756348 4.6268739700317383
      vertex 8.5787496566772461 12.020589828491211 4.6268739700317383
    endloop
  endfacet
  facet normal -0.84242530418770933 0 -0.5388131465213567
    outer loop
      vertex 8.5975427627563477 10.845589637756348 4.5974912643432617
      vertex 8.5787496566772461 12.020589828491211 4.6268739700317383
      vertex 8.5975427627563477 12.020589828491211 4.5974912643432617
    endloop
  endfacet
  facet normal -0.75927204314082097 0 -0.65077335878534792
    outer loop
      vertex 8.5787496566772461 10.845589637756348 4.6268739700317383
      vertex 8.5560522079467773 10.845589637756348 4.653355598449707
      vertex 8.5560522079467773 12.020589828491211 4.653355598449707
    endloop
  endfacet
  facet normal -0.75927204314082097 0 -0.65077335878534792
    outer loop
      vertex 8.5787496566772461 10.845589637756348 4.6268739700317383
      vertex 8.5560522079467773 12.020589828491211 4.653355598449707
      vertex 8.5787496566772461 12.020589828491211 4.6268739700317383
    endloop
  endfacet
  facet normal -0.66130505198940204 0 -0.75011707633761693
    outer loop
      vertex 8.5560522079467773 10.845589637756348 4.653355598449707
      vertex 8.5298900604248047 10.845589637756348 4.6764202117919922
      vertex 8.5298900604248047 12.020589828491211 4.6764202117919922
    endloop
  endfacet
  facet normal -0.66130505198940204 0 -0.75011707633761693
    outer loop
      vertex 8.5560522079467773 10.845589637756348 4.653355598449707
      vertex 8.5298900604248047 12.020589828491211 4.6764202117919922
      vertex 8.5560522079467773 12.020589828491211 4.653355598449707
    endloop
  endfacet
  facet normal -0.55046541722474018 0 -0.83485796662641532
    outer loop
      vertex 8.5298900604248047 10.845589637756348 4.6764202117919922
      vertex 8.5007715225219727 10.845589637756348 4.6956195831298828
      vertex 8.5007715225219727 12.020589828491211 4.6956195831298828
    endloop
  endfacet
  facet normal -0.55046541722474018 2.8964954276262088e-18 -0.83485796662641532
    outer loop
      vertex 8.5298900604248047 10.845589637756348 4.6764202117919922
      vertex 8.5007715225219727 12.020589828491211 4.6956195831298828
      vertex 8.5298900604248047 12.020589828491211 4.6764202117919922
    endloop
  endfacet
  facet normal -0.42890009013921049 0 -0.90335193179545314
    outer loop
      vertex 8.5007715225219727 10.845589637756348 4.6956195831298828
      vertex 8.4692630767822266 10.845589637756348 4.7105793952941895
      vertex 8.4692630767822266 12.020589828491211 4.7105793952941895
    endloop
  endfacet
  facet normal -0.42890009013921049 0 -0.90335193179545314
    outer loop
      vertex 8.5007715225219727 10.845589637756348 4.6956195831298828
      vertex 8.4692630767822266 12.020589828491211 4.7105793952941895
      vertex 8.5007715225219727 12.020589828491211 4.6956195831298828
    endloop
  endfacet
  facet normal -0.29903937553214066 0 -0.95424077248949457
    outer loop
      vertex 8.4692630767822266 10.845589637756348 4.7105793952941895
      vertex 8.4359827041625977 10.845589637756348 4.7210087776184082
      vertex 8.4359827041625977 12.020589828491211 4.7210087776184082
    endloop
  endfacet
  facet normal -0.29903937553214066 -0 -0.95424077248949468
    outer loop
      vertex 8.4692630767822266 10.845589637756348 4.7105793952941895
      vertex 8.4359827041625977 12.020589828491211 4.7210087776184082
      vertex 8.4692630767822266 12.020589828491211 4.7105793952941895
    endloop
  endfacet
  facet normal -0.16329929873588822 0 -0.98657657535153709
    outer loop
      vertex 8.4359827041625977 10.845589637756348 4.7210087776184082
      vertex 8.4015712738037109 10.845589637756348 4.7267045974731445
      vertex 8.4015712738037109 12.020589828491211 4.7267045974731445
    endloop
  endfacet
  facet normal -0.16329929873588822 8.5571877305555638e-19 -0.98657657535153709
    outer loop
      vertex 8.4359827041625977 10.845589637756348 4.7210087776184082
      vertex 8.4015712738037109 12.020589828491211 4.7267045974731445
      vertex 8.4359827041625977 12.020589828491211 4.7210087776184082
    endloop
  endfacet
  facet normal -0.024418318729842271 0 -0.99970182840205313
    outer loop
      vertex 8.4015712738037109 10.845589637756348 4.7267045974731445
      vertex 8.3667049407958984 10.845589637756348 4.7275562286376953
      vertex 8.3667049407958984 12.020589828491211 4.7275562286376953
    endloop
  endfacet
  facet normal -0.024418318729842271 0 -0.99970182840205313
    outer loop
      vertex 8.4015712738037109 10.845589637756348 4.7267045974731445
      vertex 8.3667049407958984 12.020589828491211 4.7275562286376953
      vertex 8.4015712738037109 12.020589828491211 4.7267045974731445
    endloop
  endfacet
  facet normal 0.11494373835807513 0 -0.99337200333624776
    outer loop
      vertex 8.3667049407958984 10.845589637756348 4.7275562286376953
      vertex 8.3320560455322266 10.845589637756348 4.7235469818115234
      vertex 8.3320560455322266 12.020589828491211 4.7235469818115234
    endloop
  endfacet
  facet normal 0.11494373835807513 0 -0.99337200333624776
    outer loop
      vertex 8.3667049407958984 10.845589637756348 4.7275562286376953
      vertex 8.3320560455322266 12.020589828491211 4.7235469818115234
      vertex 8.3667049407958984 12.020589828491211 4.7275562286376953
    endloop
  endfacet
  facet normal 0.25211021266311656 0 -0.9676985277817457
    outer loop
      vertex 8.3320560455322266 10.845589637756348 4.7235469818115234
      vertex 8.2983055114746094 10.845589637756348 4.7147541046142578
      vertex 8.2983055114746094 12.020589828491211 4.7147541046142578
    endloop
  endfacet
  facet normal 0.25211021266311656 0 -0.9676985277817457
    outer loop
      vertex 8.3320560455322266 10.845589637756348 4.7235469818115234
      vertex 8.2983055114746094 12.020589828491211 4.7147541046142578
      vertex 8.3320560455322266 12.020589828491211 4.7235469818115234
    endloop
  endfacet
  facet normal 0.38429502055389758 0 -0.92321034286747439
    outer loop
      vertex 8.2983055114746094 10.845589637756348 4.7147541046142578
      vertex 8.2661046981811523 10.845589637756348 4.701350212097168
      vertex 8.2661046981811523 12.020589828491211 4.701350212097168
    endloop
  endfacet
  facet normal 0.38429502055389758 0 -0.92321034286747439
    outer loop
      vertex 8.2983055114746094 10.845589637756348 4.7147541046142578
      vertex 8.2661046981811523 12.020589828491211 4.701350212097168
      vertex 8.2983055114746094 12.020589828491211 4.7147541046142578
    endloop
  endfacet
  facet normal 0.50907104715939944 0 -0.8607245023490574
    outer loop
      vertex 8.2661046981811523 10.845589637756348 4.701350212097168
      vertex 8.2360849380493164 10.845589637756348 4.6835951805114746
      vertex 8.2360849380493164 12.020589828491211 4.6835951805114746
    endloop
  endfacet
  facet normal 0.50907104715939944 0 -0.8607245023490574
    outer loop
      vertex 8.2661046981811523 10.845589637756348 4.701350212097168
      vertex 8.2360849380493164 12.020589828491211 4.6835951805114746
      vertex 8.2661046981811523 12.020589828491211 4.701350212097168
    endloop
  endfacet
  facet normal 0.62387944428122744 0 -0.78152059410059493
    outer loop
      vertex 8.2360849380493164 10.845589637756348 4.6835951805114746
      vertex 8.2088260650634766 10.845589637756348 4.661834716796875
      vertex 8.2088260650634766 12.020589828491211 4.661834716796875
    endloop
  endfacet
  facet normal 0.62387944428122744 0 -0.78152059410059493
    outer loop
      vertex 8.2360849380493164 10.845589637756348 4.6835951805114746
      vertex 8.2088260650634766 12.020589828491211 4.661834716796875
      vertex 8.2360849380493164 12.020589828491211 4.6835951805114746
    endloop
  endfacet
  facet normal 0.72658609513265049 0 -0.68707542989098858
    outer loop
      vertex 8.2088260650634766 10.845589637756348 4.661834716796875
      vertex 8.1848621368408203 10.845589637756348 4.6364927291870117
      vertex 8.1848621368408203 12.020589828491211 4.6364927291870117
    endloop
  endfacet
  facet normal 0.72658609513265049 0 -0.68707542989098858
    outer loop
      vertex 8.2088260650634766 10.845589637756348 4.661834716796875
      vertex 8.1848621368408203 12.020589828491211 4.6364927291870117
      vertex 8.2088260650634766 12.020589828491211 4.661834716796875
    endloop
  endfacet
  facet normal 0.8151527177273149 -0 -0.57924610208595473
    outer loop
      vertex 8.1848621368408203 10.845589637756348 4.6364927291870117
      vertex 8.1646595001220703 10.845589637756348 4.6080622673034668
      vertex 8.1646595001220703 12.020589828491211 4.6080622673034668
    endloop
  endfacet
  facet normal 0.8151527177273149 0 -0.57924610208595473
    outer loop
      vertex 8.1848621368408203 10.845589637756348 4.6364927291870117
      vertex 8.1646595001220703 12.020589828491211 4.6080622673034668
      vertex 8.1848621368408203 12.020589828491211 4.6364927291870117
    endloop
  endfacet
  facet normal 0.88782487369546115 -0 -0.46018147903586731
    outer loop
      vertex 8.1646595001220703 10.845589637756348 4.6080622673034668
      vertex 8.1486091613769531 10.845589637756348 4.5770964622497559
      vertex 8.1486091613769531 12.020589828491211 4.5770964622497559
    endloop
  endfacet
  facet normal 0.88782487369546115 0 -0.46018147903586731
    outer loop
      vertex 8.1646595001220703 10.845589637756348 4.6080622673034668
      vertex 8.1486091613769531 12.020589828491211 4.5770964622497559
      vertex 8.1646595001220703 12.020589828491211 4.6080622673034668
    endloop
  endfacet
  facet normal 0.9432323833391677 -0 -0.33213351384693723
    outer loop
      vertex 8.1486091613769531 10.845589637756348 4.5770964622497559
      vertex 8.1370248794555664 10.845589637756348 4.5441980361938477
      vertex 8.1370248794555664 12.020589828491211 4.5441980361938477
    endloop
  endfacet
  facet normal 0.9432323833391677 0 -0.33213351384693723
    outer loop
      vertex 8.1486091613769531 10.845589637756348 4.5770964622497559
      vertex 8.1370248794555664 12.020589828491211 4.5441980361938477
      vertex 8.1486091613769531 12.020589828491211 4.5770964622497559
    endloop
  endfacet
  facet normal 0.9802702719942199 -0 -0.19766181685995413
    outer loop
      vertex 8.1370248794555664 10.845589637756348 4.5441980361938477
      vertex 8.1301307678222656 10.845589637756348 4.5100078582763672
      vertex 8.1301307678222656 12.020589828491211 4.5100078582763672
    endloop
  endfacet
  facet normal 0.9802702719942199 0 -0.19766181685995413
    outer loop
      vertex 8.1370248794555664 10.845589637756348 4.5441980361938477
      vertex 8.1301307678222656 12.020589828491211 4.5100078582763672
      vertex 8.1370248794555664 12.020589828491211 4.5441980361938477
    endloop
  endfacet
  facet normal 0.99824140563229946 -0 -0.059279811751145647
    outer loop
      vertex 8.1301307678222656 10.845589637756348 4.5100078582763672
      vertex 8.1280632019042969 10.845589637756348 4.4751911163330078
      vertex 8.1280632019042969 12.020589828491211 4.4751911163330078
    endloop
  endfacet
  facet normal 0.99824140563229946 0 -0.059279811751145647
    outer loop
      vertex 8.1301307678222656 10.845589637756348 4.5100078582763672
      vertex 8.1280632019042969 12.020589828491211 4.4751911163330078
      vertex 8.1301307678222656 12.020589828491211 4.5100078582763672
    endloop
  endfacet
  facet normal -0.99824140563229946 0 -0.059279811751145647
    outer loop
      vertex -23.38899040222168 10.845589637756348 4.4751911163330078
      vertex -23.391057968139648 10.845589637756348 4.5100078582763672
      vertex -23.391057968139648 12.020589828491211 4.5100078582763672
    endloop
  endfacet
  facet normal -0.99824140563229946 0 -0.059279811751145647
    outer loop
      vertex -23.38899040222168 10.845589637756348 4.4751911163330078
      vertex -23.391057968139648 12.020589828491211 4.5100078582763672
      vertex -23.38899040222168 12.020589828491211 4.4751911163330078
    endloop
  endfacet
  facet normal -0.98027556968560048 0 -0.19763554204032024
    outer loop
      vertex -23.391057968139648 10.845589637756348 4.5100078582763672
      vertex -23.397951126098633 10.845589637756348 4.5441980361938477
      vertex -23.397951126098633 12.020589828491211 4.5441980361938477
    endloop
  endfacet
  facet normal -0.98027556968560037 -0 -0.19763554204032022
    outer loop
      vertex -23.391057968139648 10.845589637756348 4.5100078582763672
      vertex -23.397951126098633 12.020589828491211 4.5441980361938477
      vertex -23.391057968139648 12.020589828491211 4.5100078582763672
    endloop
  endfacet
  facet normal -0.94322381716240988 0 -0.33215784009650129
    outer loop
      vertex -23.397951126098633 10.845589637756348 4.5441980361938477
      vertex -23.409536361694336 10.845589637756348 4.5770964622497559
      vertex -23.409536361694336 12.020589828491211 4.5770964622497559
    endloop
  endfacet
  facet normal -0.94322381716240988 0 -0.33215784009650129
    outer loop
      vertex -23.397951126098633 10.845589637756348 4.5441980361938477
      vertex -23.409536361694336 12.020589828491211 4.5770964622497559
      vertex -23.397951126098633 12.020589828491211 4.5441980361938477
    endloop
  endfacet
  facet normal -0.88782487369546115 0 -0.46018147903586731
    outer loop
      vertex -23.409536361694336 10.845589637756348 4.5770964622497559
      vertex -23.425586700439453 10.845589637756348 4.6080622673034668
      vertex -23.425586700439453 12.020589828491211 4.6080622673034668
    endloop
  endfacet
  facet normal -0.88782487369546115 0 -0.46018147903586731
    outer loop
      vertex -23.409536361694336 10.845589637756348 4.5770964622497559
      vertex -23.425586700439453 12.020589828491211 4.6080622673034668
      vertex -23.409536361694336 12.020589828491211 4.5770964622497559
    endloop
  endfacet
  facet normal -0.8151527177273149 0 -0.57924610208595473
    outer loop
      vertex -23.425586700439453 10.845589637756348 4.6080622673034668
      vertex -23.445789337158203 10.845589637756348 4.6364927291870117
      vertex -23.445789337158203 12.020589828491211 4.6364927291870117
    endloop
  endfacet
  facet normal -0.8151527177273149 0 -0.57924610208595473
    outer loop
      vertex -23.425586700439453 10.845589637756348 4.6080622673034668
      vertex -23.445789337158203 12.020589828491211 4.6364927291870117
      vertex -23.425586700439453 12.020589828491211 4.6080622673034668
    endloop
  endfacet
  facet normal -0.72658609513265049 0 -0.68707542989098858
    outer loop
      vertex -23.445789337158203 10.845589637756348 4.6364927291870117
      vertex -23.469753265380859 10.845589637756348 4.661834716796875
      vertex -23.469753265380859 12.020589828491211 4.661834716796875
    endloop
  endfacet
  facet normal -0.72658609513265049 -0 -0.68707542989098858
    outer loop
      vertex -23.445789337158203 10.845589637756348 4.6364927291870117
      vertex -23.469753265380859 12.020589828491211 4.661834716796875
      vertex -23.445789337158203 12.020589828491211 4.6364927291870117
    endloop
  endfacet
  facet normal -0.62389277581275271 0 -0.78150995149688174
    outer loop
      vertex -23.469753265380859 10.845589637756348 4.661834716796875
      vertex -23.497011184692383 10.845589637756348 4.6835951805114746
      vertex -23.497011184692383 12.020589828491211 4.6835951805114746
    endloop
  endfacet
  facet normal -0.62389277581275271 -0 -0.78150995149688174
    outer loop
      vertex -23.469753265380859 10.845589637756348 4.661834716796875
      vertex -23.497011184692383 12.020589828491211 4.6835951805114746
      vertex -23.469753265380859 12.020589828491211 4.661834716796875
    endloop
  endfacet
  facet normal -0.50904708572967272 0 -0.8607386737623256
    outer loop
      vertex -23.497011184692383 10.845589637756348 4.6835951805114746
      vertex -23.527032852172852 10.845589637756348 4.701350212097168
      vertex -23.527032852172852 12.020589828491211 4.701350212097168
    endloop
  endfacet
  facet normal -0.50904708572967272 -0 -0.8607386737623256
    outer loop
      vertex -23.497011184692383 10.845589637756348 4.6835951805114746
      vertex -23.527032852172852 12.020589828491211 4.701350212097168
      vertex -23.497011184692383 12.020589828491211 4.6835951805114746
    endloop
  endfacet
  facet normal -0.3843047213938342 0 -0.92320630474147403
    outer loop
      vertex -23.527032852172852 10.845589637756348 4.701350212097168
      vertex -23.559232711791992 10.845589637756348 4.7147541046142578
      vertex -23.559232711791992 12.020589828491211 4.7147541046142578
    endloop
  endfacet
  facet normal -0.3843047213938342 0 -0.92320630474147403
    outer loop
      vertex -23.527032852172852 10.845589637756348 4.701350212097168
      vertex -23.559232711791992 12.020589828491211 4.7147541046142578
      vertex -23.527032852172852 12.020589828491211 4.701350212097168
    endloop
  endfacet
  facet normal -0.25211021266311656 0 -0.9676985277817457
    outer loop
      vertex -23.559232711791992 10.845589637756348 4.7147541046142578
      vertex -23.592983245849609 10.845589637756348 4.7235469818115234
      vertex -23.592983245849609 12.020589828491211 4.7235469818115234
    endloop
  endfacet
  facet normal -0.25211021266311656 0 -0.9676985277817457
    outer loop
      vertex -23.559232711791992 10.845589637756348 4.7147541046142578
      vertex -23.592983245849609 12.020589828491211 4.7235469818115234
      vertex -23.559232711791992 12.020589828491211 4.7147541046142578
    endloop
  endfacet
  facet normal -0.11494373835807513 0 -0.99337200333624776
    outer loop
      vertex -23.592983245849609 10.845589637756348 4.7235469818115234
      vertex -23.627632141113281 10.845589637756348 4.7275562286376953
      vertex -23.627632141113281 12.020589828491211 4.7275562286376953
    endloop
  endfacet
  facet normal -0.11494373835807513 0 -0.99337200333624776
    outer loop
      vertex -23.592983245849609 10.845589637756348 4.7235469818115234
      vertex -23.627632141113281 12.020589828491211 4.7275562286376953
      vertex -23.592983245849609 12.020589828491211 4.7235469818115234
    endloop
  endfacet
  facet normal 0.024418318729842271 0 -0.99970182840205313
    outer loop
      vertex -23.627632141113281 10.845589637756348 4.7275562286376953
      vertex -23.662498474121094 10.845589637756348 4.7267045974731445
      vertex -23.662498474121094 12.020589828491211 4.7267045974731445
    endloop
  endfacet
  facet normal 0.024418318729842271 0 -0.99970182840205313
    outer loop
      vertex -23.627632141113281 10.845589637756348 4.7275562286376953
      vertex -23.662498474121094 12.020589828491211 4.7267045974731445
      vertex -23.627632141113281 12.020589828491211 4.7275562286376953
    endloop
  endfacet
  facet normal 0.16330370382639031 0 -0.98657584620574557
    outer loop
      vertex -23.662498474121094 10.845589637756348 4.7267045974731445
      vertex -23.696908950805664 10.845589637756348 4.7210087776184082
      vertex -23.696908950805664 12.020589828491211 4.7210087776184082
    endloop
  endfacet
  facet normal 0.16330370382639031 0 -0.98657584620574557
    outer loop
      vertex -23.662498474121094 10.845589637756348 4.7267045974731445
      vertex -23.696908950805664 12.020589828491211 4.7210087776184082
      vertex -23.662498474121094 12.020589828491211 4.7267045974731445
    endloop
  endfacet
  facet normal 0.29903157282249754 0 -0.95424321766272113
    outer loop
      vertex -23.696908950805664 10.845589637756348 4.7210087776184082
      vertex -23.730190277099609 10.845589637756348 4.7105793952941895
      vertex -23.730190277099609 12.020589828491211 4.7105793952941895
    endloop
  endfacet
  facet normal 0.29903157282249754 0 -0.95424321766272113
    outer loop
      vertex -23.696908950805664 10.845589637756348 4.7210087776184082
      vertex -23.730190277099609 12.020589828491211 4.7105793952941895
      vertex -23.696908950805664 12.020589828491211 4.7210087776184082
    endloop
  endfacet
  facet normal 0.42891068396231163 0 -0.90334690190589695
    outer loop
      vertex -23.730190277099609 10.845589637756348 4.7105793952941895
      vertex -23.761697769165039 10.845589637756348 4.6956195831298828
      vertex -23.761697769165039 12.020589828491211 4.6956195831298828
    endloop
  endfacet
  facet normal 0.42891068396231163 -1.5670570776870773e-18 -0.90334690190589695
    outer loop
      vertex -23.730190277099609 10.845589637756348 4.7105793952941895
      vertex -23.761697769165039 12.020589828491211 4.6956195831298828
      vertex -23.730190277099609 12.020589828491211 4.7105793952941895
    endloop
  endfacet
  facet normal 0.55045285177623182 0 -0.8348662515465658
    outer loop
      vertex -23.761697769165039 10.845589637756348 4.6956195831298828
      vertex -23.790817260742188 10.845589637756348 4.6764202117919922
      vertex -23.790817260742188 12.020589828491211 4.6764202117919922
    endloop
  endfacet
  facet normal 0.55045285177623182 0 -0.8348662515465658
    outer loop
      vertex -23.761697769165039 10.845589637756348 4.6956195831298828
      vertex -23.790817260742188 12.020589828491211 4.6764202117919922
      vertex -23.761697769165039 12.020589828491211 4.6956195831298828
    endloop
  endfacet
  facet normal 0.66129148819509009 0 -0.75012903399396746
    outer loop
      vertex -23.790817260742188 10.845589637756348 4.6764202117919922
      vertex -23.816980361938477 10.845589637756348 4.653355598449707
      vertex -23.816980361938477 12.020589828491211 4.653355598449707
    endloop
  endfacet
  facet normal 0.66129148819509009 0 -0.75012903399396746
    outer loop
      vertex -23.790817260742188 10.845589637756348 4.6764202117919922
      vertex -23.816980361938477 12.020589828491211 4.653355598449707
      vertex -23.790817260742188 12.020589828491211 4.6764202117919922
    endloop
  endfacet
  facet normal 0.75927204314082097 -0 -0.65077335878534792
    outer loop
      vertex -23.816980361938477 10.845589637756348 4.653355598449707
      vertex -23.839677810668945 10.845589637756348 4.6268739700317383
      vertex -23.839677810668945 12.020589828491211 4.6268739700317383
    endloop
  endfacet
  facet normal 0.75927204314082097 0 -0.65077335878534792
    outer loop
      vertex -23.816980361938477 10.845589637756348 4.653355598449707
      vertex -23.839677810668945 12.020589828491211 4.6268739700317383
      vertex -23.816980361938477 12.020589828491211 4.653355598449707
    endloop
  endfacet
  facet normal 0.84245012616893544 -0 -0.53877433580112633
    outer loop
      vertex -23.839677810668945 10.845589637756348 4.6268739700317383
      vertex -23.858469009399414 10.845589637756348 4.5974912643432617
      vertex -23.858469009399414 12.020589828491211 4.5974912643432617
    endloop
  endfacet
  facet normal 0.84245012616893544 0 -0.53877433580112633
    outer loop
      vertex -23.839677810668945 10.845589637756348 4.6268739700317383
      vertex -23.858469009399414 12.020589828491211 4.5974912643432617
      vertex -23.839677810668945 12.020589828491211 4.6268739700317383
    endloop
  endfacet
  facet normal 0.9092196746593153 -0 -0.41631668620463524
    outer loop
      vertex -23.858469009399414 10.845589637756348 4.5974912643432617
      vertex -23.872989654541016 10.845589637756348 4.5657787322998047
      vertex -23.872989654541016 12.020589828491211 4.5657787322998047
    endloop
  endfacet
  facet normal 0.9092196746593153 0 -0.41631668620463524
    outer loop
      vertex -23.858469009399414 10.845589637756348 4.5974912643432617
      vertex -23.872989654541016 12.020589828491211 4.5657787322998047
      vertex -23.858469009399414 12.020589828491211 4.5974912643432617
    endloop
  endfacet
  facet normal 0.95832454018406155 -0 -0.28568177344907197
    outer loop
      vertex -23.872989654541016 10.845589637756348 4.5657787322998047
      vertex -23.882953643798828 10.845589637756348 4.5323543548583984
      vertex -23.882953643798828 12.020589828491211 4.5323543548583984
    endloop
  endfacet
  facet normal 0.95832454018406155 0 -0.28568177344907197
    outer loop
      vertex -23.872989654541016 10.845589637756348 4.5657787322998047
      vertex -23.882953643798828 12.020589828491211 4.5323543548583984
      vertex -23.872989654541016 12.020589828491211 4.5657787322998047
    endloop
  endfacet
  facet normal 0.9887516791078298 -0 -0.14956643026243269
    outer loop
      vertex -23.882953643798828 10.845589637756348 4.5323543548583984
      vertex -23.88817024230957 10.845589637756348 4.497868537902832
      vertex -23.88817024230957 12.020589828491211 4.497868537902832
    endloop
  endfacet
  facet normal 0.9887516791078298 0 -0.14956643026243269
    outer loop
      vertex -23.882953643798828 10.845589637756348 4.5323543548583984
      vertex -23.88817024230957 12.020589828491211 4.497868537902832
      vertex -23.882953643798828 12.020589828491211 4.5323543548583984
    endloop
  endfacet
  facet normal 0.99994487675876953 -0 -0.010499687799602616
    outer loop
      vertex -23.88817024230957 10.845589637756348 4.497868537902832
      vertex -23.88853645324707 10.845589637756348 4.4629921913146973
      vertex -23.88853645324707 12.020589828491211 4.4629921913146973
    endloop
  endfacet
  facet normal 0.99994487675876953 0 -0.010499687799602616
    outer loop
      vertex -23.88817024230957 10.845589637756348 4.497868537902832
      vertex -23.88853645324707 12.020589828491211 4.4629921913146973
      vertex -23.88817024230957 12.020589828491211 4.497868537902832
    endloop
  endfacet
  facet normal 0.99167252704217046 -0 0.12878508884880949
    outer loop
      vertex -23.88853645324707 10.845589637756348 4.4629921913146973
      vertex -23.884044647216797 10.845589637756348 4.4284043312072754
      vertex -23.884044647216797 12.020589828491211 4.4284043312072754
    endloop
  endfacet
  facet normal 0.99167252704217046 0 0.12878508884880949
    outer loop
      vertex -23.88853645324707 10.845589637756348 4.4629921913146973
      vertex -23.884044647216797 12.020589828491211 4.4284043312072754
      vertex -23.88853645324707 12.020589828491211 4.4629921913146973
    endloop
  endfacet
  facet normal 0.96410999446335099 -0 0.26550314230885685
    outer loop
      vertex -23.884044647216797 10.845589637756348 4.4284043312072754
      vertex -23.874784469604492 10.845589637756348 4.3947782516479492
      vertex -23.874784469604492 12.020589828491211 4.3947782516479492
    endloop
  endfacet
  facet normal 0.96410999446335099 0 0.26550314230885685
    outer loop
      vertex -23.884044647216797 10.845589637756348 4.4284043312072754
      vertex -23.874784469604492 12.020589828491211 4.3947782516479492
      vertex -23.884044647216797 12.020589828491211 4.4284043312072754
    endloop
  endfacet
  facet normal 0.91776332110856695 -0 0.39712779609059518
    outer loop
      vertex -23.874784469604492 10.845589637756348 4.3947782516479492
      vertex -23.860933303833008 10.845589637756348 4.3627681732177734
      vertex -23.860933303833008 12.020589828491211 4.3627681732177734
    endloop
  endfacet
  facet normal 0.91776332110856695 0 0.39712779609059518
    outer loop
      vertex -23.874784469604492 10.845589637756348 4.3947782516479492
      vertex -23.860933303833008 12.020589828491211 4.3627681732177734
      vertex -23.874784469604492 12.020589828491211 4.3947782516479492
    endloop
  endfacet
  facet normal 0.85353788610189607 -0 0.52103078314885265
    outer loop
      vertex -23.860933303833008 10.845589637756348 4.3627681732177734
      vertex -23.84276008605957 10.845589637756348 4.3329973220825195
      vertex -23.84276008605957 12.020589828491211 4.3329973220825195
    endloop
  endfacet
  facet normal 0.85353788610189607 0 0.52103078314885265
    outer loop
      vertex -23.860933303833008 10.845589637756348 4.3627681732177734
      vertex -23.84276008605957 12.020589828491211 4.3329973220825195
      vertex -23.860933303833008 12.020589828491211 4.3627681732177734
    endloop
  endfacet
  facet normal 0.7727583453386786 -0 0.63470035426918392
    outer loop
      vertex -23.84276008605957 10.845589637756348 4.3329973220825195
      vertex -23.820623397827148 10.845589637756348 4.3060455322265625
      vertex -23.820623397827148 12.020589828491211 4.3060455322265625
    endloop
  endfacet
  facet normal 0.7727583453386786 0 0.63470035426918392
    outer loop
      vertex -23.84276008605957 10.845589637756348 4.3329973220825195
      vertex -23.820623397827148 12.020589828491211 4.3060455322265625
      vertex -23.84276008605957 12.020589828491211 4.3329973220825195
    endloop
  endfacet
  facet normal 0.67689509712541884 -0 0.73607949807583262
    outer loop
      vertex -23.820623397827148 10.845589637756348 4.3060455322265625
      vertex -23.794950485229492 10.845589637756348 4.2824368476867676
      vertex -23.794950485229492 12.020589828491211 4.2824368476867676
    endloop
  endfacet
  facet normal 0.67689509712541884 0 0.73607949807583262
    outer loop
      vertex -23.820623397827148 10.845589637756348 4.3060455322265625
      vertex -23.794950485229492 12.020589828491211 4.2824368476867676
      vertex -23.820623397827148 12.020589828491211 4.3060455322265625
    endloop
  endfacet
  facet normal 0.56786489145249519 -0 0.82312178020973659
    outer loop
      vertex -23.794950485229492 10.845589637756348 4.2824368476867676
      vertex -23.766241073608398 10.845589637756348 4.2626304626464844
      vertex -23.766241073608398 12.020589828491211 4.2626304626464844
    endloop
  endfacet
  facet normal 0.56786489145249519 0 0.82312178020973659
    outer loop
      vertex -23.794950485229492 10.845589637756348 4.2824368476867676
      vertex -23.766241073608398 12.020589828491211 4.2626304626464844
      vertex -23.794950485229492 12.020589828491211 4.2824368476867676
    endloop
  endfacet
  facet normal 0.44778225636332841 -0 0.89414263453107223
    outer loop
      vertex -23.766241073608398 10.845589637756348 4.2626304626464844
      vertex -23.735055923461914 10.845589637756348 4.2470130920410156
      vertex -23.735055923461914 12.020589828491211 4.2470130920410156
    endloop
  endfacet
  facet normal 0.44778225636332841 0 0.89414263453107223
    outer loop
      vertex -23.766241073608398 10.845589637756348 4.2626304626464844
      vertex -23.735055923461914 12.020589828491211 4.2470130920410156
      vertex -23.766241073608398 12.020589828491211 4.2626304626464844
    endloop
  endfacet
  facet normal 0.31896606682752637 -0 0.94776613582285052
    outer loop
      vertex -23.735055923461914 10.845589637756348 4.2470130920410156
      vertex -23.701997756958008 10.845589637756348 4.2358875274658203
      vertex -23.701997756958008 12.020589828491211 4.2358875274658203
    endloop
  endfacet
  facet normal 0.31896606682752637 0 0.94776613582285052
    outer loop
      vertex -23.735055923461914 10.845589637756348 4.2470130920410156
      vertex -23.701997756958008 12.020589828491211 4.2358875274658203
      vertex -23.735055923461914 12.020589828491211 4.2470130920410156
    endloop
  endfacet
  facet normal 0.18396494684698961 -0 0.98293280458614485
    outer loop
      vertex -23.701997756958008 10.845589637756348 4.2358875274658203
      vertex -23.667715072631836 10.845589637756348 4.2294712066650391
      vertex -23.667715072631836 12.020589828491211 4.2294712066650391
    endloop
  endfacet
  facet normal 0.18396494684698961 0 0.98293280458614485
    outer loop
      vertex -23.701997756958008 10.845589637756348 4.2358875274658203
      vertex -23.667715072631836 12.020589828491211 4.2294712066650391
      vertex -23.701997756958008 12.020589828491211 4.2358875274658203
    endloop
  endfacet
  facet normal 0.045390296346798295 -0 0.99896932935778848
    outer loop
      vertex -23.667715072631836 10.845589637756348 4.2294712066650391
      vertex -23.63287353515625 10.845589637756348 4.2278881072998047
      vertex -23.63287353515625 12.020589828491211 4.2278881072998047
    endloop
  endfacet
  facet normal 0.045390296346798295 0 0.99896932935778848
    outer loop
      vertex -23.667715072631836 10.845589637756348 4.2294712066650391
      vertex -23.63287353515625 12.020589828491211 4.2278881072998047
      vertex -23.667715072631836 12.020589828491211 4.2294712066650391
    endloop
  endfacet
  facet normal -0.094087761721673907 -0 0.9955639070869361
    outer loop
      vertex -23.63287353515625 10.845589637756348 4.2278881072998047
      vertex -23.598150253295898 10.845589637756348 4.2311697006225586
      vertex -23.598150253295898 12.020589828491211 4.2311697006225586
    endloop
  endfacet
  facet normal -0.094087761721673907 0 0.9955639070869361
    outer loop
      vertex -23.63287353515625 10.845589637756348 4.2278881072998047
      vertex -23.598150253295898 12.020589828491211 4.2311697006225586
      vertex -23.63287353515625 12.020589828491211 4.2278881072998047
    endloop
  endfacet
  facet normal -0.23172525954979617 -0 0.97278127247936852
    outer loop
      vertex -23.598150253295898 10.845589637756348 4.2311697006225586
      vertex -23.564220428466797 10.845589637756348 4.2392520904541016
      vertex -23.564220428466797 12.020589828491211 4.2392520904541016
    endloop
  endfacet
  facet normal -0.23172525954979617 0 0.97278127247936852
    outer loop
      vertex -23.598150253295898 10.845589637756348 4.2311697006225586
      vertex -23.564220428466797 12.020589828491211 4.2392520904541016
      vertex -23.598150253295898 12.020589828491211 4.2311697006225586
    endloop
  endfacet
  facet normal -0.36487562088369918 -0 0.93105627181429529
    outer loop
      vertex -23.564220428466797 10.845589637756348 4.2392520904541016
      vertex -23.531747817993164 10.845589637756348 4.2519779205322266
      vertex -23.531747817993164 12.020589828491211 4.2519779205322266
    endloop
  endfacet
  facet normal -0.36487562088369918 0 0.93105627181429529
    outer loop
      vertex -23.564220428466797 10.845589637756348 4.2392520904541016
      vertex -23.531747817993164 12.020589828491211 4.2519779205322266
      vertex -23.564220428466797 12.020589828491211 4.2392520904541016
    endloop
  endfacet
  facet normal -0.49087384255206001 0 0.87123066446158526
    outer loop
      vertex -23.531747817993164 10.845589637756348 4.2519779205322266
      vertex -23.501359939575195 10.845589637756348 4.269099235534668
      vertex -23.501359939575195 12.020589828491211 4.269099235534668
    endloop
  endfacet
  facet normal -0.49087384255206001 0 0.87123066446158526
    outer loop
      vertex -23.531747817993164 10.845589637756348 4.2519779205322266
      vertex -23.501359939575195 12.020589828491211 4.269099235534668
      vertex -23.531747817993164 12.020589828491211 4.2519779205322266
    endloop
  endfacet
  facet normal -0.60735926828960329 -0 0.7944272900792857
    outer loop
      vertex -23.501359939575195 10.845589637756348 4.269099235534668
      vertex -23.473651885986328 10.845589637756348 4.2902827262878418
      vertex -23.473651885986328 12.020589828491211 4.2902827262878418
    endloop
  endfacet
  facet normal -0.60735926828960329 0 0.7944272900792857
    outer loop
      vertex -23.501359939575195 10.845589637756348 4.269099235534668
      vertex -23.473651885986328 12.020589828491211 4.2902827262878418
      vertex -23.501359939575195 12.020589828491211 4.269099235534668
    endloop
  endfacet
  facet normal -0.71201139009598702 0 0.70216791465687201
    outer loop
      vertex -23.473651885986328 10.845589637756348 4.2902827262878418
      vertex -23.449161529541016 10.845589637756348 4.3151164054870605
      vertex -23.449161529541016 12.020589828491211 4.3151164054870605
    endloop
  endfacet
  facet normal -0.71201139009598702 0 0.70216791465687201
    outer loop
      vertex -23.473651885986328 10.845589637756348 4.2902827262878418
      vertex -23.449161529541016 12.020589828491211 4.3151164054870605
      vertex -23.473651885986328 12.020589828491211 4.2902827262878418
    endloop
  endfacet
  facet normal -0.80280480100804164 0 0.59624194038866352
    outer loop
      vertex -23.449161529541016 10.845589637756348 4.3151164054870605
      vertex -23.428365707397461 10.845589637756348 4.3431167602539062
      vertex -23.428365707397461 12.020589828491211 4.3431167602539062
    endloop
  endfacet
  facet normal -0.80280480100804164 0 0.59624194038866352
    outer loop
      vertex -23.449161529541016 10.845589637756348 4.3151164054870605
      vertex -23.428365707397461 12.020589828491211 4.3431167602539062
      vertex -23.449161529541016 12.020589828491211 4.3151164054870605
    endloop
  endfacet
  facet normal -0.87797079776027576 0 0.47871419268722853
    outer loop
      vertex -23.428365707397461 10.845589637756348 4.3431167602539062
      vertex -23.41166877746582 10.845589637756348 4.3737392425537109
      vertex -23.41166877746582 12.020589828491211 4.3737392425537109
    endloop
  endfacet
  facet normal -0.87797079776027576 0 0.47871419268722853
    outer loop
      vertex -23.428365707397461 10.845589637756348 4.3431167602539062
      vertex -23.41166877746582 12.020589828491211 4.3737392425537109
      vertex -23.428365707397461 12.020589828491211 4.3431167602539062
    endloop
  endfacet
  facet normal -0.93605696597400301 0 0.35184848507780192
    outer loop
      vertex -23.41166877746582 10.845589637756348 4.3737392425537109
      vertex -23.399396896362305 10.845589637756348 4.4063873291015625
      vertex -23.399396896362305 12.020589828491211 4.4063873291015625
    endloop
  endfacet
  facet normal -0.93605696597400301 0 0.35184848507780192
    outer loop
      vertex -23.41166877746582 10.845589637756348 4.3737392425537109
      vertex -23.399396896362305 12.020589828491211 4.4063873291015625
      vertex -23.41166877746582 12.020589828491211 4.3737392425537109
    endloop
  endfacet
  facet normal -0.97591608494136795 0 0.21814627008663903
    outer loop
      vertex -23.399396896362305 10.845589637756348 4.4063873291015625
      vertex -23.391788482666016 10.845589637756348 4.440424919128418
      vertex -23.391788482666016 12.020589828491211 4.440424919128418
    endloop
  endfacet
  facet normal -0.97591608494136795 0 0.21814627008663903
    outer loop
      vertex -23.399396896362305 10.845589637756348 4.4063873291015625
      vertex -23.391788482666016 12.020589828491211 4.440424919128418
      vertex -23.399396896362305 12.020589828491211 4.4063873291015625
    endloop
  endfacet
  facet normal -0.99677691019610815 0 0.080223383747507371
    outer loop
      vertex -23.391788482666016 10.845589637756348 4.440424919128418
      vertex -23.38899040222168 10.845589637756348 4.4751911163330078
      vertex -23.38899040222168 12.020589828491211 4.4751911163330078
    endloop
  endfacet
  facet normal -0.99677691019610815 0 0.080223383747507371
    outer loop
      vertex -23.391788482666016 10.845589637756348 4.440424919128418
      vertex -23.38899040222168 12.020589828491211 4.4751911163330078
      vertex -23.391788482666016 12.020589828491211 4.440424919128418
    endloop
  endfacet
  facet normal -0 -1 -0
    outer loop
      vertex 8.5340232849121094 10.845589637756348 4.2824368476867676
      vertex 8.6148290634155273 10.845589637756348 4.0951452255249023
      vertex 8.6530933380126953 10.845589637756348 4.1216530799865723
    endloop
  endfacet
  facet normal 0 -1 0
    outer loop
      vertex 8.5053138732910156 10.845589637756348 4.2626304626464844
      vertex 8.5740318298339844 10.845589637756348 4.0727324485778809
      vertex 8.6148290634155273 10.845589637756348 4.0951452255249023
    endloop
  endfacet
  facet normal 0 -1 0
    outer loop
      vertex 8.4866046905517578 10.845589637756348 4.0411033630371094
      vertex 8.5311365127563477 10.845589637756348 4.0546541213989258
      vertex 8.4410715103149414 10.845589637756348 4.2358875274658203
    endloop
  endfacet
  facet normal -0 -1 -0
    outer loop
      vertex 8.5740318298339844 10.845589637756348 4.0727324485778809
      vertex 8.4741277694702148 10.845589637756348 4.2470130920410156
      vertex 8.5311365127563477 10.845589637756348 4.0546541213989258
    endloop
  endfacet
  facet normal 0 -1 -0
    outer loop
      vertex 8.4866046905517578 10.845589637756348 4.0411033630371094
      vertex 8.4410715103149414 10.845589637756348 4.2358875274658203
      vertex 8.4409093856811523 10.845589637756348 4.0322256088256836
    endloop
  endfacet
  facet normal 0 -1 0
    outer loop
      vertex 8.7731227874755859 10.845589637756348 4.2623662948608398
      vertex 8.5818338394165039 10.845589637756348 4.3329973220825195
      vertex 8.7487506866455078 10.845589637756348 4.2227067947387695
    endloop
  endfacet
  facet normal -0 -1 -0
    outer loop
      vertex 8.7487506866455078 10.845589637756348 4.2227067947387695
      vertex 8.5818338394165039 10.845589637756348 4.3329973220825195
      vertex 8.7204151153564453 10.845589637756348 4.1857767105102539
    endloop
  endfacet
  facet normal 0 -1 0
    outer loop
      vertex 8.5340232849121094 10.845589637756348 4.2824368476867676
      vertex 8.6530933380126953 10.845589637756348 4.1216530799865723
      vertex 8.6884145736694336 10.845589637756348 4.1519718170166016
    endloop
  endfacet
  facet normal 0 -1 0
    outer loop
      vertex 8.4410715103149414 10.845589637756348 4.2358875274658203
      vertex 8.5311365127563477 10.845589637756348 4.0546541213989258
      vertex 8.4741277694702148 10.845589637756348 4.2470130920410156
    endloop
  endfacet
  facet normal 0 -1 0
    outer loop
      vertex 8.5596961975097656 10.845589637756348 4.3060455322265625
      vertex 8.6884145736694336 10.845589637756348 4.1519718170166016
      vertex 8.7204151153564453 10.845589637756348 4.1857767105102539
    endloop
  endfacet
  facet normal -0 -1 0
    outer loop
      vertex 8.4741277694702148 10.845589637756348 4.2470130920410156
      vertex 8.5740318298339844 10.845589637756348 4.0727324485778809
      vertex 8.5053138732910156 10.845589637756348 4.2626304626464844
    endloop
  endfacet
  facet normal -0 -1 0
    outer loop
      vertex 8.4410715103149414 10.845589637756348 4.2358875274658203
      vertex 8.4067878723144531 10.845589637756348 4.2294712066650391
      vertex 8.4409093856811523 10.845589637756348 4.0322256088256836
    endloop
  endfacet
  facet normal -0 -1 0
    outer loop
      vertex 8.3479986190795898 10.845589637756348 4.0288181304931641
      vertex 8.3945426940917969 10.845589637756348 4.0281162261962891
      vertex 8.3719463348388672 10.845589637756348 4.2278881072998047
    endloop
  endfacet
  facet normal 0 -1 0
    outer loop
      vertex 8.3479986190795898 10.845589637756348 4.0288181304931641
      vertex 8.3372230529785156 10.845589637756348 4.2311697006225586
      vertex 8.3017768859863281 10.845589637756348 4.0343246459960938
    endloop
  endfacet
  facet normal 0 -1 0
    outer loop
      vertex 8.2563714981079102 10.845589637756348 4.0445766448974609
      vertex 8.3032932281494141 10.845589637756348 4.2392520904541016
      vertex 8.2122669219970703 10.845589637756348 4.0594644546508789
    endloop
  endfacet
  facet normal 0 -1 0
    outer loop
      vertex 8.3017768859863281 10.845589637756348 4.0343246459960938
      vertex 8.3372230529785156 10.845589637756348 4.2311697006225586
      vertex 8.2563714981079102 10.845589637756348 4.0445766448974609
    endloop
  endfacet
  facet normal -0 -1 0
    outer loop
      vertex 8.1699361801147461 10.845589637756348 4.0788283348083496
      vertex 8.2122669219970703 10.845589637756348 4.0594644546508789
      vertex 8.2708196640014648 10.845589637756348 4.2519779205322266
    endloop
  endfacet
  facet normal -0 -1 0
    outer loop
      vertex 8.3719463348388672 10.845589637756348 4.2278881072998047
      vertex 8.3945426940917969 10.845589637756348 4.0281162261962891
      vertex 8.4067878723144531 10.845589637756348 4.2294712066650391
    endloop
  endfacet
  facet normal -0 -1 -0
    outer loop
      vertex 8.3372230529785156 10.845589637756348 4.2311697006225586
      vertex 8.3479986190795898 10.845589637756348 4.0288181304931641
      vertex 8.3719463348388672 10.845589637756348 4.2278881072998047
    endloop
  endfacet
  facet normal 0 -1 -0
    outer loop
      vertex 8.3032932281494141 10.845589637756348 4.2392520904541016
      vertex 8.2708196640014648 10.845589637756348 4.2519779205322266
      vertex 8.2122669219970703 10.845589637756348 4.0594644546508789
    endloop
  endfacet
  facet normal 0 -1 -0
    outer loop
      vertex 8.2563714981079102 10.845589637756348 4.0445766448974609
      vertex 8.3372230529785156 10.845589637756348 4.2311697006225586
      vertex 8.3032932281494141 10.845589637756348 4.2392520904541016
    endloop
  endfacet
  facet normal -0 -1 0
    outer loop
      vertex 8.1298332214355469 10.845589637756348 4.1024618148803711
      vertex 8.1699361801147461 10.845589637756348 4.0788283348083496
      vertex 8.2404336929321289 10.845589637756348 4.269099235534668
    endloop
  endfacet
  facet normal 0 -1 -0
    outer loop
      vertex 8.2404336929321289 10.845589637756348 4.269099235534668
      vertex 8.1699361801147461 10.845589637756348 4.0788283348083496
      vertex 8.2708196640014648 10.845589637756348 4.2519779205322266
    endloop
  endfacet
  facet normal 0 -1 -0
    outer loop
      vertex 8.4409093856811523 10.845589637756348 4.0322256088256836
      vertex 8.4067878723144531 10.845589637756348 4.2294712066650391
      vertex 8.3945426940917969 10.845589637756348 4.0281162261962891
    endloop
  endfacet
  facet normal -0 -1 -0
    outer loop
      vertex 8.8089656829833984 10.845589637756348 4.3481531143188477
      vertex 8.8200540542602539 10.845589637756348 4.3933620452880859
      vertex 8.6231174468994141 10.845589637756348 4.4284043312072754
    endloop
  endfacet
  facet normal -0 -1 -0
    outer loop
      vertex 8.7932643890380859 10.845589637756348 4.3043317794799805
      vertex 8.8089656829833984 10.845589637756348 4.3481531143188477
      vertex 8.6138572692871094 10.845589637756348 4.3947782516479492
    endloop
  endfacet
  facet normal 0 -1 0
    outer loop
      vertex 8.8089656829833984 10.845589637756348 4.3481531143188477
      vertex 8.6231174468994141 10.845589637756348 4.4284043312072754
      vertex 8.6138572692871094 10.845589637756348 4.3947782516479492
    endloop
  endfacet
  facet normal 0 -1 -0
    outer loop
      vertex 8.7932643890380859 10.845589637756348 4.3043317794799805
      vertex 8.6138572692871094 10.845589637756348 4.3947782516479492
      vertex 8.6000051498413086 10.845589637756348 4.3627681732177734
    endloop
  endfacet
  facet normal 0 -1 0
    outer loop
      vertex 8.7932643890380859 10.845589637756348 4.3043317794799805
      vertex 8.6000051498413086 10.845589637756348 4.3627681732177734
      vertex 8.7731227874755859 10.845589637756348 4.2623662948608398
    endloop
  endfacet
  facet normal -0 -1 0
    outer loop
      vertex 8.8264122009277344 10.845589637756348 4.4394741058349609
      vertex 8.6231174468994141 10.845589637756348 4.4284043312072754
      vertex 8.8200540542602539 10.845589637756348 4.3933620452880859
    endloop
  endfacet
  facet normal 0 -1 -0
    outer loop
      vertex 8.6272439956665039 10.845589637756348 4.497868537902832
      vertex 8.8279743194580078 10.845589637756348 4.4859967231750488
      vertex 8.8247213363647461 10.845589637756348 4.5324320793151855
    endloop
  endfacet
  facet normal 0 -1 -0
    outer loop
      vertex 8.8264122009277344 10.845589637756348 4.4394741058349609
      vertex 8.8279743194580078 10.845589637756348 4.4859967231750488
      vertex 8.6276102066040039 10.845589637756348 4.4629921913146973
    endloop
  endfacet
  facet normal -0 -1 0
    outer loop
      vertex 8.8247213363647461 10.845589637756348 4.5324320793151855
      vertex 8.6220264434814453 10.845589637756348 4.5323543548583984
      vertex 8.6272439956665039 10.845589637756348 4.497868537902832
    endloop
  endfacet
  facet normal 0 -1 0
    outer loop
      vertex 8.8279743194580078 10.845589637756348 4.4859967231750488
      vertex 8.6272439956665039 10.845589637756348 4.497868537902832
      vertex 8.6276102066040039 10.845589637756348 4.4629921913146973
    endloop
  endfacet
  facet normal 0 -1 0
    outer loop
      vertex 8.6276102066040039 10.845589637756348 4.4629921913146973
      vertex 8.6231174468994141 10.845589637756348 4.4284043312072754
      vertex 8.8264122009277344 10.845589637756348 4.4394741058349609
    endloop
  endfacet
  facet normal 0 -1 0
    outer loop
      vertex 8.8166904449462891 10.845589637756348 4.5782828330993652
      vertex 8.6220264434814453 10.845589637756348 4.5323543548583984
      vertex 8.8247213363647461 10.845589637756348 4.5324320793151855
    endloop
  endfacet
  facet normal 0 -1 -0
    outer loop
      vertex 8.5596961975097656 10.845589637756348 4.3060455322265625
      vertex 8.7204151153564453 10.845589637756348 4.1857767105102539
      vertex 8.5818338394165039 10.845589637756348 4.3329973220825195
    endloop
  endfacet
  facet normal 0 -1 -0
    outer loop
      vertex 8.5340232849121094 10.845589637756348 4.2824368476867676
      vertex 8.6884145736694336 10.845589637756348 4.1519718170166016
      vertex 8.5596961975097656 10.845589637756348 4.3060455322265625
    endloop
  endfacet
  facet normal -0 -1 0
    outer loop
      vertex 8.2404336929321289 10.845589637756348 4.269099235534668
      vertex 8.2127246856689453 10.845589637756348 4.2902827262878418
      vertex 8.0923862457275391 10.845589637756348 4.1301116943359375
    endloop
  endfacet
  facet normal 0 -1 -0
    outer loop
      vertex 8.2127246856689453 10.845589637756348 4.2902827262878418
      vertex 8.1882343292236328 10.845589637756348 4.3151164054870605
      vertex 8.0579967498779297 10.845589637756348 4.1614818572998047
    endloop
  endfacet
  facet normal 0 -1 -0
    outer loop
      vertex 8.1674385070800781 10.845589637756348 4.3431167602539062
      vertex 8.1507425308227539 10.845589637756348 4.3737392425537109
      vertex 8.0579967498779297 10.845589637756348 4.1614818572998047
    endloop
  endfacet
  facet normal 0 -1 0
    outer loop
      vertex 8.1308612823486328 10.845589637756348 4.440424919128418
      vertex 7.9314079284667969 10.845589637756348 4.5326895713806152
      vertex 8.1384696960449219 10.845589637756348 4.4063873291015625
    endloop
  endfacet
  facet normal -0 -1 -0
    outer loop
      vertex 8.1280632019042969 10.845589637756348 4.4751911163330078
      vertex 8.1301307678222656 10.845589637756348 4.5100078582763672
      vertex 7.9314079284667969 10.845589637756348 4.5326895713806152
    endloop
  endfacet
  facet normal 0 -1 -0
    outer loop
      vertex 8.1308612823486328 10.845589637756348 4.440424919128418
      vertex 8.1280632019042969 10.845589637756348 4.4751911163330078
      vertex 7.9314079284667969 10.845589637756348 4.5326895713806152
    endloop
  endfacet
  facet normal -0 -1 0
    outer loop
      vertex 8.0579967498779297 10.845589637756348 4.1614818572998047
      vertex 8.1507425308227539 10.845589637756348 4.3737392425537109
      vertex 8.1384696960449219 10.845589637756348 4.4063873291015625
    endloop
  endfacet
  facet normal 0 -1 -0
    outer loop
      vertex 8.0579967498779297 10.845589637756348 4.1614818572998047
      vertex 8.1882343292236328 10.845589637756348 4.3151164054870605
      vertex 8.1674385070800781 10.845589637756348 4.3431167602539062
    endloop
  endfacet
  facet normal 0 -1 -0
    outer loop
      vertex 8.5818338394165039 10.845589637756348 4.3329973220825195
      vertex 8.7731227874755859 10.845589637756348 4.2623662948608398
      vertex 8.6000051498413086 10.845589637756348 4.3627681732177734
    endloop
  endfacet
  facet normal -0 -1 0
    outer loop
      vertex 8.5340232849121094 10.845589637756348 4.2824368476867676
      vertex 8.5053138732910156 10.845589637756348 4.2626304626464844
      vertex 8.6148290634155273 10.845589637756348 4.0951452255249023
    endloop
  endfacet
  facet normal -0 -1 0
    outer loop
      vertex 8.0923862457275391 10.845589637756348 4.1301116943359375
      vertex 8.1298332214355469 10.845589637756348 4.1024618148803711
      vertex 8.2404336929321289 10.845589637756348 4.269099235534668
    endloop
  endfacet
  facet normal 0 -1 0
    outer loop
      vertex 7.5080041885375977 10.845589637756348 4.4614815711975098
      vertex 7.3119773864746094 10.845589637756348 4.4614815711975098
      vertex 8.0579967498779297 10.845589637756348 4.1614818572998047
    endloop
  endfacet
  facet normal 0 -1 0
    outer loop
      vertex 8.0579967498779297 10.845589637756348 4.1614818572998047
      vertex 8.1384696960449219 10.845589637756348 4.4063873291015625
      vertex 7.9314079284667969 10.845589637756348 4.5326895713806152
    endloop
  endfacet
  facet normal 0 -1 0
    outer loop
      vertex 8.2127246856689453 10.845589637756348 4.2902827262878418
      vertex 8.0579967498779297 10.845589637756348 4.1614818572998047
      vertex 8.0923862457275391 10.845589637756348 4.1301116943359375
    endloop
  endfacet
  facet normal -0 -1 0
    outer loop
      vertex 6.9980049133300781 10.845589637756348 4.9115257263183594
      vertex 6.8680047988891602 10.845589637756348 4.4614815711975098
      vertex 7.3119773864746094 10.845589637756348 4.4614815711975098
    endloop
  endfacet
  facet normal 0 -1 -0
    outer loop
      vertex 6.8680047988891602 10.845589637756348 4.4614815711975098
      vertex 8.0579967498779297 10.845589637756348 4.1614818572998047
      vertex 7.3119773864746094 10.845589637756348 4.4614815711975098
    endloop
  endfacet
  facet normal 0 -1 -0
    outer loop
      vertex 6.6719765663146973 10.845589637756348 4.4614815711975098
      vertex 8.0579967498779297 10.845589637756348 4.1614818572998047
      vertex 6.8680047988891602 10.845589637756348 4.4614815711975098
    endloop
  endfacet
  facet normal 0 -1 -0
    outer loop
      vertex 6.6719765663146973 10.845589637756348 4.4614815711975098
      vertex 6.2280035018920898 10.845589637756348 4.4614815711975098
      vertex 8.0579967498779297 10.845589637756348 4.1614818572998047
    endloop
  endfacet
  facet normal 0 -1 0
    outer loop
      vertex 6.2280035018920898 10.845589637756348 4.4614815711975098
      vertex 6.0319766998291016 10.845589637756348 4.4614815711975098
      vertex 8.0579967498779297 10.845589637756348 4.1614818572998047
    endloop
  endfacet
  facet normal -0 -1 0
    outer loop
      vertex 5.5880041122436523 10.845589637756348 4.4614815711975098
      vertex 6.0319766998291016 10.845589637756348 4.4614815711975098
      vertex 5.7180042266845703 10.845589637756348 4.9115257263183594
    endloop
  endfacet
  facet normal -0 -1 0
    outer loop
      vertex 5.2619752883911133 10.845589637756348 4.9115257263183594
      vertex 4.9480047225952148 10.845589637756348 4.4614815711975098
      vertex 5.3919773101806641 10.845589637756348 4.4614815711975098
    endloop
  endfacet
  facet normal 0 -1 -0
    outer loop
      vertex 5.5880041122436523 10.845589637756348 4.4614815711975098
      vertex 5.3919773101806641 10.845589637756348 4.4614815711975098
      vertex 8.0579967498779297 10.845589637756348 4.1614818572998047
    endloop
  endfacet
  facet normal 0 -1 0
    outer loop
      vertex 5.3919773101806641 10.845589637756348 4.4614815711975098
      vertex 4.9480047225952148 10.845589637756348 4.4614815711975098
      vertex 8.0579967498779297 10.845589637756348 4.1614818572998047
    endloop
  endfacet
  facet normal 0 -1 -0
    outer loop
      vertex 8.0579967498779297 10.845589637756348 4.1614818572998047
      vertex 6.0319766998291016 10.845589637756348 4.4614815711975098
      vertex 5.5880041122436523 10.845589637756348 4.4614815711975098
    endloop
  endfacet
  facet normal 0 -1 -0
    outer loop
      vertex 4.751976490020752 10.845589637756348 4.4614815711975098
      vertex 8.0579967498779297 10.845589637756348 4.1614818572998047
      vertex 4.9480047225952148 10.845589637756348 4.4614815711975098
    endloop
  endfacet
  facet normal -0 -1 0
    outer loop
      vertex 6.3580050468444824 10.845589637756348 4.9115257263183594
      vertex 6.2280035018920898 10.845589637756348 4.4614815711975098
      vertex 6.6719765663146973 10.845589637756348 4.4614815711975098
    endloop
  endfacet
  facet normal 0 -1 0
    outer loop
      vertex 4.751976490020752 10.845589637756348 4.4614815711975098
      vertex 4.3080034255981445 10.845589637756348 4.4614815711975098
      vertex 8.0579967498779297 10.845589637756348 4.1614818572998047
    endloop
  endfacet
  facet normal 0 -1 0
    outer loop
      vertex 4.3080034255981445 10.845589637756348 4.4614815711975098
      vertex 4.1119771003723145 10.845589637756348 4.4614815711975098
      vertex 8.0579967498779297 10.845589637756348 4.1614818572998047
    endloop
  endfacet
  facet normal -0 -1 0
    outer loop
      vertex 3.7980046272277832 10.845589637756348 4.9115257263183594
      vertex 3.6680042743682861 10.845589637756348 4.4614815711975098
      vertex 4.1119771003723145 10.845589637756348 4.4614815711975098
    endloop
  endfacet
  facet normal -0 -1 0
    outer loop
      vertex 3.3419756889343262 10.845589637756348 4.9115257263183594
      vertex 3.0280051231384277 10.845589637756348 4.4614815711975098
      vertex 3.4719760417938232 10.845589637756348 4.4614815711975098
    endloop
  endfacet
  facet normal 0 -1 -0
    outer loop
      vertex 3.6680042743682861 10.845589637756348 4.4614815711975098
      vertex 3.4719760417938232 10.845589637756348 4.4614815711975098
      vertex 8.0579967498779297 10.845589637756348 4.1614818572998047
    endloop
  endfacet
  facet normal 0 -1 0
    outer loop
      vertex 3.4719760417938232 10.845589637756348 4.4614815711975098
      vertex 3.0280051231384277 10.845589637756348 4.4614815711975098
      vertex 8.0579967498779297 10.845589637756348 4.1614818572998047
    endloop
  endfacet
  facet normal 0 -1 0
    outer loop
      vertex 8.0579967498779297 10.845589637756348 4.1614818572998047
      vertex 4.1119771003723145 10.845589637756348 4.4614815711975098
      vertex 3.6680042743682861 10.845589637756348 4.4614815711975098
    endloop
  endfacet
  facet normal 0 -1 -0
    outer loop
      vertex 2.8319768905639648 10.845589637756348 4.4614815711975098
      vertex 2.3880040645599365 10.845589637756348 4.4614815711975098
      vertex 8.0579967498779297 10.845589637756348 4.1614818572998047
    endloop
  endfacet
  facet normal 0 -1 0
    outer loop
      vertex 2.3880040645599365 10.845589637756348 4.4614815711975098
      vertex 2.1919775009155273 10.845589637756348 4.4614815711975098
      vertex 8.0579967498779297 10.845589637756348 4.1614818572998047
    endloop
  endfacet
  facet normal -0 -1 0
    outer loop
      vertex 2.0619757175445557 10.845589637756348 4.9115257263183594
      vertex 1.748004674911499 10.845589637756348 4.4614815711975098
      vertex 2.1919775009155273 10.845589637756348 4.4614815711975098
    endloop
  endfacet
  facet normal -0 -1 0
    outer loop
      vertex 1.2380049228668213 10.845589637756348 4.9115257263183594
      vertex 1.1080038547515869 10.845589637756348 4.4614815711975098
      vertex 1.5519765615463257 10.845589637756348 4.4614815711975098
    endloop
  endfacet
  facet normal 0 -1 0
    outer loop
      vertex 1.748004674911499 10.845589637756348 4.4614815711975098
      vertex 1.5519765615463257 10.845589637756348 4.4614815711975098
      vertex 8.0579967498779297 10.845589637756348 4.1614818572998047
    endloop
  endfacet
  facet normal -0 -1 0
    outer loop
      vertex 0.78197610378265381 10.845589637756348 4.9115257263183594
      vertex 0.46800437569618225 10.845589637756348 4.4614815711975098
      vertex 0.91197717189788818 10.845589637756348 4.4614815711975098
    endloop
  endfacet
  facet normal 0 -1 -0
    outer loop
      vertex 1.1080038547515869 10.845589637756348 4.4614815711975098
      vertex 0.91197717189788818 10.845589637756348 4.4614815711975098
      vertex 8.0579967498779297 10.845589637756348 4.1614818572998047
    endloop
  endfacet
  facet normal 0 -1 -0
    outer loop
      vertex 8.0579967498779297 10.845589637756348 4.1614818572998047
      vertex 1.5519765615463257 10.845589637756348 4.4614815711975098
      vertex 1.1080038547515869 10.845589637756348 4.4614815711975098
    endloop
  endfacet
  facet normal 0 -1 0
    outer loop
      vertex 8.0579967498779297 10.845589637756348 4.1614818572998047
      vertex 2.1919775009155273 10.845589637756348 4.4614815711975098
      vertex 1.748004674911499 10.845589637756348 4.4614815711975098
    endloop
  endfacet
  facet normal 0 -1 0
    outer loop
      vertex 8.0579967498779297 10.845589637756348 4.1614818572998047
      vertex 3.0280051231384277 10.845589637756348 4.4614815711975098
      vertex 2.8319768905639648 10.845589637756348 4.4614815711975098
    endloop
  endfacet
  facet normal -0 -1 0
    outer loop
      vertex 2.5180044174194336 10.845589637756348 4.9115257263183594
      vertex 2.3880040645599365 10.845589637756348 4.4614815711975098
      vertex 2.8319768905639648 10.845589637756348 4.4614815711975098
    endloop
  endfacet
  facet normal 0 -1 -0
    outer loop
      vertex 0.46800437569618225 10.845589637756348 4.4614815711975098
      vertex 8.0579967498779297 10.845589637756348 4.1614818572998047
      vertex 0.91197717189788818 10.845589637756348 4.4614815711975098
    endloop
  endfacet
  facet normal -0 -1 0
    outer loop
      vertex 4.4380054473876953 10.845589637756348 4.9115257263183594
      vertex 4.3080034255981445 10.845589637756348 4.4614815711975098
      vertex 4.751976490020752 10.845589637756348 4.4614815711975098
    endloop
  endfacet
  facet normal -0 -1 0
    outer loop
      vertex -0.041994709521532059 10.845589637756348 4.9115257263183594
      vertex -0.17199578881263733 10.845589637756348 4.4614815711975098
      vertex 0.2719770073890686 10.845589637756348 4.4614815711975098
    endloop
  endfacet
  facet normal 0 -1 -0
    outer loop
      vertex 0.46800437569618225 10.845589637756348 4.4614815711975098
      vertex 0.2719770073890686 10.845589637756348 4.4614815711975098
      vertex 8.0579967498779297 10.845589637756348 4.1614818572998047
    endloop
  endfacet
  facet normal 0 -1 -0
    outer loop
      vertex 0.2719770073890686 10.845589637756348 4.4614815711975098
      vertex -0.17199578881263733 10.845589637756348 4.4614815711975098
      vertex 8.0579967498779297 10.845589637756348 4.1614818572998047
    endloop
  endfacet
  facet normal 0 -1 0
    outer loop
      vertex -0.36802315711975098 10.845589637756348 4.4614815711975098
      vertex -0.81199586391448975 10.845589637756348 4.4614815711975098
      vertex 8.0579967498779297 10.845589637756348 4.1614818572998047
    endloop
  endfacet
  facet normal 0 -1 0
    outer loop
      vertex -0.81199586391448975 10.845589637756348 4.4614815711975098
      vertex -1.0080232620239258 10.845589637756348 4.4614815711975098
      vertex 8.0579967498779297 10.845589637756348 4.1614818572998047
    endloop
  endfacet
  facet normal -0 -1 0
    outer loop
      vertex -1.4519952535629272 10.845589637756348 4.4614815711975098
      vertex -1.0080232620239258 10.845589637756348 4.4614815711975098
      vertex -1.3219950199127197 10.845589637756348 4.9115257263183594
    endloop
  endfacet
  facet normal 0 -1 0
    outer loop
      vertex 8.0579967498779297 10.845589637756348 4.1614818572998047
      vertex -0.17199578881263733 10.845589637756348 4.4614815711975098
      vertex -0.36802315711975098 10.845589637756348 4.4614815711975098
    endloop
  endfacet
  facet normal -0 -1 0
    outer loop
      vertex -0.49802345037460327 10.845589637756348 4.9115257263183594
      vertex -0.81199586391448975 10.845589637756348 4.4614815711975098
      vertex -0.36802315711975098 10.845589637756348 4.4614815711975098
    endloop
  endfacet
  facet normal 0 -1 0
    outer loop
      vertex -1.6480226516723633 10.845589637756348 4.461482048034668
      vertex -1.7780237197875977 10.845589637756348 4.9115257263183594
      vertex -2.0919954776763916 10.845589637756348 4.461482048034668
    endloop
  endfacet
  facet normal 0 -1 0
    outer loop
      vertex -1.0080232620239258 10.845589637756348 4.4614815711975098
      vertex -1.4519952535629272 10.845589637756348 4.4614815711975098
      vertex 8.0579967498779297 10.845589637756348 4.1614818572998047
    endloop
  endfacet
  facet normal 0 -1 -0
    outer loop
      vertex 8.0579967498779297 10.845589637756348 4.1614818572998047
      vertex -1.6480226516723633 10.845589637756348 4.461482048034668
      vertex -2.0919954776763916 10.845589637756348 4.461482048034668
    endloop
  endfacet
  facet normal 0 -1 0
    outer loop
      vertex -2.2489328384399414 10.845589637756348 4.4617214202880859
      vertex -2.2881612777709961 10.845589637756348 4.4619607925415039
      vertex -2.7329049110412598 10.845589637756348 4.4619607925415039
    endloop
  endfacet
  facet normal 0 -1 0
    outer loop
      vertex 8.0579967498779297 10.845589637756348 4.1614818572998047
      vertex -2.0919954776763916 10.845589637756348 4.461482048034668
      vertex -2.2489328384399414 10.845589637756348 4.4617214202880859
    endloop
  endfacet
  facet normal -0 -1 0
    outer loop
      vertex -2.7329049110412598 10.845589637756348 4.4619607925415039
      vertex -2.2881612777709961 10.845589637756348 4.4619607925415039
      vertex -2.4184091091156006 10.845589637756348 4.9115257263183594
    endloop
  endfacet
  facet normal 0 -1 -0
    outer loop
      vertex -2.2489328384399414 10.845589637756348 4.4617214202880859
      vertex -2.7329049110412598 10.845589637756348 4.4619607925415039
      vertex 8.0579967498779297 10.845589637756348 4.1614818572998047
    endloop
  endfacet
  facet normal 0 -1 -0
    outer loop
      vertex -1.6480226516723633 10.845589637756348 4.461482048034668
      vertex 8.0579967498779297 10.845589637756348 4.1614818572998047
      vertex -1.4519952535629272 10.845589637756348 4.4614815711975098
    endloop
  endfacet
  facet normal 0 -1 -0
    outer loop
      vertex 8.0579967498779297 10.845589637756348 4.1614818572998047
      vertex -3.5689327716827393 10.845589637756348 4.4619607925415039
      vertex -4.0129055976867676 10.845589637756348 4.4619607925415039
    endloop
  endfacet
  facet normal 0 -1 0
    outer loop
      vertex 8.0579967498779297 10.845589637756348 4.1614818572998047
      vertex -4.0129055976867676 10.845589637756348 4.4619607925415039
      vertex -4.2089328765869141 10.845589637756348 4.4619607925415039
    endloop
  endfacet
  facet normal -0 -1 0
    outer loop
      vertex -4.5229048728942871 10.845589637756348 4.9120044708251953
      vertex -4.6529054641723633 10.845589637756348 4.4619607925415039
      vertex -4.2089328765869141 10.845589637756348 4.4619607925415039
    endloop
  endfacet
  facet normal -0 -1 0
    outer loop
      vertex -5.1629047393798828 10.845589637756348 4.9120044708251953
      vertex -5.292905330657959 10.845589637756348 4.4619607925415039
      vertex -4.8489327430725098 10.845589637756348 4.4619607925415039
    endloop
  endfacet
  facet normal 0 -1 0
    outer loop
      vertex 8.0579967498779297 10.845589637756348 4.1614818572998047
      vertex -4.6529054641723633 10.845589637756348 4.4619607925415039
      vertex -4.8489327430725098 10.845589637756348 4.4619607925415039
    endloop
  endfacet
  facet normal 0 -1 -0
    outer loop
      vertex 8.0579967498779297 10.845589637756348 4.1614818572998047
      vertex -4.8489327430725098 10.845589637756348 4.4619607925415039
      vertex -5.292905330657959 10.845589637756348 4.4619607925415039
    endloop
  endfacet
  facet normal 0 -1 -0
    outer loop
      vertex -4.6529054641723633 10.845589637756348 4.4619607925415039
      vertex 8.0579967498779297 10.845589637756348 4.1614818572998047
      vertex -4.2089328765869141 10.845589637756348 4.4619607925415039
    endloop
  endfacet
  facet normal -0 -1 0
    outer loop
      vertex -3.3729052543640137 10.845589637756348 4.4619607925415039
      vertex -2.9281613826751709 10.845589637756348 4.4619607925415039
      vertex -3.0584092140197754 10.845589637756348 4.9115257263183594
    endloop
  endfacet
  facet normal 0 -1 0
    outer loop
      vertex -2.7329049110412598 10.845589637756348 4.4619607925415039
      vertex -2.9281613826751709 10.845589637756348 4.4619607925415039
      vertex 8.0579967498779297 10.845589637756348 4.1614818572998047
    endloop
  endfacet
  facet normal 0 -1 0
    outer loop
      vertex -2.9281613826751709 10.845589637756348 4.4619607925415039
      vertex -3.3729052543640137 10.845589637756348 4.4619607925415039
      vertex 8.0579967498779297 10.845589637756348 4.1614818572998047
    endloop
  endfacet
  facet normal 0 -1 -0
    outer loop
      vertex 8.0579967498779297 10.845589637756348 4.1614818572998047
      vertex -5.4889326095581055 10.845589637756348 4.4619607925415039
      vertex -5.9329056739807129 10.845589637756348 4.4619607925415039
    endloop
  endfacet
  facet normal 0 -1 0
    outer loop
      vertex 8.0579967498779297 10.845589637756348 4.1614818572998047
      vertex -6.1289324760437012 10.845589637756348 4.4619607925415039
      vertex -6.5729050636291504 10.845589637756348 4.4619607925415039
    endloop
  endfacet
  facet normal 0 -1 -0
    outer loop
      vertex -6.1289324760437012 10.845589637756348 4.4619607925415039
      vertex 8.0579967498779297 10.845589637756348 4.1614818572998047
      vertex -5.9329056739807129 10.845589637756348 4.4619607925415039
    endloop
  endfacet
  facet normal -0 -1 0
    outer loop
      vertex -6.2589330673217773 10.845589637756348 4.9120044708251953
      vertex -6.5729050636291504 10.845589637756348 4.4619607925415039
      vertex -6.1289324760437012 10.845589637756348 4.4619607925415039
    endloop
  endfacet
  facet normal 0 -1 0
    outer loop
      vertex -5.4889326095581055 10.845589637756348 4.4619607925415039
      vertex -5.6189336776733398 10.845589637756348 4.9120044708251953
      vertex -5.9329056739807129 10.845589637756348 4.4619607925415039
    endloop
  endfacet
  facet normal -0 -1 0
    outer loop
      vertex -4.0129055976867676 10.845589637756348 4.4619607925415039
      vertex -3.5689327716827393 10.845589637756348 4.4619607925415039
      vertex -3.8829045295715332 10.845589637756348 4.9120044708251953
    endloop
  endfacet
  facet normal 0 -1 0
    outer loop
      vertex -5.4889326095581055 10.845589637756348 4.4619607925415039
      vertex 8.0579967498779297 10.845589637756348 4.1614818572998047
      vertex -5.292905330657959 10.845589637756348 4.4619607925415039
    endloop
  endfacet
  facet normal 0 -1 0
    outer loop
      vertex -3.3729052543640137 10.845589637756348 4.4619607925415039
      vertex -3.5689327716827393 10.845589637756348 4.4619607925415039
      vertex 8.0579967498779297 10.845589637756348 4.1614818572998047
    endloop
  endfacet
  facet normal 0 -1 0
    outer loop
      vertex -6.7689323425292969 10.845589637756348 4.4619607925415039
      vertex 8.0579967498779297 10.845589637756348 4.1614818572998047
      vertex -6.5729050636291504 10.845589637756348 4.4619607925415039
    endloop
  endfacet
  facet normal 0 -1 -0
    outer loop
      vertex 8.0579967498779297 10.845589637756348 4.1614818572998047
      vertex -6.7689323425292969 10.845589637756348 4.4619607925415039
      vertex -7.2129049301147461 10.845589637756348 4.4619607925415039
    endloop
  endfacet
  facet normal 0 -1 0
    outer loop
      vertex 8.0579967498779297 10.845589637756348 4.1614818572998047
      vertex 7.9314079284667969 10.845589637756348 4.5326895713806152
      vertex 7.5080041885375977 10.845589637756348 4.4614815711975098
    endloop
  endfacet
  facet normal 0 -1 0
    outer loop
      vertex 8.0579967498779297 10.845589637756348 4.1614818572998047
      vertex -7.2129049301147461 10.845589637756348 4.4619607925415039
      vertex -7.4089326858520508 10.845589637756348 4.4619607925415039
    endloop
  endfacet
  facet normal -0 -1 0
    outer loop
      vertex -7.2129049301147461 10.845589637756348 4.4619607925415039
      vertex -6.7689323425292969 10.845589637756348 4.4619607925415039
      vertex -7.0829038619995117 10.845589637756348 4.9120044708251953
    endloop
  endfacet
  facet normal 0 -1 0
    outer loop
      vertex 8.8166904449462891 10.845589637756348 4.5782828330993652
      vertex 8.8039646148681641 10.845589637756348 4.6230583190917969
      vertex 8.6220264434814453 10.845589637756348 4.5323543548583984
    endloop
  endfacet
  facet normal 0 -1 -0
    outer loop
      vertex 8.6120624542236328 10.845589637756348 4.5657787322998047
      vertex 8.6220264434814453 10.845589637756348 4.5323543548583984
      vertex 8.8039646148681641 10.845589637756348 4.6230583190917969
    endloop
  endfacet
  facet normal 0 -1 -0
    outer loop
      vertex 8.6120624542236328 10.845589637756348 4.5657787322998047
      vertex 8.8039646148681641 10.845589637756348 4.6230583190917969
      vertex 8.7866811752319336 10.845589637756348 4.6662797927856445
    endloop
  endfacet
  facet normal 0 -1 -0
    outer loop
      vertex 8.5787496566772461 10.845589637756348 4.6268739700317383
      vertex 8.5975427627563477 10.845589637756348 4.5974912643432617
      vertex 8.7650260925292969 10.845589637756348 4.7074847221374512
    endloop
  endfacet
  facet normal 0 -1 -0
    outer loop
      vertex 8.5975427627563477 10.845589637756348 4.5974912643432617
      vertex 8.6120624542236328 10.845589637756348 4.5657787322998047
      vertex 8.7866811752319336 10.845589637756348 4.6662797927856445
    endloop
  endfacet
  facet normal 0 -1 -0
    outer loop
      vertex 8.5787496566772461 10.845589637756348 4.6268739700317383
      vertex 8.7650260925292969 10.845589637756348 4.7074847221374512
      vertex 8.7392292022705078 10.845589637756348 4.7462320327758789
    endloop
  endfacet
  facet normal 0 -1 0
    outer loop
      vertex 8.7866811752319336 10.845589637756348 4.6662797927856445
      vertex 8.7650260925292969 10.845589637756348 4.7074847221374512
      vertex 8.5975427627563477 10.845589637756348 4.5974912643432617
    endloop
  endfacet
  facet normal 0 -1 0
    outer loop
      vertex 8.5787496566772461 10.845589637756348 4.6268739700317383
      vertex 8.7095699310302734 10.845589637756348 4.7821073532104492
      vertex 8.5560522079467773 10.845589637756348 4.653355598449707
    endloop
  endfacet
  facet normal 0 -1 0
    outer loop
      vertex 8.5560522079467773 10.845589637756348 4.653355598449707
      vertex 8.6763601303100586 10.845589637756348 4.8147263526916504
      vertex 8.5298900604248047 10.845589637756348 4.6764202117919922
    endloop
  endfacet
  facet normal 0 -1 0
    outer loop
      vertex 8.4692630767822266 10.845589637756348 4.7105793952941895
      vertex 8.5007715225219727 10.845589637756348 4.6956195831298828
      vertex 8.5591726303100586 10.845589637756348 4.8897538185119629
    endloop
  endfacet
  facet normal -0 -1 0
    outer loop
      vertex 8.5007715225219727 10.845589637756348 4.6956195831298828
      vertex 8.5298900604248047 10.845589637756348 4.6764202117919922
      vertex 8.6399602890014648 10.845589637756348 4.8437404632568359
    endloop
  endfacet
  facet normal -0 -1 -0
    outer loop
      vertex 7.9522180557250977 10.845589637756348 4.6233038902282715
      vertex 8.1370248794555664 10.845589637756348 4.5441980361938477
      vertex 8.1486091613769531 10.845589637756348 4.5770964622497559
    endloop
  endfacet
  facet normal -0 -1 -0
    outer loop
      vertex 8.1486091613769531 10.845589637756348 4.5770964622497559
      vertex 8.1646595001220703 10.845589637756348 4.6080622673034668
      vertex 7.9695258140563965 10.845589637756348 4.6665153503417969
    endloop
  endfacet
  facet normal 0 -1 0
    outer loop
      vertex 7.9522180557250977 10.845589637756348 4.6233038902282715
      vertex 7.9394659996032715 10.845589637756348 4.5785360336303711
      vertex 8.1370248794555664 10.845589637756348 4.5441980361938477
    endloop
  endfacet
  facet normal -0 -1 -0
    outer loop
      vertex 7.9394659996032715 10.845589637756348 4.5785360336303711
      vertex 8.1301307678222656 10.845589637756348 4.5100078582763672
      vertex 8.1370248794555664 10.845589637756348 4.5441980361938477
    endloop
  endfacet
  facet normal 0 -1 -0
    outer loop
      vertex 7.5080041885375977 10.845589637756348 4.4614815711975098
      vertex 7.9314079284667969 10.845589637756348 4.5326895713806152
      vertex 7.6380057334899902 10.845589637756348 4.9115257263183594
    endloop
  endfacet
  facet normal 0 -1 -0
    outer loop
      vertex 7.9522180557250977 10.845589637756348 4.6233038902282715
      vertex 8.1486091613769531 10.845589637756348 4.5770964622497559
      vertex 7.9695258140563965 10.845589637756348 4.6665153503417969
    endloop
  endfacet
  facet normal 0 -1 0
    outer loop
      vertex 8.2088260650634766 10.845589637756348 4.661834716796875
      vertex 8.2360849380493164 10.845589637756348 4.6835951805114746
      vertex 8.0799322128295898 10.845589637756348 4.8148984909057617
    endloop
  endfacet
  facet normal 0 -1 0
    outer loop
      vertex 8.2360849380493164 10.845589637756348 4.6835951805114746
      vertex 8.2661046981811523 10.845589637756348 4.701350212097168
      vertex 8.1555652618408203 10.845589637756348 4.8689675331115723
    endloop
  endfacet
  facet normal 0 -1 0
    outer loop
      vertex 8.0170230865478516 10.845589637756348 4.7464404106140137
      vertex 8.1646595001220703 10.845589637756348 4.6080622673034668
      vertex 8.1848621368408203 10.845589637756348 4.6364927291870117
    endloop
  endfacet
  facet normal 0 -1 0
    outer loop
      vertex 7.9695258140563965 10.845589637756348 4.6665153503417969
      vertex 8.1646595001220703 10.845589637756348 4.6080622673034668
      vertex 7.9912042617797852 10.845589637756348 4.7077078819274902
    endloop
  endfacet
  facet normal -0 -1 -0
    outer loop
      vertex 8.0467052459716797 10.845589637756348 4.7822985649108887
      vertex 8.1848621368408203 10.845589637756348 4.6364927291870117
      vertex 8.2088260650634766 10.845589637756348 4.661834716796875
    endloop
  endfacet
  facet normal -0 -1 -0
    outer loop
      vertex 8.1971645355224609 10.845589637756348 4.8898582458496094
      vertex 8.2661046981811523 10.845589637756348 4.701350212097168
      vertex 8.2983055114746094 10.845589637756348 4.7147541046142578
    endloop
  endfacet
  facet normal 0 -1 0
    outer loop
      vertex 8.1301307678222656 10.845589637756348 4.5100078582763672
      vertex 7.9394659996032715 10.845589637756348 4.5785360336303711
      vertex 7.9314079284667969 10.845589637756348 4.5326895713806152
    endloop
  endfacet
  facet normal 0 -1 0
    outer loop
      vertex 8.1646595001220703 10.845589637756348 4.6080622673034668
      vertex 8.0170230865478516 10.845589637756348 4.7464404106140137
      vertex 7.9912042617797852 10.845589637756348 4.7077078819274902
    endloop
  endfacet
  facet normal 0 -1 -0
    outer loop
      vertex 8.7095699310302734 10.845589637756348 4.7821073532104492
      vertex 8.6763601303100586 10.845589637756348 4.8147263526916504
      vertex 8.5560522079467773 10.845589637756348 4.653355598449707
    endloop
  endfacet
  facet normal 0 -1 -0
    outer loop
      vertex 8.5787496566772461 10.845589637756348 4.6268739700317383
      vertex 8.7392292022705078 10.845589637756348 4.7462320327758789
      vertex 8.7095699310302734 10.845589637756348 4.7821073532104492
    endloop
  endfacet
  facet normal -0 -1 0
    outer loop
      vertex 8.6007575988769531 10.845589637756348 4.8688392639160156
      vertex 8.5007715225219727 10.845589637756348 4.6956195831298828
      vertex 8.6399602890014648 10.845589637756348 4.8437404632568359
    endloop
  endfacet
  facet normal 0 -1 -0
    outer loop
      vertex 8.5298900604248047 10.845589637756348 4.6764202117919922
      vertex 8.6763601303100586 10.845589637756348 4.8147263526916504
      vertex 8.6399602890014648 10.845589637756348 4.8437404632568359
    endloop
  endfacet
  facet normal -0 -1 0
    outer loop
      vertex 8.4015712738037109 10.845589637756348 4.7267045974731445
      vertex 8.4359827041625977 10.845589637756348 4.7210087776184082
      vertex 8.4706516265869141 10.845589637756348 4.918182373046875
    endloop
  endfacet
  facet normal -0 -1 0
    outer loop
      vertex 8.4359827041625977 10.845589637756348 4.7210087776184082
      vertex 8.4692630767822266 10.845589637756348 4.7105793952941895
      vertex 8.5156488418579102 10.845589637756348 4.9062604904174805
    endloop
  endfacet
  facet normal 0 -1 -0
    outer loop
      vertex 8.5007715225219727 10.845589637756348 4.6956195831298828
      vertex 8.6007575988769531 10.845589637756348 4.8688392639160156
      vertex 8.5591726303100586 10.845589637756348 4.8897538185119629
    endloop
  endfacet
  facet normal 0 -1 -0
    outer loop
      vertex 8.4692630767822266 10.845589637756348 4.7105793952941895
      vertex 8.5591726303100586 10.845589637756348 4.8897538185119629
      vertex 8.5156488418579102 10.845589637756348 4.9062604904174805
    endloop
  endfacet
  facet normal 0 -1 -0
    outer loop
      vertex 8.4359827041625977 10.845589637756348 4.7210087776184082
      vertex 8.5156488418579102 10.845589637756348 4.9062604904174805
      vertex 8.4706516265869141 10.845589637756348 4.918182373046875
    endloop
  endfacet
  facet normal 0 -1 -0
    outer loop
      vertex 8.4706516265869141 10.845589637756348 4.918182373046875
      vertex 8.4246654510498047 10.845589637756348 4.9253926277160645
      vertex 8.4015712738037109 10.845589637756348 4.7267045974731445
    endloop
  endfacet
  facet normal 0 -1 0
    outer loop
      vertex 8.4246654510498047 10.845589637756348 4.9253926277160645
      vertex 8.3781795501708984 10.845589637756348 4.9278135299682617
      vertex 8.4015712738037109 10.845589637756348 4.7267045974731445
    endloop
  endfacet
  facet normal -0 -1 0
    outer loop
      vertex 8.3781795501708984 10.845589637756348 4.9278135299682617
      vertex 8.3667049407958984 10.845589637756348 4.7275562286376953
      vertex 8.4015712738037109 10.845589637756348 4.7267045974731445
    endloop
  endfacet
  facet normal 0 -1 0
    outer loop
      vertex 8.3320560455322266 10.845589637756348 4.7235469818115234
      vertex 8.3667049407958984 10.845589637756348 4.7275562286376953
      vertex 8.3316917419433594 10.845589637756348 4.925419807434082
    endloop
  endfacet
  facet normal 0 -1 0
    outer loop
      vertex 8.1555652618408203 10.845589637756348 4.8689675331115723
      vertex 8.1163492202758789 10.845589637756348 4.8438916206359863
      vertex 8.2360849380493164 10.845589637756348 4.6835951805114746
    endloop
  endfacet
  facet normal -0 -1 0
    outer loop
      vertex 8.1971645355224609 10.845589637756348 4.8898582458496094
      vertex 8.1555652618408203 10.845589637756348 4.8689675331115723
      vertex 8.2661046981811523 10.845589637756348 4.701350212097168
    endloop
  endfacet
  facet normal 0 -1 0
    outer loop
      vertex 8.2360849380493164 10.845589637756348 4.6835951805114746
      vertex 8.1163492202758789 10.845589637756348 4.8438916206359863
      vertex 8.0799322128295898 10.845589637756348 4.8148984909057617
    endloop
  endfacet
  facet normal 0 -1 0
    outer loop
      vertex 8.0799322128295898 10.845589637756348 4.8148984909057617
      vertex 8.0467052459716797 10.845589637756348 4.7822985649108887
      vertex 8.2088260650634766 10.845589637756348 4.661834716796875
    endloop
  endfacet
  facet normal 0 -1 0
    outer loop
      vertex 8.0467052459716797 10.845589637756348 4.7822985649108887
      vertex 8.0170230865478516 10.845589637756348 4.7464404106140137
      vertex 8.1848621368408203 10.845589637756348 4.6364927291870117
    endloop
  endfacet
  facet normal -0 -1 0
    outer loop
      vertex 8.3316917419433594 10.845589637756348 4.925419807434082
      vertex 8.2856998443603516 10.845589637756348 4.9182357788085938
      vertex 8.3320560455322266 10.845589637756348 4.7235469818115234
    endloop
  endfacet
  facet normal 0 -1 0
    outer loop
      vertex 8.3320560455322266 10.845589637756348 4.7235469818115234
      vertex 8.2856998443603516 10.845589637756348 4.9182357788085938
      vertex 8.2983055114746094 10.845589637756348 4.7147541046142578
    endloop
  endfacet
  facet normal -0 -1 0
    outer loop
      vertex 8.2856998443603516 10.845589637756348 4.9182357788085938
      vertex 8.2406978607177734 10.845589637756348 4.9063396453857422
      vertex 8.2983055114746094 10.845589637756348 4.7147541046142578
    endloop
  endfacet
  facet normal 0 -1 0
    outer loop
      vertex 8.2983055114746094 10.845589637756348 4.7147541046142578
      vertex 8.2406978607177734 10.845589637756348 4.9063396453857422
      vertex 8.1971645355224609 10.845589637756348 4.8898582458496094
    endloop
  endfacet
  facet normal -0 -1 0
    outer loop
      vertex 8.3781795501708984 10.845589637756348 4.9278135299682617
      vertex 8.3316917419433594 10.845589637756348 4.925419807434082
      vertex 8.3667049407958984 10.845589637756348 4.7275562286376953
    endloop
  endfacet
  facet normal 0 -1 0
    outer loop
      vertex 7.8219766616821289 10.845589637756348 4.9115257263183594
      vertex 7.6380057334899902 10.845589637756348 4.9115257263183594
      vertex 7.9314079284667969 10.845589637756348 4.5326895713806152
    endloop
  endfacet
  facet normal -0 -1 -0
    outer loop
      vertex 6.9980049133300781 10.845589637756348 4.9115257263183594
      vertex 7.3119773864746094 10.845589637756348 4.4614815711975098
      vertex 7.1819772720336914 10.845589637756348 4.9115257263183594
    endloop
  endfacet
  facet normal -0 -1 -0
    outer loop
      vertex 6.3580050468444824 10.845589637756348 4.9115257263183594
      vertex 6.6719765663146973 10.845589637756348 4.4614815711975098
      vertex 6.5419759750366211 10.845589637756348 4.9115257263183594
    endloop
  endfacet
  facet normal -0 -1 0
    outer loop
      vertex 5.0780048370361328 10.845589637756348 4.9115257263183594
      vertex 4.9480047225952148 10.845589637756348 4.4614815711975098
      vertex 5.2619752883911133 10.845589637756348 4.9115257263183594
    endloop
  endfacet
  facet normal -0 -1 -0
    outer loop
      vertex 4.4380054473876953 10.845589637756348 4.9115257263183594
      vertex 4.751976490020752 10.845589637756348 4.4614815711975098
      vertex 4.6219758987426758 10.845589637756348 4.9115257263183594
    endloop
  endfacet
  facet normal 0 -1 0
    outer loop
      vertex 5.9019765853881836 10.845589637756348 4.9115257263183594
      vertex 5.7180042266845703 10.845589637756348 4.9115257263183594
      vertex 6.0319766998291016 10.845589637756348 4.4614815711975098
    endloop
  endfacet
  facet normal -0 -1 0
    outer loop
      vertex 3.1580052375793457 10.845589637756348 4.9115257263183594
      vertex 3.0280051231384277 10.845589637756348 4.4614815711975098
      vertex 3.3419756889343262 10.845589637756348 4.9115257263183594
    endloop
  endfacet
  facet normal -0 -1 -0
    outer loop
      vertex 2.5180044174194336 10.845589637756348 4.9115257263183594
      vertex 2.8319768905639648 10.845589637756348 4.4614815711975098
      vertex 2.7019765377044678 10.845589637756348 4.9115257263183594
    endloop
  endfacet
  facet normal -0 -1 -0
    outer loop
      vertex 1.2380049228668213 10.845589637756348 4.9115257263183594
      vertex 1.5519765615463257 10.845589637756348 4.4614815711975098
      vertex 1.4219763278961182 10.845589637756348 4.9115257263183594
    endloop
  endfacet
  facet normal -0 -1 0
    outer loop
      vertex 0.59800469875335693 10.845589637756348 4.9115257263183594
      vertex 0.46800437569618225 10.845589637756348 4.4614815711975098
      vertex 0.78197610378265381 10.845589637756348 4.9115257263183594
    endloop
  endfacet
  facet normal -0 -1 -0
    outer loop
      vertex -0.041994709521532059 10.845589637756348 4.9115257263183594
      vertex 0.2719770073890686 10.845589637756348 4.4614815711975098
      vertex 0.14197592437267303 10.845589637756348 4.9115257263183594
    endloop
  endfacet
  facet normal 0 -1 -0
    outer loop
      vertex 2.0619757175445557 10.845589637756348 4.9115257263183594
      vertex 1.8780050277709961 10.845589637756348 4.9115257263183594
      vertex 1.748004674911499 10.845589637756348 4.4614815711975098
    endloop
  endfacet
  facet normal 0 -1 0
    outer loop
      vertex 3.9819767475128174 10.845589637756348 4.9115257263183594
      vertex 3.7980046272277832 10.845589637756348 4.9115257263183594
      vertex 4.1119771003723145 10.845589637756348 4.4614815711975098
    endloop
  endfacet
  facet normal -0 -1 0
    outer loop
      vertex -0.68199563026428223 10.845589637756348 4.9115257263183594
      vertex -0.81199586391448975 10.845589637756348 4.4614815711975098
      vertex -0.49802345037460327 10.845589637756348 4.9115257263183594
    endloop
  endfacet
  facet normal -0 -1 0
    outer loop
      vertex -1.9619951248168945 10.845589637756348 4.9115257263183594
      vertex -2.0919954776763916 10.845589637756348 4.461482048034668
      vertex -1.7780237197875977 10.845589637756348 4.9115257263183594
    endloop
  endfacet
  facet normal 0 -1 0
    outer loop
      vertex -1.1380236148834229 10.845589637756348 4.9115257263183594
      vertex -1.3219950199127197 10.845589637756348 4.9115257263183594
      vertex -1.0080232620239258 10.845589637756348 4.4614815711975098
    endloop
  endfacet
  facet normal 0 -1 0
    outer loop
      vertex -2.4188640117645264 10.845589637756348 4.9117650985717773
      vertex -2.4184091091156006 10.845589637756348 4.9115257263183594
      vertex -2.41847825050354 10.845589637756348 4.9117650985717773
    endloop
  endfacet
  facet normal 0 -1 0
    outer loop
      vertex -2.6029047966003418 10.845589637756348 4.9120044708251953
      vertex -2.4184091091156006 10.845589637756348 4.9115257263183594
      vertex -2.4188640117645264 10.845589637756348 4.9117650985717773
    endloop
  endfacet
  facet normal 0 -1 0
    outer loop
      vertex -3.0584783554077148 10.845589637756348 4.9117650985717773
      vertex -3.0588643550872803 10.845589637756348 4.9117650985717773
      vertex -3.0584092140197754 10.845589637756348 4.9115257263183594
    endloop
  endfacet
  facet normal 0 -1 -0
    outer loop
      vertex -3.2429051399230957 10.845589637756348 4.9120044708251953
      vertex -3.0584092140197754 10.845589637756348 4.9115257263183594
      vertex -3.0588643550872803 10.845589637756348 4.9117650985717773
    endloop
  endfacet
  facet normal 0 -1 -0
    outer loop
      vertex -2.7329049110412598 10.845589637756348 4.4619607925415039
      vertex -2.4184091091156006 10.845589637756348 4.9115257263183594
      vertex -2.6029047966003418 10.845589637756348 4.9120044708251953
    endloop
  endfacet
  facet normal 0 -1 -0
    outer loop
      vertex -3.3729052543640137 10.845589637756348 4.4619607925415039
      vertex -3.0584092140197754 10.845589637756348 4.9115257263183594
      vertex -3.2429051399230957 10.845589637756348 4.9120044708251953
    endloop
  endfacet
  facet normal 0 -1 0
    outer loop
      vertex -3.6989331245422363 10.845589637756348 4.9120044708251953
      vertex -3.8829045295715332 10.845589637756348 4.9120044708251953
      vertex -3.5689327716827393 10.845589637756348 4.4619607925415039
    endloop
  endfacet
  facet normal 0 -1 0
    outer loop
      vertex -4.9789333343505859 10.845589637756348 4.9120044708251953
      vertex -5.1629047393798828 10.845589637756348 4.9120044708251953
      vertex -4.8489327430725098 10.845589637756348 4.4619607925415039
    endloop
  endfacet
  facet normal 0 -1 -0
    outer loop
      vertex -5.6189336776733398 10.845589637756348 4.9120044708251953
      vertex -5.8029050827026367 10.845589637756348 4.9120044708251953
      vertex -5.9329056739807129 10.845589637756348 4.4619607925415039
    endloop
  endfacet
  facet normal 0 -1 -0
    outer loop
      vertex -6.2589330673217773 10.845589637756348 4.9120044708251953
      vertex -6.4429044723510742 10.845589637756348 4.9120044708251953
      vertex -6.5729050636291504 10.845589637756348 4.4619607925415039
    endloop
  endfacet
  facet normal 0 -1 0
    outer loop
      vertex -4.2089328765869141 10.845589637756348 4.4619607925415039
      vertex -4.338932991027832 10.845589637756348 4.9120044708251953
      vertex -4.5229048728942871 10.845589637756348 4.9120044708251953
    endloop
  endfacet
  facet normal 0 -1 0
    outer loop
      vertex -6.8989334106445312 10.845589637756348 4.9120044708251953
      vertex -7.0829038619995117 10.845589637756348 4.9120044708251953
      vertex -6.7689323425292969 10.845589637756348 4.4619607925415039
    endloop
  endfacet
  facet normal 0 -1 -0
    outer loop
      vertex -13.61290454864502 10.845589637756348 4.4619607925415039
      vertex -13.808932304382324 10.845589637756348 4.4619607925415039
      vertex -23.318923950195312 10.845589637756348 4.1620664596557617
    endloop
  endfacet
  facet normal 0 -1 -0
    outer loop
      vertex -13.808932304382324 10.845589637756348 4.4619607925415039
      vertex -14.252904891967773 10.845589637756348 4.4619607925415039
      vertex -23.318923950195312 10.845589637756348 4.1620664596557617
    endloop
  endfacet
  facet normal 0 -1 0
    outer loop
      vertex -13.808932304382324 10.845589637756348 4.4619607925415039
      vertex -13.938932418823242 10.845589637756348 4.9120044708251953
      vertex -14.252904891967773 10.845589637756348 4.4619607925415039
    endloop
  endfacet
  facet normal 0 -1 0
    outer loop
      vertex -14.448932647705078 10.845589637756348 4.4619607925415039
      vertex -14.578932762145996 10.845589637756348 4.9120044708251953
      vertex -14.892905235290527 10.845589637756348 4.4619607925415039
    endloop
  endfacet
  facet normal 0 -1 -0
    outer loop
      vertex -14.448932647705078 10.845589637756348 4.4619607925415039
      vertex -14.892905235290527 10.845589637756348 4.4619607925415039
      vertex -23.318923950195312 10.845589637756348 4.1620664596557617
    endloop
  endfacet
  facet normal 0 -1 -0
    outer loop
      vertex -14.892905235290527 10.845589637756348 4.4619607925415039
      vertex -15.088932037353516 10.845589637756348 4.4619607925415039
      vertex -23.318923950195312 10.845589637756348 4.1620664596557617
    endloop
  endfacet
  facet normal 0 -1 0
    outer loop
      vertex -23.318923950195312 10.845589637756348 4.1620664596557617
      vertex -14.252904891967773 10.845589637756348 4.4619607925415039
      vertex -14.448932647705078 10.845589637756348 4.4619607925415039
    endloop
  endfacet
  facet normal 0 -1 -0
    outer loop
      vertex -15.532905578613281 10.845589637756348 4.4619607925415039
      vertex -15.72893238067627 10.845589637756348 4.4619607925415039
      vertex -23.318923950195312 10.845589637756348 4.1620664596557617
    endloop
  endfacet
  facet normal 0 -1 0
    outer loop
      vertex -15.72893238067627 10.845589637756348 4.4619607925415039
      vertex -16.172904968261719 10.845589637756348 4.4619607925415039
      vertex -23.318923950195312 10.845589637756348 4.1620664596557617
    endloop
  endfacet
  facet normal 0 -1 0
    outer loop
      vertex -15.72893238067627 10.845589637756348 4.4619607925415039
      vertex -15.858932495117188 10.845589637756348 4.9120044708251953
      vertex -16.172904968261719 10.845589637756348 4.4619607925415039
    endloop
  endfacet
  facet normal 0 -1 0
    outer loop
      vertex -16.368932723999023 10.845589637756348 4.4619607925415039
      vertex -16.682903289794922 10.845589637756348 4.9120044708251953
      vertex -16.812904357910156 10.845589637756348 4.4619607925415039
    endloop
  endfacet
  facet normal 0 -1 -0
    outer loop
      vertex -16.368932723999023 10.845589637756348 4.4619607925415039
      vertex -16.812904357910156 10.845589637756348 4.4619607925415039
      vertex -23.318923950195312 10.845589637756348 4.1620664596557617
    endloop
  endfacet
  facet normal 0 -1 -0
    outer loop
      vertex -16.812904357910156 10.845589637756348 4.4619607925415039
      vertex -17.008932113647461 10.845589637756348 4.4619607925415039
      vertex -23.318923950195312 10.845589637756348 4.1620664596557617
    endloop
  endfacet
  facet normal 0 -1 0
    outer loop
      vertex -23.318923950195312 10.845589637756348 4.1620664596557617
      vertex -16.172904968261719 10.845589637756348 4.4619607925415039
      vertex -16.368932723999023 10.845589637756348 4.4619607925415039
    endloop
  endfacet
  facet normal 0 -1 -0
    outer loop
      vertex -23.318923950195312 10.845589637756348 4.1620664596557617
      vertex -15.088932037353516 10.845589637756348 4.4619607925415039
      vertex -15.532905578613281 10.845589637756348 4.4619607925415039
    endloop
  endfacet
  facet normal 0 -1 0
    outer loop
      vertex -15.088932037353516 10.845589637756348 4.4619607925415039
      vertex -15.402904510498047 10.845589637756348 4.9120044708251953
      vertex -15.532905578613281 10.845589637756348 4.4619607925415039
    endloop
  endfacet
  facet normal 0 -1 0
    outer loop
      vertex -17.452905654907227 10.845589637756348 4.4619607925415039
      vertex -17.648931503295898 10.845589637756348 4.4619607925415039
      vertex -23.318923950195312 10.845589637756348 4.1620664596557617
    endloop
  endfacet
  facet normal 0 -1 0
    outer loop
      vertex -17.648931503295898 10.845589637756348 4.4619607925415039
      vertex -18.092905044555664 10.845589637756348 4.4619607925415039
      vertex -23.318923950195312 10.845589637756348 4.1620664596557617
    endloop
  endfacet
  facet normal 0 -1 0
    outer loop
      vertex -17.648931503295898 10.845589637756348 4.4619607925415039
      vertex -17.778932571411133 10.845589637756348 4.9120044708251953
      vertex -18.092905044555664 10.845589637756348 4.4619607925415039
    endloop
  endfacet
  facet normal 0 -1 0
    outer loop
      vertex -18.288932800292969 10.845589637756348 4.4619607925415039
      vertex -18.602903366088867 10.845589637756348 4.9120044708251953
      vertex -18.732904434204102 10.845589637756348 4.4619607925415039
    endloop
  endfacet
  facet normal 0 -1 0
    outer loop
      vertex -18.288932800292969 10.845589637756348 4.4619607925415039
      vertex -18.732904434204102 10.845589637756348 4.4619607925415039
      vertex -23.318923950195312 10.845589637756348 4.1620664596557617
    endloop
  endfacet
  facet normal 0 -1 -0
    outer loop
      vertex -18.732904434204102 10.845589637756348 4.4619607925415039
      vertex -18.928932189941406 10.845589637756348 4.4619607925415039
      vertex -23.318923950195312 10.845589637756348 4.1620664596557617
    endloop
  endfacet
  facet normal 0 -1 -0
    outer loop
      vertex -23.318923950195312 10.845589637756348 4.1620664596557617
      vertex -18.092905044555664 10.845589637756348 4.4619607925415039
      vertex -18.288932800292969 10.845589637756348 4.4619607925415039
    endloop
  endfacet
  facet normal 0 -1 -0
    outer loop
      vertex -19.372903823852539 10.845589637756348 4.4619607925415039
      vertex -19.568931579589844 10.845589637756348 4.4619607925415039
      vertex -23.318923950195312 10.845589637756348 4.1620664596557617
    endloop
  endfacet
  facet normal 0 -1 -0
    outer loop
      vertex -19.568931579589844 10.845589637756348 4.4619607925415039
      vertex -20.012905120849609 10.845589637756348 4.4619607925415039
      vertex -23.318923950195312 10.845589637756348 4.1620664596557617
    endloop
  endfacet
  facet normal 0 -1 0
    outer loop
      vertex -19.568931579589844 10.845589637756348 4.4619607925415039
      vertex -19.698932647705078 10.845589637756348 4.9120044708251953
      vertex -20.012905120849609 10.845589637756348 4.4619607925415039
    endloop
  endfacet
  facet normal 0 -1 0
    outer loop
      vertex -20.208932876586914 10.845589637756348 4.4619607925415039
      vertex -20.522903442382812 10.845589637756348 4.9120044708251953
      vertex -20.652904510498047 10.845589637756348 4.4619607925415039
    endloop
  endfacet
  facet normal 0 -1 0
    outer loop
      vertex -20.208932876586914 10.845589637756348 4.4619607925415039
      vertex -20.652904510498047 10.845589637756348 4.4619607925415039
      vertex -23.318923950195312 10.845589637756348 4.1620664596557617
    endloop
  endfacet
  facet normal 0 -1 0
    outer loop
      vertex -20.652904510498047 10.845589637756348 4.4619607925415039
      vertex -20.848932266235352 10.845589637756348 4.4619607925415039
      vertex -23.318923950195312 10.845589637756348 4.1620664596557617
    endloop
  endfacet
  facet normal 0 -1 0
    outer loop
      vertex -23.318923950195312 10.845589637756348 4.1620664596557617
      vertex -20.012905120849609 10.845589637756348 4.4619607925415039
      vertex -20.208932876586914 10.845589637756348 4.4619607925415039
    endloop
  endfacet
  facet normal 0 -1 0
    outer loop
      vertex -23.318923950195312 10.845589637756348 4.1620664596557617
      vertex -18.928932189941406 10.845589637756348 4.4619607925415039
      vertex -19.372903823852539 10.845589637756348 4.4619607925415039
    endloop
  endfacet
  facet normal 0 -1 0
    outer loop
      vertex -18.928932189941406 10.845589637756348 4.4619607925415039
      vertex -19.058933258056641 10.845589637756348 4.9120044708251953
      vertex -19.372903823852539 10.845589637756348 4.4619607925415039
    endloop
  endfacet
  facet normal 0 -1 -0
    outer loop
      vertex -23.318923950195312 10.845589637756348 4.1620664596557617
      vertex -17.008932113647461 10.845589637756348 4.4619607925415039
      vertex -17.452905654907227 10.845589637756348 4.4619607925415039
    endloop
  endfacet
  facet normal 0 -1 0
    outer loop
      vertex -17.008932113647461 10.845589637756348 4.4619607925415039
      vertex -17.322904586791992 10.845589637756348 4.9120044708251953
      vertex -17.452905654907227 10.845589637756348 4.4619607925415039
    endloop
  endfacet
  facet normal -0 -1 0
    outer loop
      vertex -7.8529052734375 10.845589637756348 4.4619607925415039
      vertex -7.4089326858520508 10.845589637756348 4.4619607925415039
      vertex -7.7229042053222656 10.845589637756348 4.9120044708251953
    endloop
  endfacet
  facet normal 0 -1 -0
    outer loop
      vertex -23.318923950195312 10.845589637756348 4.1620664596557617
      vertex 8.0579967498779297 10.845589637756348 4.1614818572998047
      vertex -7.8529052734375 10.845589637756348 4.4619607925415039
    endloop
  endfacet
  facet normal 0 -1 -0
    outer loop
      vertex -8.0489320755004883 10.845589637756348 4.4619607925415039
      vertex -23.318923950195312 10.845589637756348 4.1620664596557617
      vertex -7.8529052734375 10.845589637756348 4.4619607925415039
    endloop
  endfacet
  facet normal 0 -1 0
    outer loop
      vertex -8.6889324188232422 10.845589637756348 4.4619607925415039
      vertex -23.318923950195312 10.845589637756348 4.1620664596557617
      vertex -8.4929046630859375 10.845589637756348 4.4619607925415039
    endloop
  endfacet
  facet normal 0 -1 0
    outer loop
      vertex -9.1329050064086914 10.845589637756348 4.4619607925415039
      vertex -23.318923950195312 10.845589637756348 4.1620664596557617
      vertex -8.6889324188232422 10.845589637756348 4.4619607925415039
    endloop
  endfacet
  facet normal -0 -1 0
    outer loop
      vertex -9.1329050064086914 10.845589637756348 4.4619607925415039
      vertex -8.6889324188232422 10.845589637756348 4.4619607925415039
      vertex -8.8189334869384766 10.845589637756348 4.9120044708251953
    endloop
  endfacet
  facet normal 0 -1 0
    outer loop
      vertex -8.0489320755004883 10.845589637756348 4.4619607925415039
      vertex -8.4929046630859375 10.845589637756348 4.4619607925415039
      vertex -23.318923950195312 10.845589637756348 4.1620664596557617
    endloop
  endfacet
  facet normal -0 -1 0
    outer loop
      vertex -8.4929046630859375 10.845589637756348 4.4619607925415039
      vertex -8.0489320755004883 10.845589637756348 4.4619607925415039
      vertex -8.1789331436157227 10.845589637756348 4.9120044708251953
    endloop
  endfacet
  facet normal -0 -1 0
    outer loop
      vertex -9.7729053497314453 10.845589637756348 4.4619607925415039
      vertex -9.3289318084716797 10.845589637756348 4.4619607925415039
      vertex -9.4589328765869141 10.845589637756348 4.9120044708251953
    endloop
  endfacet
  facet normal 0 -1 0
    outer loop
      vertex -9.7729053497314453 10.845589637756348 4.4619607925415039
      vertex -23.318923950195312 10.845589637756348 4.1620664596557617
      vertex -9.3289318084716797 10.845589637756348 4.4619607925415039
    endloop
  endfacet
  facet normal 0 -1 -0
    outer loop
      vertex -9.9689321517944336 10.845589637756348 4.4619607925415039
      vertex -23.318923950195312 10.845589637756348 4.1620664596557617
      vertex -9.7729053497314453 10.845589637756348 4.4619607925415039
    endloop
  endfacet
  facet normal 0 -1 -0
    outer loop
      vertex -10.608932495117188 10.845589637756348 4.4619607925415039
      vertex -23.318923950195312 10.845589637756348 4.1620664596557617
      vertex -10.412904739379883 10.845589637756348 4.4619607925415039
    endloop
  endfacet
  facet normal 0 -1 0
    outer loop
      vertex -11.052905082702637 10.845589637756348 4.4619607925415039
      vertex -23.318923950195312 10.845589637756348 4.1620664596557617
      vertex -10.608932495117188 10.845589637756348 4.4619607925415039
    endloop
  endfacet
  facet normal -0 -1 0
    outer loop
      vertex -11.052905082702637 10.845589637756348 4.4619607925415039
      vertex -10.608932495117188 10.845589637756348 4.4619607925415039
      vertex -10.922904014587402 10.845589637756348 4.9120044708251953
    endloop
  endfacet
  facet normal 0 -1 -0
    outer loop
      vertex -9.9689321517944336 10.845589637756348 4.4619607925415039
      vertex -10.412904739379883 10.845589637756348 4.4619607925415039
      vertex -23.318923950195312 10.845589637756348 4.1620664596557617
    endloop
  endfacet
  facet normal -0 -1 0
    outer loop
      vertex -10.412904739379883 10.845589637756348 4.4619607925415039
      vertex -9.9689321517944336 10.845589637756348 4.4619607925415039
      vertex -10.098933219909668 10.845589637756348 4.9120044708251953
    endloop
  endfacet
  facet normal 0 -1 -0
    outer loop
      vertex -9.1329050064086914 10.845589637756348 4.4619607925415039
      vertex -9.3289318084716797 10.845589637756348 4.4619607925415039
      vertex -23.318923950195312 10.845589637756348 4.1620664596557617
    endloop
  endfacet
  facet normal -0 -1 0
    outer loop
      vertex -13.61290454864502 10.845589637756348 4.4619607925415039
      vertex -13.16893196105957 10.845589637756348 4.4619607925415039
      vertex -13.298933029174805 10.845589637756348 4.9120044708251953
    endloop
  endfacet
  facet normal -0 -1 0
    outer loop
      vertex -21.162904739379883 10.845589637756348 4.9120044708251953
      vertex -21.292905807495117 10.845589637756348 4.4619607925415039
      vertex -20.848932266235352 10.845589637756348 4.4619607925415039
    endloop
  endfacet
  facet normal 0 -1 0
    outer loop
      vertex -21.292905807495117 10.845589637756348 4.4619607925415039
      vertex -21.488931655883789 10.845589637756348 4.4619607925415039
      vertex -23.318923950195312 10.845589637756348 4.1620664596557617
    endloop
  endfacet
  facet normal -0 -1 0
    outer loop
      vertex -21.80290412902832 10.845589637756348 4.9120044708251953
      vertex -21.932905197143555 10.845589637756348 4.4619607925415039
      vertex -21.488931655883789 10.845589637756348 4.4619607925415039
    endloop
  endfacet
  facet normal 0 -1 0
    outer loop
      vertex -21.932905197143555 10.845589637756348 4.4619607925415039
      vertex -22.128931045532227 10.845589637756348 4.4619607925415039
      vertex -23.318923950195312 10.845589637756348 4.1620664596557617
    endloop
  endfacet
  facet normal 0 -1 -0
    outer loop
      vertex -23.318923950195312 10.845589637756348 4.1620664596557617
      vertex -22.572904586791992 10.845589637756348 4.4619607925415039
      vertex -22.768932342529297 10.845589637756348 4.4619607925415039
    endloop
  endfacet
  facet normal 0 -1 -0
    outer loop
      vertex -23.318923950195312 10.845589637756348 4.1620664596557617
      vertex -21.488931655883789 10.845589637756348 4.4619607925415039
      vertex -21.932905197143555 10.845589637756348 4.4619607925415039
    endloop
  endfacet
  facet normal -0 -1 0
    outer loop
      vertex -22.25886344909668 10.845589637756348 4.9117646217346191
      vertex -22.572904586791992 10.845589637756348 4.4619607925415039
      vertex -22.128931045532227 10.845589637756348 4.4619607925415039
    endloop
  endfacet
  facet normal -0 -1 0
    outer loop
      vertex -11.692905426025391 10.845589637756348 4.4619607925415039
      vertex -11.248932838439941 10.845589637756348 4.4619607925415039
      vertex -11.562904357910156 10.845589637756348 4.9120044708251953
    endloop
  endfacet
  facet normal 0 -1 -0
    outer loop
      vertex -11.692905426025391 10.845589637756348 4.4619607925415039
      vertex -23.318923950195312 10.845589637756348 4.1620664596557617
      vertex -11.248932838439941 10.845589637756348 4.4619607925415039
    endloop
  endfacet
  facet normal 0 -1 -0
    outer loop
      vertex -11.888933181762695 10.845589637756348 4.4619607925415039
      vertex -23.318923950195312 10.845589637756348 4.1620664596557617
      vertex -11.692905426025391 10.845589637756348 4.4619607925415039
    endloop
  endfacet
  facet normal 0 -1 0
    outer loop
      vertex -12.528932571411133 10.845589637756348 4.4619607925415039
      vertex -23.318923950195312 10.845589637756348 4.1620664596557617
      vertex -12.332905769348145 10.845589637756348 4.4619607925415039
    endloop
  endfacet
  facet normal 0 -1 -0
    outer loop
      vertex -12.972905158996582 10.845589637756348 4.4619607925415039
      vertex -13.16893196105957 10.845589637756348 4.4619607925415039
      vertex -23.318923950195312 10.845589637756348 4.1620664596557617
    endloop
  endfacet
  facet normal 0 -1 -0
    outer loop
      vertex -12.528932571411133 10.845589637756348 4.4619607925415039
      vertex -12.972905158996582 10.845589637756348 4.4619607925415039
      vertex -23.318923950195312 10.845589637756348 4.1620664596557617
    endloop
  endfacet
  facet normal -0 -1 0
    outer loop
      vertex -12.972905158996582 10.845589637756348 4.4619607925415039
      vertex -12.528932571411133 10.845589637756348 4.4619607925415039
      vertex -12.658933639526367 10.845589637756348 4.9120044708251953
    endloop
  endfacet
  facet normal 0 -1 0
    outer loop
      vertex -11.888933181762695 10.845589637756348 4.4619607925415039
      vertex -12.332905769348145 10.845589637756348 4.4619607925415039
      vertex -23.318923950195312 10.845589637756348 4.1620664596557617
    endloop
  endfacet
  facet normal -0 -1 0
    outer loop
      vertex -12.332905769348145 10.845589637756348 4.4619607925415039
      vertex -11.888933181762695 10.845589637756348 4.4619607925415039
      vertex -12.20290470123291 10.845589637756348 4.9120044708251953
    endloop
  endfacet
  facet normal 0 -1 -0
    outer loop
      vertex -23.318923950195312 10.845589637756348 4.1620664596557617
      vertex -11.052905082702637 10.845589637756348 4.4619607925415039
      vertex -11.248932838439941 10.845589637756348 4.4619607925415039
    endloop
  endfacet
  facet normal 0 -1 0
    outer loop
      vertex -7.8529052734375 10.845589637756348 4.4619607925415039
      vertex 8.0579967498779297 10.845589637756348 4.1614818572998047
      vertex -7.4089326858520508 10.845589637756348 4.4619607925415039
    endloop
  endfacet
  facet normal 0 -1 0
    outer loop
      vertex -23.318923950195312 10.845589637756348 4.1620664596557617
      vertex -20.848932266235352 10.845589637756348 4.4619607925415039
      vertex -21.292905807495117 10.845589637756348 4.4619607925415039
    endloop
  endfacet
  facet normal 0 -1 -0
    outer loop
      vertex -13.16893196105957 10.845589637756348 4.4619607925415039
      vertex -13.61290454864502 10.845589637756348 4.4619607925415039
      vertex -23.318923950195312 10.845589637756348 4.1620664596557617
    endloop
  endfacet
  facet normal 0 -1 0
    outer loop
      vertex -23.39076042175293 10.845589637756348 4.1024618148803711
      vertex -23.501359939575195 10.845589637756348 4.269099235534668
      vertex -23.430864334106445 10.845589637756348 4.0788283348083496
    endloop
  endfacet
  facet normal 0 -1 0
    outer loop
      vertex -23.430864334106445 10.845589637756348 4.0788283348083496
      vertex -23.531747817993164 10.845589637756348 4.2519779205322266
      vertex -23.473194122314453 10.845589637756348 4.0594644546508789
    endloop
  endfacet
  facet normal 0 -1 0
    outer loop
      vertex -23.562704086303711 10.845589637756348 4.0343246459960938
      vertex -23.517297744750977 10.845589637756348 4.0445766448974609
      vertex -23.598150253295898 10.845589637756348 4.2311697006225586
    endloop
  endfacet
  facet normal 0 -1 0
    outer loop
      vertex -23.473194122314453 10.845589637756348 4.0594644546508789
      vertex -23.564220428466797 10.845589637756348 4.2392520904541016
      vertex -23.517297744750977 10.845589637756348 4.0445766448974609
    endloop
  endfacet
  facet normal -0 -1 0
    outer loop
      vertex -23.562704086303711 10.845589637756348 4.0343246459960938
      vertex -23.598150253295898 10.845589637756348 4.2311697006225586
      vertex -23.608926773071289 10.845589637756348 4.0288181304931641
    endloop
  endfacet
  facet normal 0 -1 0
    outer loop
      vertex -23.353313446044922 10.845589637756348 4.1301116943359375
      vertex -23.318923950195312 10.845589637756348 4.1620664596557617
      vertex -23.473651885986328 10.845589637756348 4.2902827262878418
    endloop
  endfacet
  facet normal 0 -1 -0
    outer loop
      vertex -23.318923950195312 10.845589637756348 4.1620664596557617
      vertex -22.128931045532227 10.845589637756348 4.4619607925415039
      vertex -22.572904586791992 10.845589637756348 4.4619607925415039
    endloop
  endfacet
  facet normal 0 -1 0
    outer loop
      vertex -23.39076042175293 10.845589637756348 4.1024618148803711
      vertex -23.353313446044922 10.845589637756348 4.1301116943359375
      vertex -23.501359939575195 10.845589637756348 4.269099235534668
    endloop
  endfacet
  facet normal 0 -1 0
    outer loop
      vertex -23.501359939575195 10.845589637756348 4.269099235534668
      vertex -23.531747817993164 10.845589637756348 4.2519779205322266
      vertex -23.430864334106445 10.845589637756348 4.0788283348083496
    endloop
  endfacet
  facet normal -0 -1 0
    outer loop
      vertex -23.564220428466797 10.845589637756348 4.2392520904541016
      vertex -23.473194122314453 10.845589637756348 4.0594644546508789
      vertex -23.531747817993164 10.845589637756348 4.2519779205322266
    endloop
  endfacet
  facet normal -0 -1 0
    outer loop
      vertex -23.598150253295898 10.845589637756348 4.2311697006225586
      vertex -23.517297744750977 10.845589637756348 4.0445766448974609
      vertex -23.564220428466797 10.845589637756348 4.2392520904541016
    endloop
  endfacet
  facet normal -0 -1 0
    outer loop
      vertex -23.598150253295898 10.845589637756348 4.2311697006225586
      vertex -23.63287353515625 10.845589637756348 4.2278881072998047
      vertex -23.608926773071289 10.845589637756348 4.0288181304931641
    endloop
  endfacet
  facet normal -0 -1 0
    outer loop
      vertex -23.63287353515625 10.845589637756348 4.2278881072998047
      vertex -23.65546989440918 10.845589637756348 4.0281162261962891
      vertex -23.608926773071289 10.845589637756348 4.0288181304931641
    endloop
  endfacet
  facet normal 0 -1 0
    outer loop
      vertex -23.65546989440918 10.845589637756348 4.0281162261962891
      vertex -23.667715072631836 10.845589637756348 4.2294712066650391
      vertex -23.701837539672852 10.845589637756348 4.0322256088256836
    endloop
  endfacet
  facet normal 0 -1 0
    outer loop
      vertex -23.701837539672852 10.845589637756348 4.0322256088256836
      vertex -23.701997756958008 10.845589637756348 4.2358875274658203
      vertex -23.747531890869141 10.845589637756348 4.0411033630371094
    endloop
  endfacet
  facet normal -0 -1 0
    outer loop
      vertex -23.834959030151367 10.845589637756348 4.0727324485778809
      vertex -23.792062759399414 10.845589637756348 4.0546541213989258
      vertex -23.735055923461914 10.845589637756348 4.2470130920410156
    endloop
  endfacet
  facet normal 0 -1 0
    outer loop
      vertex -23.747531890869141 10.845589637756348 4.0411033630371094
      vertex -23.701997756958008 10.845589637756348 4.2358875274658203
      vertex -23.792062759399414 10.845589637756348 4.0546541213989258
    endloop
  endfacet
  facet normal -0 -1 0
    outer loop
      vertex -23.735055923461914 10.845589637756348 4.2470130920410156
      vertex -23.766241073608398 10.845589637756348 4.2626304626464844
      vertex -23.834959030151367 10.845589637756348 4.0727324485778809
    endloop
  endfacet
  facet normal -0 -1 -0
    outer loop
      vertex -23.701997756958008 10.845589637756348 4.2358875274658203
      vertex -23.701837539672852 10.845589637756348 4.0322256088256836
      vertex -23.667715072631836 10.845589637756348 4.2294712066650391
    endloop
  endfacet
  facet normal 0 -1 -0
    outer loop
      vertex -23.735055923461914 10.845589637756348 4.2470130920410156
      vertex -23.792062759399414 10.845589637756348 4.0546541213989258
      vertex -23.701997756958008 10.845589637756348 4.2358875274658203
    endloop
  endfacet
  facet normal 0 -1 0
    outer loop
      vertex -23.794950485229492 10.845589637756348 4.2824368476867676
      vertex -23.949342727661133 10.845589637756348 4.1519718170166016
      vertex -23.914020538330078 10.845589637756348 4.1216530799865723
    endloop
  endfacet
  facet normal -0 -1 0
    outer loop
      vertex -23.820623397827148 10.845589637756348 4.3060455322265625
      vertex -23.981342315673828 10.845589637756348 4.1857767105102539
      vertex -23.949342727661133 10.845589637756348 4.1519718170166016
    endloop
  endfacet
  facet normal -0 -1 0
    outer loop
      vertex -23.794950485229492 10.845589637756348 4.2824368476867676
      vertex -23.914020538330078 10.845589637756348 4.1216530799865723
      vertex -23.875757217407227 10.845589637756348 4.0951452255249023
    endloop
  endfacet
  facet normal 0 -1 0
    outer loop
      vertex -23.766241073608398 10.845589637756348 4.2626304626464844
      vertex -23.875757217407227 10.845589637756348 4.0951452255249023
      vertex -23.834959030151367 10.845589637756348 4.0727324485778809
    endloop
  endfacet
  facet normal 0 -1 -0
    outer loop
      vertex -24.009677886962891 10.845589637756348 4.2227067947387695
      vertex -23.981342315673828 10.845589637756348 4.1857767105102539
      vertex -23.84276008605957 10.845589637756348 4.3329973220825195
    endloop
  endfacet
  facet normal -0 -1 -0
    outer loop
      vertex -23.63287353515625 10.845589637756348 4.2278881072998047
      vertex -23.667715072631836 10.845589637756348 4.2294712066650391
      vertex -23.65546989440918 10.845589637756348 4.0281162261962891
    endloop
  endfacet
  facet normal 0 -1 0
    outer loop
      vertex -23.318923950195312 10.845589637756348 4.1620664596557617
      vertex -23.449161529541016 10.845589637756348 4.3151164054870605
      vertex -23.473651885986328 10.845589637756348 4.2902827262878418
    endloop
  endfacet
  facet normal -0 -1 0
    outer loop
      vertex -23.353313446044922 10.845589637756348 4.1301116943359375
      vertex -23.473651885986328 10.845589637756348 4.2902827262878418
      vertex -23.501359939575195 10.845589637756348 4.269099235534668
    endloop
  endfacet
  facet normal -0 -1 0
    outer loop
      vertex -23.794950485229492 10.845589637756348 4.2824368476867676
      vertex -23.875757217407227 10.845589637756348 4.0951452255249023
      vertex -23.766241073608398 10.845589637756348 4.2626304626464844
    endloop
  endfacet
  facet normal 0 -1 0
    outer loop
      vertex -23.820623397827148 10.845589637756348 4.3060455322265625
      vertex -23.949342727661133 10.845589637756348 4.1519718170166016
      vertex -23.794950485229492 10.845589637756348 4.2824368476867676
    endloop
  endfacet
  facet normal 0 -1 0
    outer loop
      vertex -23.391788482666016 10.845589637756348 4.440424919128418
      vertex -23.399396896362305 10.845589637756348 4.4063873291015625
      vertex -23.19233512878418 10.845589637756348 4.5329294204711914
    endloop
  endfacet
  facet normal 0 -1 -0
    outer loop
      vertex -23.19233512878418 10.845589637756348 4.5329294204711914
      vertex -23.38899040222168 10.845589637756348 4.4751911163330078
      vertex -23.391788482666016 10.845589637756348 4.440424919128418
    endloop
  endfacet
  facet normal 0 -1 0
    outer loop
      vertex -23.318923950195312 10.845589637756348 4.1620664596557617
      vertex -23.399396896362305 10.845589637756348 4.4063873291015625
      vertex -23.41166877746582 10.845589637756348 4.3737392425537109
    endloop
  endfacet
  facet normal 0 -1 0
    outer loop
      vertex -23.318923950195312 10.845589637756348 4.1620664596557617
      vertex -23.41166877746582 10.845589637756348 4.3737392425537109
      vertex -23.428365707397461 10.845589637756348 4.3431167602539062
    endloop
  endfacet
  facet normal 0 -1 0
    outer loop
      vertex -23.318923950195312 10.845589637756348 4.1620664596557617
      vertex -23.19233512878418 10.845589637756348 4.5329294204711914
      vertex -23.399396896362305 10.845589637756348 4.4063873291015625
    endloop
  endfacet
  facet normal 0 -1 0
    outer loop
      vertex -23.318923950195312 10.845589637756348 4.1620664596557617
      vertex -23.428365707397461 10.845589637756348 4.3431167602539062
      vertex -23.449161529541016 10.845589637756348 4.3151164054870605
    endloop
  endfacet
  facet normal 0 -1 0
    outer loop
      vertex -23.860933303833008 10.845589637756348 4.3627681732177734
      vertex -24.034049987792969 10.845589637756348 4.2623662948608398
      vertex -23.84276008605957 10.845589637756348 4.3329973220825195
    endloop
  endfacet
  facet normal 0 -1 -0
    outer loop
      vertex -23.981342315673828 10.845589637756348 4.1857767105102539
      vertex -23.820623397827148 10.845589637756348 4.3060455322265625
      vertex -23.84276008605957 10.845589637756348 4.3329973220825195
    endloop
  endfacet
  facet normal -0 -1 0
    outer loop
      vertex -24.054191589355469 10.845589637756348 4.3043317794799805
      vertex -24.034049987792969 10.845589637756348 4.2623662948608398
      vertex -23.860933303833008 10.845589637756348 4.3627681732177734
    endloop
  endfacet
  facet normal -0 -1 0
    outer loop
      vertex -24.069892883300781 10.845589637756348 4.3481531143188477
      vertex -24.054191589355469 10.845589637756348 4.3043317794799805
      vertex -23.874784469604492 10.845589637756348 4.3947782516479492
    endloop
  endfacet
  facet normal 0 -1 -0
    outer loop
      vertex -23.860933303833008 10.845589637756348 4.3627681732177734
      vertex -23.874784469604492 10.845589637756348 4.3947782516479492
      vertex -24.054191589355469 10.845589637756348 4.3043317794799805
    endloop
  endfacet
  facet normal -0 -1 0
    outer loop
      vertex -24.08098030090332 10.845589637756348 4.3933620452880859
      vertex -24.069892883300781 10.845589637756348 4.3481531143188477
      vertex -23.884044647216797 10.845589637756348 4.4284043312072754
    endloop
  endfacet
  facet normal 0 -1 0
    outer loop
      vertex -23.884044647216797 10.845589637756348 4.4284043312072754
      vertex -24.069892883300781 10.845589637756348 4.3481531143188477
      vertex -23.874784469604492 10.845589637756348 4.3947782516479492
    endloop
  endfacet
  facet normal -0 -1 -0
    outer loop
      vertex -24.088901519775391 10.845589637756348 4.4859967231750488
      vertex -24.087339401245117 10.845589637756348 4.4394741058349609
      vertex -23.88853645324707 10.845589637756348 4.4629921913146973
    endloop
  endfacet
  facet normal 0 -1 0
    outer loop
      vertex -23.884044647216797 10.845589637756348 4.4284043312072754
      vertex -23.88853645324707 10.845589637756348 4.4629921913146973
      vertex -24.087339401245117 10.845589637756348 4.4394741058349609
    endloop
  endfacet
  facet normal -0 -1 -0
    outer loop
      vertex -24.085649490356445 10.845589637756348 4.5324320793151855
      vertex -23.88817024230957 10.845589637756348 4.497868537902832
      vertex -23.882953643798828 10.845589637756348 4.5323543548583984
    endloop
  endfacet
  facet normal 0 -1 -0
    outer loop
      vertex -23.88853645324707 10.845589637756348 4.4629921913146973
      vertex -23.88817024230957 10.845589637756348 4.497868537902832
      vertex -24.088901519775391 10.845589637756348 4.4859967231750488
    endloop
  endfacet
  facet normal 0 -1 0
    outer loop
      vertex -23.884044647216797 10.845589637756348 4.4284043312072754
      vertex -24.087339401245117 10.845589637756348 4.4394741058349609
      vertex -24.08098030090332 10.845589637756348 4.3933620452880859
    endloop
  endfacet
  facet normal 0 -1 0
    outer loop
      vertex -24.088901519775391 10.845589637756348 4.4859967231750488
      vertex -23.88817024230957 10.845589637756348 4.497868537902832
      vertex -24.085649490356445 10.845589637756348 4.5324320793151855
    endloop
  endfacet
  facet normal 0 -1 -0
    outer loop
      vertex -24.034049987792969 10.845589637756348 4.2623662948608398
      vertex -24.009677886962891 10.845589637756348 4.2227067947387695
      vertex -23.84276008605957 10.845589637756348 4.3329973220825195
    endloop
  endfacet
  facet normal 0 -1 -0
    outer loop
      vertex -23.391057968139648 10.845589637756348 4.5100078582763672
      vertex -23.38899040222168 10.845589637756348 4.4751911163330078
      vertex -23.19233512878418 10.845589637756348 4.5329294204711914
    endloop
  endfacet
  facet normal 0 -1 -0
    outer loop
      vertex -23.318923950195312 10.845589637756348 4.1620664596557617
      vertex -22.768932342529297 10.845589637756348 4.4619607925415039
      vertex -23.19233512878418 10.845589637756348 4.5329294204711914
    endloop
  endfacet
  facet normal 0 -1 0
    outer loop
      vertex -14.892905235290527 10.845589637756348 4.4619607925415039
      vertex -14.578932762145996 10.845589637756348 4.9120044708251953
      vertex -14.762904167175293 10.845589637756348 4.9120044708251953
    endloop
  endfacet
  facet normal 0 -1 0
    outer loop
      vertex -15.088932037353516 10.845589637756348 4.4619607925415039
      vertex -15.21893310546875 10.845589637756348 4.9120044708251953
      vertex -15.402904510498047 10.845589637756348 4.9120044708251953
    endloop
  endfacet
  facet normal 0 -1 0
    outer loop
      vertex -16.368932723999023 10.845589637756348 4.4619607925415039
      vertex -16.498933792114258 10.845589637756348 4.9120044708251953
      vertex -16.682903289794922 10.845589637756348 4.9120044708251953
    endloop
  endfacet
  facet normal 0 -1 0
    outer loop
      vertex -17.008932113647461 10.845589637756348 4.4619607925415039
      vertex -17.138933181762695 10.845589637756348 4.9120044708251953
      vertex -17.322904586791992 10.845589637756348 4.9120044708251953
    endloop
  endfacet
  facet normal -0 -1 0
    outer loop
      vertex -16.042903900146484 10.845589637756348 4.9120044708251953
      vertex -16.172904968261719 10.845589637756348 4.4619607925415039
      vertex -15.858932495117188 10.845589637756348 4.9120044708251953
    endloop
  endfacet
  facet normal 0 -1 0
    outer loop
      vertex -18.288932800292969 10.845589637756348 4.4619607925415039
      vertex -18.41893196105957 10.845589637756348 4.9120044708251953
      vertex -18.602903366088867 10.845589637756348 4.9120044708251953
    endloop
  endfacet
  facet normal -0 -1 -0
    outer loop
      vertex -22.258022308349609 10.845589637756348 4.9115252494812012
      vertex -22.25886344909668 10.845589637756348 4.9117646217346191
      vertex -22.128931045532227 10.845589637756348 4.4619607925415039
    endloop
  endfacet
  facet normal 0 -1 -0
    outer loop
      vertex -22.25886344909668 10.845589637756348 4.9117646217346191
      vertex -22.442903518676758 10.845589637756348 4.9120044708251953
      vertex -22.572904586791992 10.845589637756348 4.4619607925415039
    endloop
  endfacet
  facet normal 0 -1 0
    outer loop
      vertex -18.092905044555664 10.845589637756348 4.4619607925415039
      vertex -17.778932571411133 10.845589637756348 4.9120044708251953
      vertex -17.96290397644043 10.845589637756348 4.9120044708251953
    endloop
  endfacet
  facet normal 0 -1 0
    outer loop
      vertex -19.372903823852539 10.845589637756348 4.4619607925415039
      vertex -19.058933258056641 10.845589637756348 4.9120044708251953
      vertex -19.242904663085938 10.845589637756348 4.9120044708251953
    endloop
  endfacet
  facet normal 0 -1 0
    outer loop
      vertex -20.208932876586914 10.845589637756348 4.4619607925415039
      vertex -20.338932037353516 10.845589637756348 4.9120044708251953
      vertex -20.522903442382812 10.845589637756348 4.9120044708251953
    endloop
  endfacet
  facet normal -0 -1 0
    outer loop
      vertex -19.882904052734375 10.845589637756348 4.9120044708251953
      vertex -20.012905120849609 10.845589637756348 4.4619607925415039
      vertex -19.698932647705078 10.845589637756348 4.9120044708251953
    endloop
  endfacet
  facet normal 0 -1 0
    outer loop
      vertex -14.252904891967773 10.845589637756348 4.4619607925415039
      vertex -13.938932418823242 10.845589637756348 4.9120044708251953
      vertex -14.122904777526855 10.845589637756348 4.9120044708251953
    endloop
  endfacet
  facet normal -0 -1 0
    outer loop
      vertex -8.3629045486450195 10.845589637756348 4.9120044708251953
      vertex -8.4929046630859375 10.845589637756348 4.4619607925415039
      vertex -8.1789331436157227 10.845589637756348 4.9120044708251953
    endloop
  endfacet
  facet normal -0 -1 0
    outer loop
      vertex -9.0029048919677734 10.845589637756348 4.9120044708251953
      vertex -9.1329050064086914 10.845589637756348 4.4619607925415039
      vertex -8.8189334869384766 10.845589637756348 4.9120044708251953
    endloop
  endfacet
  facet normal -0 -1 0
    outer loop
      vertex -10.282904624938965 10.845589637756348 4.9120044708251953
      vertex -10.412904739379883 10.845589637756348 4.4619607925415039
      vertex -10.098933219909668 10.845589637756348 4.9120044708251953
    endloop
  endfacet
  facet normal -0 -1 -0
    outer loop
      vertex -10.922904014587402 10.845589637756348 4.9120044708251953
      vertex -10.608932495117188 10.845589637756348 4.4619607925415039
      vertex -10.738932609558105 10.845589637756348 4.9120044708251953
    endloop
  endfacet
  facet normal 0 -1 -0
    outer loop
      vertex -9.4589328765869141 10.845589637756348 4.9120044708251953
      vertex -9.6429042816162109 10.845589637756348 4.9120044708251953
      vertex -9.7729053497314453 10.845589637756348 4.4619607925415039
    endloop
  endfacet
  facet normal 0 -1 0
    outer loop
      vertex -11.248932838439941 10.845589637756348 4.4619607925415039
      vertex -11.378932952880859 10.845589637756348 4.9120044708251953
      vertex -11.562904357910156 10.845589637756348 4.9120044708251953
    endloop
  endfacet
  facet normal 0 -1 0
    outer loop
      vertex -20.848932266235352 10.845589637756348 4.4619607925415039
      vertex -20.978933334350586 10.845589637756348 4.9120044708251953
      vertex -21.162904739379883 10.845589637756348 4.9120044708251953
    endloop
  endfacet
  facet normal 0 -1 0
    outer loop
      vertex -21.488931655883789 10.845589637756348 4.4619607925415039
      vertex -21.618932723999023 10.845589637756348 4.9120044708251953
      vertex -21.80290412902832 10.845589637756348 4.9120044708251953
    endloop
  endfacet
  facet normal -0 -1 -0
    outer loop
      vertex -12.20290470123291 10.845589637756348 4.9120044708251953
      vertex -11.888933181762695 10.845589637756348 4.4619607925415039
      vertex -12.018933296203613 10.845589637756348 4.9120044708251953
    endloop
  endfacet
  facet normal 0 -1 -0
    outer loop
      vertex -13.298933029174805 10.845589637756348 4.9120044708251953
      vertex -13.482904434204102 10.845589637756348 4.9120044708251953
      vertex -13.61290454864502 10.845589637756348 4.4619607925415039
    endloop
  endfacet
  facet normal 0 -1 -0
    outer loop
      vertex -12.658933639526367 10.845589637756348 4.9120044708251953
      vertex -12.842905044555664 10.845589637756348 4.9120044708251953
      vertex -12.972905158996582 10.845589637756348 4.4619607925415039
    endloop
  endfacet
  facet normal 0 -1 0
    outer loop
      vertex -7.4089326858520508 10.845589637756348 4.4619607925415039
      vertex -7.5389328002929688 10.845589637756348 4.9120044708251953
      vertex -7.7229042053222656 10.845589637756348 4.9120044708251953
    endloop
  endfacet
  facet normal 0 -1 0
    outer loop
      vertex -23.213144302368164 10.845589637756348 4.6233038902282715
      vertex -23.397951126098633 10.845589637756348 4.5441980361938477
      vertex -23.200393676757812 10.845589637756348 4.5785360336303711
    endloop
  endfacet
  facet normal 0 -1 -0
    outer loop
      vertex -23.391057968139648 10.845589637756348 4.5100078582763672
      vertex -23.19233512878418 10.845589637756348 4.5329294204711914
      vertex -23.200393676757812 10.845589637756348 4.5785360336303711
    endloop
  endfacet
  facet normal -0 -1 0
    outer loop
      vertex -23.19233512878418 10.845589637756348 4.5329294204711914
      vertex -22.768932342529297 10.845589637756348 4.4619607925415039
      vertex -22.898931503295898 10.845589637756348 4.9120044708251953
    endloop
  endfacet
  facet normal 0 -1 0
    outer loop
      vertex -23.230453491210938 10.845589637756348 4.6665153503417969
      vertex -23.409536361694336 10.845589637756348 4.5770964622497559
      vertex -23.213144302368164 10.845589637756348 4.6233038902282715
    endloop
  endfacet
  facet normal -0 -1 0
    outer loop
      vertex -23.213144302368164 10.845589637756348 4.6233038902282715
      vertex -23.409536361694336 10.845589637756348 4.5770964622497559
      vertex -23.397951126098633 10.845589637756348 4.5441980361938477
    endloop
  endfacet
  facet normal 0 -1 -0
    outer loop
      vertex -23.391057968139648 10.845589637756348 4.5100078582763672
      vertex -23.200393676757812 10.845589637756348 4.5785360336303711
      vertex -23.397951126098633 10.845589637756348 4.5441980361938477
    endloop
  endfacet
  facet normal 0 -1 -0
    outer loop
      vertex -23.425586700439453 10.845589637756348 4.6080622673034668
      vertex -23.409536361694336 10.845589637756348 4.5770964622497559
      vertex -23.230453491210938 10.845589637756348 4.6665153503417969
    endloop
  endfacet
  facet normal 0 -1 -0
    outer loop
      vertex -23.230453491210938 10.845589637756348 4.6665153503417969
      vertex -23.252130508422852 10.845589637756348 4.7077078819274902
      vertex -23.425586700439453 10.845589637756348 4.6080622673034668
    endloop
  endfacet
  facet normal 0 -1 -0
    outer loop
      vertex -23.425586700439453 10.845589637756348 4.6080622673034668
      vertex -23.252130508422852 10.845589637756348 4.7077078819274902
      vertex -23.277950286865234 10.845589637756348 4.7464404106140137
    endloop
  endfacet
  facet normal 0 -1 -0
    outer loop
      vertex -23.425586700439453 10.845589637756348 4.6080622673034668
      vertex -23.277950286865234 10.845589637756348 4.7464404106140137
      vertex -23.445789337158203 10.845589637756348 4.6364927291870117
    endloop
  endfacet
  facet normal 0 -1 -0
    outer loop
      vertex -23.497011184692383 10.845589637756348 4.6835951805114746
      vertex -23.469753265380859 10.845589637756348 4.661834716796875
      vertex -23.340860366821289 10.845589637756348 4.8148984909057617
    endloop
  endfacet
  facet normal 0 -1 -0
    outer loop
      vertex -23.469753265380859 10.845589637756348 4.661834716796875
      vertex -23.445789337158203 10.845589637756348 4.6364927291870117
      vertex -23.307632446289062 10.845589637756348 4.7822985649108887
    endloop
  endfacet
  facet normal 0 -1 0
    outer loop
      vertex -23.497011184692383 10.845589637756348 4.6835951805114746
      vertex -23.416492462158203 10.845589637756348 4.8689675331115723
      vertex -23.527032852172852 10.845589637756348 4.701350212097168
    endloop
  endfacet
  facet normal 0 -1 0
    outer loop
      vertex -23.872989654541016 10.845589637756348 4.5657787322998047
      vertex -23.858469009399414 10.845589637756348 4.5974912643432617
      vertex -24.047609329223633 10.845589637756348 4.6662797927856445
    endloop
  endfacet
  facet normal -0 -1 -0
    outer loop
      vertex -23.858469009399414 10.845589637756348 4.5974912643432617
      vertex -23.839677810668945 10.845589637756348 4.6268739700317383
      vertex -24.02595329284668 10.845589637756348 4.7074847221374512
    endloop
  endfacet
  facet normal 0 -1 0
    outer loop
      vertex -23.872989654541016 10.845589637756348 4.5657787322998047
      vertex -24.064891815185547 10.845589637756348 4.6230583190917969
      vertex -23.882953643798828 10.845589637756348 4.5323543548583984
    endloop
  endfacet
  facet normal 0 -1 0
    outer loop
      vertex -24.064891815185547 10.845589637756348 4.6230583190917969
      vertex -24.077617645263672 10.845589637756348 4.5782828330993652
      vertex -23.882953643798828 10.845589637756348 4.5323543548583984
    endloop
  endfacet
  facet normal 0 -1 0
    outer loop
      vertex -23.872989654541016 10.845589637756348 4.5657787322998047
      vertex -24.047609329223633 10.845589637756348 4.6662797927856445
      vertex -24.064891815185547 10.845589637756348 4.6230583190917969
    endloop
  endfacet
  facet normal 0 -1 0
    outer loop
      vertex -23.761697769165039 10.845589637756348 4.6956195831298828
      vertex -23.730190277099609 10.845589637756348 4.7105793952941895
      vertex -23.820100784301758 10.845589637756348 4.8897538185119629
    endloop
  endfacet
  facet normal -0 -1 -0
    outer loop
      vertex -23.970497131347656 10.845589637756348 4.7821073532104492
      vertex -23.839677810668945 10.845589637756348 4.6268739700317383
      vertex -23.816980361938477 10.845589637756348 4.653355598449707
    endloop
  endfacet
  facet normal 0 -1 -0
    outer loop
      vertex -24.047609329223633 10.845589637756348 4.6662797927856445
      vertex -23.858469009399414 10.845589637756348 4.5974912643432617
      vertex -24.02595329284668 10.845589637756348 4.7074847221374512
    endloop
  endfacet
  facet normal -0 -1 -0
    outer loop
      vertex -23.900888442993164 10.845589637756348 4.8437404632568359
      vertex -23.790817260742188 10.845589637756348 4.6764202117919922
      vertex -23.761697769165039 10.845589637756348 4.6956195831298828
    endloop
  endfacet
  facet normal 0 -1 0
    outer loop
      vertex -23.790817260742188 10.845589637756348 4.6764202117919922
      vertex -23.937288284301758 10.845589637756348 4.8147263526916504
      vertex -23.816980361938477 10.845589637756348 4.653355598449707
    endloop
  endfacet
  facet normal 0 -1 0
    outer loop
      vertex -23.839677810668945 10.845589637756348 4.6268739700317383
      vertex -24.000156402587891 10.845589637756348 4.7462320327758789
      vertex -24.02595329284668 10.845589637756348 4.7074847221374512
    endloop
  endfacet
  facet normal 0 -1 -0
    outer loop
      vertex -24.085649490356445 10.845589637756348 4.5324320793151855
      vertex -23.882953643798828 10.845589637756348 4.5323543548583984
      vertex -24.077617645263672 10.845589637756348 4.5782828330993652
    endloop
  endfacet
  facet normal -0 -1 0
    outer loop
      vertex -23.559232711791992 10.845589637756348 4.7147541046142578
      vertex -23.527032852172852 10.845589637756348 4.701350212097168
      vertex -23.458091735839844 10.845589637756348 4.8898582458496094
    endloop
  endfacet
  facet normal 0 -1 0
    outer loop
      vertex -23.307632446289062 10.845589637756348 4.7822985649108887
      vertex -23.340860366821289 10.845589637756348 4.8148984909057617
      vertex -23.469753265380859 10.845589637756348 4.661834716796875
    endloop
  endfacet
  facet normal 0 -1 -0
    outer loop
      vertex -23.445789337158203 10.845589637756348 4.6364927291870117
      vertex -23.277950286865234 10.845589637756348 4.7464404106140137
      vertex -23.307632446289062 10.845589637756348 4.7822985649108887
    endloop
  endfacet
  facet normal -0 -1 0
    outer loop
      vertex -23.377275466918945 10.845589637756348 4.8438916206359863
      vertex -23.416492462158203 10.845589637756348 4.8689675331115723
      vertex -23.497011184692383 10.845589637756348 4.6835951805114746
    endloop
  endfacet
  facet normal 0 -1 -0
    outer loop
      vertex -23.497011184692383 10.845589637756348 4.6835951805114746
      vertex -23.340860366821289 10.845589637756348 4.8148984909057617
      vertex -23.377275466918945 10.845589637756348 4.8438916206359863
    endloop
  endfacet
  facet normal 0 -1 -0
    outer loop
      vertex -23.416492462158203 10.845589637756348 4.8689675331115723
      vertex -23.458091735839844 10.845589637756348 4.8898582458496094
      vertex -23.527032852172852 10.845589637756348 4.701350212097168
    endloop
  endfacet
  facet normal -0 -1 0
    outer loop
      vertex -23.546627044677734 10.845589637756348 4.9182357788085938
      vertex -23.592983245849609 10.845589637756348 4.7235469818115234
      vertex -23.559232711791992 10.845589637756348 4.7147541046142578
    endloop
  endfacet
  facet normal -0 -1 0
    outer loop
      vertex -23.082902908325195 10.845589637756348 4.9120044708251953
      vertex -23.19233512878418 10.845589637756348 4.5329294204711914
      vertex -22.898931503295898 10.845589637756348 4.9120044708251953
    endloop
  endfacet
  facet normal 0 -1 -0
    outer loop
      vertex -23.559232711791992 10.845589637756348 4.7147541046142578
      vertex -23.501625061035156 10.845589637756348 4.9063396453857422
      vertex -23.546627044677734 10.845589637756348 4.9182357788085938
    endloop
  endfacet
  facet normal -0 -1 0
    outer loop
      vertex -23.501625061035156 10.845589637756348 4.9063396453857422
      vertex -23.559232711791992 10.845589637756348 4.7147541046142578
      vertex -23.458091735839844 10.845589637756348 4.8898582458496094
    endloop
  endfacet
  facet normal 0 -1 -0
    outer loop
      vertex -23.592983245849609 10.845589637756348 4.7235469818115234
      vertex -23.546627044677734 10.845589637756348 4.9182357788085938
      vertex -23.592618942260742 10.845589637756348 4.925419807434082
    endloop
  endfacet
  facet normal -0 -1 0
    outer loop
      vertex -23.592618942260742 10.845589637756348 4.925419807434082
      vertex -23.627632141113281 10.845589637756348 4.7275562286376953
      vertex -23.592983245849609 10.845589637756348 4.7235469818115234
    endloop
  endfacet
  facet normal 0 -1 0
    outer loop
      vertex -23.696908950805664 10.845589637756348 4.7210087776184082
      vertex -23.662498474121094 10.845589637756348 4.7267045974731445
      vertex -23.731578826904297 10.845589637756348 4.918182373046875
    endloop
  endfacet
  facet normal 0 -1 -0
    outer loop
      vertex -23.662498474121094 10.845589637756348 4.7267045974731445
      vertex -23.627632141113281 10.845589637756348 4.7275562286376953
      vertex -23.639106750488281 10.845589637756348 4.9278135299682617
    endloop
  endfacet
  facet normal 0 -1 0
    outer loop
      vertex -23.790817260742188 10.845589637756348 4.6764202117919922
      vertex -23.900888442993164 10.845589637756348 4.8437404632568359
      vertex -23.937288284301758 10.845589637756348 4.8147263526916504
    endloop
  endfacet
  facet normal -0 -1 0
    outer loop
      vertex -23.937288284301758 10.845589637756348 4.8147263526916504
      vertex -23.970497131347656 10.845589637756348 4.7821073532104492
      vertex -23.816980361938477 10.845589637756348 4.653355598449707
    endloop
  endfacet
  facet normal 0 -1 -0
    outer loop
      vertex -23.970497131347656 10.845589637756348 4.7821073532104492
      vertex -24.000156402587891 10.845589637756348 4.7462320327758789
      vertex -23.839677810668945 10.845589637756348 4.6268739700317383
    endloop
  endfacet
  facet normal 0 -1 0
    outer loop
      vertex -23.900888442993164 10.845589637756348 4.8437404632568359
      vertex -23.761697769165039 10.845589637756348 4.6956195831298828
      vertex -23.861684799194336 10.845589637756348 4.8688392639160156
    endloop
  endfacet
  facet normal -0 -1 0
    outer loop
      vertex -23.685592651367188 10.845589637756348 4.9253926277160645
      vertex -23.731578826904297 10.845589637756348 4.918182373046875
      vertex -23.662498474121094 10.845589637756348 4.7267045974731445
    endloop
  endfacet
  facet normal 0 -1 0
    outer loop
      vertex -23.662498474121094 10.845589637756348 4.7267045974731445
      vertex -23.639106750488281 10.845589637756348 4.9278135299682617
      vertex -23.685592651367188 10.845589637756348 4.9253926277160645
    endloop
  endfacet
  facet normal 0 -1 0
    outer loop
      vertex -23.696908950805664 10.845589637756348 4.7210087776184082
      vertex -23.731578826904297 10.845589637756348 4.918182373046875
      vertex -23.776575088500977 10.845589637756348 4.9062604904174805
    endloop
  endfacet
  facet normal 0 -1 0
    outer loop
      vertex -23.776575088500977 10.845589637756348 4.9062604904174805
      vertex -23.730190277099609 10.845589637756348 4.7105793952941895
      vertex -23.696908950805664 10.845589637756348 4.7210087776184082
    endloop
  endfacet
  facet normal 0 -1 0
    outer loop
      vertex -23.730190277099609 10.845589637756348 4.7105793952941895
      vertex -23.776575088500977 10.845589637756348 4.9062604904174805
      vertex -23.820100784301758 10.845589637756348 4.8897538185119629
    endloop
  endfacet
  facet normal 0 -1 0
    outer loop
      vertex -23.761697769165039 10.845589637756348 4.6956195831298828
      vertex -23.820100784301758 10.845589637756348 4.8897538185119629
      vertex -23.861684799194336 10.845589637756348 4.8688392639160156
    endloop
  endfacet
  facet normal 0 -1 0
    outer loop
      vertex -23.592618942260742 10.845589637756348 4.925419807434082
      vertex -23.639106750488281 10.845589637756348 4.9278135299682617
      vertex -23.627632141113281 10.845589637756348 4.7275562286376953
    endloop
  endfacet
  facet normal -0 1 -0
    outer loop
      vertex 8.5340232849121094 12.020589828491211 4.2824368476867676
      vertex 8.6530933380126953 12.020589828491211 4.1216530799865723
      vertex 8.6148290634155273 12.020589828491211 4.0951452255249023
    endloop
  endfacet
  facet normal 0 1 0
    outer loop
      vertex 8.5053138732910156 12.020589828491211 4.2626304626464844
      vertex 8.6148290634155273 12.020589828491211 4.0951452255249023
      vertex 8.5740318298339844 12.020589828491211 4.0727324485778809
    endloop
  endfacet
  facet normal 0 1 0
    outer loop
      vertex 8.4866046905517578 12.020589828491211 4.0411033630371094
      vertex 8.4410715103149414 12.020589828491211 4.2358875274658203
      vertex 8.5311365127563477 12.020589828491211 4.0546541213989258
    endloop
  endfacet
  facet normal -0 1 -0
    outer loop
      vertex 8.5740318298339844 12.020589828491211 4.0727324485778809
      vertex 8.5311365127563477 12.020589828491211 4.0546541213989258
      vertex 8.4741277694702148 12.020589828491211 4.2470130920410156
    endloop
  endfacet
  facet normal -0 1 0
    outer loop
      vertex 8.4866046905517578 12.020589828491211 4.0411033630371094
      vertex 8.4409093856811523 12.020589828491211 4.0322256088256836
      vertex 8.4410715103149414 12.020589828491211 4.2358875274658203
    endloop
  endfacet
  facet normal 0 1 0
    outer loop
      vertex 8.7731227874755859 12.020589828491211 4.2623662948608398
      vertex 8.7487506866455078 12.020589828491211 4.2227067947387695
      vertex 8.5818338394165039 12.020589828491211 4.3329973220825195
    endloop
  endfacet
  facet normal -0 1 -0
    outer loop
      vertex 8.7487506866455078 12.020589828491211 4.2227067947387695
      vertex 8.7204151153564453 12.020589828491211 4.1857767105102539
      vertex 8.5818338394165039 12.020589828491211 4.3329973220825195
    endloop
  endfacet
  facet normal 0 1 0
    outer loop
      vertex 8.5340232849121094 12.020589828491211 4.2824368476867676
      vertex 8.6884145736694336 12.020589828491211 4.1519718170166016
      vertex 8.6530933380126953 12.020589828491211 4.1216530799865723
    endloop
  endfacet
  facet normal 0 1 0
    outer loop
      vertex 8.4410715103149414 12.020589828491211 4.2358875274658203
      vertex 8.4741277694702148 12.020589828491211 4.2470130920410156
      vertex 8.5311365127563477 12.020589828491211 4.0546541213989258
    endloop
  endfacet
  facet normal 0 1 0
    outer loop
      vertex 8.5596961975097656 12.020589828491211 4.3060455322265625
      vertex 8.7204151153564453 12.020589828491211 4.1857767105102539
      vertex 8.6884145736694336 12.020589828491211 4.1519718170166016
    endloop
  endfacet
  facet normal -0 1 0
    outer loop
      vertex 8.4741277694702148 12.020589828491211 4.2470130920410156
      vertex 8.5053138732910156 12.020589828491211 4.2626304626464844
      vertex 8.5740318298339844 12.020589828491211 4.0727324485778809
    endloop
  endfacet
  facet normal -0 1 0
    outer loop
      vertex 8.4410715103149414 12.020589828491211 4.2358875274658203
      vertex 8.4409093856811523 12.020589828491211 4.0322256088256836
      vertex 8.4067878723144531 12.020589828491211 4.2294712066650391
    endloop
  endfacet
  facet normal 0 1 0
    outer loop
      vertex 8.3479986190795898 12.020589828491211 4.0288181304931641
      vertex 8.3719463348388672 12.020589828491211 4.2278881072998047
      vertex 8.3945426940917969 12.020589828491211 4.0281162261962891
    endloop
  endfacet
  facet normal 0 1 0
    outer loop
      vertex 8.3479986190795898 12.020589828491211 4.0288181304931641
      vertex 8.3017768859863281 12.020589828491211 4.0343246459960938
      vertex 8.3372230529785156 12.020589828491211 4.2311697006225586
    endloop
  endfacet
  facet normal 0 1 0
    outer loop
      vertex 8.2563714981079102 12.020589828491211 4.0445766448974609
      vertex 8.2122669219970703 12.020589828491211 4.0594644546508789
      vertex 8.3032932281494141 12.020589828491211 4.2392520904541016
    endloop
  endfacet
  facet normal 0 1 0
    outer loop
      vertex 8.3017768859863281 12.020589828491211 4.0343246459960938
      vertex 8.2563714981079102 12.020589828491211 4.0445766448974609
      vertex 8.3372230529785156 12.020589828491211 4.2311697006225586
    endloop
  endfacet
  facet normal 0 1 0
    outer loop
      vertex 8.1699361801147461 12.020589828491211 4.0788283348083496
      vertex 8.2708196640014648 12.020589828491211 4.2519779205322266
      vertex 8.2122669219970703 12.020589828491211 4.0594644546508789
    endloop
  endfacet
  facet normal -0 1 0
    outer loop
      vertex 8.3719463348388672 12.020589828491211 4.2278881072998047
      vertex 8.4067878723144531 12.020589828491211 4.2294712066650391
      vertex 8.3945426940917969 12.020589828491211 4.0281162261962891
    endloop
  endfacet
  facet normal -0 1 -0
    outer loop
      vertex 8.3372230529785156 12.020589828491211 4.2311697006225586
      vertex 8.3719463348388672 12.020589828491211 4.2278881072998047
      vertex 8.3479986190795898 12.020589828491211 4.0288181304931641
    endloop
  endfacet
  facet normal -0 1 0
    outer loop
      vertex 8.3032932281494141 12.020589828491211 4.2392520904541016
      vertex 8.2122669219970703 12.020589828491211 4.0594644546508789
      vertex 8.2708196640014648 12.020589828491211 4.2519779205322266
    endloop
  endfacet
  facet normal 0 1 -0
    outer loop
      vertex 8.2563714981079102 12.020589828491211 4.0445766448974609
      vertex 8.3032932281494141 12.020589828491211 4.2392520904541016
      vertex 8.3372230529785156 12.020589828491211 4.2311697006225586
    endloop
  endfacet
  facet normal -0 1 0
    outer loop
      vertex 8.1298332214355469 12.020589828491211 4.1024618148803711
      vertex 8.2404336929321289 12.020589828491211 4.269099235534668
      vertex 8.1699361801147461 12.020589828491211 4.0788283348083496
    endloop
  endfacet
  facet normal 0 1 -0
    outer loop
      vertex 8.2404336929321289 12.020589828491211 4.269099235534668
      vertex 8.2708196640014648 12.020589828491211 4.2519779205322266
      vertex 8.1699361801147461 12.020589828491211 4.0788283348083496
    endloop
  endfacet
  facet normal -0 1 0
    outer loop
      vertex 8.4409093856811523 12.020589828491211 4.0322256088256836
      vertex 8.3945426940917969 12.020589828491211 4.0281162261962891
      vertex 8.4067878723144531 12.020589828491211 4.2294712066650391
    endloop
  endfacet
  facet normal 0 1 0
    outer loop
      vertex 8.8089656829833984 12.020589828491211 4.3481531143188477
      vertex 8.6231174468994141 12.020589828491211 4.4284043312072754
      vertex 8.8200540542602539 12.020589828491211 4.3933620452880859
    endloop
  endfacet
  facet normal -0 1 -0
    outer loop
      vertex 8.7932643890380859 12.020589828491211 4.3043317794799805
      vertex 8.6138572692871094 12.020589828491211 4.3947782516479492
      vertex 8.8089656829833984 12.020589828491211 4.3481531143188477
    endloop
  endfacet
  facet normal 0 1 0
    outer loop
      vertex 8.8089656829833984 12.020589828491211 4.3481531143188477
      vertex 8.6138572692871094 12.020589828491211 4.3947782516479492
      vertex 8.6231174468994141 12.020589828491211 4.4284043312072754
    endloop
  endfacet
  facet normal 0 1 -0
    outer loop
      vertex 8.7932643890380859 12.020589828491211 4.3043317794799805
      vertex 8.6000051498413086 12.020589828491211 4.3627681732177734
      vertex 8.6138572692871094 12.020589828491211 4.3947782516479492
    endloop
  endfacet
  facet normal 0 1 0
    outer loop
      vertex 8.7932643890380859 12.020589828491211 4.3043317794799805
      vertex 8.7731227874755859 12.020589828491211 4.2623662948608398
      vertex 8.6000051498413086 12.020589828491211 4.3627681732177734
    endloop
  endfacet
  facet normal -0 1 0
    outer loop
      vertex 8.8264122009277344 12.020589828491211 4.4394741058349609
      vertex 8.8200540542602539 12.020589828491211 4.3933620452880859
      vertex 8.6231174468994141 12.020589828491211 4.4284043312072754
    endloop
  endfacet
  facet normal 0 1 -0
    outer loop
      vertex 8.6272439956665039 12.020589828491211 4.497868537902832
      vertex 8.8247213363647461 12.020589828491211 4.5324320793151855
      vertex 8.8279743194580078 12.020589828491211 4.4859967231750488
    endloop
  endfacet
  facet normal -0 1 0
    outer loop
      vertex 8.8264122009277344 12.020589828491211 4.4394741058349609
      vertex 8.6276102066040039 12.020589828491211 4.4629921913146973
      vertex 8.8279743194580078 12.020589828491211 4.4859967231750488
    endloop
  endfacet
  facet normal -0 1 0
    outer loop
      vertex 8.8247213363647461 12.020589828491211 4.5324320793151855
      vertex 8.6272439956665039 12.020589828491211 4.497868537902832
      vertex 8.6220264434814453 12.020589828491211 4.5323543548583984
    endloop
  endfacet
  facet normal 0 1 0
    outer loop
      vertex 8.8279743194580078 12.020589828491211 4.4859967231750488
      vertex 8.6276102066040039 12.020589828491211 4.4629921913146973
      vertex 8.6272439956665039 12.020589828491211 4.497868537902832
    endloop
  endfacet
  facet normal 0 1 -0
    outer loop
      vertex 8.6276102066040039 12.020589828491211 4.4629921913146973
      vertex 8.8264122009277344 12.020589828491211 4.4394741058349609
      vertex 8.6231174468994141 12.020589828491211 4.4284043312072754
    endloop
  endfacet
  facet normal 0 1 -0
    outer loop
      vertex 8.8166904449462891 12.020589828491211 4.5782828330993652
      vertex 8.8247213363647461 12.020589828491211 4.5324320793151855
      vertex 8.6220264434814453 12.020589828491211 4.5323543548583984
    endloop
  endfacet
  facet normal 0 1 -0
    outer loop
      vertex 8.5596961975097656 12.020589828491211 4.3060455322265625
      vertex 8.5818338394165039 12.020589828491211 4.3329973220825195
      vertex 8.7204151153564453 12.020589828491211 4.1857767105102539
    endloop
  endfacet
  facet normal 0 1 -0
    outer loop
      vertex 8.5340232849121094 12.020589828491211 4.2824368476867676
      vertex 8.5596961975097656 12.020589828491211 4.3060455322265625
      vertex 8.6884145736694336 12.020589828491211 4.1519718170166016
    endloop
  endfacet
  facet normal -0 1 0
    outer loop
      vertex 8.2404336929321289 12.020589828491211 4.269099235534668
      vertex 8.0923862457275391 12.020589828491211 4.1301116943359375
      vertex 8.2127246856689453 12.020589828491211 4.2902827262878418
    endloop
  endfacet
  facet normal 0 1 -0
    outer loop
      vertex 8.2127246856689453 12.020589828491211 4.2902827262878418
      vertex 8.0579967498779297 12.020589828491211 4.1614818572998047
      vertex 8.1882343292236328 12.020589828491211 4.3151164054870605
    endloop
  endfacet
  facet normal 0 1 -0
    outer loop
      vertex 8.1674385070800781 12.020589828491211 4.3431167602539062
      vertex 8.0579967498779297 12.020589828491211 4.1614818572998047
      vertex 8.1507425308227539 12.020589828491211 4.3737392425537109
    endloop
  endfacet
  facet normal 0 1 0
    outer loop
      vertex 8.1308612823486328 12.020589828491211 4.440424919128418
      vertex 8.1384696960449219 12.020589828491211 4.4063873291015625
      vertex 7.9314079284667969 12.020589828491211 4.5326895713806152
    endloop
  endfacet
  facet normal 0 1 0
    outer loop
      vertex 8.1280632019042969 12.020589828491211 4.4751911163330078
      vertex 7.9314079284667969 12.020589828491211 4.5326895713806152
      vertex 8.1301307678222656 12.020589828491211 4.5100078582763672
    endloop
  endfacet
  facet normal 0 1 -0
    outer loop
      vertex 8.1308612823486328 12.020589828491211 4.440424919128418
      vertex 7.9314079284667969 12.020589828491211 4.5326895713806152
      vertex 8.1280632019042969 12.020589828491211 4.4751911163330078
    endloop
  endfacet
  facet normal -0 1 0
    outer loop
      vertex 8.0579967498779297 12.020589828491211 4.1614818572998047
      vertex 8.1384696960449219 12.020589828491211 4.4063873291015625
      vertex 8.1507425308227539 12.020589828491211 4.3737392425537109
    endloop
  endfacet
  facet normal 0 1 -0
    outer loop
      vertex 8.0579967498779297 12.020589828491211 4.1614818572998047
      vertex 8.1674385070800781 12.020589828491211 4.3431167602539062
      vertex 8.1882343292236328 12.020589828491211 4.3151164054870605
    endloop
  endfacet
  facet normal 0 1 -0
    outer loop
      vertex 8.5818338394165039 12.020589828491211 4.3329973220825195
      vertex 8.6000051498413086 12.020589828491211 4.3627681732177734
      vertex 8.7731227874755859 12.020589828491211 4.2623662948608398
    endloop
  endfacet
  facet normal -0 1 0
    outer loop
      vertex 8.5340232849121094 12.020589828491211 4.2824368476867676
      vertex 8.6148290634155273 12.020589828491211 4.0951452255249023
      vertex 8.5053138732910156 12.020589828491211 4.2626304626464844
    endloop
  endfacet
  facet normal 0 1 0
    outer loop
      vertex 8.0923862457275391 12.020589828491211 4.1301116943359375
      vertex 8.2404336929321289 12.020589828491211 4.269099235534668
      vertex 8.1298332214355469 12.020589828491211 4.1024618148803711
    endloop
  endfacet
  facet normal 0 1 0
    outer loop
      vertex 7.5080041885375977 12.020589828491211 4.4614815711975098
      vertex 8.0579967498779297 12.020589828491211 4.1614818572998047
      vertex 7.3119773864746094 12.020589828491211 4.4614815711975098
    endloop
  endfacet
  facet normal 0 1 0
    outer loop
      vertex 8.0579967498779297 12.020589828491211 4.1614818572998047
      vertex 7.9314079284667969 12.020589828491211 4.5326895713806152
      vertex 8.1384696960449219 12.020589828491211 4.4063873291015625
    endloop
  endfacet
  facet normal 0 1 0
    outer loop
      vertex 8.2127246856689453 12.020589828491211 4.2902827262878418
      vertex 8.0923862457275391 12.020589828491211 4.1301116943359375
      vertex 8.0579967498779297 12.020589828491211 4.1614818572998047
    endloop
  endfacet
  facet normal -0 1 0
    outer loop
      vertex 6.9980049133300781 12.020589828491211 4.9115257263183594
      vertex 7.3119773864746094 12.020589828491211 4.4614815711975098
      vertex 6.8680047988891602 12.020589828491211 4.4614815711975098
    endloop
  endfacet
  facet normal 0 1 -0
    outer loop
      vertex 6.8680047988891602 12.020589828491211 4.4614815711975098
      vertex 7.3119773864746094 12.020589828491211 4.4614815711975098
      vertex 8.0579967498779297 12.020589828491211 4.1614818572998047
    endloop
  endfacet
  facet normal 0 1 -0
    outer loop
      vertex 6.6719765663146973 12.020589828491211 4.4614815711975098
      vertex 6.8680047988891602 12.020589828491211 4.4614815711975098
      vertex 8.0579967498779297 12.020589828491211 4.1614818572998047
    endloop
  endfacet
  facet normal 0 1 -0
    outer loop
      vertex 6.6719765663146973 12.020589828491211 4.4614815711975098
      vertex 8.0579967498779297 12.020589828491211 4.1614818572998047
      vertex 6.2280035018920898 12.020589828491211 4.4614815711975098
    endloop
  endfacet
  facet normal 0 1 0
    outer loop
      vertex 6.2280035018920898 12.020589828491211 4.4614815711975098
      vertex 8.0579967498779297 12.020589828491211 4.1614818572998047
      vertex 6.0319766998291016 12.020589828491211 4.4614815711975098
    endloop
  endfacet
  facet normal 0 1 -0
    outer loop
      vertex 5.5880041122436523 12.020589828491211 4.4614815711975098
      vertex 5.7180042266845703 12.020589828491211 4.9115257263183594
      vertex 6.0319766998291016 12.020589828491211 4.4614815711975098
    endloop
  endfacet
  facet normal -0 1 0
    outer loop
      vertex 5.2619752883911133 12.020589828491211 4.9115257263183594
      vertex 5.3919773101806641 12.020589828491211 4.4614815711975098
      vertex 4.9480047225952148 12.020589828491211 4.4614815711975098
    endloop
  endfacet
  facet normal 0 1 -0
    outer loop
      vertex 5.5880041122436523 12.020589828491211 4.4614815711975098
      vertex 8.0579967498779297 12.020589828491211 4.1614818572998047
      vertex 5.3919773101806641 12.020589828491211 4.4614815711975098
    endloop
  endfacet
  facet normal 0 1 0
    outer loop
      vertex 5.3919773101806641 12.020589828491211 4.4614815711975098
      vertex 8.0579967498779297 12.020589828491211 4.1614818572998047
      vertex 4.9480047225952148 12.020589828491211 4.4614815711975098
    endloop
  endfacet
  facet normal 0 1 -0
    outer loop
      vertex 8.0579967498779297 12.020589828491211 4.1614818572998047
      vertex 5.5880041122436523 12.020589828491211 4.4614815711975098
      vertex 6.0319766998291016 12.020589828491211 4.4614815711975098
    endloop
  endfacet
  facet normal 0 1 -0
    outer loop
      vertex 4.751976490020752 12.020589828491211 4.4614815711975098
      vertex 4.9480047225952148 12.020589828491211 4.4614815711975098
      vertex 8.0579967498779297 12.020589828491211 4.1614818572998047
    endloop
  endfacet
  facet normal -0 1 0
    outer loop
      vertex 6.3580050468444824 12.020589828491211 4.9115257263183594
      vertex 6.6719765663146973 12.020589828491211 4.4614815711975098
      vertex 6.2280035018920898 12.020589828491211 4.4614815711975098
    endloop
  endfacet
  facet normal 0 1 0
    outer loop
      vertex 4.751976490020752 12.020589828491211 4.4614815711975098
      vertex 8.0579967498779297 12.020589828491211 4.1614818572998047
      vertex 4.3080034255981445 12.020589828491211 4.4614815711975098
    endloop
  endfacet
  facet normal 0 1 0
    outer loop
      vertex 4.3080034255981445 12.020589828491211 4.4614815711975098
      vertex 8.0579967498779297 12.020589828491211 4.1614818572998047
      vertex 4.1119771003723145 12.020589828491211 4.4614815711975098
    endloop
  endfacet
  facet normal -0 1 0
    outer loop
      vertex 3.7980046272277832 12.020589828491211 4.9115257263183594
      vertex 4.1119771003723145 12.020589828491211 4.4614815711975098
      vertex 3.6680042743682861 12.020589828491211 4.4614815711975098
    endloop
  endfacet
  facet normal -0 1 0
    outer loop
      vertex 3.3419756889343262 12.020589828491211 4.9115257263183594
      vertex 3.4719760417938232 12.020589828491211 4.4614815711975098
      vertex 3.0280051231384277 12.020589828491211 4.4614815711975098
    endloop
  endfacet
  facet normal 0 1 -0
    outer loop
      vertex 3.6680042743682861 12.020589828491211 4.4614815711975098
      vertex 8.0579967498779297 12.020589828491211 4.1614818572998047
      vertex 3.4719760417938232 12.020589828491211 4.4614815711975098
    endloop
  endfacet
  facet normal 0 1 0
    outer loop
      vertex 3.4719760417938232 12.020589828491211 4.4614815711975098
      vertex 8.0579967498779297 12.020589828491211 4.1614818572998047
      vertex 3.0280051231384277 12.020589828491211 4.4614815711975098
    endloop
  endfacet
  facet normal 0 1 0
    outer loop
      vertex 8.0579967498779297 12.020589828491211 4.1614818572998047
      vertex 3.6680042743682861 12.020589828491211 4.4614815711975098
      vertex 4.1119771003723145 12.020589828491211 4.4614815711975098
    endloop
  endfacet
  facet normal 0 1 -0
    outer loop
      vertex 2.8319768905639648 12.020589828491211 4.4614815711975098
      vertex 8.0579967498779297 12.020589828491211 4.1614818572998047
      vertex 2.3880040645599365 12.020589828491211 4.4614815711975098
    endloop
  endfacet
  facet normal 0 1 0
    outer loop
      vertex 2.3880040645599365 12.020589828491211 4.4614815711975098
      vertex 8.0579967498779297 12.020589828491211 4.1614818572998047
      vertex 2.1919775009155273 12.020589828491211 4.4614815711975098
    endloop
  endfacet
  facet normal -0 1 0
    outer loop
      vertex 2.0619757175445557 12.020589828491211 4.9115257263183594
      vertex 2.1919775009155273 12.020589828491211 4.4614815711975098
      vertex 1.748004674911499 12.020589828491211 4.4614815711975098
    endloop
  endfacet
  facet normal -0 1 0
    outer loop
      vertex 1.2380049228668213 12.020589828491211 4.9115257263183594
      vertex 1.5519765615463257 12.020589828491211 4.4614815711975098
      vertex 1.1080038547515869 12.020589828491211 4.4614815711975098
    endloop
  endfacet
  facet normal 0 1 0
    outer loop
      vertex 1.748004674911499 12.020589828491211 4.4614815711975098
      vertex 8.0579967498779297 12.020589828491211 4.1614818572998047
      vertex 1.5519765615463257 12.020589828491211 4.4614815711975098
    endloop
  endfacet
  facet normal -0 1 0
    outer loop
      vertex 0.78197610378265381 12.020589828491211 4.9115257263183594
      vertex 0.91197717189788818 12.020589828491211 4.4614815711975098
      vertex 0.46800437569618225 12.020589828491211 4.4614815711975098
    endloop
  endfacet
  facet normal 0 1 -0
    outer loop
      vertex 1.1080038547515869 12.020589828491211 4.4614815711975098
      vertex 8.0579967498779297 12.020589828491211 4.1614818572998047
      vertex 0.91197717189788818 12.020589828491211 4.4614815711975098
    endloop
  endfacet
  facet normal 0 1 -0
    outer loop
      vertex 8.0579967498779297 12.020589828491211 4.1614818572998047
      vertex 1.1080038547515869 12.020589828491211 4.4614815711975098
      vertex 1.5519765615463257 12.020589828491211 4.4614815711975098
    endloop
  endfacet
  facet normal 0 1 0
    outer loop
      vertex 8.0579967498779297 12.020589828491211 4.1614818572998047
      vertex 1.748004674911499 12.020589828491211 4.4614815711975098
      vertex 2.1919775009155273 12.020589828491211 4.4614815711975098
    endloop
  endfacet
  facet normal 0 1 0
    outer loop
      vertex 8.0579967498779297 12.020589828491211 4.1614818572998047
      vertex 2.8319768905639648 12.020589828491211 4.4614815711975098
      vertex 3.0280051231384277 12.020589828491211 4.4614815711975098
    endloop
  endfacet
  facet normal -0 1 0
    outer loop
      vertex 2.5180044174194336 12.020589828491211 4.9115257263183594
      vertex 2.8319768905639648 12.020589828491211 4.4614815711975098
      vertex 2.3880040645599365 12.020589828491211 4.4614815711975098
    endloop
  endfacet
  facet normal 0 1 -0
    outer loop
      vertex 0.46800437569618225 12.020589828491211 4.4614815711975098
      vertex 0.91197717189788818 12.020589828491211 4.4614815711975098
      vertex 8.0579967498779297 12.020589828491211 4.1614818572998047
    endloop
  endfacet
  facet normal -0 1 0
    outer loop
      vertex 4.4380054473876953 12.020589828491211 4.9115257263183594
      vertex 4.751976490020752 12.020589828491211 4.4614815711975098
      vertex 4.3080034255981445 12.020589828491211 4.4614815711975098
    endloop
  endfacet
  facet normal -0 1 0
    outer loop
      vertex -0.041994709521532059 12.020589828491211 4.9115257263183594
      vertex 0.2719770073890686 12.020589828491211 4.4614815711975098
      vertex -0.17199578881263733 12.020589828491211 4.4614815711975098
    endloop
  endfacet
  facet normal 0 1 -0
    outer loop
      vertex 0.46800437569618225 12.020589828491211 4.4614815711975098
      vertex 8.0579967498779297 12.020589828491211 4.1614818572998047
      vertex 0.2719770073890686 12.020589828491211 4.4614815711975098
    endloop
  endfacet
  facet normal 0 1 -0
    outer loop
      vertex 0.2719770073890686 12.020589828491211 4.4614815711975098
      vertex 8.0579967498779297 12.020589828491211 4.1614818572998047
      vertex -0.17199578881263733 12.020589828491211 4.4614815711975098
    endloop
  endfacet
  facet normal 0 1 0
    outer loop
      vertex -0.36802315711975098 12.020589828491211 4.4614815711975098
      vertex 8.0579967498779297 12.020589828491211 4.1614818572998047
      vertex -0.81199586391448975 12.020589828491211 4.4614815711975098
    endloop
  endfacet
  facet normal 0 1 0
    outer loop
      vertex -0.81199586391448975 12.020589828491211 4.4614815711975098
      vertex 8.0579967498779297 12.020589828491211 4.1614818572998047
      vertex -1.0080232620239258 12.020589828491211 4.4614815711975098
    endloop
  endfacet
  facet normal 0 1 -0
    outer loop
      vertex -1.4519952535629272 12.020589828491211 4.4614815711975098
      vertex -1.3219950199127197 12.020589828491211 4.9115257263183594
      vertex -1.0080232620239258 12.020589828491211 4.4614815711975098
    endloop
  endfacet
  facet normal 0 1 0
    outer loop
      vertex 8.0579967498779297 12.020589828491211 4.1614818572998047
      vertex -0.36802315711975098 12.020589828491211 4.4614815711975098
      vertex -0.17199578881263733 12.020589828491211 4.4614815711975098
    endloop
  endfacet
  facet normal -0 1 0
    outer loop
      vertex -0.49802345037460327 12.020589828491211 4.9115257263183594
      vertex -0.36802315711975098 12.020589828491211 4.4614815711975098
      vertex -0.81199586391448975 12.020589828491211 4.4614815711975098
    endloop
  endfacet
  facet normal -0 1 0
    outer loop
      vertex -1.6480226516723633 12.020589828491211 4.461482048034668
      vertex -2.0919954776763916 12.020589828491211 4.461482048034668
      vertex -1.7780237197875977 12.020589828491211 4.9115257263183594
    endloop
  endfacet
  facet normal 0 1 0
    outer loop
      vertex -1.0080232620239258 12.020589828491211 4.4614815711975098
      vertex 8.0579967498779297 12.020589828491211 4.1614818572998047
      vertex -1.4519952535629272 12.020589828491211 4.4614815711975098
    endloop
  endfacet
  facet normal 0 1 -0
    outer loop
      vertex 8.0579967498779297 12.020589828491211 4.1614818572998047
      vertex -2.0919954776763916 12.020589828491211 4.461482048034668
      vertex -1.6480226516723633 12.020589828491211 4.461482048034668
    endloop
  endfacet
  facet normal 0 1 0
    outer loop
      vertex -2.2489328384399414 12.020589828491211 4.4617214202880859
      vertex -2.7329049110412598 12.020589828491211 4.4619607925415039
      vertex -2.2881612777709961 12.020589828491211 4.4619607925415039
    endloop
  endfacet
  facet normal 0 1 0
    outer loop
      vertex 8.0579967498779297 12.020589828491211 4.1614818572998047
      vertex -2.2489328384399414 12.020589828491211 4.4617214202880859
      vertex -2.0919954776763916 12.020589828491211 4.461482048034668
    endloop
  endfacet
  facet normal 0 1 -0
    outer loop
      vertex -2.7329049110412598 12.020589828491211 4.4619607925415039
      vertex -2.4184091091156006 12.020589828491211 4.9115257263183594
      vertex -2.2881612777709961 12.020589828491211 4.4619607925415039
    endloop
  endfacet
  facet normal 0 1 -0
    outer loop
      vertex -2.2489328384399414 12.020589828491211 4.4617214202880859
      vertex 8.0579967498779297 12.020589828491211 4.1614818572998047
      vertex -2.7329049110412598 12.020589828491211 4.4619607925415039
    endloop
  endfacet
  facet normal 0 1 -0
    outer loop
      vertex -1.6480226516723633 12.020589828491211 4.461482048034668
      vertex -1.4519952535629272 12.020589828491211 4.4614815711975098
      vertex 8.0579967498779297 12.020589828491211 4.1614818572998047
    endloop
  endfacet
  facet normal 0 1 -0
    outer loop
      vertex 8.0579967498779297 12.020589828491211 4.1614818572998047
      vertex -4.0129055976867676 12.020589828491211 4.4619607925415039
      vertex -3.5689327716827393 12.020589828491211 4.4619607925415039
    endloop
  endfacet
  facet normal 0 1 0
    outer loop
      vertex 8.0579967498779297 12.020589828491211 4.1614818572998047
      vertex -4.2089328765869141 12.020589828491211 4.4619607925415039
      vertex -4.0129055976867676 12.020589828491211 4.4619607925415039
    endloop
  endfacet
  facet normal -0 1 0
    outer loop
      vertex -4.5229048728942871 12.020589828491211 4.9120044708251953
      vertex -4.2089328765869141 12.020589828491211 4.4619607925415039
      vertex -4.6529054641723633 12.020589828491211 4.4619607925415039
    endloop
  endfacet
  facet normal -0 1 0
    outer loop
      vertex -5.1629047393798828 12.020589828491211 4.9120044708251953
      vertex -4.8489327430725098 12.020589828491211 4.4619607925415039
      vertex -5.292905330657959 12.020589828491211 4.4619607925415039
    endloop
  endfacet
  facet normal 0 1 0
    outer loop
      vertex 8.0579967498779297 12.020589828491211 4.1614818572998047
      vertex -4.8489327430725098 12.020589828491211 4.4619607925415039
      vertex -4.6529054641723633 12.020589828491211 4.4619607925415039
    endloop
  endfacet
  facet normal 0 1 -0
    outer loop
      vertex 8.0579967498779297 12.020589828491211 4.1614818572998047
      vertex -5.292905330657959 12.020589828491211 4.4619607925415039
      vertex -4.8489327430725098 12.020589828491211 4.4619607925415039
    endloop
  endfacet
  facet normal 0 1 -0
    outer loop
      vertex -4.6529054641723633 12.020589828491211 4.4619607925415039
      vertex -4.2089328765869141 12.020589828491211 4.4619607925415039
      vertex 8.0579967498779297 12.020589828491211 4.1614818572998047
    endloop
  endfacet
  facet normal 0 1 -0
    outer loop
      vertex -3.3729052543640137 12.020589828491211 4.4619607925415039
      vertex -3.0584092140197754 12.020589828491211 4.9115257263183594
      vertex -2.9281613826751709 12.020589828491211 4.4619607925415039
    endloop
  endfacet
  facet normal 0 1 0
    outer loop
      vertex -2.7329049110412598 12.020589828491211 4.4619607925415039
      vertex 8.0579967498779297 12.020589828491211 4.1614818572998047
      vertex -2.9281613826751709 12.020589828491211 4.4619607925415039
    endloop
  endfacet
  facet normal 0 1 0
    outer loop
      vertex -2.9281613826751709 12.020589828491211 4.4619607925415039
      vertex 8.0579967498779297 12.020589828491211 4.1614818572998047
      vertex -3.3729052543640137 12.020589828491211 4.4619607925415039
    endloop
  endfacet
  facet normal 0 1 -0
    outer loop
      vertex 8.0579967498779297 12.020589828491211 4.1614818572998047
      vertex -5.9329056739807129 12.020589828491211 4.4619607925415039
      vertex -5.4889326095581055 12.020589828491211 4.4619607925415039
    endloop
  endfacet
  facet normal 0 1 0
    outer loop
      vertex 8.0579967498779297 12.020589828491211 4.1614818572998047
      vertex -6.5729050636291504 12.020589828491211 4.4619607925415039
      vertex -6.1289324760437012 12.020589828491211 4.4619607925415039
    endloop
  endfacet
  facet normal 0 1 -0
    outer loop
      vertex -6.1289324760437012 12.020589828491211 4.4619607925415039
      vertex -5.9329056739807129 12.020589828491211 4.4619607925415039
      vertex 8.0579967498779297 12.020589828491211 4.1614818572998047
    endloop
  endfacet
  facet normal -0 1 0
    outer loop
      vertex -6.2589330673217773 12.020589828491211 4.9120044708251953
      vertex -6.1289324760437012 12.020589828491211 4.4619607925415039
      vertex -6.5729050636291504 12.020589828491211 4.4619607925415039
    endloop
  endfacet
  facet normal -0 1 0
    outer loop
      vertex -5.4889326095581055 12.020589828491211 4.4619607925415039
      vertex -5.9329056739807129 12.020589828491211 4.4619607925415039
      vertex -5.6189336776733398 12.020589828491211 4.9120044708251953
    endloop
  endfacet
  facet normal 0 1 -0
    outer loop
      vertex -4.0129055976867676 12.020589828491211 4.4619607925415039
      vertex -3.8829045295715332 12.020589828491211 4.9120044708251953
      vertex -3.5689327716827393 12.020589828491211 4.4619607925415039
    endloop
  endfacet
  facet normal 0 1 0
    outer loop
      vertex -5.4889326095581055 12.020589828491211 4.4619607925415039
      vertex -5.292905330657959 12.020589828491211 4.4619607925415039
      vertex 8.0579967498779297 12.020589828491211 4.1614818572998047
    endloop
  endfacet
  facet normal 0 1 0
    outer loop
      vertex -3.3729052543640137 12.020589828491211 4.4619607925415039
      vertex 8.0579967498779297 12.020589828491211 4.1614818572998047
      vertex -3.5689327716827393 12.020589828491211 4.4619607925415039
    endloop
  endfacet
  facet normal 0 1 0
    outer loop
      vertex -6.7689323425292969 12.020589828491211 4.4619607925415039
      vertex -6.5729050636291504 12.020589828491211 4.4619607925415039
      vertex 8.0579967498779297 12.020589828491211 4.1614818572998047
    endloop
  endfacet
  facet normal 0 1 -0
    outer loop
      vertex 8.0579967498779297 12.020589828491211 4.1614818572998047
      vertex -7.2129049301147461 12.020589828491211 4.4619607925415039
      vertex -6.7689323425292969 12.020589828491211 4.4619607925415039
    endloop
  endfacet
  facet normal 0 1 0
    outer loop
      vertex 8.0579967498779297 12.020589828491211 4.1614818572998047
      vertex 7.5080041885375977 12.020589828491211 4.4614815711975098
      vertex 7.9314079284667969 12.020589828491211 4.5326895713806152
    endloop
  endfacet
  facet normal 0 1 0
    outer loop
      vertex 8.0579967498779297 12.020589828491211 4.1614818572998047
      vertex -7.4089326858520508 12.020589828491211 4.4619607925415039
      vertex -7.2129049301147461 12.020589828491211 4.4619607925415039
    endloop
  endfacet
  facet normal 0 1 -0
    outer loop
      vertex -7.2129049301147461 12.020589828491211 4.4619607925415039
      vertex -7.0829038619995117 12.020589828491211 4.9120044708251953
      vertex -6.7689323425292969 12.020589828491211 4.4619607925415039
    endloop
  endfacet
  facet normal 0 1 0
    outer loop
      vertex 8.8166904449462891 12.020589828491211 4.5782828330993652
      vertex 8.6220264434814453 12.020589828491211 4.5323543548583984
      vertex 8.8039646148681641 12.020589828491211 4.6230583190917969
    endloop
  endfacet
  facet normal 0 1 -0
    outer loop
      vertex 8.6120624542236328 12.020589828491211 4.5657787322998047
      vertex 8.8039646148681641 12.020589828491211 4.6230583190917969
      vertex 8.6220264434814453 12.020589828491211 4.5323543548583984
    endloop
  endfacet
  facet normal 0 1 -0
    outer loop
      vertex 8.6120624542236328 12.020589828491211 4.5657787322998047
      vertex 8.7866811752319336 12.020589828491211 4.6662797927856445
      vertex 8.8039646148681641 12.020589828491211 4.6230583190917969
    endloop
  endfacet
  facet normal 0 1 -0
    outer loop
      vertex 8.5787496566772461 12.020589828491211 4.6268739700317383
      vertex 8.7650260925292969 12.020589828491211 4.7074847221374512
      vertex 8.5975427627563477 12.020589828491211 4.5974912643432617
    endloop
  endfacet
  facet normal 0 1 -0
    outer loop
      vertex 8.5975427627563477 12.020589828491211 4.5974912643432617
      vertex 8.7866811752319336 12.020589828491211 4.6662797927856445
      vertex 8.6120624542236328 12.020589828491211 4.5657787322998047
    endloop
  endfacet
  facet normal 0 1 -0
    outer loop
      vertex 8.5787496566772461 12.020589828491211 4.6268739700317383
      vertex 8.7392292022705078 12.020589828491211 4.7462320327758789
      vertex 8.7650260925292969 12.020589828491211 4.7074847221374512
    endloop
  endfacet
  facet normal 0 1 0
    outer loop
      vertex 8.7866811752319336 12.020589828491211 4.6662797927856445
      vertex 8.5975427627563477 12.020589828491211 4.5974912643432617
      vertex 8.7650260925292969 12.020589828491211 4.7074847221374512
    endloop
  endfacet
  facet normal 0 1 0
    outer loop
      vertex 8.5787496566772461 12.020589828491211 4.6268739700317383
      vertex 8.5560522079467773 12.020589828491211 4.653355598449707
      vertex 8.7095699310302734 12.020589828491211 4.7821073532104492
    endloop
  endfacet
  facet normal 0 1 0
    outer loop
      vertex 8.5560522079467773 12.020589828491211 4.653355598449707
      vertex 8.5298900604248047 12.020589828491211 4.6764202117919922
      vertex 8.6763601303100586 12.020589828491211 4.8147263526916504
    endloop
  endfacet
  facet normal 0 1 0
    outer loop
      vertex 8.4692630767822266 12.020589828491211 4.7105793952941895
      vertex 8.5591726303100586 12.020589828491211 4.8897538185119629
      vertex 8.5007715225219727 12.020589828491211 4.6956195831298828
    endloop
  endfacet
  facet normal -0 1 0
    outer loop
      vertex 8.5007715225219727 12.020589828491211 4.6956195831298828
      vertex 8.6399602890014648 12.020589828491211 4.8437404632568359
      vertex 8.5298900604248047 12.020589828491211 4.6764202117919922
    endloop
  endfacet
  facet normal -0 1 -0
    outer loop
      vertex 7.9522180557250977 12.020589828491211 4.6233038902282715
      vertex 8.1486091613769531 12.020589828491211 4.5770964622497559
      vertex 8.1370248794555664 12.020589828491211 4.5441980361938477
    endloop
  endfacet
  facet normal -0 1 -0
    outer loop
      vertex 8.1486091613769531 12.020589828491211 4.5770964622497559
      vertex 7.9695258140563965 12.020589828491211 4.6665153503417969
      vertex 8.1646595001220703 12.020589828491211 4.6080622673034668
    endloop
  endfacet
  facet normal 0 1 -0
    outer loop
      vertex 7.9522180557250977 12.020589828491211 4.6233038902282715
      vertex 8.1370248794555664 12.020589828491211 4.5441980361938477
      vertex 7.9394659996032715 12.020589828491211 4.5785360336303711
    endloop
  endfacet
  facet normal -0 1 -0
    outer loop
      vertex 7.9394659996032715 12.020589828491211 4.5785360336303711
      vertex 8.1370248794555664 12.020589828491211 4.5441980361938477
      vertex 8.1301307678222656 12.020589828491211 4.5100078582763672
    endloop
  endfacet
  facet normal 0 1 -0
    outer loop
      vertex 7.5080041885375977 12.020589828491211 4.4614815711975098
      vertex 7.6380057334899902 12.020589828491211 4.9115257263183594
      vertex 7.9314079284667969 12.020589828491211 4.5326895713806152
    endloop
  endfacet
  facet normal 0 1 -0
    outer loop
      vertex 7.9522180557250977 12.020589828491211 4.6233038902282715
      vertex 7.9695258140563965 12.020589828491211 4.6665153503417969
      vertex 8.1486091613769531 12.020589828491211 4.5770964622497559
    endloop
  endfacet
  facet normal 0 1 0
    outer loop
      vertex 8.2088260650634766 12.020589828491211 4.661834716796875
      vertex 8.0799322128295898 12.020589828491211 4.8148984909057617
      vertex 8.2360849380493164 12.020589828491211 4.6835951805114746
    endloop
  endfacet
  facet normal 0 1 0
    outer loop
      vertex 8.2360849380493164 12.020589828491211 4.6835951805114746
      vertex 8.1555652618408203 12.020589828491211 4.8689675331115723
      vertex 8.2661046981811523 12.020589828491211 4.701350212097168
    endloop
  endfacet
  facet normal 0 1 0
    outer loop
      vertex 8.0170230865478516 12.020589828491211 4.7464404106140137
      vertex 8.1848621368408203 12.020589828491211 4.6364927291870117
      vertex 8.1646595001220703 12.020589828491211 4.6080622673034668
    endloop
  endfacet
  facet normal 0 1 0
    outer loop
      vertex 7.9695258140563965 12.020589828491211 4.6665153503417969
      vertex 7.9912042617797852 12.020589828491211 4.7077078819274902
      vertex 8.1646595001220703 12.020589828491211 4.6080622673034668
    endloop
  endfacet
  facet normal -0 1 -0
    outer loop
      vertex 8.0467052459716797 12.020589828491211 4.7822985649108887
      vertex 8.2088260650634766 12.020589828491211 4.661834716796875
      vertex 8.1848621368408203 12.020589828491211 4.6364927291870117
    endloop
  endfacet
  facet normal -0 1 -0
    outer loop
      vertex 8.1971645355224609 12.020589828491211 4.8898582458496094
      vertex 8.2983055114746094 12.020589828491211 4.7147541046142578
      vertex 8.2661046981811523 12.020589828491211 4.701350212097168
    endloop
  endfacet
  facet normal 0 1 0
    outer loop
      vertex 8.1301307678222656 12.020589828491211 4.5100078582763672
      vertex 7.9314079284667969 12.020589828491211 4.5326895713806152
      vertex 7.9394659996032715 12.020589828491211 4.5785360336303711
    endloop
  endfacet
  facet normal 0 1 0
    outer loop
      vertex 8.1646595001220703 12.020589828491211 4.6080622673034668
      vertex 7.9912042617797852 12.020589828491211 4.7077078819274902
      vertex 8.0170230865478516 12.020589828491211 4.7464404106140137
    endloop
  endfacet
  facet normal -0 1 0
    outer loop
      vertex 8.7095699310302734 12.020589828491211 4.7821073532104492
      vertex 8.5560522079467773 12.020589828491211 4.653355598449707
      vertex 8.6763601303100586 12.020589828491211 4.8147263526916504
    endloop
  endfacet
  facet normal 0 1 -0
    outer loop
      vertex 8.5787496566772461 12.020589828491211 4.6268739700317383
      vertex 8.7095699310302734 12.020589828491211 4.7821073532104492
      vertex 8.7392292022705078 12.020589828491211 4.7462320327758789
    endloop
  endfacet
  facet normal -0 1 0
    outer loop
      vertex 8.6007575988769531 12.020589828491211 4.8688392639160156
      vertex 8.6399602890014648 12.020589828491211 4.8437404632568359
      vertex 8.5007715225219727 12.020589828491211 4.6956195831298828
    endloop
  endfacet
  facet normal 0 1 -0
    outer loop
      vertex 8.5298900604248047 12.020589828491211 4.6764202117919922
      vertex 8.6399602890014648 12.020589828491211 4.8437404632568359
      vertex 8.6763601303100586 12.020589828491211 4.8147263526916504
    endloop
  endfacet
  facet normal 0 1 0
    outer loop
      vertex 8.4015712738037109 12.020589828491211 4.7267045974731445
      vertex 8.4706516265869141 12.020589828491211 4.918182373046875
      vertex 8.4359827041625977 12.020589828491211 4.7210087776184082
    endloop
  endfacet
  facet normal 0 1 0
    outer loop
      vertex 8.4359827041625977 12.020589828491211 4.7210087776184082
      vertex 8.5156488418579102 12.020589828491211 4.9062604904174805
      vertex 8.4692630767822266 12.020589828491211 4.7105793952941895
    endloop
  endfacet
  facet normal 0 1 -0
    outer loop
      vertex 8.5007715225219727 12.020589828491211 4.6956195831298828
      vertex 8.5591726303100586 12.020589828491211 4.8897538185119629
      vertex 8.6007575988769531 12.020589828491211 4.8688392639160156
    endloop
  endfacet
  facet normal 0 1 -0
    outer loop
      vertex 8.4692630767822266 12.020589828491211 4.7105793952941895
      vertex 8.5156488418579102 12.020589828491211 4.9062604904174805
      vertex 8.5591726303100586 12.020589828491211 4.8897538185119629
    endloop
  endfacet
  facet normal 0 1 -0
    outer loop
      vertex 8.4359827041625977 12.020589828491211 4.7210087776184082
      vertex 8.4706516265869141 12.020589828491211 4.918182373046875
      vertex 8.5156488418579102 12.020589828491211 4.9062604904174805
    endloop
  endfacet
  facet normal -0 1 0
    outer loop
      vertex 8.4706516265869141 12.020589828491211 4.918182373046875
      vertex 8.4015712738037109 12.020589828491211 4.7267045974731445
      vertex 8.4246654510498047 12.020589828491211 4.9253926277160645
    endloop
  endfacet
  facet normal -0 1 -0
    outer loop
      vertex 8.4246654510498047 12.020589828491211 4.9253926277160645
      vertex 8.4015712738037109 12.020589828491211 4.7267045974731445
      vertex 8.3781795501708984 12.020589828491211 4.9278135299682617
    endloop
  endfacet
  facet normal -0 1 0
    outer loop
      vertex 8.3781795501708984 12.020589828491211 4.9278135299682617
      vertex 8.4015712738037109 12.020589828491211 4.7267045974731445
      vertex 8.3667049407958984 12.020589828491211 4.7275562286376953
    endloop
  endfacet
  facet normal 0 1 0
    outer loop
      vertex 8.3320560455322266 12.020589828491211 4.7235469818115234
      vertex 8.3316917419433594 12.020589828491211 4.925419807434082
      vertex 8.3667049407958984 12.020589828491211 4.7275562286376953
    endloop
  endfacet
  facet normal 0 1 0
    outer loop
      vertex 8.1555652618408203 12.020589828491211 4.8689675331115723
      vertex 8.2360849380493164 12.020589828491211 4.6835951805114746
      vertex 8.1163492202758789 12.020589828491211 4.8438916206359863
    endloop
  endfacet
  facet normal -0 1 0
    outer loop
      vertex 8.1971645355224609 12.020589828491211 4.8898582458496094
      vertex 8.2661046981811523 12.020589828491211 4.701350212097168
      vertex 8.1555652618408203 12.020589828491211 4.8689675331115723
    endloop
  endfacet
  facet normal 0 1 0
    outer loop
      vertex 8.2360849380493164 12.020589828491211 4.6835951805114746
      vertex 8.0799322128295898 12.020589828491211 4.8148984909057617
      vertex 8.1163492202758789 12.020589828491211 4.8438916206359863
    endloop
  endfacet
  facet normal 0 1 -0
    outer loop
      vertex 8.0799322128295898 12.020589828491211 4.8148984909057617
      vertex 8.2088260650634766 12.020589828491211 4.661834716796875
      vertex 8.0467052459716797 12.020589828491211 4.7822985649108887
    endloop
  endfacet
  facet normal 0 1 -0
    outer loop
      vertex 8.0467052459716797 12.020589828491211 4.7822985649108887
      vertex 8.1848621368408203 12.020589828491211 4.6364927291870117
      vertex 8.0170230865478516 12.020589828491211 4.7464404106140137
    endloop
  endfacet
  facet normal -0 1 0
    outer loop
      vertex 8.3316917419433594 12.020589828491211 4.925419807434082
      vertex 8.3320560455322266 12.020589828491211 4.7235469818115234
      vertex 8.2856998443603516 12.020589828491211 4.9182357788085938
    endloop
  endfacet
  facet normal -0 1 -0
    outer loop
      vertex 8.3320560455322266 12.020589828491211 4.7235469818115234
      vertex 8.2983055114746094 12.020589828491211 4.7147541046142578
      vertex 8.2856998443603516 12.020589828491211 4.9182357788085938
    endloop
  endfacet
  facet normal -0 1 0
    outer loop
      vertex 8.2856998443603516 12.020589828491211 4.9182357788085938
      vertex 8.2983055114746094 12.020589828491211 4.7147541046142578
      vertex 8.2406978607177734 12.020589828491211 4.9063396453857422
    endloop
  endfacet
  facet normal 0 1 0
    outer loop
      vertex 8.2983055114746094 12.020589828491211 4.7147541046142578
      vertex 8.1971645355224609 12.020589828491211 4.8898582458496094
      vertex 8.2406978607177734 12.020589828491211 4.9063396453857422
    endloop
  endfacet
  facet normal -0 1 0
    outer loop
      vertex 8.3781795501708984 12.020589828491211 4.9278135299682617
      vertex 8.3667049407958984 12.020589828491211 4.7275562286376953
      vertex 8.3316917419433594 12.020589828491211 4.925419807434082
    endloop
  endfacet
  facet normal -0 1 0
    outer loop
      vertex 7.8219766616821289 12.020589828491211 4.9115257263183594
      vertex 7.9314079284667969 12.020589828491211 4.5326895713806152
      vertex 7.6380057334899902 12.020589828491211 4.9115257263183594
    endloop
  endfacet
  facet normal 0 1 0
    outer loop
      vertex 6.9980049133300781 12.020589828491211 4.9115257263183594
      vertex 7.1819772720336914 12.020589828491211 4.9115257263183594
      vertex 7.3119773864746094 12.020589828491211 4.4614815711975098
    endloop
  endfacet
  facet normal 0 1 0
    outer loop
      vertex 6.3580050468444824 12.020589828491211 4.9115257263183594
      vertex 6.5419759750366211 12.020589828491211 4.9115257263183594
      vertex 6.6719765663146973 12.020589828491211 4.4614815711975098
    endloop
  endfacet
  facet normal 0 1 0
    outer loop
      vertex 5.0780048370361328 12.020589828491211 4.9115257263183594
      vertex 5.2619752883911133 12.020589828491211 4.9115257263183594
      vertex 4.9480047225952148 12.020589828491211 4.4614815711975098
    endloop
  endfacet
  facet normal 0 1 0
    outer loop
      vertex 4.4380054473876953 12.020589828491211 4.9115257263183594
      vertex 4.6219758987426758 12.020589828491211 4.9115257263183594
      vertex 4.751976490020752 12.020589828491211 4.4614815711975098
    endloop
  endfacet
  facet normal -0 1 0
    outer loop
      vertex 5.9019765853881836 12.020589828491211 4.9115257263183594
      vertex 6.0319766998291016 12.020589828491211 4.4614815711975098
      vertex 5.7180042266845703 12.020589828491211 4.9115257263183594
    endloop
  endfacet
  facet normal 0 1 0
    outer loop
      vertex 3.1580052375793457 12.020589828491211 4.9115257263183594
      vertex 3.3419756889343262 12.020589828491211 4.9115257263183594
      vertex 3.0280051231384277 12.020589828491211 4.4614815711975098
    endloop
  endfacet
  facet normal 0 1 0
    outer loop
      vertex 2.5180044174194336 12.020589828491211 4.9115257263183594
      vertex 2.7019765377044678 12.020589828491211 4.9115257263183594
      vertex 2.8319768905639648 12.020589828491211 4.4614815711975098
    endloop
  endfacet
  facet normal 0 1 0
    outer loop
      vertex 1.2380049228668213 12.020589828491211 4.9115257263183594
      vertex 1.4219763278961182 12.020589828491211 4.9115257263183594
      vertex 1.5519765615463257 12.020589828491211 4.4614815711975098
    endloop
  endfacet
  facet normal 0 1 0
    outer loop
      vertex 0.59800469875335693 12.020589828491211 4.9115257263183594
      vertex 0.78197610378265381 12.020589828491211 4.9115257263183594
      vertex 0.46800437569618225 12.020589828491211 4.4614815711975098
    endloop
  endfacet
  facet normal 0 1 0
    outer loop
      vertex -0.041994709521532059 12.020589828491211 4.9115257263183594
      vertex 0.14197592437267303 12.020589828491211 4.9115257263183594
      vertex 0.2719770073890686 12.020589828491211 4.4614815711975098
    endloop
  endfacet
  facet normal -0 1 0
    outer loop
      vertex 2.0619757175445557 12.020589828491211 4.9115257263183594
      vertex 1.748004674911499 12.020589828491211 4.4614815711975098
      vertex 1.8780050277709961 12.020589828491211 4.9115257263183594
    endloop
  endfacet
  facet normal -0 1 0
    outer loop
      vertex 3.9819767475128174 12.020589828491211 4.9115257263183594
      vertex 4.1119771003723145 12.020589828491211 4.4614815711975098
      vertex 3.7980046272277832 12.020589828491211 4.9115257263183594
    endloop
  endfacet
  facet normal 0 1 0
    outer loop
      vertex -0.68199563026428223 12.020589828491211 4.9115257263183594
      vertex -0.49802345037460327 12.020589828491211 4.9115257263183594
      vertex -0.81199586391448975 12.020589828491211 4.4614815711975098
    endloop
  endfacet
  facet normal 0 1 0
    outer loop
      vertex -1.9619951248168945 12.020589828491211 4.9115257263183594
      vertex -1.7780237197875977 12.020589828491211 4.9115257263183594
      vertex -2.0919954776763916 12.020589828491211 4.461482048034668
    endloop
  endfacet
  facet normal -0 1 0
    outer loop
      vertex -1.1380236148834229 12.020589828491211 4.9115257263183594
      vertex -1.0080232620239258 12.020589828491211 4.4614815711975098
      vertex -1.3219950199127197 12.020589828491211 4.9115257263183594
    endloop
  endfacet
  facet normal 0 1 0
    outer loop
      vertex -2.4188640117645264 12.020589828491211 4.9117650985717773
      vertex -2.41847825050354 12.020589828491211 4.9117650985717773
      vertex -2.4184091091156006 12.020589828491211 4.9115257263183594
    endloop
  endfacet
  facet normal 0 1 0
    outer loop
      vertex -2.6029047966003418 12.020589828491211 4.9120044708251953
      vertex -2.4188640117645264 12.020589828491211 4.9117650985717773
      vertex -2.4184091091156006 12.020589828491211 4.9115257263183594
    endloop
  endfacet
  facet normal 0 1 -0
    outer loop
      vertex -3.0584783554077148 12.020589828491211 4.9117650985717773
      vertex -3.0584092140197754 12.020589828491211 4.9115257263183594
      vertex -3.0588643550872803 12.020589828491211 4.9117650985717773
    endloop
  endfacet
  facet normal 0 1 -0
    outer loop
      vertex -3.2429051399230957 12.020589828491211 4.9120044708251953
      vertex -3.0588643550872803 12.020589828491211 4.9117650985717773
      vertex -3.0584092140197754 12.020589828491211 4.9115257263183594
    endloop
  endfacet
  facet normal 0 1 -0
    outer loop
      vertex -2.7329049110412598 12.020589828491211 4.4619607925415039
      vertex -2.6029047966003418 12.020589828491211 4.9120044708251953
      vertex -2.4184091091156006 12.020589828491211 4.9115257263183594
    endloop
  endfacet
  facet normal 0 1 -0
    outer loop
      vertex -3.3729052543640137 12.020589828491211 4.4619607925415039
      vertex -3.2429051399230957 12.020589828491211 4.9120044708251953
      vertex -3.0584092140197754 12.020589828491211 4.9115257263183594
    endloop
  endfacet
  facet normal -0 1 0
    outer loop
      vertex -3.6989331245422363 12.020589828491211 4.9120044708251953
      vertex -3.5689327716827393 12.020589828491211 4.4619607925415039
      vertex -3.8829045295715332 12.020589828491211 4.9120044708251953
    endloop
  endfacet
  facet normal -0 1 0
    outer loop
      vertex -4.9789333343505859 12.020589828491211 4.9120044708251953
      vertex -4.8489327430725098 12.020589828491211 4.4619607925415039
      vertex -5.1629047393798828 12.020589828491211 4.9120044708251953
    endloop
  endfacet
  facet normal -0 1 0
    outer loop
      vertex -5.6189336776733398 12.020589828491211 4.9120044708251953
      vertex -5.9329056739807129 12.020589828491211 4.4619607925415039
      vertex -5.8029050827026367 12.020589828491211 4.9120044708251953
    endloop
  endfacet
  facet normal -0 1 0
    outer loop
      vertex -6.2589330673217773 12.020589828491211 4.9120044708251953
      vertex -6.5729050636291504 12.020589828491211 4.4619607925415039
      vertex -6.4429044723510742 12.020589828491211 4.9120044708251953
    endloop
  endfacet
  facet normal 0 1 0
    outer loop
      vertex -4.2089328765869141 12.020589828491211 4.4619607925415039
      vertex -4.5229048728942871 12.020589828491211 4.9120044708251953
      vertex -4.338932991027832 12.020589828491211 4.9120044708251953
    endloop
  endfacet
  facet normal -0 1 0
    outer loop
      vertex -6.8989334106445312 12.020589828491211 4.9120044708251953
      vertex -6.7689323425292969 12.020589828491211 4.4619607925415039
      vertex -7.0829038619995117 12.020589828491211 4.9120044708251953
    endloop
  endfacet
  facet normal 0 1 -0
    outer loop
      vertex -13.61290454864502 12.020589828491211 4.4619607925415039
      vertex -23.318923950195312 12.020589828491211 4.1620664596557617
      vertex -13.808932304382324 12.020589828491211 4.4619607925415039
    endloop
  endfacet
  facet normal 0 1 -0
    outer loop
      vertex -13.808932304382324 12.020589828491211 4.4619607925415039
      vertex -23.318923950195312 12.020589828491211 4.1620664596557617
      vertex -14.252904891967773 12.020589828491211 4.4619607925415039
    endloop
  endfacet
  facet normal -0 1 0
    outer loop
      vertex -13.808932304382324 12.020589828491211 4.4619607925415039
      vertex -14.252904891967773 12.020589828491211 4.4619607925415039
      vertex -13.938932418823242 12.020589828491211 4.9120044708251953
    endloop
  endfacet
  facet normal -0 1 0
    outer loop
      vertex -14.448932647705078 12.020589828491211 4.4619607925415039
      vertex -14.892905235290527 12.020589828491211 4.4619607925415039
      vertex -14.578932762145996 12.020589828491211 4.9120044708251953
    endloop
  endfacet
  facet normal 0 1 -0
    outer loop
      vertex -14.448932647705078 12.020589828491211 4.4619607925415039
      vertex -23.318923950195312 12.020589828491211 4.1620664596557617
      vertex -14.892905235290527 12.020589828491211 4.4619607925415039
    endloop
  endfacet
  facet normal 0 1 -0
    outer loop
      vertex -14.892905235290527 12.020589828491211 4.4619607925415039
      vertex -23.318923950195312 12.020589828491211 4.1620664596557617
      vertex -15.088932037353516 12.020589828491211 4.4619607925415039
    endloop
  endfacet
  facet normal 0 1 0
    outer loop
      vertex -23.318923950195312 12.020589828491211 4.1620664596557617
      vertex -14.448932647705078 12.020589828491211 4.4619607925415039
      vertex -14.252904891967773 12.020589828491211 4.4619607925415039
    endloop
  endfacet
  facet normal 0 1 -0
    outer loop
      vertex -15.532905578613281 12.020589828491211 4.4619607925415039
      vertex -23.318923950195312 12.020589828491211 4.1620664596557617
      vertex -15.72893238067627 12.020589828491211 4.4619607925415039
    endloop
  endfacet
  facet normal 0 1 0
    outer loop
      vertex -15.72893238067627 12.020589828491211 4.4619607925415039
      vertex -23.318923950195312 12.020589828491211 4.1620664596557617
      vertex -16.172904968261719 12.020589828491211 4.4619607925415039
    endloop
  endfacet
  facet normal -0 1 0
    outer loop
      vertex -15.72893238067627 12.020589828491211 4.4619607925415039
      vertex -16.172904968261719 12.020589828491211 4.4619607925415039
      vertex -15.858932495117188 12.020589828491211 4.9120044708251953
    endloop
  endfacet
  facet normal -0 1 0
    outer loop
      vertex -16.368932723999023 12.020589828491211 4.4619607925415039
      vertex -16.812904357910156 12.020589828491211 4.4619607925415039
      vertex -16.682903289794922 12.020589828491211 4.9120044708251953
    endloop
  endfacet
  facet normal 0 1 -0
    outer loop
      vertex -16.368932723999023 12.020589828491211 4.4619607925415039
      vertex -23.318923950195312 12.020589828491211 4.1620664596557617
      vertex -16.812904357910156 12.020589828491211 4.4619607925415039
    endloop
  endfacet
  facet normal 0 1 -0
    outer loop
      vertex -16.812904357910156 12.020589828491211 4.4619607925415039
      vertex -23.318923950195312 12.020589828491211 4.1620664596557617
      vertex -17.008932113647461 12.020589828491211 4.4619607925415039
    endloop
  endfacet
  facet normal 0 1 0
    outer loop
      vertex -23.318923950195312 12.020589828491211 4.1620664596557617
      vertex -16.368932723999023 12.020589828491211 4.4619607925415039
      vertex -16.172904968261719 12.020589828491211 4.4619607925415039
    endloop
  endfacet
  facet normal 0 1 -0
    outer loop
      vertex -23.318923950195312 12.020589828491211 4.1620664596557617
      vertex -15.532905578613281 12.020589828491211 4.4619607925415039
      vertex -15.088932037353516 12.020589828491211 4.4619607925415039
    endloop
  endfacet
  facet normal -0 1 0
    outer loop
      vertex -15.088932037353516 12.020589828491211 4.4619607925415039
      vertex -15.532905578613281 12.020589828491211 4.4619607925415039
      vertex -15.402904510498047 12.020589828491211 4.9120044708251953
    endloop
  endfacet
  facet normal 0 1 0
    outer loop
      vertex -17.452905654907227 12.020589828491211 4.4619607925415039
      vertex -23.318923950195312 12.020589828491211 4.1620664596557617
      vertex -17.648931503295898 12.020589828491211 4.4619607925415039
    endloop
  endfacet
  facet normal 0 1 0
    outer loop
      vertex -17.648931503295898 12.020589828491211 4.4619607925415039
      vertex -23.318923950195312 12.020589828491211 4.1620664596557617
      vertex -18.092905044555664 12.020589828491211 4.4619607925415039
    endloop
  endfacet
  facet normal -0 1 0
    outer loop
      vertex -17.648931503295898 12.020589828491211 4.4619607925415039
      vertex -18.092905044555664 12.020589828491211 4.4619607925415039
      vertex -17.778932571411133 12.020589828491211 4.9120044708251953
    endloop
  endfacet
  facet normal -0 1 0
    outer loop
      vertex -18.288932800292969 12.020589828491211 4.4619607925415039
      vertex -18.732904434204102 12.020589828491211 4.4619607925415039
      vertex -18.602903366088867 12.020589828491211 4.9120044708251953
    endloop
  endfacet
  facet normal 0 1 0
    outer loop
      vertex -18.288932800292969 12.020589828491211 4.4619607925415039
      vertex -23.318923950195312 12.020589828491211 4.1620664596557617
      vertex -18.732904434204102 12.020589828491211 4.4619607925415039
    endloop
  endfacet
  facet normal 0 1 -0
    outer loop
      vertex -18.732904434204102 12.020589828491211 4.4619607925415039
      vertex -23.318923950195312 12.020589828491211 4.1620664596557617
      vertex -18.928932189941406 12.020589828491211 4.4619607925415039
    endloop
  endfacet
  facet normal 0 1 -0
    outer loop
      vertex -23.318923950195312 12.020589828491211 4.1620664596557617
      vertex -18.288932800292969 12.020589828491211 4.4619607925415039
      vertex -18.092905044555664 12.020589828491211 4.4619607925415039
    endloop
  endfacet
  facet normal 0 1 -0
    outer loop
      vertex -19.372903823852539 12.020589828491211 4.4619607925415039
      vertex -23.318923950195312 12.020589828491211 4.1620664596557617
      vertex -19.568931579589844 12.020589828491211 4.4619607925415039
    endloop
  endfacet
  facet normal 0 1 -0
    outer loop
      vertex -19.568931579589844 12.020589828491211 4.4619607925415039
      vertex -23.318923950195312 12.020589828491211 4.1620664596557617
      vertex -20.012905120849609 12.020589828491211 4.4619607925415039
    endloop
  endfacet
  facet normal -0 1 0
    outer loop
      vertex -19.568931579589844 12.020589828491211 4.4619607925415039
      vertex -20.012905120849609 12.020589828491211 4.4619607925415039
      vertex -19.698932647705078 12.020589828491211 4.9120044708251953
    endloop
  endfacet
  facet normal -0 1 0
    outer loop
      vertex -20.208932876586914 12.020589828491211 4.4619607925415039
      vertex -20.652904510498047 12.020589828491211 4.4619607925415039
      vertex -20.522903442382812 12.020589828491211 4.9120044708251953
    endloop
  endfacet
  facet normal 0 1 0
    outer loop
      vertex -20.208932876586914 12.020589828491211 4.4619607925415039
      vertex -23.318923950195312 12.020589828491211 4.1620664596557617
      vertex -20.652904510498047 12.020589828491211 4.4619607925415039
    endloop
  endfacet
  facet normal 0 1 0
    outer loop
      vertex -20.652904510498047 12.020589828491211 4.4619607925415039
      vertex -23.318923950195312 12.020589828491211 4.1620664596557617
      vertex -20.848932266235352 12.020589828491211 4.4619607925415039
    endloop
  endfacet
  facet normal 0 1 0
    outer loop
      vertex -23.318923950195312 12.020589828491211 4.1620664596557617
      vertex -20.208932876586914 12.020589828491211 4.4619607925415039
      vertex -20.012905120849609 12.020589828491211 4.4619607925415039
    endloop
  endfacet
  facet normal 0 1 0
    outer loop
      vertex -23.318923950195312 12.020589828491211 4.1620664596557617
      vertex -19.372903823852539 12.020589828491211 4.4619607925415039
      vertex -18.928932189941406 12.020589828491211 4.4619607925415039
    endloop
  endfacet
  facet normal -0 1 0
    outer loop
      vertex -18.928932189941406 12.020589828491211 4.4619607925415039
      vertex -19.372903823852539 12.020589828491211 4.4619607925415039
      vertex -19.058933258056641 12.020589828491211 4.9120044708251953
    endloop
  endfacet
  facet normal 0 1 -0
    outer loop
      vertex -23.318923950195312 12.020589828491211 4.1620664596557617
      vertex -17.452905654907227 12.020589828491211 4.4619607925415039
      vertex -17.008932113647461 12.020589828491211 4.4619607925415039
    endloop
  endfacet
  facet normal -0 1 0
    outer loop
      vertex -17.008932113647461 12.020589828491211 4.4619607925415039
      vertex -17.452905654907227 12.020589828491211 4.4619607925415039
      vertex -17.322904586791992 12.020589828491211 4.9120044708251953
    endloop
  endfacet
  facet normal 0 1 -0
    outer loop
      vertex -7.8529052734375 12.020589828491211 4.4619607925415039
      vertex -7.7229042053222656 12.020589828491211 4.9120044708251953
      vertex -7.4089326858520508 12.020589828491211 4.4619607925415039
    endloop
  endfacet
  facet normal 0 1 -0
    outer loop
      vertex -23.318923950195312 12.020589828491211 4.1620664596557617
      vertex -7.8529052734375 12.020589828491211 4.4619607925415039
      vertex 8.0579967498779297 12.020589828491211 4.1614818572998047
    endloop
  endfacet
  facet normal 0 1 -0
    outer loop
      vertex -8.0489320755004883 12.020589828491211 4.4619607925415039
      vertex -7.8529052734375 12.020589828491211 4.4619607925415039
      vertex -23.318923950195312 12.020589828491211 4.1620664596557617
    endloop
  endfacet
  facet normal 0 1 0
    outer loop
      vertex -8.6889324188232422 12.020589828491211 4.4619607925415039
      vertex -8.4929046630859375 12.020589828491211 4.4619607925415039
      vertex -23.318923950195312 12.020589828491211 4.1620664596557617
    endloop
  endfacet
  facet normal 0 1 0
    outer loop
      vertex -9.1329050064086914 12.020589828491211 4.4619607925415039
      vertex -8.6889324188232422 12.020589828491211 4.4619607925415039
      vertex -23.318923950195312 12.020589828491211 4.1620664596557617
    endloop
  endfacet
  facet normal 0 1 -0
    outer loop
      vertex -9.1329050064086914 12.020589828491211 4.4619607925415039
      vertex -8.8189334869384766 12.020589828491211 4.9120044708251953
      vertex -8.6889324188232422 12.020589828491211 4.4619607925415039
    endloop
  endfacet
  facet normal 0 1 0
    outer loop
      vertex -8.0489320755004883 12.020589828491211 4.4619607925415039
      vertex -23.318923950195312 12.020589828491211 4.1620664596557617
      vertex -8.4929046630859375 12.020589828491211 4.4619607925415039
    endloop
  endfacet
  facet normal 0 1 -0
    outer loop
      vertex -8.4929046630859375 12.020589828491211 4.4619607925415039
      vertex -8.1789331436157227 12.020589828491211 4.9120044708251953
      vertex -8.0489320755004883 12.020589828491211 4.4619607925415039
    endloop
  endfacet
  facet normal 0 1 -0
    outer loop
      vertex -9.7729053497314453 12.020589828491211 4.4619607925415039
      vertex -9.4589328765869141 12.020589828491211 4.9120044708251953
      vertex -9.3289318084716797 12.020589828491211 4.4619607925415039
    endloop
  endfacet
  facet normal 0 1 0
    outer loop
      vertex -9.7729053497314453 12.020589828491211 4.4619607925415039
      vertex -9.3289318084716797 12.020589828491211 4.4619607925415039
      vertex -23.318923950195312 12.020589828491211 4.1620664596557617
    endloop
  endfacet
  facet normal 0 1 -0
    outer loop
      vertex -9.9689321517944336 12.020589828491211 4.4619607925415039
      vertex -9.7729053497314453 12.020589828491211 4.4619607925415039
      vertex -23.318923950195312 12.020589828491211 4.1620664596557617
    endloop
  endfacet
  facet normal 0 1 -0
    outer loop
      vertex -10.608932495117188 12.020589828491211 4.4619607925415039
      vertex -10.412904739379883 12.020589828491211 4.4619607925415039
      vertex -23.318923950195312 12.020589828491211 4.1620664596557617
    endloop
  endfacet
  facet normal 0 1 0
    outer loop
      vertex -11.052905082702637 12.020589828491211 4.4619607925415039
      vertex -10.608932495117188 12.020589828491211 4.4619607925415039
      vertex -23.318923950195312 12.020589828491211 4.1620664596557617
    endloop
  endfacet
  facet normal 0 1 -0
    outer loop
      vertex -11.052905082702637 12.020589828491211 4.4619607925415039
      vertex -10.922904014587402 12.020589828491211 4.9120044708251953
      vertex -10.608932495117188 12.020589828491211 4.4619607925415039
    endloop
  endfacet
  facet normal 0 1 -0
    outer loop
      vertex -9.9689321517944336 12.020589828491211 4.4619607925415039
      vertex -23.318923950195312 12.020589828491211 4.1620664596557617
      vertex -10.412904739379883 12.020589828491211 4.4619607925415039
    endloop
  endfacet
  facet normal 0 1 -0
    outer loop
      vertex -10.412904739379883 12.020589828491211 4.4619607925415039
      vertex -10.098933219909668 12.020589828491211 4.9120044708251953
      vertex -9.9689321517944336 12.020589828491211 4.4619607925415039
    endloop
  endfacet
  facet normal 0 1 -0
    outer loop
      vertex -9.1329050064086914 12.020589828491211 4.4619607925415039
      vertex -23.318923950195312 12.020589828491211 4.1620664596557617
      vertex -9.3289318084716797 12.020589828491211 4.4619607925415039
    endloop
  endfacet
  facet normal 0 1 -0
    outer loop
      vertex -13.61290454864502 12.020589828491211 4.4619607925415039
      vertex -13.298933029174805 12.020589828491211 4.9120044708251953
      vertex -13.16893196105957 12.020589828491211 4.4619607925415039
    endloop
  endfacet
  facet normal -0 1 0
    outer loop
      vertex -21.162904739379883 12.020589828491211 4.9120044708251953
      vertex -20.848932266235352 12.020589828491211 4.4619607925415039
      vertex -21.292905807495117 12.020589828491211 4.4619607925415039
    endloop
  endfacet
  facet normal 0 1 0
    outer loop
      vertex -21.292905807495117 12.020589828491211 4.4619607925415039
      vertex -23.318923950195312 12.020589828491211 4.1620664596557617
      vertex -21.488931655883789 12.020589828491211 4.4619607925415039
    endloop
  endfacet
  facet normal -0 1 0
    outer loop
      vertex -21.80290412902832 12.020589828491211 4.9120044708251953
      vertex -21.488931655883789 12.020589828491211 4.4619607925415039
      vertex -21.932905197143555 12.020589828491211 4.4619607925415039
    endloop
  endfacet
  facet normal 0 1 0
    outer loop
      vertex -21.932905197143555 12.020589828491211 4.4619607925415039
      vertex -23.318923950195312 12.020589828491211 4.1620664596557617
      vertex -22.128931045532227 12.020589828491211 4.4619607925415039
    endloop
  endfacet
  facet normal 0 1 -0
    outer loop
      vertex -23.318923950195312 12.020589828491211 4.1620664596557617
      vertex -22.768932342529297 12.020589828491211 4.4619607925415039
      vertex -22.572904586791992 12.020589828491211 4.4619607925415039
    endloop
  endfacet
  facet normal 0 1 -0
    outer loop
      vertex -23.318923950195312 12.020589828491211 4.1620664596557617
      vertex -21.932905197143555 12.020589828491211 4.4619607925415039
      vertex -21.488931655883789 12.020589828491211 4.4619607925415039
    endloop
  endfacet
  facet normal -0 1 0
    outer loop
      vertex -22.25886344909668 12.020589828491211 4.9117646217346191
      vertex -22.128931045532227 12.020589828491211 4.4619607925415039
      vertex -22.572904586791992 12.020589828491211 4.4619607925415039
    endloop
  endfacet
  facet normal 0 1 -0
    outer loop
      vertex -11.692905426025391 12.020589828491211 4.4619607925415039
      vertex -11.562904357910156 12.020589828491211 4.9120044708251953
      vertex -11.248932838439941 12.020589828491211 4.4619607925415039
    endloop
  endfacet
  facet normal 0 1 -0
    outer loop
      vertex -11.692905426025391 12.020589828491211 4.4619607925415039
      vertex -11.248932838439941 12.020589828491211 4.4619607925415039
      vertex -23.318923950195312 12.020589828491211 4.1620664596557617
    endloop
  endfacet
  facet normal 0 1 -0
    outer loop
      vertex -11.888933181762695 12.020589828491211 4.4619607925415039
      vertex -11.692905426025391 12.020589828491211 4.4619607925415039
      vertex -23.318923950195312 12.020589828491211 4.1620664596557617
    endloop
  endfacet
  facet normal 0 1 0
    outer loop
      vertex -12.528932571411133 12.020589828491211 4.4619607925415039
      vertex -12.332905769348145 12.020589828491211 4.4619607925415039
      vertex -23.318923950195312 12.020589828491211 4.1620664596557617
    endloop
  endfacet
  facet normal 0 1 -0
    outer loop
      vertex -12.972905158996582 12.020589828491211 4.4619607925415039
      vertex -23.318923950195312 12.020589828491211 4.1620664596557617
      vertex -13.16893196105957 12.020589828491211 4.4619607925415039
    endloop
  endfacet
  facet normal 0 1 -0
    outer loop
      vertex -12.528932571411133 12.020589828491211 4.4619607925415039
      vertex -23.318923950195312 12.020589828491211 4.1620664596557617
      vertex -12.972905158996582 12.020589828491211 4.4619607925415039
    endloop
  endfacet
  facet normal 0 1 -0
    outer loop
      vertex -12.972905158996582 12.020589828491211 4.4619607925415039
      vertex -12.658933639526367 12.020589828491211 4.9120044708251953
      vertex -12.528932571411133 12.020589828491211 4.4619607925415039
    endloop
  endfacet
  facet normal 0 1 0
    outer loop
      vertex -11.888933181762695 12.020589828491211 4.4619607925415039
      vertex -23.318923950195312 12.020589828491211 4.1620664596557617
      vertex -12.332905769348145 12.020589828491211 4.4619607925415039
    endloop
  endfacet
  facet normal 0 1 -0
    outer loop
      vertex -12.332905769348145 12.020589828491211 4.4619607925415039
      vertex -12.20290470123291 12.020589828491211 4.9120044708251953
      vertex -11.888933181762695 12.020589828491211 4.4619607925415039
    endloop
  endfacet
  facet normal 0 1 -0
    outer loop
      vertex -23.318923950195312 12.020589828491211 4.1620664596557617
      vertex -11.248932838439941 12.020589828491211 4.4619607925415039
      vertex -11.052905082702637 12.020589828491211 4.4619607925415039
    endloop
  endfacet
  facet normal 0 1 0
    outer loop
      vertex -7.8529052734375 12.020589828491211 4.4619607925415039
      vertex -7.4089326858520508 12.020589828491211 4.4619607925415039
      vertex 8.0579967498779297 12.020589828491211 4.1614818572998047
    endloop
  endfacet
  facet normal 0 1 0
    outer loop
      vertex -23.318923950195312 12.020589828491211 4.1620664596557617
      vertex -21.292905807495117 12.020589828491211 4.4619607925415039
      vertex -20.848932266235352 12.020589828491211 4.4619607925415039
    endloop
  endfacet
  facet normal 0 1 -0
    outer loop
      vertex -13.16893196105957 12.020589828491211 4.4619607925415039
      vertex -23.318923950195312 12.020589828491211 4.1620664596557617
      vertex -13.61290454864502 12.020589828491211 4.4619607925415039
    endloop
  endfacet
  facet normal -0 1 -0
    outer loop
      vertex -23.39076042175293 12.020589828491211 4.1024618148803711
      vertex -23.430864334106445 12.020589828491211 4.0788283348083496
      vertex -23.501359939575195 12.020589828491211 4.269099235534668
    endloop
  endfacet
  facet normal -0 1 -0
    outer loop
      vertex -23.430864334106445 12.020589828491211 4.0788283348083496
      vertex -23.473194122314453 12.020589828491211 4.0594644546508789
      vertex -23.531747817993164 12.020589828491211 4.2519779205322266
    endloop
  endfacet
  facet normal 0 1 0
    outer loop
      vertex -23.562704086303711 12.020589828491211 4.0343246459960938
      vertex -23.598150253295898 12.020589828491211 4.2311697006225586
      vertex -23.517297744750977 12.020589828491211 4.0445766448974609
    endloop
  endfacet
  facet normal -0 1 -0
    outer loop
      vertex -23.473194122314453 12.020589828491211 4.0594644546508789
      vertex -23.517297744750977 12.020589828491211 4.0445766448974609
      vertex -23.564220428466797 12.020589828491211 4.2392520904541016
    endloop
  endfacet
  facet normal -0 1 0
    outer loop
      vertex -23.562704086303711 12.020589828491211 4.0343246459960938
      vertex -23.608926773071289 12.020589828491211 4.0288181304931641
      vertex -23.598150253295898 12.020589828491211 4.2311697006225586
    endloop
  endfacet
  facet normal 0 1 0
    outer loop
      vertex -23.353313446044922 12.020589828491211 4.1301116943359375
      vertex -23.473651885986328 12.020589828491211 4.2902827262878418
      vertex -23.318923950195312 12.020589828491211 4.1620664596557617
    endloop
  endfacet
  facet normal 0 1 -0
    outer loop
      vertex -23.318923950195312 12.020589828491211 4.1620664596557617
      vertex -22.572904586791992 12.020589828491211 4.4619607925415039
      vertex -22.128931045532227 12.020589828491211 4.4619607925415039
    endloop
  endfacet
  facet normal 0 1 0
    outer loop
      vertex -23.39076042175293 12.020589828491211 4.1024618148803711
      vertex -23.501359939575195 12.020589828491211 4.269099235534668
      vertex -23.353313446044922 12.020589828491211 4.1301116943359375
    endloop
  endfacet
  facet normal 0 1 0
    outer loop
      vertex -23.501359939575195 12.020589828491211 4.269099235534668
      vertex -23.430864334106445 12.020589828491211 4.0788283348083496
      vertex -23.531747817993164 12.020589828491211 4.2519779205322266
    endloop
  endfacet
  facet normal 0 1 0
    outer loop
      vertex -23.564220428466797 12.020589828491211 4.2392520904541016
      vertex -23.531747817993164 12.020589828491211 4.2519779205322266
      vertex -23.473194122314453 12.020589828491211 4.0594644546508789
    endloop
  endfacet
  facet normal 0 1 0
    outer loop
      vertex -23.598150253295898 12.020589828491211 4.2311697006225586
      vertex -23.564220428466797 12.020589828491211 4.2392520904541016
      vertex -23.517297744750977 12.020589828491211 4.0445766448974609
    endloop
  endfacet
  facet normal -0 1 0
    outer loop
      vertex -23.598150253295898 12.020589828491211 4.2311697006225586
      vertex -23.608926773071289 12.020589828491211 4.0288181304931641
      vertex -23.63287353515625 12.020589828491211 4.2278881072998047
    endloop
  endfacet
  facet normal -0 1 0
    outer loop
      vertex -23.63287353515625 12.020589828491211 4.2278881072998047
      vertex -23.608926773071289 12.020589828491211 4.0288181304931641
      vertex -23.65546989440918 12.020589828491211 4.0281162261962891
    endloop
  endfacet
  facet normal 0 1 0
    outer loop
      vertex -23.65546989440918 12.020589828491211 4.0281162261962891
      vertex -23.701837539672852 12.020589828491211 4.0322256088256836
      vertex -23.667715072631836 12.020589828491211 4.2294712066650391
    endloop
  endfacet
  facet normal 0 1 0
    outer loop
      vertex -23.701837539672852 12.020589828491211 4.0322256088256836
      vertex -23.747531890869141 12.020589828491211 4.0411033630371094
      vertex -23.701997756958008 12.020589828491211 4.2358875274658203
    endloop
  endfacet
  facet normal 0 1 0
    outer loop
      vertex -23.834959030151367 12.020589828491211 4.0727324485778809
      vertex -23.735055923461914 12.020589828491211 4.2470130920410156
      vertex -23.792062759399414 12.020589828491211 4.0546541213989258
    endloop
  endfacet
  facet normal 0 1 0
    outer loop
      vertex -23.747531890869141 12.020589828491211 4.0411033630371094
      vertex -23.792062759399414 12.020589828491211 4.0546541213989258
      vertex -23.701997756958008 12.020589828491211 4.2358875274658203
    endloop
  endfacet
  facet normal -0 1 0
    outer loop
      vertex -23.735055923461914 12.020589828491211 4.2470130920410156
      vertex -23.834959030151367 12.020589828491211 4.0727324485778809
      vertex -23.766241073608398 12.020589828491211 4.2626304626464844
    endloop
  endfacet
  facet normal -0 1 -0
    outer loop
      vertex -23.701997756958008 12.020589828491211 4.2358875274658203
      vertex -23.667715072631836 12.020589828491211 4.2294712066650391
      vertex -23.701837539672852 12.020589828491211 4.0322256088256836
    endloop
  endfacet
  facet normal 0 1 -0
    outer loop
      vertex -23.735055923461914 12.020589828491211 4.2470130920410156
      vertex -23.701997756958008 12.020589828491211 4.2358875274658203
      vertex -23.792062759399414 12.020589828491211 4.0546541213989258
    endloop
  endfacet
  facet normal 0 1 0
    outer loop
      vertex -23.794950485229492 12.020589828491211 4.2824368476867676
      vertex -23.914020538330078 12.020589828491211 4.1216530799865723
      vertex -23.949342727661133 12.020589828491211 4.1519718170166016
    endloop
  endfacet
  facet normal -0 1 0
    outer loop
      vertex -23.820623397827148 12.020589828491211 4.3060455322265625
      vertex -23.949342727661133 12.020589828491211 4.1519718170166016
      vertex -23.981342315673828 12.020589828491211 4.1857767105102539
    endloop
  endfacet
  facet normal -0 1 0
    outer loop
      vertex -23.794950485229492 12.020589828491211 4.2824368476867676
      vertex -23.875757217407227 12.020589828491211 4.0951452255249023
      vertex -23.914020538330078 12.020589828491211 4.1216530799865723
    endloop
  endfacet
  facet normal 0 1 0
    outer loop
      vertex -23.766241073608398 12.020589828491211 4.2626304626464844
      vertex -23.834959030151367 12.020589828491211 4.0727324485778809
      vertex -23.875757217407227 12.020589828491211 4.0951452255249023
    endloop
  endfacet
  facet normal 0 1 -0
    outer loop
      vertex -24.009677886962891 12.020589828491211 4.2227067947387695
      vertex -23.84276008605957 12.020589828491211 4.3329973220825195
      vertex -23.981342315673828 12.020589828491211 4.1857767105102539
    endloop
  endfacet
  facet normal -0 1 -0
    outer loop
      vertex -23.63287353515625 12.020589828491211 4.2278881072998047
      vertex -23.65546989440918 12.020589828491211 4.0281162261962891
      vertex -23.667715072631836 12.020589828491211 4.2294712066650391
    endloop
  endfacet
  facet normal 0 1 0
    outer loop
      vertex -23.318923950195312 12.020589828491211 4.1620664596557617
      vertex -23.473651885986328 12.020589828491211 4.2902827262878418
      vertex -23.449161529541016 12.020589828491211 4.3151164054870605
    endloop
  endfacet
  facet normal -0 1 0
    outer loop
      vertex -23.353313446044922 12.020589828491211 4.1301116943359375
      vertex -23.501359939575195 12.020589828491211 4.269099235534668
      vertex -23.473651885986328 12.020589828491211 4.2902827262878418
    endloop
  endfacet
  facet normal -0 1 0
    outer loop
      vertex -23.794950485229492 12.020589828491211 4.2824368476867676
      vertex -23.766241073608398 12.020589828491211 4.2626304626464844
      vertex -23.875757217407227 12.020589828491211 4.0951452255249023
    endloop
  endfacet
  facet normal 0 1 -0
    outer loop
      vertex -23.820623397827148 12.020589828491211 4.3060455322265625
      vertex -23.794950485229492 12.020589828491211 4.2824368476867676
      vertex -23.949342727661133 12.020589828491211 4.1519718170166016
    endloop
  endfacet
  facet normal 0 1 0
    outer loop
      vertex -23.391788482666016 12.020589828491211 4.440424919128418
      vertex -23.19233512878418 12.020589828491211 4.5329294204711914
      vertex -23.399396896362305 12.020589828491211 4.4063873291015625
    endloop
  endfacet
  facet normal 0 1 -0
    outer loop
      vertex -23.19233512878418 12.020589828491211 4.5329294204711914
      vertex -23.391788482666016 12.020589828491211 4.440424919128418
      vertex -23.38899040222168 12.020589828491211 4.4751911163330078
    endloop
  endfacet
  facet normal 0 1 0
    outer loop
      vertex -23.318923950195312 12.020589828491211 4.1620664596557617
      vertex -23.41166877746582 12.020589828491211 4.3737392425537109
      vertex -23.399396896362305 12.020589828491211 4.4063873291015625
    endloop
  endfacet
  facet normal 0 1 0
    outer loop
      vertex -23.318923950195312 12.020589828491211 4.1620664596557617
      vertex -23.428365707397461 12.020589828491211 4.3431167602539062
      vertex -23.41166877746582 12.020589828491211 4.3737392425537109
    endloop
  endfacet
  facet normal 0 1 0
    outer loop
      vertex -23.318923950195312 12.020589828491211 4.1620664596557617
      vertex -23.399396896362305 12.020589828491211 4.4063873291015625
      vertex -23.19233512878418 12.020589828491211 4.5329294204711914
    endloop
  endfacet
  facet normal 0 1 0
    outer loop
      vertex -23.318923950195312 12.020589828491211 4.1620664596557617
      vertex -23.449161529541016 12.020589828491211 4.3151164054870605
      vertex -23.428365707397461 12.020589828491211 4.3431167602539062
    endloop
  endfacet
  facet normal 0 1 0
    outer loop
      vertex -23.860933303833008 12.020589828491211 4.3627681732177734
      vertex -23.84276008605957 12.020589828491211 4.3329973220825195
      vertex -24.034049987792969 12.020589828491211 4.2623662948608398
    endloop
  endfacet
  facet normal 0 1 -0
    outer loop
      vertex -23.981342315673828 12.020589828491211 4.1857767105102539
      vertex -23.84276008605957 12.020589828491211 4.3329973220825195
      vertex -23.820623397827148 12.020589828491211 4.3060455322265625
    endloop
  endfacet
  facet normal -0 1 0
    outer loop
      vertex -24.054191589355469 12.020589828491211 4.3043317794799805
      vertex -23.860933303833008 12.020589828491211 4.3627681732177734
      vertex -24.034049987792969 12.020589828491211 4.2623662948608398
    endloop
  endfacet
  facet normal -0 1 0
    outer loop
      vertex -24.069892883300781 12.020589828491211 4.3481531143188477
      vertex -23.874784469604492 12.020589828491211 4.3947782516479492
      vertex -24.054191589355469 12.020589828491211 4.3043317794799805
    endloop
  endfacet
  facet normal 0 1 -0
    outer loop
      vertex -23.860933303833008 12.020589828491211 4.3627681732177734
      vertex -24.054191589355469 12.020589828491211 4.3043317794799805
      vertex -23.874784469604492 12.020589828491211 4.3947782516479492
    endloop
  endfacet
  facet normal -0 1 0
    outer loop
      vertex -24.08098030090332 12.020589828491211 4.3933620452880859
      vertex -23.884044647216797 12.020589828491211 4.4284043312072754
      vertex -24.069892883300781 12.020589828491211 4.3481531143188477
    endloop
  endfacet
  facet normal 0 1 -0
    outer loop
      vertex -23.884044647216797 12.020589828491211 4.4284043312072754
      vertex -23.874784469604492 12.020589828491211 4.3947782516479492
      vertex -24.069892883300781 12.020589828491211 4.3481531143188477
    endloop
  endfacet
  facet normal -0 1 -0
    outer loop
      vertex -24.088901519775391 12.020589828491211 4.4859967231750488
      vertex -23.88853645324707 12.020589828491211 4.4629921913146973
      vertex -24.087339401245117 12.020589828491211 4.4394741058349609
    endloop
  endfacet
  facet normal 0 1 0
    outer loop
      vertex -23.884044647216797 12.020589828491211 4.4284043312072754
      vertex -24.087339401245117 12.020589828491211 4.4394741058349609
      vertex -23.88853645324707 12.020589828491211 4.4629921913146973
    endloop
  endfacet
  facet normal -0 1 -0
    outer loop
      vertex -24.085649490356445 12.020589828491211 4.5324320793151855
      vertex -23.882953643798828 12.020589828491211 4.5323543548583984
      vertex -23.88817024230957 12.020589828491211 4.497868537902832
    endloop
  endfacet
  facet normal 0 1 -0
    outer loop
      vertex -23.88853645324707 12.020589828491211 4.4629921913146973
      vertex -24.088901519775391 12.020589828491211 4.4859967231750488
      vertex -23.88817024230957 12.020589828491211 4.497868537902832
    endloop
  endfacet
  facet normal 0 1 0
    outer loop
      vertex -23.884044647216797 12.020589828491211 4.4284043312072754
      vertex -24.08098030090332 12.020589828491211 4.3933620452880859
      vertex -24.087339401245117 12.020589828491211 4.4394741058349609
    endloop
  endfacet
  facet normal 0 1 0
    outer loop
      vertex -24.088901519775391 12.020589828491211 4.4859967231750488
      vertex -24.085649490356445 12.020589828491211 4.5324320793151855
      vertex -23.88817024230957 12.020589828491211 4.497868537902832
    endloop
  endfacet
  facet normal 0 1 -0
    outer loop
      vertex -24.034049987792969 12.020589828491211 4.2623662948608398
      vertex -23.84276008605957 12.020589828491211 4.3329973220825195
      vertex -24.009677886962891 12.020589828491211 4.2227067947387695
    endloop
  endfacet
  facet normal 0 1 -0
    outer loop
      vertex -23.391057968139648 12.020589828491211 4.5100078582763672
      vertex -23.19233512878418 12.020589828491211 4.5329294204711914
      vertex -23.38899040222168 12.020589828491211 4.4751911163330078
    endloop
  endfacet
  facet normal 0 1 -0
    outer loop
      vertex -23.318923950195312 12.020589828491211 4.1620664596557617
      vertex -23.19233512878418 12.020589828491211 4.5329294204711914
      vertex -22.768932342529297 12.020589828491211 4.4619607925415039
    endloop
  endfacet
  facet normal 0 1 -0
    outer loop
      vertex -14.892905235290527 12.020589828491211 4.4619607925415039
      vertex -14.762904167175293 12.020589828491211 4.9120044708251953
      vertex -14.578932762145996 12.020589828491211 4.9120044708251953
    endloop
  endfacet
  facet normal 0 1 0
    outer loop
      vertex -15.088932037353516 12.020589828491211 4.4619607925415039
      vertex -15.402904510498047 12.020589828491211 4.9120044708251953
      vertex -15.21893310546875 12.020589828491211 4.9120044708251953
    endloop
  endfacet
  facet normal 0 1 0
    outer loop
      vertex -16.368932723999023 12.020589828491211 4.4619607925415039
      vertex -16.682903289794922 12.020589828491211 4.9120044708251953
      vertex -16.498933792114258 12.020589828491211 4.9120044708251953
    endloop
  endfacet
  facet normal 0 1 0
    outer loop
      vertex -17.008932113647461 12.020589828491211 4.4619607925415039
      vertex -17.322904586791992 12.020589828491211 4.9120044708251953
      vertex -17.138933181762695 12.020589828491211 4.9120044708251953
    endloop
  endfacet
  facet normal 0 1 0
    outer loop
      vertex -16.042903900146484 12.020589828491211 4.9120044708251953
      vertex -15.858932495117188 12.020589828491211 4.9120044708251953
      vertex -16.172904968261719 12.020589828491211 4.4619607925415039
    endloop
  endfacet
  facet normal 0 1 0
    outer loop
      vertex -18.288932800292969 12.020589828491211 4.4619607925415039
      vertex -18.602903366088867 12.020589828491211 4.9120044708251953
      vertex -18.41893196105957 12.020589828491211 4.9120044708251953
    endloop
  endfacet
  facet normal -0 1 -0
    outer loop
      vertex -22.258022308349609 12.020589828491211 4.9115252494812012
      vertex -22.128931045532227 12.020589828491211 4.4619607925415039
      vertex -22.25886344909668 12.020589828491211 4.9117646217346191
    endloop
  endfacet
  facet normal 0 1 -0
    outer loop
      vertex -22.25886344909668 12.020589828491211 4.9117646217346191
      vertex -22.572904586791992 12.020589828491211 4.4619607925415039
      vertex -22.442903518676758 12.020589828491211 4.9120044708251953
    endloop
  endfacet
  facet normal 0 1 -0
    outer loop
      vertex -18.092905044555664 12.020589828491211 4.4619607925415039
      vertex -17.96290397644043 12.020589828491211 4.9120044708251953
      vertex -17.778932571411133 12.020589828491211 4.9120044708251953
    endloop
  endfacet
  facet normal 0 1 -0
    outer loop
      vertex -19.372903823852539 12.020589828491211 4.4619607925415039
      vertex -19.242904663085938 12.020589828491211 4.9120044708251953
      vertex -19.058933258056641 12.020589828491211 4.9120044708251953
    endloop
  endfacet
  facet normal 0 1 0
    outer loop
      vertex -20.208932876586914 12.020589828491211 4.4619607925415039
      vertex -20.522903442382812 12.020589828491211 4.9120044708251953
      vertex -20.338932037353516 12.020589828491211 4.9120044708251953
    endloop
  endfacet
  facet normal 0 1 0
    outer loop
      vertex -19.882904052734375 12.020589828491211 4.9120044708251953
      vertex -19.698932647705078 12.020589828491211 4.9120044708251953
      vertex -20.012905120849609 12.020589828491211 4.4619607925415039
    endloop
  endfacet
  facet normal 0 1 -0
    outer loop
      vertex -14.252904891967773 12.020589828491211 4.4619607925415039
      vertex -14.122904777526855 12.020589828491211 4.9120044708251953
      vertex -13.938932418823242 12.020589828491211 4.9120044708251953
    endloop
  endfacet
  facet normal 0 1 0
    outer loop
      vertex -8.3629045486450195 12.020589828491211 4.9120044708251953
      vertex -8.1789331436157227 12.020589828491211 4.9120044708251953
      vertex -8.4929046630859375 12.020589828491211 4.4619607925415039
    endloop
  endfacet
  facet normal 0 1 0
    outer loop
      vertex -9.0029048919677734 12.020589828491211 4.9120044708251953
      vertex -8.8189334869384766 12.020589828491211 4.9120044708251953
      vertex -9.1329050064086914 12.020589828491211 4.4619607925415039
    endloop
  endfacet
  facet normal 0 1 0
    outer loop
      vertex -10.282904624938965 12.020589828491211 4.9120044708251953
      vertex -10.098933219909668 12.020589828491211 4.9120044708251953
      vertex -10.412904739379883 12.020589828491211 4.4619607925415039
    endloop
  endfacet
  facet normal 0 1 0
    outer loop
      vertex -10.922904014587402 12.020589828491211 4.9120044708251953
      vertex -10.738932609558105 12.020589828491211 4.9120044708251953
      vertex -10.608932495117188 12.020589828491211 4.4619607925415039
    endloop
  endfacet
  facet normal -0 1 0
    outer loop
      vertex -9.4589328765869141 12.020589828491211 4.9120044708251953
      vertex -9.7729053497314453 12.020589828491211 4.4619607925415039
      vertex -9.6429042816162109 12.020589828491211 4.9120044708251953
    endloop
  endfacet
  facet normal 0 1 0
    outer loop
      vertex -11.248932838439941 12.020589828491211 4.4619607925415039
      vertex -11.562904357910156 12.020589828491211 4.9120044708251953
      vertex -11.378932952880859 12.020589828491211 4.9120044708251953
    endloop
  endfacet
  facet normal 0 1 0
    outer loop
      vertex -20.848932266235352 12.020589828491211 4.4619607925415039
      vertex -21.162904739379883 12.020589828491211 4.9120044708251953
      vertex -20.978933334350586 12.020589828491211 4.9120044708251953
    endloop
  endfacet
  facet normal 0 1 0
    outer loop
      vertex -21.488931655883789 12.020589828491211 4.4619607925415039
      vertex -21.80290412902832 12.020589828491211 4.9120044708251953
      vertex -21.618932723999023 12.020589828491211 4.9120044708251953
    endloop
  endfacet
  facet normal 0 1 0
    outer loop
      vertex -12.20290470123291 12.020589828491211 4.9120044708251953
      vertex -12.018933296203613 12.020589828491211 4.9120044708251953
      vertex -11.888933181762695 12.020589828491211 4.4619607925415039
    endloop
  endfacet
  facet normal -0 1 0
    outer loop
      vertex -13.298933029174805 12.020589828491211 4.9120044708251953
      vertex -13.61290454864502 12.020589828491211 4.4619607925415039
      vertex -13.482904434204102 12.020589828491211 4.9120044708251953
    endloop
  endfacet
  facet normal -0 1 0
    outer loop
      vertex -12.658933639526367 12.020589828491211 4.9120044708251953
      vertex -12.972905158996582 12.020589828491211 4.4619607925415039
      vertex -12.842905044555664 12.020589828491211 4.9120044708251953
    endloop
  endfacet
  facet normal 0 1 0
    outer loop
      vertex -7.4089326858520508 12.020589828491211 4.4619607925415039
      vertex -7.7229042053222656 12.020589828491211 4.9120044708251953
      vertex -7.5389328002929688 12.020589828491211 4.9120044708251953
    endloop
  endfacet
  facet normal 0 1 -0
    outer loop
      vertex -23.213144302368164 12.020589828491211 4.6233038902282715
      vertex -23.200393676757812 12.020589828491211 4.5785360336303711
      vertex -23.397951126098633 12.020589828491211 4.5441980361938477
    endloop
  endfacet
  facet normal 0 1 -0
    outer loop
      vertex -23.391057968139648 12.020589828491211 4.5100078582763672
      vertex -23.200393676757812 12.020589828491211 4.5785360336303711
      vertex -23.19233512878418 12.020589828491211 4.5329294204711914
    endloop
  endfacet
  facet normal 0 1 0
    outer loop
      vertex -23.19233512878418 12.020589828491211 4.5329294204711914
      vertex -22.898931503295898 12.020589828491211 4.9120044708251953
      vertex -22.768932342529297 12.020589828491211 4.4619607925415039
    endloop
  endfacet
  facet normal 0 1 -0
    outer loop
      vertex -23.230453491210938 12.020589828491211 4.6665153503417969
      vertex -23.213144302368164 12.020589828491211 4.6233038902282715
      vertex -23.409536361694336 12.020589828491211 4.5770964622497559
    endloop
  endfacet
  facet normal -0 1 0
    outer loop
      vertex -23.213144302368164 12.020589828491211 4.6233038902282715
      vertex -23.397951126098633 12.020589828491211 4.5441980361938477
      vertex -23.409536361694336 12.020589828491211 4.5770964622497559
    endloop
  endfacet
  facet normal -0 1 0
    outer loop
      vertex -23.391057968139648 12.020589828491211 4.5100078582763672
      vertex -23.397951126098633 12.020589828491211 4.5441980361938477
      vertex -23.200393676757812 12.020589828491211 4.5785360336303711
    endloop
  endfacet
  facet normal 0 1 -0
    outer loop
      vertex -23.425586700439453 12.020589828491211 4.6080622673034668
      vertex -23.230453491210938 12.020589828491211 4.6665153503417969
      vertex -23.409536361694336 12.020589828491211 4.5770964622497559
    endloop
  endfacet
  facet normal 0 1 -0
    outer loop
      vertex -23.230453491210938 12.020589828491211 4.6665153503417969
      vertex -23.425586700439453 12.020589828491211 4.6080622673034668
      vertex -23.252130508422852 12.020589828491211 4.7077078819274902
    endloop
  endfacet
  facet normal 0 1 -0
    outer loop
      vertex -23.425586700439453 12.020589828491211 4.6080622673034668
      vertex -23.277950286865234 12.020589828491211 4.7464404106140137
      vertex -23.252130508422852 12.020589828491211 4.7077078819274902
    endloop
  endfacet
  facet normal 0 1 -0
    outer loop
      vertex -23.425586700439453 12.020589828491211 4.6080622673034668
      vertex -23.445789337158203 12.020589828491211 4.6364927291870117
      vertex -23.277950286865234 12.020589828491211 4.7464404106140137
    endloop
  endfacet
  facet normal 0 1 -0
    outer loop
      vertex -23.497011184692383 12.020589828491211 4.6835951805114746
      vertex -23.340860366821289 12.020589828491211 4.8148984909057617
      vertex -23.469753265380859 12.020589828491211 4.661834716796875
    endloop
  endfacet
  facet normal 0 1 -0
    outer loop
      vertex -23.469753265380859 12.020589828491211 4.661834716796875
      vertex -23.307632446289062 12.020589828491211 4.7822985649108887
      vertex -23.445789337158203 12.020589828491211 4.6364927291870117
    endloop
  endfacet
  facet normal 0 1 0
    outer loop
      vertex -23.497011184692383 12.020589828491211 4.6835951805114746
      vertex -23.527032852172852 12.020589828491211 4.701350212097168
      vertex -23.416492462158203 12.020589828491211 4.8689675331115723
    endloop
  endfacet
  facet normal 0 1 0
    outer loop
      vertex -23.872989654541016 12.020589828491211 4.5657787322998047
      vertex -24.047609329223633 12.020589828491211 4.6662797927856445
      vertex -23.858469009399414 12.020589828491211 4.5974912643432617
    endloop
  endfacet
  facet normal -0 1 -0
    outer loop
      vertex -23.858469009399414 12.020589828491211 4.5974912643432617
      vertex -24.02595329284668 12.020589828491211 4.7074847221374512
      vertex -23.839677810668945 12.020589828491211 4.6268739700317383
    endloop
  endfacet
  facet normal 0 1 0
    outer loop
      vertex -23.872989654541016 12.020589828491211 4.5657787322998047
      vertex -23.882953643798828 12.020589828491211 4.5323543548583984
      vertex -24.064891815185547 12.020589828491211 4.6230583190917969
    endloop
  endfacet
  facet normal 0 1 -0
    outer loop
      vertex -24.064891815185547 12.020589828491211 4.6230583190917969
      vertex -23.882953643798828 12.020589828491211 4.5323543548583984
      vertex -24.077617645263672 12.020589828491211 4.5782828330993652
    endloop
  endfacet
  facet normal 0 1 0
    outer loop
      vertex -23.872989654541016 12.020589828491211 4.5657787322998047
      vertex -24.064891815185547 12.020589828491211 4.6230583190917969
      vertex -24.047609329223633 12.020589828491211 4.6662797927856445
    endloop
  endfacet
  facet normal 0 1 0
    outer loop
      vertex -23.761697769165039 12.020589828491211 4.6956195831298828
      vertex -23.820100784301758 12.020589828491211 4.8897538185119629
      vertex -23.730190277099609 12.020589828491211 4.7105793952941895
    endloop
  endfacet
  facet normal -0 1 -0
    outer loop
      vertex -23.970497131347656 12.020589828491211 4.7821073532104492
      vertex -23.816980361938477 12.020589828491211 4.653355598449707
      vertex -23.839677810668945 12.020589828491211 4.6268739700317383
    endloop
  endfacet
  facet normal 0 1 -0
    outer loop
      vertex -24.047609329223633 12.020589828491211 4.6662797927856445
      vertex -24.02595329284668 12.020589828491211 4.7074847221374512
      vertex -23.858469009399414 12.020589828491211 4.5974912643432617
    endloop
  endfacet
  facet normal -0 1 -0
    outer loop
      vertex -23.900888442993164 12.020589828491211 4.8437404632568359
      vertex -23.761697769165039 12.020589828491211 4.6956195831298828
      vertex -23.790817260742188 12.020589828491211 4.6764202117919922
    endloop
  endfacet
  facet normal -0 1 -0
    outer loop
      vertex -23.790817260742188 12.020589828491211 4.6764202117919922
      vertex -23.816980361938477 12.020589828491211 4.653355598449707
      vertex -23.937288284301758 12.020589828491211 4.8147263526916504
    endloop
  endfacet
  facet normal 0 1 0
    outer loop
      vertex -23.839677810668945 12.020589828491211 4.6268739700317383
      vertex -24.02595329284668 12.020589828491211 4.7074847221374512
      vertex -24.000156402587891 12.020589828491211 4.7462320327758789
    endloop
  endfacet
  facet normal 0 1 -0
    outer loop
      vertex -24.085649490356445 12.020589828491211 4.5324320793151855
      vertex -24.077617645263672 12.020589828491211 4.5782828330993652
      vertex -23.882953643798828 12.020589828491211 4.5323543548583984
    endloop
  endfacet
  facet normal -0 1 0
    outer loop
      vertex -23.559232711791992 12.020589828491211 4.7147541046142578
      vertex -23.458091735839844 12.020589828491211 4.8898582458496094
      vertex -23.527032852172852 12.020589828491211 4.701350212097168
    endloop
  endfacet
  facet normal 0 1 0
    outer loop
      vertex -23.307632446289062 12.020589828491211 4.7822985649108887
      vertex -23.469753265380859 12.020589828491211 4.661834716796875
      vertex -23.340860366821289 12.020589828491211 4.8148984909057617
    endloop
  endfacet
  facet normal 0 1 -0
    outer loop
      vertex -23.445789337158203 12.020589828491211 4.6364927291870117
      vertex -23.307632446289062 12.020589828491211 4.7822985649108887
      vertex -23.277950286865234 12.020589828491211 4.7464404106140137
    endloop
  endfacet
  facet normal -0 1 0
    outer loop
      vertex -23.377275466918945 12.020589828491211 4.8438916206359863
      vertex -23.497011184692383 12.020589828491211 4.6835951805114746
      vertex -23.416492462158203 12.020589828491211 4.8689675331115723
    endloop
  endfacet
  facet normal 0 1 -0
    outer loop
      vertex -23.497011184692383 12.020589828491211 4.6835951805114746
      vertex -23.377275466918945 12.020589828491211 4.8438916206359863
      vertex -23.340860366821289 12.020589828491211 4.8148984909057617
    endloop
  endfacet
  facet normal -0 1 0
    outer loop
      vertex -23.416492462158203 12.020589828491211 4.8689675331115723
      vertex -23.527032852172852 12.020589828491211 4.701350212097168
      vertex -23.458091735839844 12.020589828491211 4.8898582458496094
    endloop
  endfacet
  facet normal -0 1 0
    outer loop
      vertex -23.546627044677734 12.020589828491211 4.9182357788085938
      vertex -23.559232711791992 12.020589828491211 4.7147541046142578
      vertex -23.592983245849609 12.020589828491211 4.7235469818115234
    endloop
  endfacet
  facet normal 0 1 0
    outer loop
      vertex -23.082902908325195 12.020589828491211 4.9120044708251953
      vertex -22.898931503295898 12.020589828491211 4.9120044708251953
      vertex -23.19233512878418 12.020589828491211 4.5329294204711914
    endloop
  endfacet
  facet normal 0 1 -0
    outer loop
      vertex -23.559232711791992 12.020589828491211 4.7147541046142578
      vertex -23.546627044677734 12.020589828491211 4.9182357788085938
      vertex -23.501625061035156 12.020589828491211 4.9063396453857422
    endloop
  endfacet
  facet normal -0 1 0
    outer loop
      vertex -23.501625061035156 12.020589828491211 4.9063396453857422
      vertex -23.458091735839844 12.020589828491211 4.8898582458496094
      vertex -23.559232711791992 12.020589828491211 4.7147541046142578
    endloop
  endfacet
  facet normal 0 1 -0
    outer loop
      vertex -23.592983245849609 12.020589828491211 4.7235469818115234
      vertex -23.592618942260742 12.020589828491211 4.925419807434082
      vertex -23.546627044677734 12.020589828491211 4.9182357788085938
    endloop
  endfacet
  facet normal -0 1 0
    outer loop
      vertex -23.592618942260742 12.020589828491211 4.925419807434082
      vertex -23.592983245849609 12.020589828491211 4.7235469818115234
      vertex -23.627632141113281 12.020589828491211 4.7275562286376953
    endloop
  endfacet
  facet normal 0 1 0
    outer loop
      vertex -23.696908950805664 12.020589828491211 4.7210087776184082
      vertex -23.731578826904297 12.020589828491211 4.918182373046875
      vertex -23.662498474121094 12.020589828491211 4.7267045974731445
    endloop
  endfacet
  facet normal 0 1 -0
    outer loop
      vertex -23.662498474121094 12.020589828491211 4.7267045974731445
      vertex -23.639106750488281 12.020589828491211 4.9278135299682617
      vertex -23.627632141113281 12.020589828491211 4.7275562286376953
    endloop
  endfacet
  facet normal 0 1 0
    outer loop
      vertex -23.790817260742188 12.020589828491211 4.6764202117919922
      vertex -23.937288284301758 12.020589828491211 4.8147263526916504
      vertex -23.900888442993164 12.020589828491211 4.8437404632568359
    endloop
  endfacet
  facet normal -0 1 0
    outer loop
      vertex -23.937288284301758 12.020589828491211 4.8147263526916504
      vertex -23.816980361938477 12.020589828491211 4.653355598449707
      vertex -23.970497131347656 12.020589828491211 4.7821073532104492
    endloop
  endfacet
  facet normal 0 1 -0
    outer loop
      vertex -23.970497131347656 12.020589828491211 4.7821073532104492
      vertex -23.839677810668945 12.020589828491211 4.6268739700317383
      vertex -24.000156402587891 12.020589828491211 4.7462320327758789
    endloop
  endfacet
  facet normal 0 1 0
    outer loop
      vertex -23.900888442993164 12.020589828491211 4.8437404632568359
      vertex -23.861684799194336 12.020589828491211 4.8688392639160156
      vertex -23.761697769165039 12.020589828491211 4.6956195831298828
    endloop
  endfacet
  facet normal -0 1 0
    outer loop
      vertex -23.685592651367188 12.020589828491211 4.9253926277160645
      vertex -23.662498474121094 12.020589828491211 4.7267045974731445
      vertex -23.731578826904297 12.020589828491211 4.918182373046875
    endloop
  endfacet
  facet normal 0 1 0
    outer loop
      vertex -23.662498474121094 12.020589828491211 4.7267045974731445
      vertex -23.685592651367188 12.020589828491211 4.9253926277160645
      vertex -23.639106750488281 12.020589828491211 4.9278135299682617
    endloop
  endfacet
  facet normal 0 1 0
    outer loop
      vertex -23.696908950805664 12.020589828491211 4.7210087776184082
      vertex -23.776575088500977 12.020589828491211 4.9062604904174805
      vertex -23.731578826904297 12.020589828491211 4.918182373046875
    endloop
  endfacet
  facet normal 0 1 0
    outer loop
      vertex -23.776575088500977 12.020589828491211 4.9062604904174805
      vertex -23.696908950805664 12.020589828491211 4.7210087776184082
      vertex -23.730190277099609 12.020589828491211 4.7105793952941895
    endloop
  endfacet
  facet normal 0 1 0
    outer loop
      vertex -23.730190277099609 12.020589828491211 4.7105793952941895
      vertex -23.820100784301758 12.020589828491211 4.8897538185119629
      vertex -23.776575088500977 12.020589828491211 4.9062604904174805
    endloop
  endfacet
  facet normal 0 1 0
    outer loop
      vertex -23.761697769165039 12.020589828491211 4.6956195831298828
      vertex -23.861684799194336 12.020589828491211 4.8688392639160156
      vertex -23.820100784301758 12.020589828491211 4.8897538185119629
    endloop
  endfacet
  facet normal -0 1 -0
    outer loop
      vertex -23.592618942260742 12.020589828491211 4.925419807434082
      vertex -23.627632141113281 12.020589828491211 4.7275562286376953
      vertex -23.639106750488281 12.020589828491211 4.9278135299682617
    endloop
  endfacet
endsolid OBJECT
